  6.344823E+00  0.000000E+00     1  1.130731E-04  2.969975E-01  1.130716E-04  5.861215E-07
  6.344823E+00  0.000000E+00     2  2.777141E-06  1.011010E+02 -5.347071E-07  2.725179E-06
  6.344823E+00  0.000000E+00     3  1.000400E-04  8.999207E+01  1.384180E-08  1.000400E-04
  6.344823E+00  0.000000E+00     4  2.988219E-07 -7.901897E+01  5.692081E-08 -2.933506E-07
  6.344823E+00  0.000000E+00     5  1.242645E-05  1.797058E+02 -1.242628E-05  6.381044E-08
  6.344823E+00  0.000000E+00     6  7.290556E-11 -8.896421E+01  1.317911E-12 -7.289365E-11
  6.344823E+00  1.000000E+01     1  1.112399E-04  3.003428E-01  1.112384E-04  5.831135E-07
  6.344823E+00  1.000000E+01     2  1.928249E-05  8.126048E+00  1.908888E-05  2.725605E-06
  6.344823E+00  1.000000E+01     3  1.000392E-04  8.999391E+01  1.063440E-08  1.000392E-04
  6.344823E+00  1.000000E+01     4  2.235215E-06 -7.543400E+00  2.215871E-06 -2.934326E-07
  6.344823E+00  1.000000E+01     5  1.224995E-05  1.797030E+02 -1.224978E-05  6.349580E-08
  6.344823E+00  1.000000E+01     6  7.285159E-11 -8.889958E+01  1.399101E-12 -7.283816E-11
  6.344823E+00  2.000000E+01     1  1.060269E-04  3.138741E-01  1.060253E-04  5.808268E-07
  6.344823E+00  2.000000E+01     2  3.822981E-05  4.088729E+00  3.813251E-05  2.725832E-06
  6.344823E+00  2.000000E+01     3  1.000385E-04  8.999564E+01  7.618314E-09  1.000385E-04
  6.344823E+00  2.000000E+01     4  4.317484E-06 -3.897849E+00  4.307497E-06 -2.934932E-07
  6.344823E+00  2.000000E+01     5  1.170122E-05  1.796903E+02 -1.170105E-05  6.324882E-08
  6.344823E+00  2.000000E+01     6  7.280319E-11 -8.886862E+01  1.437506E-12 -7.278900E-11
  6.344823E+00  3.000000E+01     1  9.759239E-05  3.402448E-01  9.759067E-05  5.795385E-07
  6.344823E+00  3.000000E+01     2  5.608374E-05  2.785834E+00  5.601746E-05  2.725828E-06
  6.344823E+00  3.000000E+01     3  1.000379E-04  8.999720E+01  4.884962E-09  1.000379E-04
  6.344823E+00  3.000000E+01     4  6.275129E-06 -2.681069E+00  6.268260E-06 -2.935280E-07
  6.344823E+00  3.000000E+01     5  1.079696E-05  1.796652E+02 -1.079677E-05  6.309853E-08
  6.344823E+00  3.000000E+01     6  7.276723E-11 -8.887244E+01  1.431941E-12 -7.275314E-11
  6.344823E+00  4.000000E+01     1  8.619271E-05  3.851576E-01  8.619077E-05  5.794062E-07
  6.344823E+00  4.000000E+01     2  7.225168E-05  2.161911E+00  7.220025E-05  2.725587E-06
  6.344823E+00  4.000000E+01     3  1.000375E-04  8.999856E+01  2.517753E-09  1.000375E-04
  6.344823E+00  4.000000E+01     4  8.043950E-06 -2.091270E+00  8.038592E-06 -2.935354E-07
  6.344823E+00  4.000000E+01     5  9.564661E-06  1.796222E+02 -9.564453E-06  6.306177E-08
  6.344823E+00  4.000000E+01     6  7.274766E-11 -8.891104E+01  1.382551E-12 -7.273452E-11
  6.344823E+00  5.000000E+01     1  7.217419E-05  4.607966E-01  7.217185E-05  5.804487E-07
  6.344823E+00  5.000000E+01     2  8.623221E-05  1.810979E+00  8.618914E-05  2.725134E-06
  6.344823E+00  5.000000E+01     3  1.000374E-04  8.999966E+01  5.894921E-10  1.000374E-04
  6.344823E+00  5.000000E+01     4  9.569206E-06 -1.757714E+00  9.564704E-06 -2.935171E-07
  6.344823E+00  5.000000E+01     5  8.041791E-06  1.795501E+02 -8.041544E-06  6.314124E-08
  6.344823E+00  5.000000E+01     6  7.274524E-11 -8.898327E+01  1.290818E-12 -7.273378E-11
  6.344823E+00  6.000000E+01     1  5.596289E-05  5.964294E-01  5.595986E-05  5.825440E-07
  6.344823E+00  6.000000E+01     2  9.759713E-05  1.599677E+00  9.755909E-05  2.724522E-06
  6.344823E+00  6.000000E+01     3  1.000375E-04  9.000048E+01 -8.400519E-10  1.000375E-04
  6.344823E+00  6.000000E+01     4  1.080420E-05 -1.556533E+00  1.080022E-05 -2.934776E-07
  6.344823E+00  6.000000E+01     5  6.274648E-06  1.794217E+02 -6.274329E-06  6.332517E-08
  6.344823E+00  6.000000E+01     6  7.275814E-11 -8.908686E+01  1.159517E-12 -7.274890E-11
  6.344823E+00  7.000000E+01     1  3.805190E-05  8.815528E-01  3.804740E-05  5.854434E-07
  6.344823E+00  7.000000E+01     2  1.059997E-04  1.472463E+00  1.059647E-04  2.723820E-06
  6.344823E+00  7.000000E+01     3  1.000379E-04  9.000099E+01 -1.726280E-09  1.000379E-04
  6.344823E+00  7.000000E+01     4  1.171126E-05 -1.435686E+00  1.170758E-05 -2.934234E-07
  6.344823E+00  7.000000E+01     5  4.316973E-06  1.791560E+02 -4.316505E-06  6.358887E-08
  6.344823E+00  7.000000E+01     6  7.278321E-11 -8.921856E+01  9.926357E-13 -7.277644E-11
  6.344823E+00  8.000000E+01     1  1.898792E-05  1.776987E+00  1.897878E-05  5.888021E-07
  6.344823E+00  8.000000E+01     2  1.111839E-04  1.403427E+00  1.111506E-04  2.723113E-06
  6.344823E+00  8.000000E+01     3  1.000385E-04  9.000117E+01 -2.041429E-09  1.000385E-04
  6.344823E+00  8.000000E+01     4  1.226271E-05 -1.370825E+00  1.225920E-05 -2.933624E-07
  6.344823E+00  8.000000E+01     5  2.228468E-06  1.783569E+02 -2.227552E-06  6.389777E-08
  6.344823E+00  8.000000E+01     6  7.281709E-11 -8.937424E+01  7.952571E-13 -7.281274E-11
  6.344823E+00  9.000000E+01     1  8.916012E-07  1.383774E+02 -6.665046E-07  5.922199E-07
  6.344823E+00  9.000000E+01     2  1.129921E-04  1.380645E+00  1.129593E-04  2.722484E-06
  6.344823E+00  9.000000E+01     3  1.000392E-04  9.000102E+01 -1.775658E-09  1.000392E-04
  6.344823E+00  9.000000E+01     4  1.244177E-05 -1.350817E+00  1.243832E-05 -2.933027E-07
  6.344823E+00  9.000000E+01     5  9.567465E-08  1.378445E+02 -7.092607E-08  6.421162E-08
  6.344823E+00  9.000000E+01     6  7.285675E-11 -8.954907E+01  5.733978E-13 -7.285449E-11
  6.344823E+00  1.000000E+02     1  2.030019E-05  1.783196E+02 -2.029146E-05  5.952895E-07
  6.344823E+00  1.000000E+02     2  1.113692E-04  1.400524E+00  1.113359E-04  2.722009E-06
  6.344823E+00  1.000000E+02     3  1.000400E-04  9.000054E+01 -9.374296E-10  1.000400E-04
  6.344823E+00  1.000000E+02     4  1.224298E-05 -1.372517E+00  1.223946E-05 -2.932517E-07
  6.344823E+00  1.000000E+02     5  2.088859E-06  1.769178E+00  2.087863E-06  6.448949E-08
  6.344823E+00  1.000000E+02     6  7.289939E-11 -8.973763E+01  3.338217E-13 -7.289862E-11
  6.344823E+00  1.100000E+02     1  3.930427E-05  1.791287E+02 -3.929973E-05  5.976458E-07
  6.344823E+00  1.100000E+02     2  1.063646E-04  1.466291E+00  1.063298E-04  2.721745E-06
  6.344823E+00  1.100000E+02     3  1.000407E-04  8.999974E+01  4.468197E-10  1.000407E-04
  6.344823E+00  1.100000E+02     4  1.167237E-05 -1.439447E+00  1.166869E-05 -2.932153E-07
  6.344823E+00  1.100000E+02     5  4.183738E-06  8.860224E-01  4.183237E-06  6.469477E-08
  6.344823E+00  1.100000E+02     6  7.294184E-11 -8.993415E+01  8.382831E-14 -7.294180E-11
  6.344823E+00  1.200000E+02     1  5.711685E-05  1.793991E+02 -5.711371E-05  5.990092E-07
  6.344823E+00  1.200000E+02     2  9.813081E-05  1.589340E+00  9.809306E-05  2.721723E-06
  6.344823E+00  1.200000E+02     3  1.000413E-04  8.999866E+01  2.333722E-09  1.000413E-04
  6.344823E+00  1.200000E+02     4  1.074734E-05 -1.563273E+00  1.074334E-05 -2.931969E-07
  6.344823E+00  1.200000E+02     5  6.151881E-06  6.035255E-01  6.151540E-06  6.479969E-08
  6.344823E+00  1.200000E+02     6  7.298003E-11 -9.013266E+01 -1.689747E-13 -7.297984E-11
  6.344823E+00  1.300000E+02     1  7.319461E-05  1.795309E+02 -7.319215E-05  5.992196E-07
  6.344823E+00  1.300000E+02     2  8.691857E-05  1.794573E+00  8.687594E-05  2.721949E-06
  6.344823E+00  1.300000E+02     3  1.000417E-04  8.999733E+01  4.664622E-09  1.000417E-04
  6.344823E+00  1.300000E+02     4  9.496082E-06 -1.769324E+00  9.491555E-06 -2.931974E-07
  6.344823E+00  1.300000E+02     5  7.933230E-06  4.679258E-01  7.932966E-06  6.478874E-08
  6.344823E+00  1.300000E+02     6  7.300897E-11 -9.032718E+01 -4.169053E-13 -7.300778E-11
  6.344823E+00  1.400000E+02     1  8.704864E-05  1.796062E+02 -8.704659E-05  5.982556E-07
  6.344823E+00  1.400000E+02     2  7.306991E-05  2.135187E+00  7.301918E-05  2.722397E-06
  6.344823E+00  1.400000E+02     3  1.000419E-04  8.999578E+01  7.367693E-09  1.000419E-04
  6.344823E+00  1.400000E+02     4  7.956778E-06 -2.111882E+00  7.951373E-06 -2.932148E-07
  6.344823E+00  1.400000E+02     5  9.473599E-06  3.910671E-01  9.473379E-06  6.466068E-08
  6.344823E+00  1.400000E+02     6  7.302354E-11 -9.051193E+01 -6.524411E-13 -7.302063E-11
  6.344823E+00  1.500000E+02     1  9.825794E-05  1.796523E+02 -9.825613E-05  5.962367E-07
  6.344823E+00  1.500000E+02     2  5.700880E-05  2.737766E+00  5.694373E-05  2.723017E-06
  6.344823E+00  1.500000E+02     3  1.000417E-04  8.999407E+01  1.036038E-08  1.000417E-04
  6.344823E+00  1.500000E+02     4  6.176577E-06 -2.721250E+00  6.169612E-06 -2.932448E-07
  6.344823E+00  1.500000E+02     5  1.072615E-05  3.441603E-01  1.072596E-05  6.442871E-08
  6.344823E+00  1.500000E+02     6  7.301990E-11 -9.068145E+01 -8.684447E-13 -7.301473E-11
  6.344823E+00  1.600000E+02     1  1.064819E-04  1.796807E+02 -1.064803E-04  5.934094E-07
  6.344823E+00  1.600000E+02     2  3.923264E-05  3.980981E+00  3.913798E-05  2.723739E-06
  6.344823E+00  1.600000E+02     3  1.000413E-04  8.999224E+01  1.355201E-08  1.000413E-04
  6.344823E+00  1.600000E+02     4  4.210643E-06 -3.994023E+00  4.200416E-06 -2.932814E-07
  6.344823E+00  1.600000E+02     5  1.165281E-05  3.152689E-01  1.165263E-05  6.411902E-08
  6.344823E+00  1.600000E+02     6  7.299687E-11 -9.083076E+01 -1.058376E-12 -7.298920E-11
  6.344823E+00  1.700000E+02     1  1.114708E-04  1.796967E+02 -1.114692E-04  5.901166E-07
  6.344823E+00  1.700000E+02     2  2.032633E-05  7.702943E+00  2.014291E-05  2.724481E-06
  6.344823E+00  1.700000E+02     3  1.000407E-04  8.999035E+01  1.684650E-08  1.000407E-04
  6.344823E+00  1.700000E+02     4  2.123972E-06 -7.937828E+00  2.103622E-06 -2.933174E-07
  6.344823E+00  1.700000E+02     5  1.222538E-05  2.988562E-01  1.222522E-05  6.376760E-08
  6.344823E+00  1.700000E+02     6  7.295689E-11 -9.095539E+01 -1.216483E-12 -7.294675E-11
  6.344823E+00  1.800000E+02     1  1.130729E-04  1.797027E+02 -1.130714E-04  5.867569E-07
  6.344823E+00  1.800000E+02     2  2.777308E-06  7.887932E+01  5.356767E-07  2.725159E-06
  6.344823E+00  1.800000E+02     3  1.000400E-04  8.998846E+01  2.014503E-08  1.000400E-04
  6.344823E+00  1.800000E+02     4  2.988452E-07 -1.010093E+02 -5.706987E-08 -2.933453E-07
  6.344823E+00  1.800000E+02     5  1.242648E-05  2.923988E-01  1.242631E-05  6.341603E-08
  6.344823E+00  1.800000E+02     6  7.290586E-11 -9.105156E+01 -1.337976E-12 -7.289358E-11
  6.344823E+00  1.900000E+02     1  1.112397E-04  1.796993E+02 -1.112382E-04  5.837358E-07
  6.344823E+00  1.900000E+02     2  1.928154E-05  1.718733E+02 -1.908791E-05  2.725695E-06
  6.344823E+00  1.900000E+02     3  1.000392E-04  8.998663E+01  2.334871E-08  1.000392E-04
  6.344823E+00  1.900000E+02     4  2.235353E-06 -1.724590E+02 -2.216020E-06 -2.933588E-07
  6.344823E+00  1.900000E+02     5  1.224997E-05  2.951635E-01  1.224981E-05  6.310639E-08
  6.344823E+00  1.900000E+02     6  7.285190E-11 -9.111620E+01 -1.419162E-12 -7.283808E-11
  6.344823E+00  2.000000E+02     1  1.060267E-04  1.796858E+02 -1.060251E-04  5.814172E-07
  6.344823E+00  2.000000E+02     2  3.822885E-05  1.759109E+02 -3.813154E-05  2.726030E-06
  6.344823E+00  2.000000E+02     3  1.000385E-04  8.998490E+01  2.636129E-08  1.000385E-04
  6.344823E+00  2.000000E+02     4  4.317623E-06 -1.761041E+02 -4.307646E-06 -2.933531E-07
  6.344823E+00  2.000000E+02     5  1.170125E-05  3.078784E-01  1.170108E-05  6.287626E-08
  6.344823E+00  2.000000E+02     6  7.280350E-11 -9.114717E+01 -1.457564E-12 -7.278891E-11
  6.344823E+00  2.100000E+02     1  9.759220E-05  1.796594E+02 -9.759047E-05  5.800791E-07
  6.344823E+00  2.100000E+02     2  5.608279E-05  1.772138E+02 -5.601649E-05  2.726126E-06
  6.344823E+00  2.100000E+02     3  1.000379E-04  8.998334E+01  2.909177E-08  1.000379E-04
  6.344823E+00  2.100000E+02     4  6.275268E-06 -1.773208E+02 -6.268409E-06 -2.933257E-07
  6.344823E+00  2.100000E+02     5  1.079699E-05  3.330159E-01  1.079680E-05  6.275416E-08
  6.344823E+00  2.100000E+02     6  7.276754E-11 -9.114335E+01 -1.451997E-12 -7.275305E-11
  6.344823E+00  2.200000E+02     1  8.619252E-05  1.796145E+02 -8.619056E-05  5.798806E-07
  6.344823E+00  2.200000E+02     2  7.225072E-05  1.778378E+02 -7.219928E-05  2.725977E-06
  6.344823E+00  2.200000E+02     3  1.000375E-04  8.998198E+01  3.145709E-08  1.000375E-04
  6.344823E+00  2.200000E+02     4  8.044089E-06 -1.779106E+02 -8.038741E-06 -2.932771E-07
  6.344823E+00  2.200000E+02     5  9.564689E-06  3.759330E-01  9.564483E-06  6.275604E-08
  6.344823E+00  2.200000E+02     6  7.274796E-11 -9.110475E+01 -1.402606E-12 -7.273443E-11
  6.344823E+00  2.300000E+02     1  7.217399E-05  1.795389E+02 -7.217165E-05  5.808424E-07
  6.344823E+00  2.300000E+02     2  8.623126E-05  1.781887E+02 -8.618817E-05  2.725604E-06
  6.344823E+00  2.300000E+02     3  1.000373E-04  8.998088E+01  3.338466E-08  1.000373E-04
  6.344823E+00  2.300000E+02     4  9.569346E-06 -1.782441E+02 -9.564853E-06 -2.932107E-07
  6.344823E+00  2.300000E+02     5  8.041819E-06  4.480319E-01  8.041573E-06  6.288343E-08
  6.344823E+00  2.300000E+02     6  7.274551E-11 -9.103252E+01 -1.310873E-12 -7.273369E-11
  6.344823E+00  2.400000E+02     1  5.596270E-05  1.794033E+02 -5.595966E-05  5.828450E-07
  6.344823E+00  2.400000E+02     2  9.759617E-05  1.784000E+02 -9.755812E-05  2.725057E-06
  6.344823E+00  2.400000E+02     3  1.000374E-04  8.998006E+01  3.481479E-08  1.000374E-04
  6.344823E+00  2.400000E+02     4  1.080434E-05 -1.784453E+02 -1.080037E-05 -2.931324E-07
  6.344823E+00  2.400000E+02     5  6.274676E-06  5.764040E-01  6.274359E-06  6.312310E-08
  6.344823E+00  2.400000E+02     6  7.275837E-11 -9.092893E+01 -1.179572E-12 -7.274881E-11
  6.344823E+00  2.500000E+02     1  3.805170E-05  1.791181E+02 -3.804720E-05  5.856424E-07
  6.344823E+00  2.500000E+02     2  1.059987E-04  1.785272E+02 -1.059637E-04  2.724405E-06
  6.344823E+00  2.500000E+02     3  1.000378E-04  8.997955E+01  3.570281E-08  1.000378E-04
  6.344823E+00  2.500000E+02     4  1.171140E-05 -1.785662E+02 -1.170773E-05 -2.930498E-07
  6.344823E+00  2.500000E+02     5  4.317001E-06  8.421289E-01  4.316535E-06  6.344867E-08
  6.344823E+00  2.500000E+02     6  7.278341E-11 -9.079723E+01 -1.012692E-12 -7.277636E-11
  6.344823E+00  2.600000E+02     1  1.898772E-05  1.782227E+02 -1.897858E-05  5.888929E-07
  6.344823E+00  2.600000E+02     2  1.111830E-04  1.785962E+02 -1.111496E-04  2.723730E-06
  6.344823E+00  2.600000E+02     3  1.000384E-04  8.997937E+01  3.602077E-08  1.000384E-04
  6.344823E+00  2.600000E+02     4  1.226285E-05 -1.786310E+02 -1.225935E-05 -2.929717E-07
  6.344823E+00  2.600000E+02     5  2.228496E-06  1.641163E+00  2.227582E-06  6.382366E-08
  6.344823E+00  2.600000E+02     6  7.281724E-11 -9.064154E+01 -8.153156E-13 -7.281267E-11
  6.344823E+00  2.700000E+02     1  8.917385E-07  4.161298E+01  6.667061E-07  5.921996E-07
  6.344823E+00  2.700000E+02     2  1.129911E-04  1.786190E+02 -1.129583E-04  2.723114E-06
  6.344823E+00  2.700000E+02     3  1.000391E-04  8.997952E+01  3.575848E-08  1.000391E-04
  6.344823E+00  2.700000E+02     4  1.244191E-05 -1.786510E+02 -1.243846E-05 -2.929069E-07
  6.344823E+00  2.700000E+02     5  9.569302E-08  4.214093E+01  7.095606E-08  6.420585E-08
  6.344823E+00  2.700000E+02     6  7.285685E-11 -9.046671E+01 -5.934590E-13 -7.285443E-11
  6.344823E+00  2.800000E+02     1  2.030039E-05  1.680016E+00  2.029167E-05  5.951589E-07
  6.344823E+00  2.800000E+02     2  1.113682E-04  1.785991E+02 -1.113349E-04  2.722633E-06
  6.344823E+00  2.800000E+02     3  1.000399E-04  8.998000E+01  3.492399E-08  1.000399E-04
  6.344823E+00  2.800000E+02     4  1.224312E-05 -1.786293E+02 -1.223961E-05 -2.928629E-07
  6.344823E+00  2.800000E+02     5  2.088831E-06  1.782291E+02 -2.087833E-06  6.455224E-08
  6.344823E+00  2.800000E+02     6  7.289944E-11 -9.027814E+01 -3.538858E-13 -7.289858E-11
  6.344823E+00  2.900000E+02     1  3.930447E-05  8.709015E-01  3.929993E-05  5.974088E-07
  6.344823E+00  2.900000E+02     2  1.063637E-04  1.785334E+02 -1.063288E-04  2.722343E-06
  6.344823E+00  2.900000E+02     3  1.000407E-04  8.998079E+01  3.354328E-08  1.000407E-04
  6.344823E+00  2.900000E+02     4  1.167251E-05 -1.785624E+02 -1.166884E-05 -2.928453E-07
  6.344823E+00  2.900000E+02     5  4.183710E-06  1.791122E+02 -4.183207E-06  6.482415E-08
  6.344823E+00  2.900000E+02     6  7.294184E-11 -9.008161E+01 -1.038951E-13 -7.294177E-11
  6.344823E+00  3.000000E+02     1  5.711705E-05  6.005576E-01  5.711391E-05  5.986732E-07
  6.344823E+00  3.000000E+02     2  9.812986E-05  1.784103E+02 -9.809209E-05  2.722279E-06
  6.344823E+00  3.000000E+02     3  1.000413E-04  8.998187E+01  3.165929E-08  1.000413E-04
  6.344823E+00  3.000000E+02     4  1.074748E-05 -1.784386E+02 -1.074349E-05 -2.928569E-07
  6.344823E+00  3.000000E+02     5  6.151853E-06  1.793947E+02 -6.151510E-06  6.499178E-08
  6.344823E+00  3.000000E+02     6  7.297997E-11 -8.988310E+01  1.489056E-13 -7.297982E-11
  6.344823E+00  3.100000E+02     1  7.319481E-05  4.687328E-01  7.319236E-05  5.987949E-07
  6.344823E+00  3.100000E+02     2  8.691762E-05  1.782051E+02 -8.687497E-05  2.722444E-06
  6.344823E+00  3.100000E+02     3  1.000417E-04  8.998320E+01  2.933032E-08  1.000417E-04
  6.344823E+00  3.100000E+02     4  9.496222E-06 -1.782325E+02 -9.491704E-06 -2.928977E-07
  6.344823E+00  3.100000E+02     5  7.933202E-06  1.795303E+02 -7.932936E-06  6.503772E-08
  6.344823E+00  3.100000E+02     6  7.300886E-11 -8.968857E+01  3.968347E-13 -7.300778E-11
  6.344823E+00  3.200000E+02     1  8.704884E-05  3.934471E-01  8.704679E-05  5.977552E-07
  6.344823E+00  3.200000E+02     2  7.306896E-05  1.778645E+02 -7.301821E-05  2.722817E-06
  6.344823E+00  3.200000E+02     3  1.000418E-04  8.998475E+01  2.662794E-08  1.000418E-04
  6.344823E+00  3.200000E+02     4  7.956918E-06 -1.778900E+02 -7.951522E-06 -2.929646E-07
  6.344823E+00  3.200000E+02     5  9.473571E-06  1.796071E+02 -9.473349E-06  6.495901E-08
  6.344823E+00  3.200000E+02     6  7.302338E-11 -8.950382E+01  6.323700E-13 -7.302064E-11
  6.344823E+00  3.300000E+02     1  9.825814E-05  3.473496E-01  9.825633E-05  5.956759E-07
  6.344823E+00  3.300000E+02     2  5.700785E-05  1.772619E+02 -5.694276E-05  2.723350E-06
  6.344823E+00  3.300000E+02     3  1.000417E-04  8.998646E+01  2.363464E-08  1.000417E-04
  6.344823E+00  3.300000E+02     4  6.176717E-06 -1.772806E+02 -6.169761E-06 -2.930516E-07
  6.344823E+00  3.300000E+02     5  1.072612E-05  1.796540E+02 -1.072593E-05  6.476733E-08
  6.344823E+00  3.300000E+02     6  7.301969E-11 -8.933430E+01  8.483741E-13 -7.301476E-11
  6.344823E+00  3.400000E+02     1  1.064821E-04  3.189775E-01  1.064805E-04  5.928052E-07
  6.344823E+00  3.400000E+02     2  3.923169E-05  1.760186E+02 -3.913701E-05  2.723974E-06
  6.344823E+00  3.400000E+02     3  1.000413E-04  8.998829E+01  2.044116E-08  1.000413E-04
  6.344823E+00  3.400000E+02     4  4.210782E-06 -1.760079E+02 -4.200566E-06 -2.931511E-07
  6.344823E+00  3.400000E+02     5  1.165278E-05  1.796829E+02 -1.165260E-05  6.448764E-08
  6.344823E+00  3.400000E+02     6  7.299663E-11 -8.918500E+01  1.038307E-12 -7.298924E-11
  6.344823E+00  3.500000E+02     1  1.114710E-04  3.029962E-01  1.114694E-04  5.894873E-07
  6.344823E+00  3.500000E+02     2  2.032538E-05  1.722963E+02 -2.014194E-05  2.724610E-06
  6.344823E+00  3.500000E+02     3  1.000407E-04  8.999018E+01  1.714382E-08  1.000407E-04
  6.344823E+00  3.500000E+02     4  2.124111E-06 -1.720644E+02 -2.103771E-06 -2.932539E-07
  6.344823E+00  3.500000E+02     5  1.222536E-05  1.796993E+02 -1.222519E-05  6.415501E-08
  6.344823E+00  3.500000E+02     6  7.295662E-11 -8.906036E+01  1.196416E-12 -7.294681E-11
  4.486468E+00  0.000000E+00     1  9.079837E-05  1.745681E-01  9.079795E-05  2.766430E-07
  4.486468E+00  0.000000E+00     2  1.396370E-06  1.088990E+02 -4.522851E-07  1.321093E-06
  4.486468E+00  0.000000E+00     3  1.009187E-04  8.996043E+01  6.969418E-08  1.009187E-04
  4.486468E+00  0.000000E+00     4  3.390465E-07 -7.095826E+01  1.106162E-07 -3.204943E-07
  4.486468E+00  0.000000E+00     5  2.219813E-05  1.798139E+02 -2.219801E-05  7.210120E-08
  4.486468E+00  0.000000E+00     6  3.473376E-11 -8.824344E+01  1.064691E-12 -3.471744E-11
  4.486468E+00  1.000000E+01     1  8.932177E-05  1.747324E-01  8.932136E-05  2.724002E-07
  4.486468E+00  1.000000E+01     2  1.536277E-05  4.931860E+00  1.530589E-05  1.320752E-06
  4.486468E+00  1.000000E+01     3  1.009163E-04  8.996404E+01  6.333911E-08  1.009162E-04
  4.486468E+00  1.000000E+01     4  3.980174E-06 -4.629401E+00  3.967189E-06 -3.212415E-07
  4.486468E+00  1.000000E+01     5  2.188463E-05  1.798139E+02 -2.188452E-05  7.108450E-08
  4.486468E+00  1.000000E+01     6  3.464219E-11 -8.812349E+01  1.134374E-12 -3.462362E-11
  4.486468E+00  2.000000E+01     1  8.513148E-05  1.812869E-01  8.513106E-05  2.693602E-07
  4.486468E+00  2.000000E+01     2  3.062755E-05  2.470412E+00  3.059908E-05  1.320154E-06
  4.486468E+00  2.000000E+01     3  1.009140E-04  8.996744E+01  5.735520E-08  1.009139E-04
  4.486468E+00  2.000000E+01     4  7.709969E-06 -2.392906E+00  7.703246E-06 -3.219063E-07
  4.486468E+00  2.000000E+01     5  2.090604E-05  1.798076E+02 -2.090592E-05  7.019406E-08
  4.486468E+00  2.000000E+01     6  3.456617E-11 -8.806193E+01  1.169003E-12 -3.454640E-11
  4.486468E+00  3.000000E+01     1  7.835461E-05  1.959092E-01  7.835415E-05  2.679143E-07
  4.486468E+00  3.000000E+01     2  4.498177E-05  1.680679E+00  4.496242E-05  1.319278E-06
  4.486468E+00  3.000000E+01     3  1.009121E-04  8.997052E+01  5.192446E-08  1.009121E-04
  4.486468E+00  3.000000E+01     4  1.120999E-05 -1.648365E+00  1.120535E-05 -3.224602E-07
  4.486468E+00  3.000000E+01     5  1.929218E-05  1.797935E+02 -1.929205E-05  6.952411E-08
  4.486468E+00  3.000000E+01     6  3.451931E-11 -8.806183E+01  1.167476E-12 -3.449956E-11
  4.486468E+00  4.000000E+01     1  6.919683E-05  2.221372E-01  6.919631E-05  2.682772E-07
  4.486468E+00  4.000000E+01     2  5.797431E-05  1.302828E+00  5.795932E-05  1.318143E-06
  4.486468E+00  4.000000E+01     3  1.009109E-04  8.997319E+01  4.721511E-08  1.009108E-04
  4.486468E+00  4.000000E+01     4  1.437076E-05 -1.287439E+00  1.436714E-05 -3.228847E-07
  4.486468E+00  4.000000E+01     5  1.709218E-05  1.797683E+02 -1.709204E-05  6.913333E-08
  4.486468E+00  4.000000E+01     6  3.450562E-11 -8.812369E+01  1.129784E-12 -3.448712E-11
  4.486468E+00  5.000000E+01     1  5.793625E-05  2.674702E-01  5.793562E-05  2.704591E-07
  4.486468E+00  5.000000E+01     2  6.920733E-05  1.090233E+00  6.919480E-05  1.316808E-06
  4.486468E+00  5.000000E+01     3  1.009104E-04  8.997537E+01  4.337594E-08  1.009104E-04
  4.486468E+00  5.000000E+01     4  1.709560E-05 -1.083175E+00  1.709254E-05 -3.231725E-07
  4.486468E+00  5.000000E+01     5  1.437299E-05  1.797248E+02 -1.437282E-05  6.903851E-08
  4.486468E+00  5.000000E+01     6  3.451981E-11 -8.824529E+01  1.057021E-12 -3.450363E-11
  4.486468E+00  6.000000E+01     1  4.491496E-05  3.498668E-01  4.491412E-05  2.742637E-07
  4.486468E+00  6.000000E+01     2  7.833855E-05  9.620889E-01  7.832750E-05  1.315369E-06
  4.486468E+00  6.000000E+01     3  1.009109E-04  8.997699E+01  4.053045E-08  1.009109E-04
  4.486468E+00  6.000000E+01     4  1.930142E-05 -9.598330E-01  1.929871E-05 -3.233271E-07
  4.486468E+00  6.000000E+01     5  1.121729E-05  1.796465E+02 -1.121708E-05  6.921349E-08
  4.486468E+00  6.000000E+01     6  3.455115E-11 -8.842215E+01  9.513699E-13 -3.453805E-11
  4.486468E+00  7.000000E+01     1  3.052879E-05  5.242097E-01  3.052751E-05  2.793096E-07
  4.486468E+00  7.000000E+01     2  8.509019E-05  8.847861E-01  8.508005E-05  1.313947E-06
  4.486468E+00  7.000000E+01     3  1.009121E-04  8.997799E+01  3.877138E-08  1.009121E-04
  4.486468E+00  7.000000E+01     4  2.092105E-05 -8.856125E-01  2.091855E-05 -3.233607E-07
  4.486468E+00  7.000000E+01     5  7.721007E-06  1.794836E+02 -7.720693E-06  6.959338E-08
  4.486468E+00  7.000000E+01     6  3.458899E-11 -8.864812E+01  8.160413E-13 -3.457936E-11
  4.486468E+00  8.000000E+01     1  1.521574E-05  1.073526E+00  1.521307E-05  2.850739E-07
  4.486468E+00  8.000000E+01     2  8.925711E-05  8.426614E-01  8.924745E-05  1.312676E-06
  4.486468E+00  8.000000E+01     3  1.009140E-04  8.997834E+01  3.815608E-08  1.009140E-04
  4.486468E+00  8.000000E+01     4  2.190512E-05 -8.456444E-01  2.190273E-05 -3.232920E-07
  4.486468E+00  8.000000E+01     5  3.990477E-06  1.789937E+02 -3.989862E-06  7.008380E-08
  4.486468E+00  8.000000E+01     6  3.462727E-11 -8.891585E+01  6.551751E-13 -3.462107E-11
  4.486468E+00  9.000000E+01     1  6.343253E-07  1.526980E+02 -5.636625E-07  2.909523E-07
  4.486468E+00  9.000000E+01     2  9.071277E-05  8.285126E-01  9.070329E-05  1.311686E-06
  4.486468E+00  9.000000E+01     3  1.009164E-04  8.997803E+01  3.870354E-08  1.009164E-04
  4.486468E+00  9.000000E+01     4  2.222364E-05 -8.331392E-01  2.222129E-05 -3.231430E-07
  4.486468E+00  9.000000E+01     5  1.548721E-07  1.528907E+02 -1.378576E-07  7.057362E-08
  4.486468E+00  9.000000E+01     6  3.466594E-11 -8.921703E+01  4.737081E-13 -3.466270E-11
  4.486468E+00  1.000000E+02     1  1.632576E-05  1.789600E+02 -1.632307E-05  2.963295E-07
  4.486468E+00  1.000000E+02     2  8.941309E-05  8.401720E-01  8.940348E-05  1.311086E-06
  4.486468E+00  1.000000E+02     3  1.009189E-04  8.997707E+01  4.039339E-08  1.009189E-04
  4.486468E+00  1.000000E+02     4  2.186687E-05 -8.461892E-01  2.186448E-05 -3.229354E-07
  4.486468E+00  1.000000E+02     5  3.719055E-06  1.093122E+00  3.718378E-06  7.094995E-08
  4.486468E+00  1.000000E+02     6  3.470886E-11 -8.954239E+01  2.772100E-13 -3.470775E-11
  4.486468E+00  1.100000E+02     1  3.158757E-05  1.794547E+02 -3.158614E-05  3.006501E-07
  4.486468E+00  1.100000E+02     2  8.539767E-05  8.795919E-01  8.538761E-05  1.310954E-06
  4.486468E+00  1.100000E+02     3  1.009212E-04  8.997549E+01  4.316714E-08  1.009212E-04
  4.486468E+00  1.100000E+02     4  2.084566E-05 -8.869677E-01  2.084316E-05 -3.226885E-07
  4.486468E+00  1.100000E+02     5  7.462103E-06  5.460336E-01  7.461765E-06  7.111339E-08
  4.486468E+00  1.100000E+02     6  3.475931E-11 -8.988181E+01  7.169987E-14 -3.475924E-11
  4.486468E+00  1.200000E+02     1  4.589001E-05  1.796211E+02 -4.588901E-05  3.034828E-07
  4.486468E+00  1.200000E+02     2  7.878857E-05  9.536537E-01  7.877766E-05  1.311328E-06
  4.486468E+00  1.200000E+02     3  1.009231E-04  8.997336E+01  4.693148E-08  1.009231E-04
  4.486468E+00  1.200000E+02     4  1.919110E-05 -9.626328E-01  1.918839E-05 -3.224167E-07
  4.486468E+00  1.200000E+02     5  1.097885E-05  3.704898E-01  1.097862E-05  7.099166E-08
  4.486468E+00  1.200000E+02     6  3.481568E-11 -9.022472E+01 -1.365495E-13 -3.481541E-11
  4.486468E+00  1.300000E+02     1  5.879793E-05  1.797032E+02 -5.879714E-05  3.045703E-07
  4.486468E+00  1.300000E+02     2  6.978669E-05  1.077395E+00  6.977436E-05  1.312198E-06
  4.486468E+00  1.300000E+02     3  1.009244E-04  8.997073E+01  5.156317E-08  1.009244E-04
  4.486468E+00  1.300000E+02     4  1.695359E-05 -1.088721E+00  1.695053E-05 -3.221289E-07
  4.486468E+00  1.300000E+02     5  1.416226E-05  2.854229E-01  1.416208E-05  7.054996E-08
  4.486468E+00  1.300000E+02     6  3.486954E-11 -9.056067E+01 -3.412091E-13 -3.486787E-11
  4.486468E+00  1.400000E+02     1  6.991912E-05  1.797510E+02 -6.991846E-05  3.038572E-07
  4.486468E+00  1.400000E+02     2  5.866579E-05  1.282947E+00  5.865108E-05  1.313514E-06
  4.486468E+00  1.400000E+02     3  1.009248E-04  8.996769E+01  5.691493E-08  1.009248E-04
  4.486468E+00  1.400000E+02     4  1.420131E-05 -1.298540E+00  1.419766E-05 -3.218282E-07
  4.486468E+00  1.400000E+02     5  1.691553E-05  2.364143E-01  1.691538E-05  6.979677E-08
  4.486468E+00  1.400000E+02     6  3.490744E-11 -9.087995E+01 -5.360861E-13 -3.490332E-11
  4.486468E+00  1.500000E+02     1  7.891586E-05  1.797811E+02 -7.891529E-05  3.014956E-07
  4.486468E+00  1.500000E+02     2  4.576450E-05  1.646796E+00  4.574560E-05  1.315183E-06
  4.486468E+00  1.500000E+02     3  1.009243E-04  8.996434E+01  6.282144E-08  1.009243E-04
  4.486468E+00  1.500000E+02     4  1.101820E-05 -1.672135E+00  1.101351E-05 -3.215124E-07
  4.486468E+00  1.500000E+02     5  1.915490E-05  2.057464E-01  1.915478E-05  6.878419E-08
  4.486468E+00  1.500000E+02     6  3.491578E-11 -9.117388E+01 -7.153057E-13 -3.490845E-11
  4.486468E+00  1.600000E+02     1  8.551502E-05  1.798005E+02 -8.551450E-05  2.978238E-07
  4.486468E+00  1.600000E+02     2  3.147745E-05  2.398078E+00  3.144989E-05  1.317084E-06
  4.486468E+00  1.600000E+02     3  1.009230E-04  8.996077E+01  6.910507E-08  1.009230E-04
  4.486468E+00  1.600000E+02     4  7.501747E-06 -2.453779E+00  7.494868E-06 -3.211755E-07
  4.486468E+00  1.600000E+02     5  2.081224E-05  1.861099E-01  2.081213E-05  6.760283E-08
  4.486468E+00  1.600000E+02     6  3.488669E-11 -9.143470E+01 -8.734772E-13 -3.487576E-11
  4.486468E+00  1.700000E+02     1  8.951624E-05  1.798123E+02 -8.951576E-05  2.933246E-07
  4.486468E+00  1.700000E+02     2  1.625185E-05  4.655508E+00  1.619823E-05  1.319074E-06
  4.486468E+00  1.700000E+02     3  1.009210E-04  8.995709E+01  7.558080E-08  1.009210E-04
  4.486468E+00  1.700000E+02     4  3.762359E-06 -4.891442E+00  3.748657E-06 -3.208092E-07
  4.486468E+00  1.700000E+02     5  2.183709E-05  1.741456E-01  2.183699E-05  6.637185E-08
  4.486468E+00  1.700000E+02     6  3.482220E-11 -9.165523E+01 -1.005844E-12 -3.480767E-11
  4.486468E+00  1.800000E+02     1  9.079804E-05  1.798179E+02 -9.079758E-05  2.885650E-07
  4.486468E+00  1.800000E+02     2  1.396863E-06  7.103093E+01  4.540610E-07  1.321005E-06
  4.486468E+00  1.800000E+02     3  1.009186E-04  8.995341E+01  8.206047E-08  1.009185E-04
  4.486468E+00  1.800000E+02     4  3.391994E-07 -1.091622E+02 -1.113401E-07 -3.204054E-07
  4.486468E+00  1.800000E+02     5  2.219826E-05  1.683525E-01  2.219816E-05  6.522515E-08
  4.486468E+00  1.800000E+02     6  3.473466E-11 -9.182867E+01 -1.108414E-12 -3.471697E-11
  4.486468E+00  1.900000E+02     1  8.932144E-05  1.798177E+02 -8.932099E-05  2.841270E-07
  4.486468E+00  1.900000E+02     2  1.536117E-05  1.750602E+02 -1.530411E-05  1.322736E-06
  4.486468E+00  1.900000E+02     3  1.009160E-04  8.994984E+01  8.835638E-08  1.009160E-04
  4.486468E+00  1.900000E+02     4  3.980792E-06 -1.753898E+02 -3.967913E-06 -3.199586E-07
  4.486468E+00  1.900000E+02     5  2.188476E-05  1.683306E-01  2.188466E-05  6.429565E-08
  4.486468E+00  1.900000E+02     6  3.464314E-11 -9.194877E+01 -1.178073E-12 -3.462310E-11
  4.486468E+00  2.000000E+02     1  8.513115E-05  1.798112E+02 -8.513069E-05  2.805371E-07
  4.486468E+00  2.000000E+02     2  3.062595E-05  1.775220E+02 -3.059731E-05  1.324150E-06
  4.486468E+00  2.000000E+02     3  1.009136E-04  8.994647E+01  9.428494E-08  1.009135E-04
  4.486468E+00  2.000000E+02     4  7.710591E-06 -1.776254E+02 -7.703970E-06 -3.194680E-07
  4.486468E+00  2.000000E+02     5  2.090617E-05  1.745757E-01  2.090607E-05  6.369934E-08
  4.486468E+00  2.000000E+02     6  3.456713E-11 -9.201046E+01 -1.212679E-12 -3.454585E-11
  4.486468E+00  2.100000E+02     1  7.835427E-05  1.797966E+02 -7.835378E-05  2.782027E-07
  4.486468E+00  2.100000E+02     2  4.498017E-05  1.783118E+02 -4.496065E-05  1.325162E-06
  4.486468E+00  2.100000E+02     3  1.009116E-04  8.994341E+01  9.967057E-08  1.009115E-04
  4.486468E+00  2.100000E+02     4  1.121061E-05 -1.783697E+02 -1.120607E-05 -3.189399E-07
  4.486468E+00  2.100000E+02     5  1.929230E-05  1.886506E-01  1.929220E-05  6.352122E-08
  4.486468E+00  2.100000E+02     6  3.452025E-11 -9.201062E+01 -1.211135E-12 -3.449900E-11
  4.486468E+00  2.200000E+02     1  6.919650E-05  1.797703E+02 -6.919594E-05  2.773644E-07
  4.486468E+00  2.200000E+02     2  5.797271E-05  1.786896E+02 -5.795755E-05  1.325735E-06
  4.486468E+00  2.200000E+02     3  1.009103E-04  8.994075E+01  1.043502E-07  1.009102E-04
  4.486468E+00  2.200000E+02     4  1.437139E-05 -1.787305E+02 -1.436786E-05 -3.183887E-07
  4.486468E+00  2.200000E+02     5  1.709231E-05  2.138825E-01  1.709219E-05  6.380463E-08
  4.486468E+00  2.200000E+02     6  3.450652E-11 -9.194878E+01 -1.173430E-12 -3.448656E-11
  4.486468E+00  2.300000E+02     1  5.793591E-05  1.797250E+02 -5.793524E-05  2.780681E-07
  4.486468E+00  2.300000E+02     2  6.920573E-05  1.789022E+02 -6.919303E-05  1.325875E-06
  4.486468E+00  2.300000E+02     3  1.009098E-04  8.993858E+01  1.081785E-07  1.009097E-04
  4.486468E+00  2.300000E+02     4  1.709622E-05 -1.789347E+02 -1.709327E-05 -3.178367E-07
  4.486468E+00  2.300000E+02     5  1.437312E-05  2.572997E-01  1.437297E-05  6.454553E-08
  4.486468E+00  2.300000E+02     6  3.452063E-11 -9.182714E+01 -1.100663E-12 -3.450308E-11
  4.486468E+00  2.400000E+02     1  4.491462E-05  1.796426E+02 -4.491375E-05  2.801618E-07
  4.486468E+00  2.400000E+02     2  7.833695E-05  1.790304E+02 -7.832573E-05  1.325635E-06
  4.486468E+00  2.400000E+02     3  1.009101E-04  8.993696E+01  1.110331E-07  1.009101E-04
  4.486468E+00  2.400000E+02     4  1.930205E-05 -1.790581E+02 -1.929944E-05 -3.173132E-07
  4.486468E+00  2.400000E+02     5  1.121742E-05  3.355406E-01  1.121723E-05  6.569205E-08
  4.486468E+00  2.400000E+02     6  3.455187E-11 -9.165022E+01 -9.950163E-13 -3.453754E-11
  4.486468E+00  2.500000E+02     1  3.052845E-05  1.794683E+02 -3.052714E-05  2.833156E-07
  4.486468E+00  2.500000E+02     2  8.508859E-05  1.791077E+02 -8.507827E-05  1.325099E-06
  4.486468E+00  2.500000E+02     3  1.009114E-04  8.993594E+01  1.128205E-07  1.009113E-04
  4.486468E+00  2.500000E+02     4  2.092167E-05 -1.791322E+02 -2.091927E-05 -3.168513E-07
  4.486468E+00  2.500000E+02     5  7.721134E-06  4.983004E-01  7.720842E-06  6.714972E-08
  4.486468E+00  2.500000E+02     6  3.458959E-11 -9.142419E+01 -8.596994E-13 -3.457891E-11
  4.486468E+00  2.600000E+02     1  1.521541E-05  1.789190E+02 -1.521270E-05  2.870643E-07
  4.486468E+00  2.600000E+02     2  8.925550E-05  1.791498E+02 -8.924568E-05  1.324377E-06
  4.486468E+00  2.600000E+02     3  1.009132E-04  8.993557E+01  1.134802E-07  1.009132E-04
  4.486468E+00  2.600000E+02     4  2.190574E-05 -1.791722E+02 -2.190345E-05 -3.164854E-07
  4.486468E+00  2.600000E+02     5  3.990603E-06  9.877351E-01  3.990010E-06  6.879152E-08
  4.486468E+00  2.600000E+02     6  3.462773E-11 -9.115641E+01 -6.988513E-13 -3.462068E-11
  4.486468E+00  2.700000E+02     1  6.346134E-07  2.727976E+01  5.640312E-07  2.908659E-07
  4.486468E+00  2.700000E+02     2  9.071117E-05  1.791640E+02 -9.070151E-05  1.323582E-06
  4.486468E+00  2.700000E+02     3  1.009156E-04  8.993585E+01  1.129881E-07  1.009155E-04
  4.486468E+00  2.700000E+02     4  2.222426E-05 -1.791847E+02 -2.222201E-05 -3.162466E-07
  4.486468E+00  2.700000E+02     5  1.549586E-07  2.705059E+01  1.380069E-07  7.047162E-08
  4.486468E+00  2.700000E+02     6  3.466625E-11 -9.085519E+01 -5.174067E-13 -3.466239E-11
  4.486468E+00  2.800000E+02     1  1.632609E-05  1.032430E+00  1.632344E-05  2.941688E-07
  4.486468E+00  2.800000E+02     2  8.941149E-05  1.791523E+02 -8.940170E-05  1.322818E-06
  4.486468E+00  2.800000E+02     3  1.009181E-04  8.993678E+01  1.113579E-07  1.009181E-04
  4.486468E+00  2.800000E+02     4  2.186749E-05 -1.791716E+02 -2.186521E-05 -3.161595E-07
  4.486468E+00  2.800000E+02     5  3.718926E-06  1.788900E+02 -3.718228E-06  7.204136E-08
  4.486468E+00  2.800000E+02     6  3.470900E-11 -9.052979E+01 -3.209327E-13 -3.470752E-11
  4.486468E+00  2.900000E+02     1  3.158790E-05  5.377819E-01  3.158651E-05  2.964817E-07
  4.486468E+00  2.900000E+02     2  8.539606E-05  1.791129E+02 -8.538583E-05  1.322167E-06
  4.486468E+00  2.900000E+02     3  1.009206E-04  8.993832E+01  1.086409E-07  1.009205E-04
  4.486468E+00  2.900000E+02     4  2.084628E-05 -1.791308E+02 -2.084389E-05 -3.162396E-07
  4.486468E+00  2.900000E+02     5  7.461975E-06  1.794367E+02 -7.461614E-06  7.336544E-08
  4.486468E+00  2.900000E+02     6  3.475929E-11 -9.019030E+01 -1.154453E-13 -3.475910E-11
  4.486468E+00  3.000000E+02     1  4.589034E-05  3.713613E-01  4.588938E-05  2.974351E-07
  4.486468E+00  3.000000E+02     2  7.878697E-05  1.790388E+02 -7.877588E-05  1.321681E-06
  4.486468E+00  3.000000E+02     3  1.009225E-04  8.994043E+01  1.049233E-07  1.009225E-04
  4.486468E+00  3.000000E+02     4  1.919173E-05 -1.790551E+02 -1.918912E-05 -3.164913E-07
  4.486468E+00  3.000000E+02     5  1.097872E-05  1.796120E+02 -1.097847E-05  7.433660E-08
  4.486468E+00  3.000000E+02     6  3.481550E-11 -8.984730E+01  9.278545E-14 -3.481537E-11
  4.486468E+00  3.100000E+02     1  5.879825E-05  2.892451E-01  5.879750E-05  2.968288E-07
  4.486468E+00  3.100000E+02     2  6.978509E-05  1.789150E+02 -6.977258E-05  1.321378E-06
  4.486468E+00  3.100000E+02     3  1.009239E-04  8.994305E+01  1.003225E-07  1.009238E-04
  4.486468E+00  3.100000E+02     4  1.695422E-05 -1.789290E+02 -1.695126E-05 -3.169069E-07
  4.486468E+00  3.100000E+02     5  1.416213E-05  1.796970E+02 -1.416193E-05  7.488694E-08
  4.486468E+00  3.100000E+02     6  3.486920E-11 -8.951126E+01  2.974328E-13 -3.486793E-11
  4.486468E+00  3.200000E+02     1  6.991945E-05  2.414601E-01  6.991883E-05  2.946589E-07
  4.486468E+00  3.200000E+02     2  5.866418E-05  1.787095E+02 -5.864930E-05  1.321240E-06
  4.486468E+00  3.200000E+02     3  1.009244E-04  8.994608E+01  9.498167E-08  1.009244E-04
  4.486468E+00  3.200000E+02     4  1.420194E-05 -1.787191E+02 -1.419839E-05 -3.174680E-07
  4.486468E+00  3.200000E+02     5  1.691540E-05  1.797460E+02 -1.691523E-05  7.499465E-08
  4.486468E+00  3.200000E+02     6  3.490695E-11 -8.919191E+01  4.923056E-13 -3.490347E-11
  4.486468E+00  3.300000E+02     1  7.891619E-05  2.113638E-01  7.891566E-05  2.911207E-07
  4.486468E+00  3.300000E+02     2  4.576290E-05  1.783456E+02 -4.574382E-05  1.321220E-06
  4.486468E+00  3.300000E+02     3  1.009240E-04  8.994944E+01  8.906495E-08  1.009240E-04
  4.486468E+00  3.300000E+02     4  1.101883E-05 -1.783455E+02 -1.101423E-05 -3.181458E-07
  4.486468E+00  3.300000E+02     5  1.915478E-05  1.797766E+02 -1.915463E-05  7.468539E-08
  4.486468E+00  3.300000E+02     6  3.491515E-11 -8.889795E+01  6.715295E-13 -3.490869E-11
  4.486468E+00  3.400000E+02     1  8.551535E-05  1.920158E-01  8.551487E-05  2.865878E-07
  4.486468E+00  3.400000E+02     2  3.147585E-05  1.775942E+02 -3.144811E-05  1.321245E-06
  4.486468E+00  3.400000E+02     3  1.009229E-04  8.995302E+01  8.275135E-08  1.009228E-04
  4.486468E+00  3.400000E+02     4  7.502373E-06 -1.775638E+02 -7.495592E-06 -3.189041E-07
  4.486468E+00  3.400000E+02     5  2.081211E-05  1.797962E+02 -2.081198E-05  7.402803E-08
  4.486468E+00  3.400000E+02     6  3.488595E-11 -8.863717E+01  8.297131E-13 -3.487608E-11
  4.486468E+00  3.500000E+02     1  8.951657E-05  1.802200E-01  8.951613E-05  2.815678E-07
  4.486468E+00  3.500000E+02     2  1.625025E-05  1.753364E+02 -1.619645E-05  1.321232E-06
  4.486468E+00  3.500000E+02     3  1.009210E-04  8.995672E+01  7.622977E-08  1.009210E-04
  4.486468E+00  3.500000E+02     4  3.762986E-06 -1.751263E+02 -3.749380E-06 -3.197013E-07
  4.486468E+00  3.500000E+02     5  2.183696E-05  1.798081E+02 -2.183684E-05  7.312541E-08
  4.486468E+00  3.500000E+02     6  3.482137E-11 -8.841674E+01  9.620982E-13 -3.480807E-11
  3.663185E+00  0.000000E+00     1  8.149002E-05  1.044358E-01  8.148988E-05  1.485358E-07
  3.663185E+00  0.000000E+00     2  9.690689E-07  1.170280E+02 -4.403700E-07  8.632316E-07
  3.663185E+00  0.000000E+00     3  1.027922E-04  8.986479E+01  2.425768E-07  1.027919E-04
  3.663185E+00  0.000000E+00     4  4.027937E-07 -6.240624E+01  1.865738E-07 -3.569775E-07
  3.663185E+00  0.000000E+00     5  3.399796E-05  1.798285E+02 -3.399781E-05  1.017864E-07
  3.663185E+00  0.000000E+00     6  2.206441E-11 -8.749771E+01  9.633159E-13 -2.204337E-11
  3.663185E+00  1.000000E+01     1  8.015821E-05  1.022482E-01  8.015808E-05  1.430477E-07
  3.663185E+00  1.000000E+01     2  1.372981E-05  3.583877E+00  1.370296E-05  8.582456E-07
  3.663185E+00  1.000000E+01     3  1.027866E-04  8.987093E+01  2.315436E-07  1.027863E-04
  3.663185E+00  1.000000E+01     4  6.103389E-06 -3.399547E+00  6.092649E-06 -3.619217E-07
  3.663185E+00  1.000000E+01     5  3.352122E-05  1.798304E+02 -3.352108E-05  9.924221E-08
  3.663185E+00  1.000000E+01     6  2.190282E-11 -8.730181E+01  1.031072E-12 -2.187854E-11
  3.663185E+00  2.000000E+01     1  7.639146E-05  1.050044E-01  7.639133E-05  1.400005E-07
  3.663185E+00  2.000000E+01     2  2.744331E-05  1.781266E+00  2.743005E-05  8.530466E-07
  3.663185E+00  2.000000E+01     3  1.027814E-04  8.987673E+01  2.211375E-07  1.027811E-04
  3.663185E+00  2.000000E+01     4  1.181938E-05 -1.777302E+00  1.181370E-05 -3.665758E-07
  3.663185E+00  2.000000E+01     5  3.202546E-05  1.798275E+02 -3.202532E-05  9.642030E-08
  3.663185E+00  2.000000E+01     6  2.178066E-11 -8.719416E+01  1.066196E-12 -2.175455E-11
  3.663185E+00  3.000000E+01     1  7.030375E-05  1.140176E-01  7.030361E-05  1.399031E-07
  3.663185E+00  3.000000E+01     2  4.033230E-05  1.204375E+00  4.032339E-05  8.477348E-07
  3.663185E+00  3.000000E+01     3  1.027771E-04  8.988199E+01  2.116830E-07  1.027769E-04
  3.663185E+00  3.000000E+01     4  1.718016E-05 -1.236643E+00  1.717616E-05 -3.707791E-07
  3.663185E+00  3.000000E+01     5  2.955642E-05  1.798186E+02 -2.955627E-05  9.356037E-08
  3.663185E+00  3.000000E+01     6  2.172581E-11 -8.718357E+01  1.067523E-12 -2.169956E-11
  3.663185E+00  4.000000E+01     1  6.207954E-05  1.319778E-01  6.207938E-05  1.429969E-07
  3.663185E+00  4.000000E+01     2  5.199772E-05  9.283357E-01  5.199090E-05  8.424571E-07
  3.663185E+00  4.000000E+01     3  1.027744E-04  8.988656E+01  2.034843E-07  1.027742E-04
  3.663185E+00  4.000000E+01     4  2.202044E-05 -9.742107E-01  2.201726E-05 -3.743996E-07
  3.663185E+00  4.000000E+01     5  2.618945E-05  1.798013E+02 -2.618929E-05  9.083820E-08
  3.663185E+00  4.000000E+01     6  2.174005E-11 -8.727150E+01  1.034898E-12 -2.171540E-11
  3.663185E+00  5.000000E+01     1  5.196834E-05  1.645166E-01  5.196813E-05  1.492194E-07
  3.663185E+00  5.000000E+01     2  6.208356E-05  7.728505E-01  6.207791E-05  8.374063E-07
  3.663185E+00  5.000000E+01     3  1.027735E-04  8.989028E+01  1.968138E-07  1.027733E-04
  3.663185E+00  5.000000E+01     4  2.619263E-05 -8.254490E-01  2.618991E-05 -3.773390E-07
  3.663185E+00  5.000000E+01     5  2.202717E-05  1.797702E+02 -2.202700E-05  8.834944E-08
  3.663185E+00  5.000000E+01     6  2.180116E-11 -8.745198E+01  9.692090E-13 -2.177961E-11
  3.663185E+00  6.000000E+01     1  4.027719E-05  2.250498E-01  4.027688E-05  1.582028E-07
  3.663185E+00  6.000000E+01     2  7.028294E-05  6.789385E-01  7.027800E-05  8.328131E-07
  3.663185E+00  6.000000E+01     3  1.027746E-04  8.989302E+01  1.918996E-07  1.027744E-04
  3.663185E+00  6.000000E+01     4  2.956962E-05 -7.354287E-01  2.956719E-05 -3.795350E-07
  3.663185E+00  6.000000E+01     5  1.719626E-05  1.797131E+02 -1.719605E-05  8.610497E-08
  3.663185E+00  6.000000E+01     6  2.187514E-11 -8.771440E+01  8.723947E-13 -2.185773E-11
  3.663185E+00  7.000000E+01     1  2.736145E-05  3.545352E-01  2.736093E-05  1.693063E-07
  3.663185E+00  7.000000E+01     2  7.634680E-05  6.220950E-01  7.634230E-05  8.289272E-07
  3.663185E+00  7.000000E+01     3  1.027775E-04  8.989469E+01  1.889120E-07  1.027774E-04
  3.663185E+00  7.000000E+01     4  3.204847E-05 -6.810897E-01  3.204621E-05 -3.809595E-07
  3.663185E+00  7.000000E+01     5  1.184355E-05  1.795934E+02 -1.184325E-05  8.403824E-08
  3.663185E+00  7.000000E+01     6  2.193277E-11 -8.804717E+01  7.473954E-13 -2.192003E-11
  3.663185E+00  8.000000E+01     1  1.361424E-05  7.646255E-01  1.361303E-05  1.816798E-07
  3.663185E+00  8.000000E+01     2  8.009120E-05  5.909117E-01  8.008694E-05  8.259943E-07
  3.663185E+00  8.000000E+01     3  1.027820E-04  8.989523E+01  1.879521E-07  1.027819E-04
  3.663185E+00  8.000000E+01     4  3.355352E-05 -6.516550E-01  3.355135E-05 -3.816136E-07
  3.663185E+00  8.000000E+01     5  6.131638E-06  1.792335E+02 -6.131089E-06  8.202340E-08
  3.663185E+00  8.000000E+01     6  2.196264E-11 -8.843958E+01  5.980657E-13 -2.195450E-11
  3.663185E+00  9.000000E+01     1  5.820282E-07  1.604931E+02 -5.486204E-07  1.943514E-07
  3.663185E+00  9.000000E+01     2  8.140274E-05  5.801486E-01  8.139857E-05  8.242297E-07
  3.663185E+00  9.000000E+01     3  1.027875E-04  8.989462E+01  1.890441E-07  1.027874E-04
  3.663185E+00  9.000000E+01     4  3.403875E-05 -6.422104E-01  3.403661E-05 -3.815216E-07
  3.663185E+00  9.000000E+01     5  2.461706E-07  1.610599E+02 -2.328425E-07  7.990176E-08
  3.663185E+00  9.000000E+01     6  2.197466E-11 -8.888127E+01  4.290399E-13 -2.197047E-11
  3.663185E+00  1.000000E+02     1  1.469467E-05  1.791955E+02 -1.469322E-05  2.063277E-07
  3.663185E+00  1.000000E+02     2  8.024189E-05  5.882319E-01  8.023767E-05  8.237956E-07
  3.663185E+00  1.000000E+02     3  1.027934E-04  8.989291E+01  1.921338E-07  1.027932E-04
  3.663185E+00  1.000000E+02     4  3.348924E-05 -6.513844E-01  3.348707E-05 -3.807244E-07
  3.663185E+00  1.000000E+02     5  5.673151E-06  7.828659E-01  5.672622E-06  7.751319E-08
  3.663185E+00  1.000000E+02     6  2.199251E-11 -8.936023E+01  2.455651E-13 -2.199114E-11
  3.663185E+00  1.100000E+02     1  2.839140E-05  1.795627E+02 -2.839057E-05  2.166984E-07
  3.663185E+00  1.100000E+02     2  7.664409E-05  6.165840E-01  7.663965E-05  8.247834E-07
  3.663185E+00  1.100000E+02     3  1.027989E-04  8.989015E+01  1.970927E-07  1.027987E-04
  3.663185E+00  1.100000E+02     4  3.192169E-05 -6.807691E-01  3.191944E-05 -3.792738E-07
  3.663185E+00  1.100000E+02     5  1.140642E-05  3.753712E-01  1.140618E-05  7.472823E-08
  3.663185E+00  1.100000E+02     6  2.203908E-11 -8.986140E+01  5.331361E-14 -2.203902E-11
  3.663185E+00  1.200000E+02     1  4.122491E-05  1.796877E+02 -4.122430E-05  2.247294E-07
  3.663185E+00  1.200000E+02     2  7.071863E-05  6.702111E-01  7.071379E-05  8.272046E-07
  3.663185E+00  1.200000E+02     3  1.028034E-04  8.988645E+01  2.037291E-07  1.028032E-04
  3.663185E+00  1.200000E+02     4  2.938389E-05 -7.355811E-01  2.938147E-05 -3.772292E-07
  3.663185E+00  1.200000E+02     5  1.679396E-05  2.438574E-01  1.679381E-05  7.147680E-08
  3.663185E+00  1.200000E+02     6  2.212195E-11 -9.036730E+01 -1.418135E-13 -2.212150E-11
  3.663185E+00  1.300000E+02     1  5.280502E-05  1.797505E+02 -5.280452E-05  2.299370E-07
  3.663185E+00  1.300000E+02     2  6.264537E-05  7.600486E-01  6.263986E-05  8.309884E-07
  3.663185E+00  1.300000E+02     3  1.028062E-04  8.988196E+01  2.118017E-07  1.028060E-04
  3.663185E+00  1.300000E+02     4  2.595324E-05 -8.271357E-01  2.595054E-05 -3.746543E-07
  3.663185E+00  1.300000E+02     5  2.167193E-05  1.791674E-01  2.167183E-05  6.776934E-08
  3.663185E+00  1.300000E+02     6  2.222632E-11 -9.086072E+01 -3.338792E-13 -2.222381E-11
  3.663185E+00  1.400000E+02     1  6.278010E-05  1.797881E+02 -6.277967E-05  2.321323E-07
  3.663185E+00  1.400000E+02     2  5.266941E-05  9.094558E-01  5.266277E-05  8.359863E-07
  3.663185E+00  1.400000E+02     3  1.028070E-04  8.987681E+01  2.210370E-07  1.028068E-04
  3.663185E+00  1.400000E+02     4  2.173439E-05 -9.796954E-01  2.173121E-05 -3.716163E-07
  3.663185E+00  1.400000E+02     5  2.589194E-05  1.409774E-01  2.589187E-05  6.370756E-08
  3.663185E+00  1.400000E+02     6  2.231904E-11 -9.132756E+01 -5.170919E-13 -2.231304E-11
  3.663185E+00  1.500000E+02     1  7.084754E-05  1.798128E+02 -7.084716E-05  2.314305E-07
  3.663185E+00  1.500000E+02     2  4.109388E-05  1.174026E+00  4.108526E-05  8.419803E-07
  3.663185E+00  1.500000E+02     3  1.028057E-04  8.987118E+01  2.311430E-07  1.028054E-04
  3.663185E+00  1.500000E+02     4  1.685598E-05 -1.251609E+00  1.685195E-05 -3.681845E-07
  3.663185E+00  1.500000E+02     5  2.932547E-05  1.162168E-01  2.932541E-05  5.948273E-08
  3.663185E+00  1.500000E+02     6  2.236225E-11 -9.175785E+01 -6.859708E-13 -2.235173E-11
  3.663185E+00  1.600000E+02     1  7.676269E-05  1.798297E+02 -7.676235E-05  2.282265E-07
  3.663185E+00  1.600000E+02     2  2.827150E-05  1.720248E+00  2.825875E-05  8.486954E-07
  3.663185E+00  1.600000E+02     3  1.028024E-04  8.986522E+01  2.418214E-07  1.028021E-04
  3.663185E+00  1.600000E+02     4  1.146698E-05 -1.821216E+00  1.146119E-05 -3.644304E-07
  3.663185E+00  1.600000E+02     5  3.186783E-05  9.953556E-02  3.186779E-05  5.536151E-08
  3.663185E+00  1.600000E+02     6  2.233049E-11 -9.214421E+01 -8.354911E-13 -2.231485E-11
  3.663185E+00  1.700000E+02     1  8.034625E-05  1.798409E+02 -8.034594E-05  2.231359E-07
  3.663185E+00  1.700000E+02     2  1.459794E-05  3.360935E+00  1.457284E-05  8.558154E-07
  3.663185E+00  1.700000E+02     3  1.027975E-04  8.985911E+01  2.527743E-07  1.027972E-04
  3.663185E+00  1.700000E+02     4  5.734056E-06 -3.603841E+00  5.722717E-06 -3.604280E-07
  3.663185E+00  1.700000E+02     5  3.344148E-05  8.851112E-02  3.344144E-05  5.166073E-08
  3.663185E+00  1.700000E+02     6  2.222318E-11 -9.247896E+01 -9.612089E-13 -2.220239E-11
  3.663185E+00  1.800000E+02     1  8.148952E-05  1.798475E+02 -8.148923E-05  2.169138E-07
  3.663185E+00  1.800000E+02     2  9.702537E-07  6.280560E+01  4.434166E-07  8.630028E-07
  3.663185E+00  1.800000E+02     3  1.027916E-04  8.985301E+01  2.637070E-07  1.027912E-04
  3.663185E+00  1.800000E+02     4  4.033975E-07 -1.179770E+02 -1.892405E-07 -3.562549E-07
  3.663185E+00  1.800000E+02     5  3.399840E-05  8.209532E-02  3.399837E-05  4.871404E-08
  3.663185E+00  1.800000E+02     6  2.206682E-11 -9.275168E+01 -1.059370E-12 -2.204137E-11
  3.663185E+00  1.900000E+02     1  8.015770E-05  1.798496E+02 -8.015742E-05  2.103577E-07
  3.663185E+00  1.900000E+02     2  1.372751E-05  1.763667E+02 -1.369991E-05  8.699225E-07
  3.663185E+00  1.900000E+02     3  1.027853E-04  8.984708E+01  2.743286E-07  1.027850E-04
  3.663185E+00  1.900000E+02     4  6.105470E-06 -1.766949E+02 -6.095315E-06 -3.519951E-07
  3.663185E+00  1.900000E+02     5  3.352166E-05  8.005054E-02  3.352163E-05  4.683463E-08
  3.663185E+00  1.900000E+02     6  2.190537E-11 -9.294910E+01 -1.127006E-12 -2.187636E-11
  3.663185E+00  2.000000E+02     1  7.639094E-05  1.798468E+02 -7.639067E-05  2.042093E-07
  3.663185E+00  2.000000E+02     2  2.744100E-05  1.781701E+02 -2.742701E-05  8.762667E-07
  3.663185E+00  2.000000E+02     3  1.027795E-04  8.984148E+01  2.843520E-07  1.027791E-04
  3.663185E+00  2.000000E+02     4  1.182148E-05 -1.783143E+02 -1.181636E-05 -3.477422E-07
  3.663185E+00  2.000000E+02     5  3.202590E-05  8.279424E-02  3.202587E-05  4.627844E-08
  3.663185E+00  2.000000E+02     6  2.178328E-11 -9.305787E+01 -1.162019E-12 -2.175226E-11
  3.663185E+00  2.100000E+02     1  7.030322E-05  1.798378E+02 -7.030294E-05  1.990670E-07
  3.663185E+00  2.100000E+02     2  4.033000E-05  1.787472E+02 -4.032036E-05  8.817800E-07
  3.663185E+00  2.100000E+02     3  1.027747E-04  8.983638E+01  2.934959E-07  1.027743E-04
  3.663185E+00  2.100000E+02     4  1.718226E-05 -1.788542E+02 -1.717882E-05 -3.436023E-07
  3.663185E+00  2.100000E+02     5  2.955686E-05  9.152124E-02  2.955682E-05  4.721253E-08
  3.663185E+00  2.100000E+02     6  2.172839E-11 -9.306887E+01 -1.163256E-12 -2.169723E-11
  3.663185E+00  2.200000E+02     1  6.207902E-05  1.798197E+02 -6.207872E-05  1.953185E-07
  3.663185E+00  2.200000E+02     2  5.199542E-05  1.790233E+02 -5.198786E-05  8.862784E-07
  3.663185E+00  2.200000E+02     3  1.027715E-04  8.983192E+01  3.014903E-07  1.027710E-04
  3.663185E+00  2.200000E+02     4  2.202254E-05 -1.791162E+02 -2.201992E-05 -3.396951E-07
  3.663185E+00  2.200000E+02     5  2.618989E-05  1.087122E-01  2.618984E-05  4.969228E-08
  3.663185E+00  2.200000E+02     6  2.174251E-11 -9.298062E+01 -1.130572E-12 -2.171310E-11
  3.663185E+00  2.300000E+02     1  5.196783E-05  1.797871E+02 -5.196747E-05  1.931023E-07
  3.663185E+00  2.300000E+02     2  6.208125E-05  1.791789E+02 -6.207487E-05  8.896602E-07
  3.663185E+00  2.300000E+02     3  1.027702E-04  8.982824E+01  3.080851E-07  1.027697E-04
  3.663185E+00  2.300000E+02     4  2.619473E-05 -1.792647E+02 -2.619257E-05 -3.361525E-07
  3.663185E+00  2.300000E+02     5  2.202761E-05  1.395491E-01  2.202755E-05  5.365023E-08
  3.663185E+00  2.300000E+02     6  2.180341E-11 -9.279940E+01 -1.064863E-12 -2.177740E-11
  3.663185E+00  2.400000E+02     1  4.027668E-05  1.797264E+02 -4.027622E-05  1.923016E-07
  3.663185E+00  2.400000E+02     2  7.028063E-05  1.792729E+02 -7.027497E-05  8.919050E-07
  3.663185E+00  2.400000E+02     3  1.027710E-04  8.982547E+01  3.130611E-07  1.027705E-04
  3.663185E+00  2.400000E+02     4  2.957172E-05 -1.793546E+02 -2.956985E-05 -3.331125E-07
  3.663185E+00  2.400000E+02     5  1.719670E-05  1.962353E-01  1.719660E-05  5.889777E-08
  3.663185E+00  2.400000E+02     6  2.187712E-11 -9.253618E+01 -9.680689E-13 -2.185569E-11
  3.663185E+00  2.500000E+02     1  2.736096E-05  1.795967E+02 -2.736028E-05  1.925710E-07
  3.663185E+00  2.500000E+02     2  7.634448E-05  1.793298E+02 -7.633926E-05  8.930621E-07
  3.663185E+00  2.500000E+02     3  1.027738E-04  8.982370E+01  3.162428E-07  1.027733E-04
  3.663185E+00  2.500000E+02     4  3.205058E-05 -1.794088E+02 -3.204887E-05 -3.307110E-07
  3.663185E+00  2.500000E+02     5  1.184399E-05  3.151167E-01  1.184381E-05  6.513952E-08
  3.663185E+00  2.500000E+02     6  2.193442E-11 -9.220291E+01 -8.431285E-13 -2.191820E-11
  3.663185E+00  2.600000E+02     1  1.361376E-05  1.791861E+02 -1.361239E-05  1.933913E-07
  3.663185E+00  2.600000E+02     2  8.008888E-05  1.793610E+02 -8.008390E-05  8.932310E-07
  3.663185E+00  2.600000E+02     3  1.027782E-04  8.982300E+01  3.175091E-07  1.027777E-04
  3.663185E+00  2.600000E+02     4  3.355563E-05 -1.794381E+02 -3.355401E-05 -3.290707E-07
  3.663185E+00  2.600000E+02     5  6.132076E-06  6.727440E-01  6.131654E-06  7.199872E-08
  3.663185E+00  2.600000E+02     6  2.196392E-11 -9.181040E+01 -6.938899E-13 -2.195296E-11
  3.663185E+00  2.700000E+02     1  5.825609E-07  1.946700E+01  5.492580E-07  1.941465E-07
  3.663185E+00  2.700000E+02     2  8.140041E-05  1.793718E+02 -8.139552E-05  8.925379E-07
  3.663185E+00  2.700000E+02     3  1.027838E-04  8.982340E+01  3.168017E-07  1.027833E-04
  3.663185E+00  2.700000E+02     4  3.404085E-05 -1.794474E+02 -3.403927E-05 -3.282891E-07
  3.663185E+00  2.700000E+02     5  2.464359E-07  1.870992E+01  2.334129E-07  7.905095E-08
  3.663185E+00  2.700000E+02     6  2.197553E-11 -9.136888E+01 -5.249768E-13 -2.196926E-11
  3.663185E+00  2.800000E+02     1  1.469513E-05  7.572494E-01  1.469385E-05  1.942125E-07
  3.663185E+00  2.800000E+02     2  8.023956E-05  1.793637E+02 -8.023461E-05  8.911140E-07
  3.663185E+00  2.800000E+02     3  1.027898E-04  8.982490E+01  3.141299E-07  1.027893E-04
  3.663185E+00  2.800000E+02     4  3.349135E-05 -1.794381E+02 -3.348974E-05 -3.284298E-07
  3.663185E+00  2.800000E+02     5  5.672696E-06  1.791327E+02 -5.672046E-06  8.586248E-08
  3.663185E+00  2.800000E+02     6  2.199294E-11 -9.089003E+01 -3.416231E-13 -2.199029E-11
  3.663185E+00  2.900000E+02     1  2.839186E-05  3.895803E-01  2.839120E-05  1.930478E-07
  3.663185E+00  2.900000E+02     2  7.664175E-05  1.793353E+02 -7.663660E-05  8.890789E-07
  3.663185E+00  2.900000E+02     3  1.027956E-04  8.982745E+01  3.095704E-07  1.027951E-04
  3.663185E+00  2.900000E+02     4  3.192380E-05 -1.794086E+02 -3.192210E-05 -3.295151E-07
  3.663185E+00  2.900000E+02     5  1.140597E-05  1.795377E+02 -1.140560E-05  9.202940E-08
  3.663185E+00  2.900000E+02     6  2.203906E-11 -9.038863E+01 -1.494862E-13 -2.203856E-11
  3.663185E+00  3.000000E+02     1  4.122537E-05  2.644473E-01  4.122493E-05  1.902740E-07
  3.663185E+00  3.000000E+02     2  7.071629E-05  1.792817E+02 -7.071073E-05  8.865303E-07
  3.663185E+00  3.000000E+02     3  1.028004E-04  8.983098E+01  3.032641E-07  1.028000E-04
  3.663185E+00  3.000000E+02     4  2.938600E-05 -1.793536E+02 -2.938413E-05 -3.315235E-07
  3.663185E+00  3.000000E+02     5  1.679351E-05  1.796683E+02 -1.679323E-05  9.721321E-08
  3.663185E+00  3.000000E+02     6  2.212149E-11 -8.988203E+01  4.554720E-14 -2.212144E-11
  3.663185E+00  3.100000E+02     1  5.280547E-05  2.015324E-01  5.280514E-05  1.857378E-07
  3.663185E+00  3.100000E+02     2  6.264303E-05  1.791919E+02 -6.263680E-05  8.835415E-07
  3.663185E+00  3.100000E+02     3  1.028037E-04  8.983536E+01  2.954089E-07  1.028033E-04
  3.663185E+00  3.100000E+02     4  2.595536E-05 -1.792618E+02 -2.595321E-05 -3.343910E-07
  3.663185E+00  3.100000E+02     5  2.167148E-05  1.797325E+02 -2.167124E-05  1.011692E-07
  3.663185E+00  3.100000E+02     6  2.222543E-11 -8.938759E+01  2.375518E-13 -2.222416E-11
  3.663185E+00  3.200000E+02     1  6.278056E-05  1.638587E-01  6.278030E-05  1.795442E-07
  3.663185E+00  3.200000E+02     2  5.266707E-05  1.790424E+02 -5.265971E-05  8.801625E-07
  3.663185E+00  3.200000E+02     3  1.028051E-04  8.984047E+01  2.862500E-07  1.028047E-04
  3.663185E+00  3.200000E+02     4  2.173651E-05 -1.791090E+02 -2.173388E-05 -3.380141E-07
  3.663185E+00  3.200000E+02     5  2.589149E-05  1.797704E+02 -2.589128E-05  1.037647E-07
  3.663185E+00  3.200000E+02     6  2.231776E-11 -8.891977E+01  4.207441E-13 -2.231379E-11
  3.663185E+00  3.300000E+02     1  7.084800E-05  1.391465E-01  7.084779E-05  1.720587E-07
  3.663185E+00  3.300000E+02     2  4.109155E-05  1.787779E+02 -4.108220E-05  8.764246E-07
  3.663185E+00  3.300000E+02     3  1.028044E-04  8.984614E+01  2.760699E-07  1.028040E-04
  3.663185E+00  3.300000E+02     4  1.685810E-05 -1.788367E+02 -1.685462E-05 -3.422560E-07
  3.663185E+00  3.300000E+02     5  2.932502E-05  1.797949E+02 -2.932483E-05  1.049847E-07
  3.663185E+00  3.300000E+02     6  2.236063E-11 -8.848895E+01  5.896456E-13 -2.235285E-11
  3.663185E+00  3.400000E+02     1  7.676317E-05  1.223159E-01  7.676299E-05  1.638751E-07
  3.663185E+00  3.400000E+02     2  2.826916E-05  1.782317E+02 -2.825570E-05  8.723469E-07
  3.663185E+00  3.400000E+02     3  1.028017E-04  8.985220E+01  2.651780E-07  1.028014E-04
  3.663185E+00  3.400000E+02     4  1.146910E-05 -1.782665E+02 -1.146385E-05 -3.469533E-07
  3.663185E+00  3.400000E+02     5  3.186739E-05  1.798113E+02 -3.186721E-05  1.049254E-07
  3.663185E+00  3.400000E+02     6  2.232856E-11 -8.810277E+01  7.392283E-13 -2.231632E-11
  3.663185E+00  3.500000E+02     1  8.034674E-05  1.110689E-01  8.034659E-05  1.557535E-07
  3.663185E+00  3.500000E+02     2  1.459561E-05  1.765908E+02 -1.456979E-05  8.679432E-07
  3.663185E+00  3.500000E+02     3  1.027975E-04  8.985848E+01  2.539015E-07  1.027972E-04
  3.663185E+00  3.500000E+02     4  5.736190E-06 -1.764826E+02 -5.725384E-06 -3.519243E-07
  3.663185E+00  3.500000E+02     5  3.344103E-05  1.798222E+02 -3.344087E-05  1.037751E-07
  3.663185E+00  3.500000E+02     6  2.222099E-11 -8.776897E+01  8.650404E-13 -2.220414E-11
  3.172412E+00  0.000000E+00     1  7.366673E-05  1.320407E-02  7.366673E-05  1.697683E-08
  3.172412E+00  0.000000E+00     2  7.872559E-07  1.248918E+02 -4.503325E-07  6.457340E-07
  3.172412E+00  0.000000E+00     3  1.062505E-04  8.960054E+01  7.407574E-07  1.062479E-04
  3.172412E+00  0.000000E+00     4  5.040363E-07 -5.419776E+01  2.948559E-07 -4.087941E-07
  3.172412E+00  0.000000E+00     5  4.809483E-05  1.797491E+02 -4.809437E-05  2.105871E-07
  3.172412E+00  0.000000E+00     6  1.587031E-11 -8.688428E+01  8.625956E-13 -1.584685E-11
  3.172412E+00  1.000000E+01     1  7.245274E-05  8.639688E-03  7.245274E-05  1.092522E-08
  3.172412E+00  1.000000E+01     2  1.235215E-05  2.907800E+00  1.233625E-05  6.266112E-07
  3.172412E+00  1.000000E+01     3  1.062398E-04  8.961029E+01  7.226128E-07  1.062374E-04
  3.172412E+00  1.000000E+01     4  8.659231E-06 -2.855455E+00  8.648479E-06 -4.313723E-07
  3.172412E+00  1.000000E+01     5  4.742665E-05  1.797526E+02 -4.742621E-05  2.047980E-07
  3.172412E+00  1.000000E+01     6  1.559557E-11 -8.657403E+01  9.319717E-13 -1.556770E-11
  3.172412E+00  2.000000E+01     1  6.903849E-05  8.465987E-03  6.903849E-05  1.020108E-08
  3.172412E+00  2.000000E+01     2  2.475561E-05  1.406443E+00  2.474815E-05  6.076166E-07
  3.172412E+00  2.000000E+01     3  1.062299E-04  8.961950E+01  7.054714E-07  1.062275E-04
  3.172412E+00  2.000000E+01     4  1.674570E-05 -1.550073E+00  1.673957E-05 -4.529810E-07
  3.172412E+00  2.000000E+01     5  4.531610E-05  1.797520E+02 -4.531568E-05  1.961793E-07
  3.172412E+00  2.000000E+01     6  1.540497E-11 -8.638957E+01  9.700859E-13 -1.537440E-11
  3.172412E+00  3.000000E+01     1  6.352685E-05  1.386743E-02  6.352685E-05  1.537555E-08
  3.172412E+00  3.000000E+01     2  3.641223E-05  9.272438E-01  3.640746E-05  5.892500E-07
  3.172412E+00  3.000000E+01     3  1.062219E-04  8.962787E+01  6.898975E-07  1.062196E-04
  3.172412E+00  3.000000E+01     4  2.432761E-05 -1.113906E+00  2.432301E-05 -4.729310E-07
  3.172412E+00  3.000000E+01     5  4.182806E-05  1.797462E+02 -4.182765E-05  1.852975E-07
  3.172412E+00  3.000000E+01     6  1.535133E-11 -8.635627E+01  9.756101E-13 -1.532030E-11
  3.172412E+00  4.000000E+01     1  5.608435E-05  2.718601E-02  5.608435E-05  2.661120E-08
  3.172412E+00  4.000000E+01     2  4.696281E-05  6.979252E-01  4.695932E-05  5.720442E-07
  3.172412E+00  4.000000E+01     3  1.062168E-04  8.963512E+01  6.764243E-07  1.062146E-04
  3.172412E+00  4.000000E+01     4  3.117265E-05 -9.017799E-01  3.116879E-05 -4.906070E-07
  3.172412E+00  4.000000E+01     5  3.706941E-05  1.797331E+02 -3.706901E-05  1.726663E-07
  3.172412E+00  4.000000E+01     6  1.543018E-11 -8.647697E+01  9.481796E-13 -1.540102E-11
  3.172412E+00  5.000000E+01     1  4.693637E-05  5.324474E-02  4.693635E-05  4.361777E-08
  3.172412E+00  5.000000E+01     2  5.608566E-05  5.685761E-01  5.608289E-05  5.565582E-07
  3.172412E+00  5.000000E+01     3  1.062153E-04  8.964099E+01  6.655330E-07  1.062132E-04
  3.172412E+00  5.000000E+01     4  3.707236E-05 -7.812649E-01  3.706892E-05 -5.054899E-07
  3.172412E+00  5.000000E+01     5  3.118558E-05  1.797084E+02 -3.118518E-05  1.587070E-07
  3.172412E+00  5.000000E+01     6  1.558540E-11 -8.673203E+01  8.884598E-13 -1.556005E-11
  3.172412E+00  6.000000E+01     1  3.636047E-05  1.034556E-01  3.636041E-05  6.565392E-08
  3.172412E+00  6.000000E+01     2  6.350346E-05  4.902490E-01  6.350113E-05  5.433582E-07
  3.172412E+00  6.000000E+01     3  1.062176E-04  8.964526E+01  6.576267E-07  1.062156E-04
  3.172412E+00  6.000000E+01     4  4.184692E-05 -7.081171E-01  4.184372E-05 -5.171718E-07
  3.172412E+00  6.000000E+01     5  2.435585E-05  1.796619E+02 -2.435543E-05  1.437296E-07
  3.172412E+00  6.000000E+01     6  1.573776E-11 -8.709288E+01  7.981733E-13 -1.571751E-11
  3.172412E+00  7.000000E+01     1  2.467815E-05  2.126140E-01  2.467798E-05  9.157579E-08
  3.172412E+00  7.000000E+01     2  6.899124E-05  4.426380E-01  6.898918E-05  5.329858E-07
  3.172412E+00  7.000000E+01     3  1.062236E-04  8.964778E+01  6.530009E-07  1.062215E-04
  3.172412E+00  7.000000E+01     4  4.535047E-05 -6.637582E-01  4.534742E-05 -5.253628E-07
  3.172412E+00  7.000000E+01     5  1.678784E-05  1.795634E+02 -1.678736E-05  1.279351E-07
  3.172412E+00  7.000000E+01     6  1.582273E-11 -8.753663E+01  6.800726E-13 -1.580811E-11
  3.172412E+00  8.000000E+01     1  1.224514E-05  5.611587E-01  1.224456E-05  1.199279E-07
  3.172412E+00  8.000000E+01     2  7.238296E-05  4.163031E-01  7.238105E-05  5.259198E-07
  3.172412E+00  8.000000E+01     3  1.062325E-04  8.964845E+01  6.518161E-07  1.062305E-04
  3.172412E+00  8.000000E+01     4  4.747572E-05 -6.395076E-01  4.747276E-05 -5.298899E-07
  3.172412E+00  8.000000E+01     5  8.711228E-06  1.792670E+02 -8.710515E-06  1.114398E-07
  3.172412E+00  8.000000E+01     6  1.581986E-11 -8.805166E+01  5.378501E-13 -1.581072E-11
  3.172412E+00  9.000000E+01     1  5.806557E-07  1.651244E+02 -5.611953E-07  1.490669E-07
  3.172412E+00  9.000000E+01     2  7.357630E-05  4.069152E-01  7.357444E-05  5.225353E-07
  3.172412E+00  9.000000E+01     3  1.062433E-04  8.964726E+01  6.540798E-07  1.062413E-04
  3.172412E+00  9.000000E+01     4  4.815737E-05 -6.314092E-01  4.815444E-05 -5.306916E-07
  3.172412E+00  9.000000E+01     5  3.814007E-07  1.656830E+02 -3.695553E-07  9.431515E-08
  3.172412E+00  9.000000E+01     6  1.576015E-11 -8.863295E+01  3.759947E-13 -1.575567E-11
  3.172412E+00  1.000000E+02     1  1.335041E-05  1.792390E+02 -1.334923E-05  1.773064E-07
  3.172412E+00  1.000000E+02     2  7.253559E-05  4.131768E-01  7.253370E-05  5.230711E-07
  3.172412E+00  1.000000E+02     3  1.062549E-04  8.964430E+01  6.596424E-07  1.062528E-04
  3.172412E+00  1.000000E+02     4  4.737428E-05 -6.383618E-01  4.737134E-05 -5.278104E-07
  3.172412E+00  1.000000E+02     5  7.983372E-06  5.500364E-01  7.983004E-06  7.663877E-08
  3.172412E+00  1.000000E+02     6  1.570801E-11 -8.927189E+01  1.996102E-13 -1.570674E-11
  3.172412E+00  1.100000E+02     1  2.573101E-05  1.795478E+02 -2.573021E-05  2.030653E-07
  3.172412E+00  1.100000E+02     2  6.929270E-05  4.362651E-01  6.929069E-05  5.276077E-07
  3.172412E+00  1.100000E+02     3  1.062657E-04  8.963971E+01  6.682115E-07  1.062636E-04
  3.172412E+00  1.100000E+02     4  4.515023E-05 -6.616532E-01  4.514722E-05 -5.213845E-07
  3.172412E+00  1.100000E+02     5  1.609431E-05  2.084306E-01  1.609420E-05  5.854775E-08
  3.172412E+00  1.100000E+02     6  1.572671E-11 -8.994821E+01  1.421476E-14 -1.572671E-11
  3.172412E+00  1.200000E+02     1  3.732822E-05  1.796546E+02 -3.732754E-05  2.250057E-07
  3.172412E+00  1.200000E+02     2  6.394604E-05  4.803160E-01  6.394379E-05  5.360595E-07
  3.172412E+00  1.200000E+02     3  1.062744E-04  8.963372E+01  6.793825E-07  1.062722E-04
  3.172412E+00  1.200000E+02     4  4.155320E-05 -7.054963E-01  4.155005E-05 -5.116413E-07
  3.172412E+00  1.200000E+02     5  2.371812E-05  9.731706E-02  2.371809E-05  4.028529E-08
  3.172412E+00  1.200000E+02     6  1.584409E-11 -9.063090E+01 -1.744614E-13 -1.584313E-11
  3.172412E+00  1.300000E+02     1  4.778955E-05  1.797097E+02 -4.778893E-05  2.421432E-07
  3.172412E+00  1.300000E+02     2  5.665757E-05  5.543607E-01  5.665492E-05  5.481772E-07
  3.172412E+00  1.300000E+02     3  1.062797E-04  8.962657E+01  6.926808E-07  1.062775E-04
  3.172412E+00  1.300000E+02     4  3.669321E-05 -7.790299E-01  3.668982E-05 -4.988889E-07
  3.172412E+00  1.300000E+02     5  3.062309E-05  4.159745E-02  3.062308E-05  2.223274E-08
  3.172412E+00  1.300000E+02     6  1.603505E-11 -9.128884E+01 -3.606692E-13 -1.603099E-11
  3.172412E+00  1.400000E+02     1  5.679766E-05  1.797439E+02 -5.679709E-05  2.539172E-07
  3.172412E+00  1.400000E+02     2  4.764812E-05  6.776833E-01  4.764478E-05  5.635595E-07
  3.172412E+00  1.400000E+02     3  1.062810E-04  8.961853E+01  7.076057E-07  1.062786E-04
  3.172412E+00  1.400000E+02     4  3.071882E-05 -9.018584E-01  3.071501E-05 -4.835065E-07
  3.172412E+00  1.400000E+02     5  3.659896E-05  7.702920E-03  3.659896E-05  4.920412E-09
  3.172412E+00  1.400000E+02     6  1.622977E-11 -9.190253E+01 -5.388173E-13 -1.622082E-11
  3.172412E+00  1.500000E+02     1  6.407971E-05  1.797673E+02 -6.407919E-05  2.602140E-07
  3.172412E+00  1.500000E+02     2  3.719091E-05  8.961452E-01  3.718636E-05  5.816675E-07
  3.172412E+00  1.500000E+02     3  1.062779E-04  8.960986E+01  7.236678E-07  1.062755E-04
  3.172412E+00  1.500000E+02     4  2.381246E-05 -1.121163E+00  2.380790E-05 -4.659321E-07
  3.172412E+00  1.500000E+02     5  4.146338E-05 -1.518160E-02  4.146338E-05 -1.098651E-08
  3.172412E+00  1.500000E+02     6  1.634411E-11 -9.246739E+01 -7.036256E-13 -1.632896E-11
  3.172412E+00  1.600000E+02     1  6.941539E-05  1.797843E+02 -6.941490E-05  2.613390E-07
  3.172412E+00  1.600000E+02     2  2.560389E-05  1.346917E+00  2.559681E-05  6.018440E-07
  3.172412E+00  1.600000E+02     3  1.062709E-04  8.960081E+01  7.404115E-07  1.062683E-04
  3.172412E+00  1.600000E+02     4  1.618495E-05 -1.581364E+00  1.617879E-05 -4.466482E-07
  3.172412E+00  1.600000E+02     5  4.506763E-05 -3.143583E-02  4.506762E-05 -2.472674E-08
  3.172412E+00  1.600000E+02     6  1.631822E-11 -9.298673E+01 -8.502557E-13 -1.629605E-11
  3.172412E+00  1.700000E+02     1  7.264334E-05  1.797966E+02 -7.264288E-05  2.579457E-07
  3.172412E+00  1.700000E+02     2  1.324272E-05  2.697921E+00  1.322804E-05  6.233376E-07
  3.172412E+00  1.700000E+02     3  1.062607E-04  8.959160E+01  7.574206E-07  1.062580E-04
  3.172412E+00  1.700000E+02     4  8.070761E-06 -3.026849E+00  8.059502E-06 -4.261678E-07
  3.172412E+00  1.700000E+02     5  4.730138E-05 -4.300401E-02  4.730137E-05 -3.550260E-08
  3.172412E+00  1.700000E+02     6  1.614529E-11 -9.346007E+01 -9.744162E-13 -1.611586E-11
  3.172412E+00  1.800000E+02     1  7.366588E-05  1.798048E+02 -7.366545E-05  2.509286E-07
  3.172412E+00  1.800000E+02     2  7.902147E-07  5.475163E+01  4.560503E-07  6.453351E-07
  3.172412E+00  1.800000E+02     3  1.062484E-04  8.958244E+01  7.743097E-07  1.062456E-04
  3.172412E+00  1.800000E+02     4  5.062125E-07 -1.268597E+02 -3.036553E-07 -4.050241E-07
  3.172412E+00  1.800000E+02     5  4.809627E-05 -5.069263E-02  4.809625E-05 -4.255332E-08
  3.172412E+00  1.800000E+02     6  1.587702E-11 -9.387312E+01 -1.072449E-12 -1.584076E-11
  3.172412E+00  1.900000E+02     1  7.245184E-05  1.798092E+02 -7.245144E-05  2.412974E-07
  3.172412E+00  1.900000E+02     2  1.234858E-05  1.769037E+02 -1.233055E-05  6.670028E-07
  3.172412E+00  1.900000E+02     3  1.062356E-04  8.957355E+01  7.907061E-07  1.062327E-04
  3.172412E+00  1.900000E+02     4  8.665779E-06 -1.774618E+02 -8.657277E-06 -3.837646E-07
  3.172412E+00  1.900000E+02     5  4.742807E-05 -5.464422E-02  4.742805E-05 -4.523317E-08
  3.172412E+00  1.900000E+02     6  1.560288E-11 -9.419514E+01 -1.141408E-12 -1.556108E-11
  3.172412E+00  2.000000E+02     1  6.903755E-05  1.798091E+02 -6.903716E-05  2.300491E-07
  3.172412E+00  2.000000E+02     2  2.475201E-05  1.784083E+02 -2.474246E-05  6.875361E-07
  3.172412E+00  2.000000E+02     3  1.062237E-04  8.956512E+01  8.062340E-07  1.062206E-04
  3.172412E+00  2.000000E+02     4  1.675230E-05 -1.787586E+02 -1.674837E-05 -3.629491E-07
  3.172412E+00  2.000000E+02     5  4.531751E-05 -5.447209E-02  4.531749E-05 -4.308414E-08
  3.172412E+00  2.000000E+02     6  1.541262E-11 -9.438768E+01 -1.179137E-12 -1.536745E-11
  3.172412E+00  2.100000E+02     1  6.352589E-05  1.798033E+02 -6.352551E-05  2.180525E-07
  3.172412E+00  2.100000E+02     2  3.640863E-05  1.788886E+02 -3.640178E-05  7.062107E-07
  3.172412E+00  2.100000E+02     3  1.062139E-04  8.955738E+01  8.205050E-07  1.062107E-04
  3.172412E+00  2.100000E+02     4  2.433422E-05 -1.791920E+02 -2.433180E-05 -3.431498E-07
  3.172412E+00  2.100000E+02     5  4.182946E-05 -4.916652E-02  4.182944E-05 -3.589459E-08
  3.172412E+00  2.100000E+02     6  1.535897E-11 -9.442254E+01 -1.184351E-12 -1.531324E-11
  3.172412E+00  2.200000E+02     1  5.608339E-05  1.797896E+02 -5.608301E-05  2.059610E-07
  3.172412E+00  2.200000E+02     2  4.695920E-05  1.791185E+02 -4.695365E-05  7.224269E-07
  3.172412E+00  2.200000E+02     3  1.062072E-04  8.955055E+01  8.331214E-07  1.062039E-04
  3.172412E+00  2.200000E+02     4  3.117927E-05 -1.794029E+02 -3.117758E-05 -3.249478E-07
  3.172412E+00  2.200000E+02     5  3.707081E-05 -3.668684E-02  3.707080E-05 -2.373666E-08
  3.172412E+00  2.200000E+02     6  1.543745E-11 -9.429717E+01 -1.156720E-12 -1.539405E-11
  3.172412E+00  2.300000E+02     1  4.693542E-05  1.797630E+02 -4.693502E-05  1.941615E-07
  3.172412E+00  2.300000E+02     2  5.608204E-05  1.792483E+02 -5.607721E-05  7.357386E-07
  3.172412E+00  2.300000E+02     3  1.062044E-04  8.954484E+01  8.436905E-07  1.062011E-04
  3.172412E+00  2.300000E+02     4  3.707898E-05 -1.795226E+02 -3.707770E-05 -3.089220E-07
  3.172412E+00  2.300000E+02     5  3.118698E-05 -1.282024E-02  3.118698E-05 -6.978257E-09
  3.172412E+00  2.300000E+02     6  1.559203E-11 -9.403421E+01 -1.096932E-12 -1.555340E-11
  3.172412E+00  2.400000E+02     1  3.635956E-05  1.797120E+02 -3.635910E-05  1.827640E-07
  3.172412E+00  2.400000E+02     2  6.349983E-05  1.793270E+02 -6.349545E-05  7.458621E-07
  3.172412E+00  2.400000E+02     3  1.062057E-04  8.954044E+01  8.518473E-07  1.062023E-04
  3.172412E+00  2.400000E+02     4  4.185354E-05 -1.795953E+02 -4.185249E-05 -2.956290E-07
  3.172412E+00  2.400000E+02     5  2.435726E-05  3.230042E-02  2.435726E-05  1.373137E-08
  3.172412E+00  2.400000E+02     6  1.574358E-11 -9.366626E+01 -1.006717E-12 -1.571136E-11
  3.172412E+00  2.500000E+02     1  2.467729E-05  1.796015E+02 -2.467670E-05  1.716307E-07
  3.172412E+00  2.500000E+02     2  6.898759E-05  1.793749E+02 -6.898348E-05  7.526635E-07
  3.172412E+00  2.500000E+02     3  1.062111E-04  8.953753E+01  8.572798E-07  1.062076E-04
  3.172412E+00  2.500000E+02     4  4.535709E-05 -1.796393E+02 -4.535619E-05 -2.855728E-07
  3.172412E+00  2.500000E+02     5  1.678926E-05  1.279763E-01  1.678922E-05  3.750060E-08
  3.172412E+00  2.500000E+02     6  1.582762E-11 -9.321922E+01 -8.888222E-13 -1.580265E-11
  3.172412E+00  2.600000E+02     1  1.224436E-05  1.792492E+02 -1.224331E-05  1.604394E-07
  3.172412E+00  2.600000E+02     2  7.237928E-05  1.794014E+02 -7.237533E-05  7.561314E-07
  3.172412E+00  2.600000E+02     3  1.062197E-04  8.953624E+01  8.597515E-07  1.062163E-04
  3.172412E+00  2.600000E+02     4  4.748235E-05 -1.796631E+02 -4.748153E-05 -2.791713E-07
  3.172412E+00  2.600000E+02     5  8.712646E-06  4.159767E-01  8.712416E-06  6.325468E-08
  3.172412E+00  2.600000E+02     6  1.582375E-11 -9.270549E+01 -7.469166E-13 -1.580612E-11
  3.172412E+00  2.700000E+02     1  5.817579E-07  1.481664E+01  5.624140E-07  1.487709E-07
  3.172412E+00  2.700000E+02     2  7.357260E-05  1.794110E+02 -7.356871E-05  7.563438E-07
  3.172412E+00  2.700000E+02     3  1.062308E-04  8.953663E+01  8.591191E-07  1.062273E-04
  3.172412E+00  2.700000E+02     4  4.816400E-05 -1.796708E+02 -4.816321E-05 -2.767224E-07
  3.172412E+00  2.700000E+02     5  3.821978E-07  1.359054E+01  3.714962E-07  8.980944E-08
  3.172412E+00  2.700000E+02     6  1.576294E-11 -9.212852E+01 -5.854537E-13 -1.575207E-11
  3.172412E+00  2.800000E+02     1  1.335112E-05  5.845498E-01  1.335042E-05  1.362100E-07
  3.172412E+00  2.800000E+02     2  7.253187E-05  1.794048E+02 -7.252796E-05  7.534372E-07
  3.172412E+00  2.800000E+02     3  1.062430E-04  8.953872E+01  8.553438E-07  1.062395E-04
  3.172412E+00  2.800000E+02     4  4.738093E-05 -1.796634E+02 -4.738011E-05 -2.783786E-07
  3.172412E+00  2.800000E+02     5  7.981869E-06  1.791676E+02 -7.981027E-06  1.159527E-07
  3.172412E+00  2.800000E+02     6  1.570959E-11 -9.149366E+01 -4.094911E-13 -1.570425E-11
  3.172412E+00  2.900000E+02     1  2.573167E-05  2.726502E-01  2.573138E-05  1.224474E-07
  3.172412E+00  2.900000E+02     2  6.928897E-05  1.793818E+02 -6.928494E-05  7.475867E-07
  3.172412E+00  2.900000E+02     3  1.062547E-04  8.954246E+01  8.484955E-07  1.062513E-04
  3.172412E+00  2.900000E+02     4  4.515689E-05 -1.796395E+02 -4.515599E-05 -2.841331E-07
  3.172412E+00  2.900000E+02     5  1.609281E-05  1.794997E+02 -1.609219E-05  1.405267E-07
  3.172412E+00  2.900000E+02     6  1.572701E-11 -9.081790E+01 -2.244954E-13 -1.572541E-11
  3.172412E+00  3.000000E+02     1  3.732885E-05  1.648013E-01  3.732870E-05  1.073698E-07
  3.172412E+00  3.000000E+02     2  6.394230E-05  1.793378E+02 -6.393802E-05  7.389977E-07
  3.172412E+00  3.000000E+02     3  1.062647E-04  8.954776E+01  8.387527E-07  1.062614E-04
  3.172412E+00  3.000000E+02     4  4.155987E-05 -1.795949E+02 -4.155883E-05 -2.938185E-07
  3.172412E+00  3.000000E+02     5  2.371662E-05  1.796074E+02 -2.371607E-05  1.625037E-07
  3.172412E+00  3.000000E+02     6  1.584310E-11 -9.013072E+01 -3.614593E-14 -1.584306E-11
  3.172412E+00  3.100000E+02     1  4.779018E-05  1.092520E-01  4.779009E-05  9.112664E-08
  3.172412E+00  3.100000E+02     2  5.665383E-05  1.792638E+02 -5.664915E-05  7.279060E-07
  3.172412E+00  3.100000E+02     3  1.062716E-04  8.955445E+01  8.263960E-07  1.062684E-04
  3.172412E+00  3.100000E+02     4  3.669988E-05 -1.795205E+02 -3.669860E-05 -3.071174E-07
  3.172412E+00  3.100000E+02     5  3.062159E-05  1.796612E+02 -3.062106E-05  1.810505E-07
  3.172412E+00  3.100000E+02     6  1.603286E-11 -8.946448E+01  1.498505E-13 -1.603216E-11
  3.172412E+00  3.200000E+02     1  5.679831E-05  7.481345E-02  5.679826E-05  7.416387E-08
  3.172412E+00  3.200000E+02     2  4.764437E-05  1.791406E+02 -4.763902E-05  7.145832E-07
  3.172412E+00  3.200000E+02     3  1.062747E-04  8.956233E+01  8.117977E-07  1.062716E-04
  3.172412E+00  3.200000E+02     4  3.072551E-05 -1.793966E+02 -3.072380E-05 -3.235811E-07
  3.172412E+00  3.200000E+02     5  3.659746E-05  1.796938E+02 -3.659694E-05  1.955735E-07
  3.172412E+00  3.200000E+02     6  1.622650E-11 -8.884200E+01  3.279297E-13 -1.622318E-11
  3.172412E+00  3.300000E+02     1  6.408040E-05  5.116006E-02  6.408038E-05  5.721811E-08
  3.172412E+00  3.300000E+02     2  3.718717E-05  1.789224E+02 -3.718060E-05  6.993395E-07
  3.172412E+00  3.300000E+02     3  1.062736E-04  8.957116E+01  7.954071E-07  1.062706E-04
  3.172412E+00  3.300000E+02     4  2.381916E-05 -1.791757E+02 -2.381670E-05 -3.426520E-07
  3.172412E+00  3.300000E+02     5  4.146190E-05  1.797157E+02 -4.146139E-05  2.057423E-07
  3.172412E+00  3.300000E+02     6  1.633988E-11 -8.827166E+01  4.928202E-13 -1.633245E-11
  3.172412E+00  3.400000E+02     1  6.941613E-05  3.406418E-02  6.941611E-05  4.127011E-08
  3.172412E+00  3.400000E+02     2  2.560016E-05  1.784723E+02 -2.559106E-05  6.825235E-07
  3.172412E+00  3.400000E+02     3  1.062686E-04  8.958067E+01  7.777330E-07  1.062658E-04
  3.172412E+00  3.400000E+02     4  1.619167E-05 -1.787130E+02 -1.618759E-05 -3.636869E-07
  3.172412E+00  3.400000E+02     5  4.506616E-05  1.797311E+02 -4.506567E-05  2.114888E-07
  3.172412E+00  3.400000E+02     6  1.631310E-11 -8.775273E+01  6.396720E-13 -1.630056E-11
  3.172412E+00  3.500000E+02     1  7.264414E-05  2.165858E-02  7.264413E-05  2.746047E-08
  3.172412E+00  3.500000E+02     2  1.323900E-05  1.771229E+02 -1.322231E-05  6.645177E-07
  3.172412E+00  3.500000E+02     3  1.062606E-04  8.959057E+01  7.593252E-07  1.062579E-04
  3.172412E+00  3.500000E+02     4  8.077528E-06 -1.772611E+02 -8.068301E-06 -3.859814E-07
  3.172412E+00  3.500000E+02     5  4.729993E-05  1.797420E+02 -4.729945E-05  2.129828E-07
  3.172412E+00  3.500000E+02     6  1.613934E-11 -8.728615E+01  7.641639E-13 -1.612124E-11
  2.837491E+00  0.000000E+00     1  6.523256E-05 -1.672931E-01  6.523228E-05 -1.904667E-07
  2.837491E+00  0.000000E+00     2  7.161647E-07  1.320122E+02 -4.793207E-07  5.321123E-07
  2.837491E+00  0.000000E+00     3  1.121617E-04  8.893670E+01  2.081391E-06  1.121424E-04
  2.837491E+00  0.000000E+00     4  6.698142E-07 -4.724551E+01  4.547089E-07 -4.918240E-07
  2.837491E+00  0.000000E+00     5  6.534385E-05  1.795108E+02 -6.534147E-05  5.578543E-07
  2.837491E+00  0.000000E+00     6  1.229334E-11 -8.664404E+01  7.196395E-13 -1.227226E-11
  2.837491E+00  1.000000E+01     1  6.414172E-05 -1.748301E-01  6.414142E-05 -1.957192E-07
  2.837491E+00  1.000000E+01     2  1.085567E-05  2.543382E+00  1.084498E-05  4.817292E-07
  2.837491E+00  1.000000E+01     3  1.121435E-04  8.895168E+01  2.051741E-06  1.121247E-04
  2.837491E+00  1.000000E+01     4  1.181528E-05 -2.778084E+00  1.180139E-05 -5.726595E-07
  2.837491E+00  1.000000E+01     5  6.444751E-05  1.795155E+02 -6.444520E-05  5.449743E-07
  2.837491E+00  1.000000E+01     6  1.185246E-11 -8.616382E+01  7.929760E-13 -1.182591E-11
  2.837491E+00  2.000000E+01     1  6.110401E-05 -1.780025E-01  6.110372E-05 -1.898334E-07
  2.837491E+00  2.000000E+01     2  2.184418E-05  1.134106E+00  2.183990E-05  4.323530E-07
  2.837491E+00  2.000000E+01     3  1.121267E-04  8.896584E+01  2.023713E-06  1.121084E-04
  2.837491E+00  2.000000E+01     4  2.279930E-05 -1.634869E+00  2.279002E-05 -6.504632E-07
  2.837491E+00  2.000000E+01     5  6.158989E-05  1.795164E+02 -6.158769E-05  5.198587E-07
  2.837491E+00  2.000000E+01     6  1.156660E-11 -8.585586E+01  8.358694E-13 -1.153636E-11
  2.837491E+00  3.000000E+01     1  5.621030E-05 -1.756099E-01  5.621004E-05 -1.722827E-07
  2.837491E+00  3.000000E+01     2  3.217235E-05  6.863658E-01  3.217004E-05  3.853944E-07
  2.837491E+00  3.000000E+01     3  1.121134E-04  8.897871E+01  1.998303E-06  1.120955E-04
  2.837491E+00  3.000000E+01     4  3.309622E-05 -1.251485E+00  3.308832E-05 -7.228475E-07
  2.837491E+00  3.000000E+01     5  5.685951E-05  1.795124E+02 -5.685745E-05  4.838437E-07
  2.837491E+00  3.000000E+01     6  1.152678E-11 -8.578735E+01  8.467381E-13 -1.149563E-11
  2.837491E+00  4.000000E+01     1  4.960767E-05 -1.653619E-01  4.960747E-05 -1.431730E-07
  2.837491E+00  4.000000E+01     2  4.152201E-05  4.722637E-01  4.152060E-05  3.422436E-07
  2.837491E+00  4.000000E+01     3  1.121052E-04  8.898981E+01  1.976449E-06  1.120877E-04
  2.837491E+00  4.000000E+01     4  4.239165E-05 -1.064577E+00  4.238433E-05 -7.876072E-07
  2.837491E+00  4.000000E+01     5  5.040215E-05  1.795016E+02 -5.040024E-05  4.383982E-07
  2.837491E+00  4.000000E+01     6  1.171702E-11 -8.596276E+01  8.249347E-13 -1.168794E-11
  2.837491E+00  5.000000E+01     1  4.149542E-05 -1.426275E-01  4.149529E-05 -1.032953E-07
  2.837491E+00  5.000000E+01     2  4.960805E-05  3.513939E-01  4.960712E-05  3.042433E-07
  2.837491E+00  5.000000E+01     3  1.121031E-04  8.899871E+01  1.958995E-06  1.120860E-04
  2.837491E+00  5.000000E+01     4  5.040261E-05 -9.581000E-01  5.039556E-05 -8.427932E-07
  2.837491E+00  5.000000E+01     5  4.241587E-05  1.794799E+02 -4.241412E-05  3.850232E-07
  2.837491E+00  5.000000E+01     6  1.202599E-11 -8.632487E+01  7.708558E-13 -1.200126E-11
  2.837491E+00  6.000000E+01     1  3.211934E-05 -9.653754E-02  3.211929E-05 -5.411778E-08
  2.837491E+00  6.000000E+01     2  5.618495E-05  2.780420E-01  5.618429E-05  2.726503E-07
  2.837491E+00  6.000000E+01     3  1.121076E-04  8.900506E+01  1.946645E-06  1.120907E-04
  2.837491E+00  6.000000E+01     4  5.688459E-05 -8.932210E-01  5.687768E-05 -8.867748E-07
  2.837491E+00  6.000000E+01     5  3.314452E-05  1.794379E+02 -3.314292E-05  3.251810E-07
  2.837491E+00  6.000000E+01     6  1.230157E-11 -8.680320E+01  6.860061E-13 -1.228243E-11
  2.837491E+00  7.000000E+01     1  2.176444E-05  6.014682E-03  2.176444E-05  2.284744E-09
  2.837491E+00  7.000000E+01     2  6.105375E-05  2.332826E-01  6.105324E-05  2.485827E-07
  2.837491E+00  7.000000E+01     3  1.121183E-04  8.900860E+01  1.939905E-06  1.121015E-04
  2.837491E+00  7.000000E+01     4  6.163895E-05 -8.536147E-01  6.163211E-05 -9.182870E-07
  2.837491E+00  7.000000E+01     5  2.287001E-05  1.793480E+02 -2.286853E-05  2.602610E-07
  2.837491E+00  7.000000E+01     6  1.242276E-11 -8.735634E+01  5.729892E-13 -1.240954E-11
  2.837491E+00  8.000000E+01     1  1.074645E-05  3.378165E-01  1.074626E-05  6.336081E-08
  2.837491E+00  8.000000E+01     2  6.406775E-05  2.083358E-01  6.406733E-05  2.329591E-07
  2.837491E+00  8.000000E+01     3  1.121342E-04  8.900920E+01  1.939014E-06  1.121174E-04
  2.837491E+00  8.000000E+01     4  6.451938E-05 -8.316440E-01  6.451258E-05 -9.364611E-07
  2.837491E+00  8.000000E+01     5  1.190379E-05  1.790778E+02 -1.190225E-05  1.915855E-07
  2.837491E+00  8.000000E+01     6  1.235553E-11 -8.798045E+01  4.354145E-13 -1.234785E-11
  2.837491E+00  9.000000E+01     1  6.121779E-07  1.680975E+02 -5.990160E-07  1.262597E-07
  2.837491E+00  9.000000E+01     2  6.513667E-05  1.991828E-01  6.513628E-05  2.264404E-07
  2.837491E+00  9.000000E+01     3  1.121535E-04  8.900687E+01  1.943903E-06  1.121366E-04
  2.837491E+00  9.000000E+01     4  6.543673E-05 -8.238197E-01  6.542996E-05 -9.408408E-07
  2.837491E+00  9.000000E+01     5  5.880394E-07  1.681803E+02 -5.755712E-07  1.204497E-07
  2.837491E+00  9.000000E+01     6  1.216615E-11 -8.869192E+01  2.777333E-13 -1.216298E-11
  2.837491E+00  1.000000E+02     1  1.192653E-05  1.790966E+02 -1.192505E-05  1.880404E-07
  2.837491E+00  1.000000E+02     2  6.422897E-05  2.046234E-01  6.422856E-05  2.293838E-07
  2.837491E+00  1.000000E+02     3  1.121740E-04  8.900180E+01  1.954181E-06  1.121570E-04
  2.837491E+00  1.000000E+02     4  6.436219E-05 -8.291588E-01  6.435545E-05 -9.313882E-07
  2.837491E+00  1.000000E+02     5  1.076953E-05  2.563564E-01  1.076942E-05  4.818554E-08
  2.837491E+00  1.000000E+02     6  1.198621E-11 -8.949793E+01  1.050313E-13 -1.198574E-11
  2.837491E+00  1.100000E+02     1  2.288765E-05  1.793844E+02 -2.288633E-05  2.458908E-07
  2.837491E+00  1.100000E+02     2  6.137258E-05  2.257550E-01  6.137210E-05  2.418177E-07
  2.837491E+00  1.100000E+02     3  1.121931E-04  8.899431E+01  1.969172E-06  1.121758E-04
  2.837491E+00  1.100000E+02     4  6.132838E-05 -8.487738E-01  6.132165E-05 -9.084792E-07
  2.837491E+00  1.100000E+02     5  2.178991E-05 -6.249235E-02  2.178990E-05 -2.376620E-08
  2.837491E+00  1.100000E+02     6  1.194583E-11 -9.037024E+01 -7.719289E-14 -1.194558E-11
  2.837491E+00  1.200000E+02     1  3.315043E-05  1.794861E+02 -3.314909E-05  2.973336E-07
  2.837491E+00  1.200000E+02     2  5.665398E-05  2.664223E-01  5.665336E-05  2.634370E-07
  2.837491E+00  1.200000E+02     3  1.122082E-04  8.898483E+01  1.987998E-06  1.121906E-04
  2.837491E+00  1.200000E+02     4  5.642840E-05 -8.863419E-01  5.642164E-05 -8.728891E-07
  2.837491E+00  1.200000E+02     5  3.215233E-05 -1.671439E-01  3.215219E-05 -9.379499E-08
  2.837491E+00  1.200000E+02     6  1.210712E-11 -9.124587E+01 -2.632435E-13 -1.210425E-11
  2.837491E+00  1.300000E+02     1  4.240298E-05  1.795400E+02 -4.240161E-05  3.403967E-07
  2.837491E+00  1.300000E+02     2  5.021561E-05  3.350149E-01  5.021475E-05  2.936147E-07
  2.837491E+00  1.300000E+02     3  1.122172E-04  8.897384E+01  2.009695E-06  1.121992E-04
  2.837491E+00  1.300000E+02     4  4.981273E-05 -9.498566E-01  4.980588E-05 -8.257638E-07
  2.837491E+00  1.300000E+02     5  4.154188E-05 -2.208002E-01  4.154158E-05 -1.600892E-07
  2.837491E+00  1.300000E+02     6  1.242982E-11 -9.206288E+01 -4.474263E-13 -1.242176E-11
  2.837491E+00  1.400000E+02     1  5.036506E-05  1.795748E+02 -5.036367E-05  3.737271E-07
  2.837491E+00  1.400000E+02     2  4.225186E-05  4.494299E-01  4.225056E-05  3.314215E-07
  2.837491E+00  1.400000E+02     3  1.122187E-04  8.896178E+01  2.033325E-06  1.122002E-04
  2.837491E+00  1.400000E+02     4  4.168434E-05 -1.056479E+00  4.167725E-05 -7.685751E-07
  2.837491E+00  1.400000E+02     5  4.967232E-05 -2.545128E-01  4.967183E-05 -2.206480E-07
  2.837491E+00  1.400000E+02     6  1.278610E-11 -9.279833E+01 -6.242256E-13 -1.277085E-11
  2.837491E+00  1.500000E+02     1  5.679620E-05  1.795999E+02 -5.679481E-05  3.966384E-07
  2.837491E+00  1.500000E+02     2  3.300359E-05  6.521626E-01  3.300145E-05  3.756514E-07
  2.837491E+00  1.500000E+02     3  1.122122E-04  8.894908E+01  2.058073E-06  1.121933E-04
  2.837491E+00  1.500000E+02     4  3.229203E-05 -1.247538E+00  3.228437E-05 -7.030594E-07
  2.837491E+00  1.500000E+02     5  5.629485E-05 -2.782047E-01  5.629419E-05 -2.733436E-07
  2.837491E+00  1.500000E+02     6  1.301782E-11 -9.347238E+01 -7.884554E-13 -1.299393E-11
  2.837491E+00  1.600000E+02     1  6.150262E-05  1.796189E+02 -6.150126E-05  4.090876E-07
  2.837491E+00  1.600000E+02     2  2.275143E-05  1.069978E+00  2.274746E-05  4.248500E-07
  2.837491E+00  1.600000E+02     3  1.121985E-04  8.893608E+01  2.083292E-06  1.121791E-04
  2.837491E+00  1.600000E+02     4  2.192271E-05 -1.649756E+00  2.191363E-05 -6.311484E-07
  2.837491E+00  1.600000E+02     5  6.120618E-05 -2.958408E-01  6.120537E-05 -3.160303E-07
  2.837491E+00  1.600000E+02     6  1.300972E-11 -9.412303E+01 -9.353776E-13 -1.297605E-11
  2.837491E+00  1.700000E+02     1  6.434266E-05  1.796335E+02 -6.434134E-05  4.115892E-07
  2.837491E+00  1.700000E+02     2  1.180946E-05  2.316606E+00  1.179981E-05  4.773548E-07
  2.837491E+00  1.700000E+02     3  1.121791E-04  8.892302E+01  2.108491E-06  1.121592E-04
  2.837491E+00  1.700000E+02     4  1.089430E-05 -2.919623E+00  1.088016E-05 -5.549007E-07
  2.837491E+00  1.700000E+02     5  6.425523E-05 -3.091418E-01  6.425430E-05 -3.466901E-07
  2.837491E+00  1.700000E+02     6  1.274413E-11 -9.477467E+01 -1.060788E-12 -1.269991E-11
  2.837491E+00  1.800000E+02     1  6.523072E-05  1.796442E+02 -6.522946E-05  4.050817E-07
  2.837491E+00  1.800000E+02     2  7.238245E-07  4.723035E+01  4.915148E-07  5.313521E-07
  2.837491E+00  1.800000E+02     3  1.121562E-04  8.891013E+01  2.133286E-06  1.121359E-04
  2.837491E+00  1.800000E+02     4  6.775354E-07 -1.353155E+02 -4.817205E-07 -4.764447E-07
  2.837491E+00  1.800000E+02     5  6.534822E-05 -3.187931E-01  6.534721E-05 -3.635949E-07
  2.837491E+00  1.800000E+02     6  1.231186E-11 -9.541134E+01 -1.161074E-12 -1.225699E-11
  2.837491E+00  1.900000E+02     1  6.413971E-05  1.796509E+02 -6.413852E-05  3.907686E-07
  2.837491E+00  1.900000E+02     2  1.084861E-05  1.769091E+02 -1.083283E-05  5.849572E-07
  2.837491E+00  1.900000E+02     3  1.121324E-04  8.889761E+01  2.157325E-06  1.121116E-04
  2.837491E+00  1.900000E+02     4  1.183510E-05 -1.780731E+02 -1.182841E-05 -3.979392E-07
  2.837491E+00  1.900000E+02     5  6.445180E-05 -3.248905E-01  6.445077E-05 -3.654662E-07
  2.837491E+00  1.900000E+02     6  1.187351E-11 -9.596191E+01 -1.233269E-12 -1.180928E-11
  2.837491E+00  2.000000E+02     1  6.110187E-05  1.796531E+02 -6.110075E-05  3.699566E-07
  2.837491E+00  2.000000E+02     2  2.183705E-05  1.783302E+02 -2.182778E-05  6.363122E-07
  2.837491E+00  2.000000E+02     3  1.121103E-04  8.888569E+01  2.180222E-06  1.120891E-04
  2.837491E+00  2.000000E+02     4  2.281929E-05 -1.791926E+02 -2.281703E-05 -3.215513E-07
  2.837491E+00  2.000000E+02     5  6.159413E-05 -3.270742E-01  6.159312E-05 -3.516095E-07
  2.837491E+00  2.000000E+02     6  1.158924E-11 -9.631678E+01 -1.275111E-12 -1.151888E-11
  2.837491E+00  2.100000E+02     1  5.620809E-05  1.796494E+02 -5.620704E-05  3.439118E-07
  2.837491E+00  2.100000E+02     2  3.216521E-05  1.787821E+02 -3.215795E-05  6.836914E-07
  2.837491E+00  2.100000E+02     3  1.120921E-04  8.887463E+01  2.201513E-06  1.120705E-04
  2.837491E+00  2.100000E+02     4  3.311626E-05 -1.795684E+02 -3.311532E-05 -2.494405E-07
  2.837491E+00  2.100000E+02     5  5.686371E-05 -3.244578E-01  5.686280E-05 -3.220093E-07
  2.837491E+00  2.100000E+02     6  1.154956E-11 -9.638862E+01 -1.285137E-12 -1.147784E-11
  2.837491E+00  2.200000E+02     1  4.960546E-05  1.796376E+02 -4.960446E-05  3.137512E-07
  2.837491E+00  2.200000E+02     2  4.151484E-05  1.789985E+02 -4.150850E-05  7.255963E-07
  2.837491E+00  2.200000E+02     3  1.120796E-04  8.886471E+01  2.220663E-06  1.120576E-04
  2.837491E+00  2.200000E+02     4  4.241170E-05 -1.797518E+02 -4.241130E-05 -1.837349E-07
  2.837491E+00  2.200000E+02     5  5.040634E-05 -3.152828E-01  5.040558E-05 -2.773708E-07
  2.837491E+00  2.200000E+02     6  1.173848E-11 -9.617567E+01 -1.262793E-12 -1.167036E-11
  2.837491E+00  2.300000E+02     1  4.149327E-05  1.796128E+02 -4.149232E-05  2.803799E-07
  2.837491E+00  2.300000E+02     2  4.960085E-05  1.791211E+02 -4.959502E-05  7.608221E-07
  2.837491E+00  2.300000E+02     3  1.120741E-04  8.885626E+01  2.237087E-06  1.120518E-04
  2.837491E+00  2.300000E+02     4  5.042267E-05 -1.798563E+02 -5.042251E-05 -1.264884E-07
  2.837491E+00  2.300000E+02     5  4.242008E-05 -2.959442E-01  4.241952E-05 -2.191072E-07
  2.837491E+00  2.300000E+02     6  1.204520E-11 -9.575836E+01 -1.208533E-12 -1.198442E-11
  2.837491E+00  2.400000E+02     1  3.211731E-05  1.795639E+02 -3.211638E-05  2.444749E-07
  2.837491E+00  2.400000E+02     2  5.617770E-05  1.791958E+02 -5.617217E-05  7.884856E-07
  2.837491E+00  2.400000E+02     3  1.120759E-04  8.884957E+01  2.250199E-06  1.120533E-04
  2.837491E+00  2.400000E+02     4  5.690465E-05 -1.799198E+02 -5.690459E-05 -7.960913E-08
  2.837491E+00  2.400000E+02     5  3.314877E-05 -2.580149E-01  3.314843E-05 -1.492753E-07
  2.837491E+00  2.400000E+02     6  1.231820E-11 -9.523481E+01 -1.123884E-12 -1.226682E-11
  2.837491E+00  2.500000E+02     1  2.176259E-05  1.794563E+02 -2.176161E-05  2.065130E-07
  2.837491E+00  2.500000E+02     2  6.104643E-05  1.792416E+02 -6.104108E-05  8.080145E-07
  2.837491E+00  2.500000E+02     3  1.120850E-04  8.884492E+01  2.259465E-06  1.120622E-04
  2.837491E+00  2.500000E+02     4  6.165902E-05 -1.799584E+02 -6.165900E-05 -4.476591E-08
  2.837491E+00  2.500000E+02     5  2.287431E-05 -1.765065E-01  2.287420E-05 -7.046696E-08
  2.837491E+00  2.500000E+02     6  1.243685E-11 -9.466475E+01 -1.011431E-12 -1.239565E-11
  2.837491E+00  2.600000E+02     1  1.074482E-05  1.791103E+02 -1.074353E-05  1.668331E-07
  2.837491E+00  2.600000E+02     2  6.406037E-05  1.792674E+02 -6.405513E-05  8.191088E-07
  2.837491E+00  2.600000E+02     3  1.121003E-04  8.884254E+01  2.264435E-06  1.120774E-04
  2.837491E+00  2.600000E+02     4  6.453945E-05 -1.799793E+02 -6.453945E-05 -2.328312E-08
  2.837491E+00  2.600000E+02     5  1.190812E-05  6.894503E-02  1.190811E-05  1.432925E-08
  2.837491E+00  2.600000E+02     6  1.236707E-11 -9.405592E+01 -8.747241E-13 -1.233610E-11
  2.837491E+00  2.700000E+02     1  6.146491E-07  1.180250E+01  6.016544E-07  1.257196E-07
  2.837491E+00  2.700000E+02     2  6.512922E-05  1.792771E+02 -6.512404E-05  8.216909E-07
  2.837491E+00  2.700000E+02     3  1.121201E-04  8.884257E+01  2.264774E-06  1.120972E-04
  2.837491E+00  2.700000E+02     4  6.545682E-05 -1.799860E+02 -6.545682E-05 -1.604426E-08
  2.837491E+00  2.700000E+02     5  5.904827E-07  9.935821E+00  5.816264E-07  1.018848E-07
  2.837491E+00  2.700000E+02     6  1.217491E-11 -9.338147E+01 -7.181191E-13 -1.215372E-11
  2.837491E+00  2.800000E+02     1  1.192789E-05  4.010807E-01  1.192760E-05  8.349670E-08
  2.837491E+00  2.800000E+02     2  6.422146E-05  1.792721E+02 -6.421628E-05  8.158643E-07
  2.837491E+00  2.800000E+02     3  1.121422E-04  8.884510E+01  2.260280E-06  1.121194E-04
  2.837491E+00  2.800000E+02     4  6.438231E-05 -1.799792E+02 -6.438231E-05 -2.342183E-08
  2.837491E+00  2.800000E+02     5  1.076485E-05  1.789946E+02 -1.076319E-05  1.888952E-07
  2.837491E+00  2.800000E+02     6  1.199173E-11 -9.261241E+01 -5.465754E-13 -1.197927E-11
  2.837491E+00  2.900000E+02     1  2.288886E-05  1.016782E-01  2.288882E-05  4.061901E-08
  2.837491E+00  2.900000E+02     2  6.136503E-05  1.792513E+02 -6.135979E-05  8.018894E-07
  2.837491E+00  2.900000E+02     3  1.121638E-04  8.885011E+01  2.250901E-06  1.121412E-04
  2.837491E+00  2.900000E+02     4  6.134854E-05 -1.799577E+02 -6.134852E-05 -4.524588E-08
  2.837491E+00  2.900000E+02     5  2.178524E-05  1.792842E+02 -2.178354E-05  2.721421E-07
  2.837491E+00  2.900000E+02     6  1.194768E-11 -9.175280E+01 -3.654490E-13 -1.194209E-11
  2.837491E+00  3.000000E+02     1  3.315155E-05 -3.889824E-03  3.315155E-05 -2.250667E-09
  2.837491E+00  3.000000E+02     2  5.664640E-05  1.792109E+02 -5.664103E-05  7.801813E-07
  2.837491E+00  3.000000E+02     3  1.121824E-04  8.885753E+01  2.236754E-06  1.121601E-04
  2.837491E+00  3.000000E+02     4  5.644859E-05 -1.799180E+02 -5.644853E-05 -8.081458E-08
  2.837491E+00  3.000000E+02     5  3.214764E-05  1.793786E+02 -3.214575E-05  3.486460E-07
  2.837491E+00  3.000000E+02     6  1.210521E-11 -9.085340E+01 -1.802952E-13 -1.210387E-11
  2.837491E+00  3.100000E+02     1  4.240409E-05 -5.970659E-02  4.240407E-05 -4.418830E-08
  2.837491E+00  3.100000E+02     2  5.020803E-05  1.791426E+02 -5.020241E-05  7.513203E-07
  2.837491E+00  3.100000E+02     3  1.121956E-04  8.886717E+01  2.218143E-06  1.121737E-04
  2.837491E+00  3.100000E+02     4  4.983296E-05 -1.798517E+02 -4.983280E-05 -1.289408E-07
  2.837491E+00  3.100000E+02     5  4.153720E-05  1.794264E+02 -4.153512E-05  4.158034E-07
  2.837491E+00  3.100000E+02     6  1.242449E-11 -8.998474E+01  3.309365E-15 -1.242449E-11
  2.837491E+00  3.200000E+02     1  5.036623E-05 -9.554552E-02  5.036616E-05 -8.398987E-08
  2.837491E+00  3.200000E+02     2  4.224430E-05  1.790288E+02 -4.223823E-05  7.160645E-07
  2.837491E+00  3.200000E+02     3  1.122019E-04  8.887877E+01  2.195566E-06  1.121805E-04
  2.837491E+00  3.200000E+02     4  4.170461E-05 -1.797417E+02 -4.170419E-05 -1.880227E-07
  2.837491E+00  3.200000E+02     5  4.966767E-05  1.794561E+02 -4.966543E-05  4.714995E-07
  2.837491E+00  3.200000E+02     6  1.277788E-11 -8.919319E+01  1.799253E-13 -1.277661E-11
  2.837491E+00  3.300000E+02     1  5.679749E-05 -1.212488E-01  5.679736E-05 -1.201942E-07
  2.837491E+00  3.300000E+02     2  3.299605E-05  1.788272E+02 -3.298914E-05  6.753509E-07
  2.837491E+00  3.300000E+02     3  1.122008E-04  8.889196E+01  2.169707E-06  1.121798E-04
  2.837491E+00  3.300000E+02     4  3.231235E-05 -1.795458E+02 -3.231134E-05 -2.561244E-07
  2.837491E+00  3.300000E+02     5  5.629026E-05  1.794766E+02 -5.628791E-05  5.141888E-07
  2.837491E+00  3.300000E+02     6  1.300710E-11 -8.848280E+01  3.443889E-13 -1.300254E-11
  2.837491E+00  3.400000E+02     1  6.150407E-05 -1.408089E-01  6.150389E-05 -1.511510E-07
  2.837491E+00  3.400000E+02     2  2.274392E-05  1.784120E+02 -2.273518E-05  6.302814E-07
  2.837491E+00  3.400000E+02     3  1.121926E-04  8.890633E+01  2.141409E-06  1.121721E-04
  2.837491E+00  3.400000E+02     4  2.194311E-05 -1.791355E+02 -2.194061E-05 -3.310562E-07
  2.837491E+00  3.400000E+02     5  6.120166E-05  1.794917E+02 -6.119925E-05  5.429359E-07
  2.837491E+00  3.400000E+02     6  1.299656E-11 -8.783080E+01  4.919284E-13 -1.298725E-11
  2.837491E+00  3.500000E+02     1  6.434430E-05 -1.559461E-01  6.434406E-05 -1.751304E-07
  2.837491E+00  3.500000E+02     2  1.180194E-05  1.771729E+02 -1.178757E-05  5.820918E-07
  2.837491E+00  3.500000E+02     3  1.121789E-04  8.892141E+01  2.111629E-06  1.121590E-04
  2.837491E+00  3.500000E+02     4  1.091488E-05 -1.778449E+02 -1.090716E-05 -4.104491E-07
  2.837491E+00  3.500000E+02     5  6.425078E-05  1.795029E+02 -6.424837E-05  5.574129E-07
  2.837491E+00  3.500000E+02     6  1.272837E-11 -8.721588E+01  6.182555E-13 -1.271335E-11
  2.590263E+00  0.000000E+00     1  5.540456E-05 -5.460118E-01  5.540204E-05 -5.279810E-07
  2.590263E+00  0.000000E+00     2  7.217498E-07  1.382904E+02 -5.388057E-07  4.802199E-07
  2.590263E+00  0.000000E+00     3  1.220053E-04  8.740091E+01  5.532584E-06  1.218798E-04
  2.590263E+00  0.000000E+00     4  9.505971E-07 -4.189642E+01  7.075801E-07 -6.347954E-07
  2.590263E+00  0.000000E+00     5  8.777938E-05  1.789718E+02 -8.776525E-05  1.575169E-06
  2.590263E+00  0.000000E+00     6  1.008797E-11 -8.724300E+01  4.852339E-13 -1.007630E-11
  2.590263E+00  1.000000E+01     1  5.445119E-05 -5.580539E-01  5.444861E-05 -5.303396E-07
  2.590263E+00  1.000000E+01     2  9.089228E-06  2.353738E+00  9.081560E-06  3.732848E-07
  2.590263E+00  1.000000E+01     3  1.219765E-04  8.742362E+01  5.482978E-06  1.218532E-04
  2.590263E+00  1.000000E+01     4  1.596863E-05 -3.188043E+00  1.594392E-05 -8.880659E-07
  2.590263E+00  1.000000E+01     5  8.659772E-05  1.789769E+02 -8.658391E-05  1.546272E-06
  2.590263E+00  1.000000E+01     6  9.416698E-12 -8.657163E+01  5.631252E-13 -9.399846E-12
  2.590263E+00  2.000000E+01     1  5.184678E-05 -5.652400E-01  5.184425E-05 -5.114756E-07
  2.590263E+00  2.000000E+01     2  1.842806E-05  8.365029E-01  1.842610E-05  2.690352E-07
  2.590263E+00  2.000000E+01     3  1.219503E-04  8.744508E+01  5.436167E-06  1.218290E-04
  2.590263E+00  2.000000E+01     4  3.071752E-05 -2.112703E+00  3.069664E-05 -1.132409E-06
  2.590263E+00  2.000000E+01     5  8.277836E-05  1.789783E+02 -8.276520E-05  1.475988E-06
  2.590263E+00  2.000000E+01     6  9.002444E-12 -8.610963E+01  6.107944E-13 -8.981699E-12
  2.590263E+00  3.000000E+01     1  4.766814E-05 -5.661954E-01  4.766581E-05 -4.710477E-07
  2.590263E+00  3.000000E+01     2  2.720930E-05  3.591697E-01  2.720877E-05  1.705657E-07
  2.590263E+00  3.000000E+01     3  1.219298E-04  8.746450E+01  5.393969E-06  1.218105E-04
  2.590263E+00  3.000000E+01     4  4.454164E-05 -1.750341E+00  4.452085E-05 -1.360500E-06
  2.590263E+00  3.000000E+01     5  7.644083E-05  1.789749E+02 -7.642859E-05  1.367555E-06
  2.590263E+00  3.000000E+01     6  8.990317E-12 -8.600482E+01  6.263778E-13 -8.968470E-12
  2.590263E+00  4.000000E+01     1  4.203968E-05 -5.583722E-01  4.203768E-05 -4.096884E-07
  2.590263E+00  4.000000E+01     2  3.516136E-05  1.317021E-01  3.516126E-05  8.082309E-08
  2.590263E+00  4.000000E+01     3  1.219178E-04  8.748115E+01  5.358052E-06  1.218000E-04
  2.590263E+00  4.000000E+01     4  5.701989E-05 -1.573222E+00  5.699840E-05 -1.565450E-06
  2.590263E+00  4.000000E+01     5  6.778189E-05  1.789644E+02 -6.777082E-05  1.225088E-06
  2.590263E+00  4.000000E+01     6  9.346788E-12 -8.626464E+01  6.089253E-13 -9.326932E-12
  2.590263E+00  5.000000E+01     1  3.513022E-05 -5.367085E-01  3.512868E-05 -3.290716E-07
  2.590263E+00  5.000000E+01     2  4.204158E-05  3.463227E-03  4.204158E-05  2.541191E-09
  2.590263E+00  5.000000E+01     3  1.219157E-04  8.749435E+01  5.329906E-06  1.217991E-04
  2.590263E+00  5.000000E+01     4  6.777241E-05 -1.472043E+00  6.775004E-05 -1.741017E-06
  2.590263E+00  5.000000E+01     5  5.706852E-05  1.789424E+02 -5.705880E-05  1.053310E-06
  2.590263E+00  5.000000E+01     6  9.880177E-12 -8.675913E+01  5.585637E-13 -9.864375E-12
  2.590263E+00  6.000000E+01     1  2.714849E-05 -4.894230E-01  2.714750E-05 -2.319008E-07
  2.590263E+00  6.000000E+01     2  4.764144E-05 -7.435870E-02  4.764140E-05 -6.182924E-08
  2.590263E+00  6.000000E+01     3  1.219241E-04  8.750352E+01  5.310770E-06  1.218084E-04
  2.590263E+00  6.000000E+01     4  7.647026E-05 -1.410110E+00  7.644710E-05 -1.881824E-06
  2.590263E+00  6.000000E+01     5  4.462872E-05  1.788993E+02 -4.462049E-05  8.573155E-07
  2.590263E+00  6.000000E+01     6  1.033277E-11 -8.735624E+01  4.766088E-13 -1.032177E-11
  2.590263E+00  7.000000E+01     1  1.833713E-05 -3.806113E-01  1.833672E-05 -1.218112E-07
  2.590263E+00  7.000000E+01     2  5.179236E-05 -1.219099E-01  5.179225E-05 -1.102001E-07
  2.590263E+00  7.000000E+01     3  1.219425E-04  8.750825E+01  5.301513E-06  1.218272E-04
  2.590263E+00  7.000000E+01     4  8.284573E-05 -1.371940E+00  8.282198E-05 -1.983541E-06
  2.590263E+00  7.000000E+01     5  3.084096E-05  1.788065E+02 -3.083426E-05  6.423934E-07
  2.590263E+00  7.000000E+01     6  1.050219E-11 -8.800513E+01  3.655809E-13 -1.049582E-11
  2.590263E+00  8.000000E+01     1  8.965421E-06 -2.036376E-02  8.965421E-06 -3.186442E-09
  2.590263E+00  8.000000E+01     2  5.437032E-05 -1.485137E-01  5.437014E-05 -1.409306E-07
  2.590263E+00  8.000000E+01     3  1.219692E-04  8.750834E+01  5.302485E-06  1.218539E-04
  2.590263E+00  8.000000E+01     4  8.670125E-05 -1.350257E+00  8.667717E-05 -2.043050E-06
  2.590263E+00  8.000000E+01     5  1.612256E-05  1.785288E+02 -1.611725E-05  4.139334E-07
  2.590263E+00  8.000000E+01     6  1.033526E-11 -8.872979E+01  2.291070E-13 -1.033272E-11
  2.590263E+00  9.000000E+01     1  6.897192E-07  1.700564E+02 -6.793584E-07  1.190994E-07
  2.590263E+00  9.000000E+01     2  5.529903E-05 -1.584268E-01  5.529881E-05 -1.529054E-07
  2.590263E+00  9.000000E+01     3  1.220016E-04  8.750387E+01  5.313400E-06  1.218858E-04
  2.590263E+00  9.000000E+01     4  8.791638E-05 -1.341701E+00  8.789228E-05 -2.058558E-06
  2.590263E+00  9.000000E+01     5  9.301741E-07  1.690049E+02 -9.130994E-07  1.774072E-07
  2.590263E+00  9.000000E+01     6  9.950241E-12 -8.958695E+01  7.173187E-14 -9.949983E-12
  2.590263E+00  1.000000E+02     1  1.030471E-05  1.786655E+02 -1.030192E-05  2.399926E-07
  2.590263E+00  1.000000E+02     2  5.455171E-05 -1.529145E-01  5.455152E-05 -1.455908E-07
  2.590263E+00  1.000000E+02     3  1.220358E-04  8.749522E+01  5.333292E-06  1.219192E-04
  2.590263E+00  1.000000E+02     4  8.645229E-05 -1.345279E+00  8.642846E-05 -2.029675E-06
  2.590263E+00  1.000000E+02     5  1.432066E-05 -2.463948E-01  1.432052E-05 -6.158437E-08
  2.590263E+00  1.000000E+02     6  9.576920E-12 -9.060620E+01 -1.013229E-13 -9.576384E-12
  2.590263E+00  1.100000E+02     1  1.961083E-05  1.789640E+02 -1.960763E-05  3.545928E-07
  2.590263E+00  1.100000E+02     2  5.215155E-05 -1.308068E-01  5.215142E-05 -1.190624E-07
  2.590263E+00  1.100000E+02     3  1.220675E-04  8.748304E+01  5.360598E-06  1.219497E-04
  2.590263E+00  1.100000E+02     4  8.235344E-05 -1.361973E+00  8.233017E-05 -1.957433E-06
  2.590263E+00  1.100000E+02     5  2.912620E-05 -5.847232E-01  2.912469E-05 -2.972378E-07
  2.590263E+00  1.100000E+02     6  9.443085E-12 -9.172591E+01 -2.844090E-13 -9.438801E-12
  2.590263E+00  1.200000E+02     1  2.831619E-05  1.790723E+02 -2.831248E-05  4.584726E-07
  2.590263E+00  1.200000E+02     2  4.817083E-05 -8.802288E-02  4.817077E-05 -7.400429E-08
  2.590263E+00  1.200000E+02     3  1.220922E-04  8.746816E+01  5.393367E-06  1.219730E-04
  2.590263E+00  1.200000E+02     4  7.574622E-05 -1.395163E+00  7.572377E-05 -1.844253E-06
  2.590263E+00  1.200000E+02     5  4.305520E-05 -6.966559E-01  4.305202E-05 -5.234927E-07
  2.590263E+00  1.200000E+02     6  9.661126E-12 -9.279848E+01 -4.716874E-13 -9.649604E-12
  2.590263E+00  1.300000E+02     1  3.615623E-05  1.791317E+02 -3.615208E-05  5.479462E-07
  2.590263E+00  1.300000E+02     2  4.272888E-05 -1.567431E-02  4.272888E-05 -1.168927E-08
  2.590263E+00  1.300000E+02     3  1.221061E-04  8.745145E+01  5.429556E-06  1.219853E-04
  2.590263E+00  1.300000E+02     4  6.683475E-05 -1.452247E+00  6.681329E-05 -1.693845E-06
  2.590263E+00  1.300000E+02     5  5.568448E-05 -7.553041E-01  5.567965E-05 -7.340418E-07
  2.590263E+00  1.300000E+02     6  1.016944E-11 -9.370614E+01 -6.573451E-13 -1.014818E-11
  2.590263E+00  1.400000E+02     1  4.289414E-05  1.791715E+02 -4.288965E-05  6.202566E-07
  2.590263E+00  1.400000E+02     2  3.598896E-05  1.051537E-01  3.598890E-05  6.604971E-08
  2.590263E+00  1.400000E+02     3  1.221069E-04  8.743372E+01  5.467337E-06  1.219844E-04
  2.590263E+00  1.400000E+02     4  5.589377E-05 -1.549132E+00  5.587334E-05 -1.511041E-06
  2.590263E+00  1.400000E+02     5  6.662834E-05 -7.932603E-01  6.662195E-05 -9.224402E-07
  2.590263E+00  1.400000E+02     6  1.075710E-11 -9.445618E+01 -8.357896E-13 -1.072458E-11
  2.590263E+00  1.500000E+02     1  4.832753E-05  1.792013E+02 -4.832284E-05  6.736616E-07
  2.590263E+00  1.500000E+02     2  2.815389E-05  3.192082E-01  2.815345E-05  1.568511E-07
  2.590263E+00  1.500000E+02     3  1.220938E-04  8.741560E+01  5.505319E-06  1.219696E-04
  2.590263E+00  1.500000E+02     4  4.325935E-05 -1.724145E+00  4.323976E-05 -1.301564E-06
  2.590263E+00  1.500000E+02     5  7.555062E-05 -8.208358E-01  7.554287E-05 -1.082323E-06
  2.590263E+00  1.500000E+02     6  1.115991E-11 -9.515032E+01 -1.001815E-12 -1.111485E-11
  2.590263E+00  1.600000E+02     1  5.229396E-05  1.792249E+02 -5.228917E-05  7.074183E-07
  2.590263E+00  1.600000E+02     2  1.946080E-05  7.592195E-01  1.945909E-05  2.578652E-07
  2.590263E+00  1.600000E+02     3  1.220681E-04  8.739752E+01  5.542649E-06  1.219422E-04
  2.590263E+00  1.600000E+02     4  2.931804E-05 -2.095038E+00  2.929845E-05 -1.071785E-06
  2.590263E+00  1.600000E+02     5  8.217592E-05 -8.420913E-01  8.216704E-05 -1.207718E-06
  2.590263E+00  1.600000E+02     6  1.118297E-11 -9.590616E+01 -1.150722E-12 -1.112361E-11
  2.590263E+00  1.700000E+02     1  5.467511E-05  1.792437E+02 -5.467035E-05  7.216765E-07
  2.590263E+00  1.700000E+02     2  1.017611E-05  2.060150E+00  1.016953E-05  3.658174E-07
  2.590263E+00  1.700000E+02     3  1.220328E-04  8.737971E+01  5.578945E-06  1.219052E-04
  2.590263E+00  1.700000E+02     4  1.449673E-05 -3.276156E+00  1.447304E-05 -8.284671E-07
  2.590263E+00  1.700000E+02     5  8.629911E-05 -8.587586E-01  8.628942E-05 -1.293417E-06
  2.590263E+00  1.700000E+02     6  1.079290E-11 -9.680249E+01 -1.278389E-12 -1.071693E-11
  2.590263E+00  1.800000E+02     1  5.539984E-05  1.792581E+02 -5.539520E-05  7.173083E-07
  2.590263E+00  1.800000E+02     2  7.416288E-07  4.004053E+01  5.677833E-07  4.771115E-07
  2.590263E+00  1.800000E+02     3  1.219918E-04  8.736229E+01  5.614116E-06  1.218626E-04
  2.590263E+00  1.800000E+02     4  9.775793E-07 -1.437119E+02 -7.879795E-07 -5.785755E-07
  2.590263E+00  1.800000E+02     5  8.779256E-05 -8.715222E-01  8.778241E-05 -1.335355E-06
  2.590263E+00  1.800000E+02     6  1.013622E-11 -9.783220E+01 -1.381287E-12 -1.004167E-11
  2.590263E+00  1.900000E+02     1  5.444602E-05  1.792679E+02 -5.444157E-05  6.957049E-07
  2.590263E+00  1.900000E+02     2  9.071753E-06  1.762838E+02 -9.052679E-06  5.879797E-07
  2.590263E+00  1.900000E+02     3  1.219497E-04  8.734538E+01  5.648130E-06  1.218188E-04
  2.590263E+00  1.900000E+02     4  1.602772E-05 -1.788233E+02 -1.602434E-05 -3.291319E-07
  2.590263E+00  1.900000E+02     5  8.661062E-05 -8.805002E-01  8.660039E-05 -1.330947E-06
  2.590263E+00  1.900000E+02     6  9.474571E-12 -9.884291E+01 -1.456487E-12 -9.361951E-12
  2.590263E+00  2.000000E+02     1  5.184125E-05  1.792721E+02 -5.183707E-05  6.585738E-07
  2.590263E+00  2.000000E+02     2  1.841041E-05  1.778376E+02 -1.839730E-05  6.946734E-07
  2.590263E+00  2.000000E+02     3  1.219107E-04  8.732915E+01  5.680817E-06  1.217783E-04
  2.590263E+00  2.000000E+02     4  3.077718E-05 -1.798378E+02 -3.077705E-05 -8.713116E-08
  2.590263E+00  2.000000E+02     5  8.279105E-05 -8.854034E-01  8.278116E-05 -1.279336E-06
  2.590263E+00  2.000000E+02     6  9.066914E-12 -9.953342E+01 -1.501689E-12 -8.941692E-12
  2.590263E+00  2.100000E+02     1  4.766242E-05  1.792694E+02 -4.765855E-05  6.077632E-07
  2.590263E+00  2.100000E+02     2  2.719160E-05  1.783274E+02 -2.718001E-05  7.936692E-07
  2.590263E+00  2.100000E+02     3  1.218785E-04  8.731389E+01  5.711762E-06  1.217446E-04
  2.590263E+00  2.100000E+02     4  4.460145E-05  1.798195E+02 -4.460122E-05  1.405209E-07
  2.590263E+00  2.100000E+02     5  7.645339E-05 -8.854926E-01  7.644426E-05 -1.181522E-06
  2.590263E+00  2.100000E+02     6  9.055242E-12 -9.963319E+01 -1.515304E-12 -8.927557E-12
  2.590263E+00  2.200000E+02     1  4.203394E-05  1.792569E+02 -4.203041E-05  5.451352E-07
  2.590263E+00  2.200000E+02     2  3.514359E-05  1.785621E+02 -3.513252E-05  8.818551E-07
  2.590263E+00  2.200000E+02     3  1.218562E-04  8.729996E+01  5.740298E-06  1.217209E-04
  2.590263E+00  2.200000E+02     4  5.707974E-05  1.796516E+02 -5.707869E-05  3.470932E-07
  2.590263E+00  2.200000E+02     5  6.779442E-05 -8.792866E-01  6.778644E-05 -1.040363E-06
  2.590263E+00  2.200000E+02     6  9.406161E-12 -9.915511E+01 -1.496593E-12 -9.286338E-12
  2.590263E+00  2.300000E+02     1  3.512466E-05  1.792292E+02 -3.512148E-05  4.724941E-07
  2.590263E+00  2.300000E+02     2  4.202371E-05  1.786956E+02 -4.201282E-05  9.566630E-07
  2.590263E+00  2.300000E+02     3  1.218455E-04  8.728782E+01  5.765585E-06  1.217090E-04
  2.590263E+00  2.300000E+02     4  6.783227E-05  1.795556E+02 -6.783023E-05  5.261731E-07
  2.590263E+00  2.300000E+02     5  5.708112E-05 -8.637150E-01  5.707464E-05 -8.604465E-07
  2.590263E+00  2.300000E+02     6  9.931120E-12 -9.837112E+01 -1.445816E-12 -9.825312E-12
  2.590263E+00  2.400000E+02     1  2.714327E-05  1.791734E+02 -2.714044E-05  3.915697E-07
  2.590263E+00  2.400000E+02     2  4.762343E-05  1.787774E+02 -4.761259E-05  1.016130E-06
  2.590263E+00  2.400000E+02     3  1.218475E-04  8.727792E+01  5.786715E-06  1.217100E-04
  2.590263E+00  2.400000E+02     4  7.653012E-05  1.794970E+02 -7.652717E-05  6.718881E-07
  2.590263E+00  2.400000E+02     5  4.464148E-05 -8.315359E-01  4.463678E-05 -6.478608E-07
  2.590263E+00  2.400000E+02     6  1.037550E-11 -9.755606E+01 -1.364339E-12 -1.028541E-11
  2.590263E+00  2.500000E+02     1  1.833238E-05  1.790497E+02 -1.832986E-05  3.040430E-07
  2.590263E+00  2.500000E+02     2  5.177418E-05  1.788281E+02 -5.176335E-05  1.058885E-06
  2.590263E+00  2.500000E+02     3  1.218618E-04  8.727067E+01  5.802796E-06  1.217236E-04
  2.590263E+00  2.500000E+02     4  8.290559E-05  1.794615E+02 -8.290193E-05  7.791882E-07
  2.590263E+00  2.500000E+02     5  3.085391E-05 -7.611903E-01  3.085118E-05 -4.098906E-07
  2.590263E+00  2.500000E+02     6  1.053820E-11 -9.683764E+01 -1.254639E-12 -1.046325E-11
  2.590263E+00  2.600000E+02     1  8.961272E-06  1.786470E+02 -8.958773E-06  2.115964E-07
  2.590263E+00  2.600000E+02     2  5.435196E-05  1.788571E+02 -5.434115E-05  1.084090E-06
  2.590263E+00  2.600000E+02     3  1.218872E-04  8.726643E+01  5.813002E-06  1.217485E-04
  2.590263E+00  2.600000E+02     4  8.676114E-05  1.794425E+02 -8.675703E-05  8.441526E-07
  2.590263E+00  2.600000E+02     5  1.613564E-05 -5.492730E-01  1.613490E-05 -1.546839E-07
  2.590263E+00  2.600000E+02     6  1.036564E-11 -9.620404E+01 -1.120209E-12 -1.030493E-11
  2.590263E+00  2.700000E+02     1  6.955223E-07  9.598411E+00  6.857855E-07  1.159724E-07
  2.590263E+00  2.700000E+02     2  5.528050E-05  1.788688E+02 -5.526973E-05  1.091361E-06
  2.590263E+00  2.700000E+02     3  1.219208E-04  8.726550E+01  5.816589E-06  1.217820E-04
  2.590263E+00  2.700000E+02     4  8.797633E-05  1.794371E+02 -8.797209E-05  8.642638E-07
  2.590263E+00  2.700000E+02     5  9.378718E-07  6.679464E+00  9.315059E-07  1.090883E-07
  2.590263E+00  2.700000E+02     6  9.974647E-12 -9.555393E+01 -9.653720E-13 -9.927822E-12
  2.590263E+00  2.800000E+02     1  1.030817E-05  1.057641E-01  1.030815E-05  1.902817E-08
  2.590263E+00  2.800000E+02     2  5.453305E-05  1.788645E+02 -5.452234E-05  1.080708E-06
  2.590263E+00  2.800000E+02     3  1.219589E-04  8.726808E+01  5.812910E-06  1.218203E-04
  2.590263E+00  2.800000E+02     4  8.651233E-05  1.794446E+02 -8.650827E-05  8.386002E-07
  2.590263E+00  2.800000E+02     5  1.430629E-05  1.785078E+02 -1.430144E-05  3.725585E-07
  2.590263E+00  2.800000E+02     6  9.593548E-12 -9.475376E+01 -7.950525E-13 -9.560547E-12
  2.590263E+00  2.900000E+02     1  1.961386E-05 -2.255802E-01  1.961371E-05 -7.722188E-08
  2.590263E+00  2.900000E+02     2  5.213279E-05  1.788432E+02 -5.212217E-05  1.052505E-06
  2.590263E+00  2.900000E+02     3  1.219969E-04  8.727432E+01  5.801466E-06  1.218589E-04
  2.590263E+00  2.900000E+02     4  8.241359E-05  1.794661E+02 -8.241001E-05  7.679110E-07
  2.590263E+00  2.900000E+02     5  2.911183E-05  1.787659E+02 -2.910508E-05  6.269730E-07
  2.590263E+00  2.900000E+02     6  9.449795E-12 -9.372883E+01 -6.145619E-13 -9.429790E-12
  2.590263E+00  3.000000E+02     1  2.831900E-05 -3.451223E-01  2.831848E-05 -1.705790E-07
  2.590263E+00  3.000000E+02     2  4.815201E-05  1.788011E+02 -4.814147E-05  1.007506E-06
  2.590263E+00  3.000000E+02     3  1.220301E-04  8.728421E+01  5.781992E-06  1.218931E-04
  2.590263E+00  3.000000E+02     4  7.580650E-05  1.795053E+02 -7.580368E-05  6.545675E-07
  2.590263E+00  3.000000E+02     5  4.304078E-05  1.788498E+02 -4.303211E-05  8.639922E-07
  2.590263E+00  3.000000E+02     6  9.657265E-12 -9.254846E+01 -4.294037E-13 -9.647713E-12
  2.590263E+00  3.100000E+02     1  3.615901E-05 -4.098512E-01  3.615808E-05 -2.586523E-07
  2.590263E+00  3.100000E+02     2  4.271006E-05  1.787297E+02 -4.269956E-05  9.468738E-07
  2.590263E+00  3.100000E+02     3  1.220544E-04  8.729764E+01  5.754573E-06  1.219186E-04
  2.590263E+00  3.100000E+02     4  6.689517E-05  1.795697E+02 -6.689328E-05  5.024037E-07
  2.590263E+00  3.100000E+02     5  5.567008E-05  1.788925E+02 -5.565968E-05  1.075984E-06
  2.590263E+00  3.100000E+02     6  1.015643E-11 -9.138288E+01 -2.451091E-13 -1.015348E-11
  2.590263E+00  3.200000E+02     1  4.289707E-05 -4.526278E-01  4.289573E-05 -3.388767E-07
  2.590263E+00  3.200000E+02     2  3.597017E-05  1.786105E+02 -3.595960E-05  8.722173E-07
  2.590263E+00  3.200000E+02     3  1.220668E-04  8.731428E+01  5.719739E-06  1.219327E-04
  2.590263E+00  3.200000E+02     4  5.595433E-05  1.796759E+02 -5.595343E-05  3.164850E-07
  2.590263E+00  3.200000E+02     5  6.661406E-05  1.789194E+02 -6.660221E-05  1.256305E-06
  2.590263E+00  3.200000E+02     6  1.073712E-11 -9.035800E+01 -6.708775E-14 -1.073691E-11
  2.590263E+00  3.300000E+02     1  4.833078E-05 -4.843570E-01  4.832905E-05 -4.085654E-07
  2.590263E+00  3.300000E+02     2  2.813517E-05  1.784000E+02 -2.812420E-05  7.855938E-07
  2.590263E+00  3.300000E+02     3  1.220664E-04  8.733365E+01  5.678508E-06  1.219343E-04
  2.590263E+00  3.300000E+02     4  4.332008E-05  1.798640E+02 -4.331995E-05  1.028437E-07
  2.590263E+00  3.300000E+02     5  7.553654E-05  1.789384E+02 -7.552357E-05  1.399556E-06
  2.590263E+00  3.300000E+02     6  1.113427E-11 -8.948794E+01  9.950650E-14 -1.113383E-11
  2.590263E+00  3.400000E+02     1  5.229764E-05 -5.094512E-01  5.229558E-05 -4.650036E-07
  2.590263E+00  3.400000E+02     2  1.944214E-05  1.779677E+02 -1.942992E-05  6.894748E-07
  2.590263E+00  3.400000E+02     3  1.220542E-04  8.735507E+01  5.632344E-06  1.219241E-04
  2.590263E+00  3.400000E+02     4  2.937902E-05 -1.797430E+02 -2.937872E-05 -1.317785E-07
  2.590263E+00  3.400000E+02     5  8.216211E-05  1.789527E+02 -8.214839E-05  1.501778E-06
  2.590263E+00  3.400000E+02     6  1.115144E-11 -8.871596E+01  2.498909E-13 -1.114864E-11
  2.590263E+00  3.500000E+02     1  5.467931E-05 -5.297849E-01  5.467697E-05 -5.055845E-07
  2.590263E+00  3.500000E+02     2  1.015741E-05  1.766889E+02 -1.014045E-05  5.866697E-07
  2.590263E+00  3.500000E+02     3  1.220325E-04  8.737778E+01  5.583043E-06  1.219048E-04
  2.590263E+00  3.500000E+02     4  1.455835E-05 -1.785037E+02 -1.455338E-05 -3.801602E-07
  2.590263E+00  3.500000E+02     5  8.628561E-05  1.789637E+02 -8.627150E-05  1.560581E-06
  2.590263E+00  3.500000E+02     6  1.075393E-11 -8.797638E+01  3.797383E-13 -1.074723E-11
  2.398118E+00  0.000000E+00     1  4.301759E-05 -1.318678E+00  4.300620E-05 -9.899745E-07
  2.398118E+00  0.000000E+00     2  8.176556E-07  1.434837E+02 -6.571395E-07  4.865475E-07
  2.398118E+00  0.000000E+00     3  1.384247E-04  8.399709E+01  1.447631E-05  1.376657E-04
  2.398118E+00  0.000000E+00     4  1.467120E-06 -3.873319E+01  1.144453E-06 -9.179691E-07
  2.398118E+00  0.000000E+00     5  1.197021E-04  1.778334E+02 -1.196165E-04  4.525443E-06
  2.398118E+00  0.000000E+00     6  8.683423E-12 -8.965512E+01  5.226723E-14 -8.683266E-12
  2.398118E+00  1.000000E+01     1  4.222610E-05 -1.339086E+00  4.221457E-05 -9.867955E-07
  2.398118E+00  1.000000E+01     2  6.820914E-06  2.514162E+00  6.814348E-06  2.992084E-07
  2.398118E+00  1.000000E+01     3  1.383821E-04  8.403156E+01  1.438906E-05  1.376320E-04
  2.398118E+00  1.000000E+01     4  2.196862E-05 -4.372784E+00  2.190467E-05 -1.675006E-06
  2.398118E+00  1.000000E+01     5  1.181387E-04  1.778370E+02 -1.180545E-04  4.458882E-06
  2.398118E+00  1.000000E+01     6  7.708924E-12 -8.894397E+01  1.420763E-13 -7.707615E-12
  2.398118E+00  2.000000E+01     1  4.015727E-05 -1.353269E+00  4.014607E-05 -9.483864E-07
  2.398118E+00  2.000000E+01     2  1.407949E-05  4.757104E-01  1.407900E-05  1.168966E-07
  2.398118E+00  2.000000E+01     3  1.383438E-04  8.406404E+01  1.430708E-05  1.376020E-04
  2.398118E+00  2.000000E+01     4  4.206876E-05 -3.278509E+00  4.199990E-05 -2.405894E-06
  2.398118E+00  2.000000E+01     5  1.129726E-04  1.778370E+02 -1.128921E-04  4.263832E-06
  2.398118E+00  2.000000E+01     6  7.128644E-12 -8.838534E+01  2.008667E-13 -7.125813E-12
  2.398118E+00  3.000000E+01     1  3.687035E-05 -1.359339E+00  3.685997E-05 -8.746645E-07
  2.398118E+00  3.000000E+01     2  2.091279E-05 -1.502379E-01  2.091272E-05 -5.483634E-08
  2.398118E+00  3.000000E+01     3  1.383150E-04  8.409330E+01  1.423385E-05  1.375806E-04
  2.398118E+00  3.000000E+01     4  6.090467E-05 -2.907249E+00  6.082628E-05 -3.089042E-06
  2.398118E+00  3.000000E+01     5  1.043675E-04  1.778318E+02 -1.042928E-04  3.948512E-06
  2.398118E+00  3.000000E+01     6  7.160458E-12 -8.818925E+01  2.262588E-13 -7.156883E-12
  2.398118E+00  4.000000E+01     1  3.246110E-05 -1.353862E+00  3.245204E-05 -7.669631E-07
  2.398118E+00  4.000000E+01     2  2.710652E-05 -4.456117E-01  2.710571E-05 -2.108159E-07
  2.398118E+00  4.000000E+01     3  1.382994E-04  8.411820E+01  1.417243E-05  1.375713E-04
  2.398118E+00  4.000000E+01     4  7.790351E-05 -2.725167E+00  7.781541E-05 -3.703938E-06
  2.398118E+00  4.000000E+01     5  9.259329E-05  1.778186E+02 -9.252618E-05  3.524476E-06
  2.398118E+00  4.000000E+01     6  7.746371E-12 -8.839612E+01  2.168159E-13 -7.743337E-12
  2.398118E+00  5.000000E+01     1  2.705992E-05 -1.330122E+00  2.705263E-05 -6.281398E-07
  2.398118E+00  5.000000E+01     2  3.247124E-05 -6.111794E-01  3.246939E-05 -3.463671E-07
  2.398118E+00  5.000000E+01     3  1.382991E-04  8.413773E+01  1.412552E-05  1.375759E-04
  2.398118E+00  5.000000E+01     4  9.254755E-05 -2.620769E+00  9.245075E-05 -4.231745E-06
  2.398118E+00  5.000000E+01     5  7.801540E-05  1.777919E+02 -7.795747E-05  3.005868E-06
  2.398118E+00  5.000000E+01     6  8.585141E-12 -8.885022E+01  1.722703E-13 -8.583413E-12
  2.398118E+00  6.000000E+01     1  2.082886E-05 -1.272577E+00  2.082373E-05 -4.625848E-07
  2.398118E+00  6.000000E+01     2  3.684505E-05 -7.113218E-01  3.684221E-05 -4.574161E-07
  2.398118E+00  6.000000E+01     3  1.383150E-04  8.415097E+01  1.409535E-05  1.375949E-04
  2.398118E+00  6.000000E+01     4  1.043874E-04 -2.556392E+00  1.042835E-04 -4.655955E-06
  2.398118E+00  6.000000E+01     5  6.108181E-05  1.777400E+02 -6.103430E-05  2.408680E-06
  2.398118E+00  6.000000E+01     6  9.276019E-12 -8.942129E+01  9.368938E-14 -9.275546E-12
  2.398118E+00  7.000000E+01     1  1.395727E-05 -1.133516E+00  1.395454E-05 -2.761068E-07
  2.398118E+00  7.000000E+01     2  4.009777E-05 -7.724686E-01  4.009413E-05 -5.405866E-07
  2.398118E+00  7.000000E+01     3  1.383462E-04  8.415724E+01  1.408347E-05  1.376275E-04
  2.398118E+00  7.000000E+01     4  1.130565E-04 -2.516027E+00  1.129475E-04 -4.963047E-06
  2.398118E+00  7.000000E+01     5  4.230809E-05  1.776292E+02 -4.227188E-05  1.750109E-06
  2.398118E+00  7.000000E+01     6  9.507138E-12 -9.009935E+01 -1.648495E-14 -9.507124E-12
  2.398118E+00  8.000000E+01     1  6.656283E-06 -6.515158E-01  6.655852E-06 -7.568760E-08
  2.398118E+00  8.000000E+01     2  4.213397E-05 -8.068149E-01  4.212980E-05 -5.932931E-07
  2.398118E+00  8.000000E+01     3  1.383904E-04  8.415623E+01  1.409040E-05  1.376712E-04
  2.398118E+00  8.000000E+01     4  1.182837E-04 -2.492054E+00  1.181718E-04 -5.143073E-06
  2.398118E+00  8.000000E+01     5  2.226159E-05  1.773015E+02 -2.223691E-05  1.048089E-06
  2.398118E+00  8.000000E+01     6  9.200585E-12 -9.096246E+01 -1.545444E-13 -9.199287E-12
  2.398118E+00  9.000000E+01     1  8.569936E-07  1.712147E+02 -8.469389E-07  1.308910E-07
  2.398118E+00  9.000000E+01     2  4.289502E-05 -8.199256E-01  4.289063E-05 -6.138240E-07
  2.398118E+00  9.000000E+01     3  1.384432E-04  8.414810E+01  1.411531E-05  1.377217E-04
  2.398118E+00  9.000000E+01     4  1.199038E-04 -2.480870E+00  1.197914E-04 -5.190135E-06
  2.398118E+00  9.000000E+01     5  1.564527E-06  1.681590E+02 -1.531235E-06  3.210353E-07
  2.398118E+00  9.000000E+01     6  8.546047E-12 -9.211730E+01 -3.157378E-13 -8.540212E-12
  2.398118E+00  1.000000E+02     1  8.328366E-06  1.776912E+02 -8.321605E-06  3.355164E-07
  2.398118E+00  1.000000E+02     2  4.235997E-05 -8.134734E-01  4.235570E-05 -6.013976E-07
  2.398118E+00  1.000000E+02     3  1.384986E-04  8.413358E+01  1.415587E-05  1.377733E-04
  2.398118E+00  1.000000E+02     4  1.178638E-04 -2.481291E+00  1.177533E-04 -5.102698E-06
  2.398118E+00  1.000000E+02     5  1.922898E-05 -1.228402E+00  1.922456E-05 -4.122313E-07
  2.398118E+00  1.000000E+02     6  7.907075E-12 -9.358592E+01 -4.945497E-13 -7.891594E-12
  2.398118E+00  1.100000E+02     1  1.554636E-05  1.780453E+02 -1.553732E-05  5.302653E-07
  2.398118E+00  1.100000E+02     2  4.054565E-05 -7.859830E-01  4.054184E-05 -5.561874E-07
  2.398118E+00  1.100000E+02     3  1.385493E-04  8.411389E+01  1.420843E-05  1.378188E-04
  2.398118E+00  1.100000E+02     4  1.122257E-04 -2.494123E+00  1.121194E-04 -4.883716E-06
  2.398118E+00  1.100000E+02     5  3.942393E-05 -1.646079E+00  3.940766E-05 -1.132474E-06
  2.398118E+00  1.100000E+02     6  7.643396E-12 -9.514159E+01 -6.849799E-13 -7.612641E-12
  2.398118E+00  1.200000E+02     1  2.228395E-05  1.781795E+02 -2.227270E-05  7.079085E-07
  2.398118E+00  1.200000E+02     2  3.750598E-05 -7.322467E-01  3.750292E-05 -4.793178E-07
  2.398118E+00  1.200000E+02     3  1.385877E-04  8.409055E+01  1.426850E-05  1.378512E-04
  2.398118E+00  1.200000E+02     4  1.031645E-04 -2.522551E+00  1.030645E-04 -4.540537E-06
  2.398118E+00  1.200000E+02     5  5.843804E-05 -1.784772E+00  5.840969E-05 -1.820059E-06
  2.398118E+00  1.200000E+02     6  7.933958E-12 -9.637393E+01 -8.808022E-13 -7.884914E-12
  2.398118E+00  1.300000E+02     1  2.833628E-05  1.782561E+02 -2.832315E-05  8.623370E-07
  2.398118E+00  1.300000E+02     2  3.333060E-05 -6.409441E-01  3.332852E-05 -3.728479E-07
  2.398118E+00  1.300000E+02     3  1.386075E-04  8.406518E+01  1.433159E-05  1.378645E-04
  2.398118E+00  1.300000E+02     4  9.096210E-05 -2.573680E+00  9.087035E-05 -4.084571E-06
  2.398118E+00  1.300000E+02     5  7.569370E-05 -1.858731E+00  7.565388E-05 -2.455146E-06
  2.398118E+00  1.300000E+02     6  8.687830E-12 -9.711314E+01 -1.075805E-12 -8.620965E-12
  2.398118E+00  1.400000E+02     1  3.352162E-05  1.783096E+02 -3.350703E-05  9.888555E-07
  2.398118E+00  1.400000E+02     2  2.814289E-05 -4.881217E-01  2.814187E-05 -2.397557E-07
  2.398118E+00  1.400000E+02     3  1.386044E-04  8.403916E+01  1.439390E-05  1.378550E-04
  2.398118E+00  1.400000E+02     4  7.599722E-05 -2.662836E+00  7.591516E-05 -3.530720E-06
  2.398118E+00  1.400000E+02     5  9.066265E-05 -1.907706E+00  9.061240E-05 -3.018123E-06
  2.398118E+00  1.400000E+02     6  9.583947E-12 -9.757880E+01 -1.264023E-12 -9.500226E-12
  2.398118E+00  1.500000E+02     1  3.768616E-05  1.783512E+02 -3.767056E-05  1.084314E-06
  2.398118E+00  1.500000E+02     2  2.209725E-05 -2.176078E-01  2.209709E-05 -8.392455E-08
  2.398118E+00  1.500000E+02     3  1.385777E-04  8.401345E+01  1.445297E-05  1.378219E-04
  2.398118E+00  1.500000E+02     4  5.873169E-05 -2.826966E+00  5.866021E-05 -2.896637E-06
  2.398118E+00  1.500000E+02     5  1.028828E-04 -1.944138E+00  1.028236E-04 -3.490310E-06
  2.398118E+00  1.500000E+02     6  1.021778E-11 -9.810139E+01 -1.439942E-12 -1.011581E-11
  2.398118E+00  1.600000E+02     1  4.070761E-05  1.783853E+02 -4.069145E-05  1.147082E-06
  2.398118E+00  1.600000E+02     2  1.537577E-05  3.349561E-01  1.537551E-05  8.988758E-08
  2.398118E+00  1.600000E+02     3  1.385296E-04  8.398855E+01  1.450782E-05  1.377678E-04
  2.398118E+00  1.600000E+02     4  3.969496E-05 -3.179863E+00  3.963384E-05 -2.201903E-06
  2.398118E+00  1.600000E+02     5  1.119743E-04 -1.972879E+00  1.119079E-04 -3.854876E-06
  2.398118E+00  1.600000E+02     6  1.028887E-11 -9.893864E+01 -1.598650E-12 -1.016392E-11
  2.398118E+00  1.700000E+02     1  4.249779E-05  1.784131E+02 -4.248149E-05  1.176886E-06
  2.398118E+00  1.700000E+02     2  8.185449E-06  1.933202E+00  8.180790E-06  2.761307E-07
  2.398118E+00  1.700000E+02     3  1.384655E-04  8.396455E+01  1.455879E-05  1.376980E-04
  2.398118E+00  1.700000E+02     4  1.946956E-05 -4.321942E+00  1.941420E-05 -1.467238E-06
  2.398118E+00  1.700000E+02     5  1.176533E-04 -1.995999E+00  1.175819E-04 -4.097831E-06
  2.398118E+00  1.700000E+02     6  9.743475E-12 -1.002626E+02 -1.735897E-12 -9.587594E-12
  2.398118E+00  1.800000E+02     1  4.300431E-05  1.784349E+02 -4.298827E-05  1.174568E-06
  2.398118E+00  1.800000E+02     2  8.699572E-07  3.259403E+01  7.329463E-07  4.686312E-07
  2.398118E+00  1.800000E+02     3  1.383925E-04  8.394132E+01  1.460690E-05  1.376195E-04
  2.398118E+00  1.800000E+02     4  1.561130E-06 -1.527879E+02 -1.388344E-06 -7.138834E-07
  2.398118E+00  1.800000E+02     5  1.197427E-04 -2.014374E+00  1.196687E-04 -4.208981E-06
  2.398118E+00  1.800000E+02     6  8.803489E-12 -1.021180E+02 -1.848081E-12 -8.607324E-12
  2.398118E+00  1.900000E+02     1  4.221175E-05  1.784500E+02 -4.219631E-05  1.141807E-06
  2.398118E+00  1.900000E+02     2  6.771076E-06  1.743990E+02 -6.738749E-06  6.608613E-07
  2.398118E+00  1.900000E+02     3  1.383181E-04  8.391873E+01  1.465328E-05  1.375398E-04
  2.398118E+00  1.900000E+02     4  2.214870E-05  1.799047E+02 -2.214867E-05  3.683090E-08
  2.398118E+00  1.900000E+02     5  1.181783E-04 -2.028291E+00  1.181043E-04 -4.182682E-06
  2.398118E+00  1.900000E+02     6  7.864650E-12 -1.042220E+02 -1.932187E-12 -7.623606E-12
  2.398118E+00  2.000000E+02     1  4.014211E-05  1.784571E+02 -4.012756E-05  1.080854E-06
  2.398118E+00  2.000000E+02     2  1.402912E-05  1.765416E+02 -1.400357E-05  8.462906E-07
  2.398118E+00  2.000000E+02     3  1.382496E-04  8.389682E+01  1.469860E-05  1.374660E-04
  2.398118E+00  2.000000E+02     4  4.225081E-05  1.789642E+02 -4.224391E-05  7.637413E-07
  2.398118E+00  2.000000E+02     5  1.130115E-04 -2.037682E+00  1.129400E-04 -4.018322E-06
  2.398118E+00  2.000000E+02     6  7.311135E-12 -1.057600E+02 -1.985771E-12 -7.036292E-12
  2.398118E+00  2.100000E+02     1  3.685475E-05  1.784540E+02 -3.684133E-05  9.943233E-07
  2.398118E+00  2.100000E+02     2  2.086229E-05  1.772010E+02 -2.083740E-05  1.018766E-06
  2.398118E+00  2.100000E+02     3  1.381929E-04  8.387586E+01  1.474284E-05  1.374042E-04
  2.398118E+00  2.100000E+02     4  6.108728E-05  1.786436E+02 -6.107016E-05  1.446046E-06
  2.398118E+00  2.100000E+02     5  1.044060E-04 -2.042137E+00  1.043397E-04 -3.720452E-06
  2.398118E+00  2.100000E+02     6  7.344106E-12 -1.058598E+02 -2.007024E-12 -7.064542E-12
  2.398118E+00  2.200000E+02     1  3.244546E-05  1.784369E+02 -3.243339E-05  8.850543E-07
  2.398118E+00  2.200000E+02     2  2.705586E-05  1.775155E+02 -2.703043E-05  1.172853E-06
  2.398118E+00  2.200000E+02     3  1.381526E-04  8.385637E+01  1.478526E-05  1.373592E-04
  2.398118E+00  2.200000E+02     4  7.808630E-05  1.784857E+02 -7.805903E-05  2.063569E-06
  2.398118E+00  2.200000E+02     5  9.263171E-05 -2.040708E+00  9.257296E-05 -3.298574E-06
  2.398118E+00  2.200000E+02     6  7.906744E-12 -1.046142E+02 -1.994944E-12 -7.650934E-12
  2.398118E+00  2.300000E+02     1  2.704468E-05  1.783980E+02 -2.703411E-05  7.560562E-07
  2.398118E+00  2.300000E+02     2  3.242031E-05  1.776947E+02 -3.239408E-05  1.304067E-06
  2.398118E+00  2.300000E+02     3  1.381319E-04  8.383899E+01  1.482470E-05  1.373341E-04
  2.398118E+00  2.300000E+02     4  9.273038E-05  1.783950E+02 -9.269400E-05  2.597209E-06
  2.398118E+00  2.300000E+02     5  7.805405E-05 -2.031272E+00  7.800500E-05 -2.766622E-06
  2.398118E+00  2.300000E+02     6  8.714564E-12 -1.029270E+02 -1.949535E-12 -8.493700E-12
  2.398118E+00  2.400000E+02     1  2.081441E-05  1.783192E+02 -2.080545E-05  6.105145E-07
  2.398118E+00  2.400000E+02     2  3.679378E-05  1.778054E+02 -3.676680E-05  1.408972E-06
  2.398118E+00  2.400000E+02     3  1.381324E-04  8.382438E+01  1.485976E-05  1.373308E-04
  2.398118E+00  2.400000E+02     4  1.045702E-04  1.783398E+02 -1.045263E-04  3.029600E-06
  2.398118E+00  2.400000E+02     5  6.112096E-05 -2.008569E+00  6.108341E-05 -2.142226E-06
  2.398118E+00  2.400000E+02     6  9.379892E-12 -1.015119E+02 -1.871963E-12 -9.191198E-12
  2.398118E+00  2.500000E+02     1  1.394392E-05  1.781431E+02 -1.393660E-05  4.518325E-07
  2.398118E+00  2.500000E+02     2  4.004610E-05  1.778747E+02 -4.001855E-05  1.485144E-06
  2.398118E+00  2.500000E+02     3  1.381540E-04  8.381315E+01  1.488902E-05  1.373493E-04
  2.398118E+00  2.500000E+02     4  1.132393E-04  1.783068E+02 -1.131899E-04  3.345944E-06
  2.398118E+00  2.500000E+02     5  4.234787E-05 -1.956584E+00  4.232318E-05 -1.445850E-06
  2.398118E+00  2.500000E+02     6  9.594340E-12 -1.005982E+02 -1.764589E-12 -9.430673E-12
  2.398118E+00  2.600000E+02     1  6.644344E-06  1.775531E+02 -6.638285E-06  2.836733E-07
  2.398118E+00  2.600000E+02     2  4.208190E-05  1.779150E+02 -4.205404E-05  1.531052E-06
  2.398118E+00  2.600000E+02     3  1.381948E-04  8.380583E+01  1.491097E-05  1.373880E-04
  2.398118E+00  2.600000E+02     4  1.184667E-04  1.782901E+02 -1.184139E-04  3.534890E-06
  2.398118E+00  2.600000E+02     5  2.230176E-05 -1.798521E+00  2.229078E-05 -6.999400E-07
  2.398118E+00  2.600000E+02     6  9.277515E-12 -1.001243E+02 -1.630846E-12 -9.133051E-12
  2.398118E+00  2.700000E+02     1  8.711008E-07  7.252674E+00  8.641311E-07  1.099723E-07
  2.398118E+00  2.700000E+02     2  4.284256E-05  1.779321E+02 -4.281466E-05  1.545915E-06
  2.398118E+00  2.700000E+02     3  1.382507E-04  8.380292E+01  1.492399E-05  1.374428E-04
  2.398118E+00  2.700000E+02     4  1.200870E-04  1.782872E+02 -1.200333E-04  3.589312E-06
  2.398118E+00  2.700000E+02     5  1.589355E-06  2.591227E+00  1.587730E-06  7.185479E-08
  2.398118E+00  2.700000E+02     6  8.613465E-12 -9.986031E+01 -1.475026E-12 -8.486229E-12
  2.398118E+00  2.800000E+02     1  8.338721E-06 -4.472459E-01  8.338466E-06 -6.509068E-08
  2.398118E+00  2.800000E+02     2  4.230720E-05  1.779281E+02 -4.227954E-05  1.529593E-06
  2.398118E+00  2.800000E+02     3  1.383155E-04  8.380488E+01  1.492628E-05  1.375078E-04
  2.398118E+00  2.800000E+02     4  1.180473E-04  1.782977E+02 -1.179952E-04  3.506842E-06
  2.398118E+00  2.800000E+02     5  1.918433E-05  1.774744E+02 -1.916570E-05  8.453631E-07
  2.398118E+00  2.800000E+02     6  7.958776E-12 -9.941568E+01 -1.302023E-12 -7.851551E-12
  2.398118E+00  2.900000E+02     1  1.555574E-05 -8.735314E-01  1.555393E-05 -2.371537E-07
  2.398118E+00  2.900000E+02     2  4.049267E-05  1.779018E+02 -4.046552E-05  1.482557E-06
  2.398118E+00  2.900000E+02     3  1.383815E-04  8.381212E+01  1.491600E-05  1.375752E-04
  2.398118E+00  2.900000E+02     4  1.124095E-04  1.783228E+02 -1.123614E-04  3.290070E-06
  2.398118E+00  2.900000E+02     5  3.937934E-05  1.776765E+02 -3.934696E-05  1.596498E-06
  2.398118E+00  2.900000E+02     6  7.669606E-12 -9.837522E+01 -1.117118E-12 -7.587813E-12
  2.398118E+00  3.000000E+02     1  2.229281E-05 -1.032613E+00  2.228919E-05 -4.017504E-07
  2.398118E+00  3.000000E+02     2  3.745289E-05  1.778487E+02 -3.742649E-05  1.405929E-06
  2.398118E+00  3.000000E+02     3  1.384403E-04  8.382495E+01  1.489153E-05  1.376371E-04
  2.398118E+00  3.000000E+02     4  1.033487E-04  1.783663E+02 -1.033067E-04  2.946384E-06
  2.398118E+00  3.000000E+02     5  5.839331E-05  1.777408E+02 -5.834793E-05  2.301864E-06
  2.398118E+00  3.000000E+02     6  7.930336E-12 -9.670420E+01 -9.258160E-13 -7.876109E-12
  2.398118E+00  3.100000E+02     1  2.834505E-05 -1.120697E+00  2.833963E-05 -5.543897E-07
  2.398118E+00  3.100000E+02     2  3.327750E-05  1.777584E+02 -3.325203E-05  1.301567E-06
  2.398118E+00  3.100000E+02     3  1.384847E-04  8.384341E+01  1.485196E-05  1.376860E-04
  2.398118E+00  3.100000E+02     4  9.114680E-05  1.784361E+02 -9.111285E-05  2.487487E-06
  2.398118E+00  3.100000E+02     5  7.564907E-05  1.777732E+02 -7.559194E-05  2.939411E-06
  2.398118E+00  3.100000E+02     6  8.659622E-12 -9.486041E+01 -7.337165E-13 -8.628483E-12
  2.398118E+00  3.200000E+02     1  3.353075E-05 -1.180202E+00  3.352364E-05 -6.906314E-07
  2.398118E+00  3.200000E+02     2  2.808987E-05  1.776084E+02 -2.806540E-05  1.172158E-06
  2.398118E+00  3.200000E+02     3  1.385097E-04  8.386720E+01  1.479743E-05  1.377170E-04
  2.398118E+00  3.200000E+02     4  7.618241E-05  1.785493E+02 -7.615799E-05  1.928690E-06
  2.398118E+00  3.200000E+02     5  9.061841E-05  1.777933E+02 -9.055121E-05  3.489179E-06
  2.398118E+00  3.200000E+02     6  9.539504E-12 -9.328350E+01 -5.463888E-13 -9.523843E-12
  2.398118E+00  3.300000E+02     1  3.769602E-05 -1.225423E+00  3.768740E-05 -8.061688E-07
  2.398118E+00  3.300000E+02     2  2.204439E-05  1.773447E+02 -2.202072E-05  1.021254E-06
  2.398118E+00  3.300000E+02     3  1.385132E-04  8.389565E+01  1.472943E-05  1.377278E-04
  2.398118E+00  3.300000E+02     4  5.891745E-05  1.787473E+02 -5.890337E-05  1.288089E-06
  2.398118E+00  3.300000E+02     5  1.028393E-04  1.778076E+02 -1.027640E-04  3.934061E-06
  2.398118E+00  3.300000E+02     6  1.016149E-11 -9.208240E+01 -3.692345E-13 -1.015478E-11
  2.398118E+00  3.400000E+02     1  4.071850E-05 -1.262195E+00  4.070862E-05 -8.969343E-07
  2.398118E+00  3.400000E+02     2  1.532306E-05  1.768080E+02 -1.529929E-05  8.532291E-07
  2.398118E+00  3.400000E+02     3  1.384969E-04  8.392769E+01  1.465069E-05  1.377198E-04
  2.398118E+00  3.400000E+02     4  3.988159E-05  1.791584E+02 -3.987728E-05  5.857606E-07
  2.398118E+00  3.400000E+02     5  1.119317E-04  1.778186E+02 -1.118506E-04  4.260539E-06
  2.398118E+00  3.400000E+02     6  1.021911E-11 -9.116266E+01 -2.073549E-13 -1.021701E-11
  2.398118E+00  3.500000E+02     1  4.250986E-05 -1.292999E+00  4.249904E-05 -9.592425E-07
  2.398118E+00  3.500000E+02     2  8.132673E-06  1.752522E+02 -8.104766E-06  6.731464E-07
  2.398118E+00  3.500000E+02     3  1.384653E-04  8.396199E+01  1.456493E-05  1.376972E-04
  2.398118E+00  3.500000E+02     4  1.965852E-05 -1.795426E+02 -1.965790E-05 -1.569439E-07
  2.398118E+00  3.500000E+02     5  1.176117E-04  1.778271E+02 -1.175272E-04  4.459268E-06
  2.398118E+00  3.500000E+02     6  9.653354E-12 -9.038844E+01 -6.544578E-14 -9.653132E-12
  2.243234E+00  0.000000E+00     1  2.525611E-05 -2.628563E+00  2.522953E-05 -1.158270E-06
  2.243234E+00  0.000000E+00     2  1.089322E-06  1.467573E+02 -9.110611E-07  5.971508E-07
  2.243234E+00  0.000000E+00     3  1.658681E-04  7.645237E+01  3.885520E-05  1.612529E-04
  2.243234E+00  0.000000E+00     4  2.559209E-06 -3.876309E+01  1.995521E-06 -1.602325E-06
  2.243234E+00  0.000000E+00     5  1.713982E-04  1.753609E+02 -1.708367E-04  1.386250E-05
  2.243234E+00  0.000000E+00     6  7.876368E-12 -9.617765E+01 -8.475882E-13 -7.830630E-12
  2.243234E+00  1.000000E+01     1  2.467019E-05 -2.665973E+00  2.464348E-05 -1.147490E-06
  2.243234E+00  1.000000E+01     2  3.496994E-06  6.192909E+00  3.476586E-06  3.772428E-07
  2.243234E+00  1.000000E+01     3  1.658120E-04  7.650551E+01  3.869254E-05  1.612343E-04
  2.243234E+00  1.000000E+01     4  3.189095E-05 -7.137967E+00  3.164379E-05 -3.962739E-06
  2.243234E+00  1.000000E+01     5  1.692798E-04  1.753568E+02 -1.687242E-04  1.370322E-05
  2.243234E+00  1.000000E+01     6  6.522721E-12 -9.656858E+01 -7.461498E-13 -6.479904E-12
  2.243234E+00  2.000000E+01     1  2.334460E-05 -2.691822E+00  2.331884E-05 -1.096353E-06
  2.243234E+00  2.000000E+01     2  7.761570E-06  1.198816E+00  7.759871E-06  1.623857E-07
  2.243234E+00  2.000000E+01     3  1.657631E-04  7.655535E+01  3.854089E-05  1.612204E-04
  2.243234E+00  2.000000E+01     4  6.064904E-05 -5.905860E+00  6.032713E-05 -6.240439E-06
  2.243234E+00  2.000000E+01     5  1.619908E-04  1.753491E+02 -1.614574E-04  1.313505E-05
  2.243234E+00  2.000000E+01     6  5.734948E-12 -9.678712E+01 -6.777608E-13 -5.694758E-12
  2.243234E+00  3.000000E+01     1  2.131378E-05 -2.701237E+00  2.129010E-05 -1.004476E-06
  2.243234E+00  3.000000E+01     2  1.180318E-05 -1.969204E-01  1.180311E-05 -4.056638E-08
  2.243234E+00  3.000000E+01     3  1.657292E-04  7.660001E+01  3.840737E-05  1.612174E-04
  2.243234E+00  3.000000E+01     4  8.758804E-05 -5.482787E+00  8.718732E-05 -8.368749E-06
  2.243234E+00  3.000000E+01     5  1.497661E-04  1.753349E+02 -1.492700E-04  1.218064E-05
  2.243234E+00  3.000000E+01     6  5.822173E-12 -9.636298E+01 -6.452527E-13 -5.786307E-12
  2.243234E+00  4.000000E+01     1  1.863265E-05 -2.685586E+00  1.861219E-05 -8.730357E-07
  2.243234E+00  4.000000E+01     2  1.548177E-05 -8.342830E-01  1.548012E-05 -2.254218E-07
  2.243234E+00  4.000000E+01     3  1.657154E-04  7.663780E+01  3.829784E-05  1.612292E-04
  2.243234E+00  4.000000E+01     4  1.118889E-04 -5.273663E+00  1.114153E-04 -1.028403E-05
  2.243234E+00  4.000000E+01     5  1.329938E-04  1.753100E+02 -1.325485E-04  1.087427E-05
  2.243234E+00  4.000000E+01     6  6.697324E-12 -9.557316E+01 -6.504218E-13 -6.665666E-12
  2.243234E+00  5.000000E+01     1  1.537670E-05 -2.627969E+00  1.536052E-05 -7.050311E-07
  2.243234E+00  5.000000E+01     2  1.868288E-05 -1.186308E+00  1.867887E-05 -3.868009E-07
  2.243234E+00  5.000000E+01     3  1.657244E-04  7.666717E+01  3.821726E-05  1.612576E-04
  2.243234E+00  5.000000E+01     4  1.328107E-04 -5.152556E+00  1.322740E-04 -1.192745E-05
  2.243234E+00  5.000000E+01     5  1.121987E-04  1.752661E+02 -1.118160E-04  9.259644E-06
  2.243234E+00  5.000000E+01     6  7.921933E-12 -9.502414E+01 -6.937671E-13 -7.891496E-12
  2.243234E+00  6.000000E+01     1  1.164124E-05 -2.488438E+00  1.163026E-05 -5.054369E-07
  2.243234E+00  6.000000E+01     2  2.131120E-05 -1.398695E+00  2.130485E-05 -5.201937E-07
  2.243234E+00  6.000000E+01     3  1.657570E-04  7.668673E+01  3.816973E-05  1.613024E-04
  2.243234E+00  6.000000E+01     4  1.497087E-04 -5.076488E+00  1.491214E-04 -1.324705E-05
  2.243234E+00  6.000000E+01     5  8.802312E-05  1.751856E+02 -8.771256E-05  7.387562E-06
  2.243234E+00  6.000000E+01     6  8.913787E-12 -9.498326E+01 -7.742928E-13 -8.880094E-12
  2.243234E+00  7.000000E+01     1  7.539665E-06 -2.137209E+00  7.534421E-06 -2.811743E-07
  2.243234E+00  7.000000E+01     2  2.329145E-05 -1.530196E+00  2.328315E-05 -6.219698E-07
  2.243234E+00  7.000000E+01     3  1.658120E-04  7.669536E+01  3.815809E-05  1.613617E-04
  2.243234E+00  7.000000E+01     4  1.620556E-04 -5.026932E+00  1.614323E-04 -1.419996E-05
  2.243234E+00  7.000000E+01     5  6.120381E-05  1.750193E+02 -6.097271E-05  5.313715E-06
  2.243234E+00  7.000000E+01     6  9.222358E-12 -9.553456E+01 -8.894606E-13 -9.179366E-12
  2.243234E+00  8.000000E+01     1  3.200890E-06 -7.314203E-01  3.200629E-06 -4.086047E-08
  2.243234E+00  8.000000E+01     2  2.456913E-05 -1.607854E+00  2.455946E-05 -6.893771E-07
  2.243234E+00  8.000000E+01     3  1.658856E-04  7.669250E+01  3.818309E-05  1.614314E-04
  2.243234E+00  8.000000E+01     4  1.694613E-04 -4.994864E+00  1.688178E-04 -1.475439E-05
  2.243234E+00  8.000000E+01     5  3.255015E-05  1.745404E+02 -3.240249E-05  3.096944E-06
  2.243234E+00  8.000000E+01     6  8.740371E-12 -9.680279E+01 -1.035317E-12 -8.678837E-12
  2.243234E+00  9.000000E+01     1  1.250557E-06  1.705334E+02 -1.233526E-06  2.056823E-07
  2.243234E+00  9.000000E+01     2  2.511062E-05 -1.644305E+00  2.510028E-05 -7.205391E-07
  2.243234E+00  9.000000E+01     3  1.659712E-04  7.667842E+01  3.824246E-05  1.615053E-04
  2.243234E+00  9.000000E+01     4  1.716878E-04 -4.975799E+00  1.710408E-04 -1.489133E-05
  2.243234E+00  9.000000E+01     5  2.965908E-06  1.643902E+02 -2.856515E-06  7.980804E-07
  2.243234E+00  9.000000E+01     6  7.752193E-12 -9.895538E+01 -1.206747E-12 -7.657693E-12
  2.243234E+00  1.000000E+02     1  5.644071E-06  1.754461E+02 -5.626253E-06  4.481169E-07
  2.243234E+00  1.000000E+02     2  2.490285E-05 -1.644014E+00  2.489260E-05 -7.144506E-07
  2.243234E+00  1.000000E+02     3  1.660590E-04  7.665438E+01  3.833048E-05  1.615746E-04
  2.243234E+00  1.000000E+02     4  1.686601E-04 -4.967949E+00  1.680265E-04 -1.460571E-05
  2.243234E+00  1.000000E+02     5  2.682745E-05 -3.249425E+00  2.678432E-05 -1.520655E-06
  2.243234E+00  1.000000E+02     6  6.793743E-12 -1.018731E+02 -1.397776E-12 -6.648396E-12
  2.243234E+00  1.100000E+02     1  9.861043E-06  1.760668E+02 -9.837818E-06  6.763941E-07
  2.243234E+00  1.100000E+02     2  2.395282E-05 -1.605199E+00  2.394342E-05 -6.709746E-07
  2.243234E+00  1.100000E+02     3  1.661370E-04  7.662255E+01  3.843830E-05  1.616292E-04
  2.243234E+00  1.100000E+02     4  1.604702E-04 -4.971654E+00  1.598665E-04 -1.390681E-05
  2.243234E+00  1.100000E+02     5  5.576419E-05 -3.903233E+00  5.563484E-05 -3.795957E-06
  2.243234E+00  1.100000E+02     6  6.384406E-12 -1.045308E+02 -1.601854E-12 -6.180186E-12
  2.243234E+00  1.200000E+02     1  1.376482E-05  1.763281E+02 -1.373656E-05  8.815385E-07
  2.243234E+00  1.200000E+02     2  2.228714E-05 -1.519141E+00  2.227930E-05 -5.908521E-07
  2.243234E+00  1.200000E+02     3  1.661926E-04  7.658565E+01  3.855526E-05  1.616585E-04
  2.243234E+00  1.200000E+02     4  1.473742E-04 -4.989675E+00  1.468158E-04 -1.281805E-05
  2.243234E+00  1.200000E+02     5  8.304246E-05 -4.118338E+00  8.282803E-05 -5.963834E-06
  2.243234E+00  1.200000E+02     6  6.770726E-12 -1.055239E+02 -1.812117E-12 -6.523723E-12
  2.243234E+00  1.300000E+02     1  1.723633E-05  1.764866E+02 -1.720394E-05  1.056285E-06
  2.243234E+00  1.300000E+02     2  1.995171E-05 -1.366357E+00  1.994603E-05 -4.757517E-07
  2.243234E+00  1.300000E+02     3  1.662149E-04  7.654652E+01  3.867086E-05  1.616538E-04
  2.243234E+00  1.300000E+02     4  1.297834E-04 -5.028577E+00  1.292839E-04 -1.137585E-05
  2.243234E+00  1.300000E+02     5  1.078329E-04 -4.233563E+00  1.075387E-04 -7.960483E-06
  2.243234E+00  1.300000E+02     6  7.823378E-12 -1.049759E+02 -2.021655E-12 -7.557655E-12
  2.243234E+00  1.400000E+02     1  2.017358E-05  1.766027E+02 -2.013813E-05  1.195465E-06
  2.243234E+00  1.400000E+02     2  1.701161E-05 -1.106041E+00  1.700844E-05 -3.283727E-07
  2.243234E+00  1.400000E+02     3  1.661971E-04  7.650750E+01  3.877679E-05  1.616102E-04
  2.243234E+00  1.400000E+02     4  1.082478E-04 -5.102722E+00  1.078188E-04 -9.627737E-06
  2.243234E+00  1.400000E+02     5  1.293741E-04 -4.310469E+00  1.290082E-04 -9.723879E-06
  2.243234E+00  1.400000E+02     6  9.096204E-12 -1.041509E+02 -2.223809E-12 -8.820181E-12
  2.243234E+00  1.500000E+02     1  2.249348E-05  1.766967E+02 -2.245611E-05  1.296102E-06
  2.243234E+00  1.500000E+02     2  1.355090E-05 -6.451671E-01  1.355004E-05 -1.525839E-07
  2.243234E+00  1.500000E+02     3  1.661381E-04  7.647011E+01  3.886845E-05  1.615275E-04
  2.243234E+00  1.500000E+02     4  8.343616E-05 -5.246819E+00  8.308656E-05 -7.629931E-06
  2.243234E+00  1.500000E+02     5  1.469970E-04 -4.368198E+00  1.465700E-04 -1.119611E-05
  2.243234E+00  1.500000E+02     6  1.001656E-11 -1.039366E+02 -2.412470E-12 -9.721703E-12
  2.243234E+00  1.600000E+02     1  2.413261E-05  1.767759E+02 -2.409441E-05  1.357240E-06
  2.243234E+00  1.600000E+02     2  9.672275E-06  2.752275E-01  9.672164E-06  4.646181E-08
  2.243234E+00  1.600000E+02     3  1.660427E-04  7.643489E+01  3.894534E-05  1.614108E-04
  2.243234E+00  1.600000E+02     4  5.611142E-05 -5.568311E+00  5.584664E-05 -5.444628E-06
  2.243234E+00  1.600000E+02     5  1.601489E-04 -4.414258E+00  1.596738E-04 -1.232620E-05
  2.243234E+00  1.600000E+02     6  1.015345E-11 -1.047338E+02 -2.582318E-12 -9.819577E-12
  2.243234E+00  1.700000E+02     1  2.504721E-05  1.768426E+02 -2.500919E-05  1.379574E-06
  2.243234E+00  1.700000E+02     2  5.498214E-06  2.734679E+00  5.491953E-06  2.623255E-07
  2.243234E+00  1.700000E+02     3  1.659205E-04  7.640163E+01  3.901032E-05  1.612694E-04
  2.243234E+00  1.700000E+02     4  2.710904E-05 -6.646060E+00  2.692687E-05 -3.137484E-06
  2.243234E+00  1.700000E+02     5  1.684151E-04 -4.451995E+00  1.679070E-04 -1.307302E-05
  2.243234E+00  1.700000E+02     6  9.430449E-12 -1.068204E+02 -2.728921E-12 -9.026979E-12
  2.243234E+00  1.800000E+02     1  2.521299E-05  1.768966E+02 -2.517602E-05  1.364990E-06
  2.243234E+00  1.800000E+02     2  1.238998E-06  2.316886E+01  1.139072E-06  4.874744E-07
  2.243234E+00  1.800000E+02     3  1.657842E-04  7.636968E+01  3.906810E-05  1.611151E-04
  2.243234E+00  1.800000E+02     4  2.907422E-06 -1.645281E+02 -2.802061E-06 -7.756005E-07
  2.243234E+00  1.800000E+02     5  1.715355E-04 -4.483048E+00  1.710107E-04 -1.340793E-05
  2.243234E+00  1.800000E+02     6  8.170719E-12 -1.104045E+02 -2.848688E-12 -7.658043E-12
  2.243234E+00  1.900000E+02     1  2.462500E-05  1.769363E+02 -2.458981E-05  1.316108E-06
  2.243234E+00  1.900000E+02     2  3.326464E-06  1.676108E+02 -3.248999E-06  7.136982E-07
  2.243234E+00  1.900000E+02     3  1.656469E-04  7.633848E+01  3.912341E-05  1.609604E-04
  2.243234E+00  1.900000E+02     4  3.248892E-05  1.772234E+02 -3.245078E-05  1.573819E-06
  2.243234E+00  1.900000E+02     5  1.694143E-04 -4.508328E+00  1.688901E-04 -1.331664E-05
  2.243234E+00  1.900000E+02     6  6.940148E-12 -1.150519E+02 -2.938732E-12 -6.287250E-12
  2.243234E+00  2.000000E+02     1  2.329785E-05  1.769592E+02 -2.326505E-05  1.235901E-06
  2.243234E+00  2.000000E+02     2  7.590175E-06  1.729415E+02 -7.532651E-06  9.327006E-07
  2.243234E+00  2.000000E+02     3  1.655208E-04  7.630784E+01  3.917962E-05  1.608169E-04
  2.243234E+00  2.000000E+02     4  6.125498E-05  1.764018E+02 -6.113422E-05  3.844292E-06
  2.243234E+00  2.000000E+02     5  1.621231E-04 -4.528448E+00  1.616170E-04 -1.280028E-05
  2.243234E+00  2.000000E+02     6  6.252792E-12 -1.186374E+02 -2.996747E-12 -5.487888E-12
  2.243234E+00  2.100000E+02     1  2.126616E-05  1.769610E+02 -2.123625E-05  1.127455E-06
  2.243234E+00  2.100000E+02     2  1.163184E-05  1.743917E+02 -1.157616E-05  1.136749E-06
  2.243234E+00  2.100000E+02     3  1.654156E-04  7.627809E+01  3.923816E-05  1.606943E-04
  2.243234E+00  2.100000E+02     4  8.819639E-05  1.761182E+02 -8.799406E-05  5.970693E-06
  2.243234E+00  2.100000E+02     5  1.498971E-04 -4.543909E+00  1.494260E-04 -1.187531E-05
  2.243234E+00  2.100000E+02     6  6.337776E-12 -1.184681E+02 -3.021023E-12 -5.571429E-12
  2.243234E+00  2.200000E+02     1  1.858495E-05  1.769345E+02 -1.855836E-05  9.938789E-07
  2.243234E+00  2.200000E+02     2  1.531026E-05  1.750569E+02 -1.525331E-05  1.319231E-06
  2.243234E+00  2.200000E+02     3  1.653387E-04  7.625000E+01  3.929867E-05  1.606005E-04
  2.243234E+00  2.200000E+02     4  1.124982E-04  1.759782E+02 -1.122212E-04  7.890132E-06
  2.243234E+00  2.200000E+02     5  1.331245E-04 -4.555158E+00  1.327040E-04 -1.057259E-05
  2.243234E+00  2.200000E+02     6  7.117275E-12 -1.150241E+02 -3.010599E-12 -6.449178E-12
  2.243234E+00  2.300000E+02     1  1.532973E-05  1.768650E+02 -1.530679E-05  8.383669E-07
  2.243234E+00  2.300000E+02     2  1.851092E-05  1.754297E+02 -1.845207E-05  1.474987E-06
  2.243234E+00  2.300000E+02     3  1.652955E-04  7.622454E+01  3.935973E-05  1.605410E-04
  2.243234E+00  2.300000E+02     4  1.334204E-04  1.758982E+02 -1.330787E-04  9.543390E-06
  2.243234E+00  2.300000E+02     5  1.123302E-04 -4.562507E+00  1.119742E-04 -8.935487E-06
  2.243234E+00  2.300000E+02     6  8.232494E-12 -1.111136E+02 -2.965497E-12 -7.679829E-12
  2.243234E+00  2.400000E+02     1  1.159572E-05  1.767156E+02 -1.157667E-05  6.643515E-07
  2.243234E+00  2.400000E+02     2  2.113858E-05  1.756580E+02 -2.107791E-05  1.600378E-06
  2.243234E+00  2.400000E+02     3  1.652888E-04  7.620268E+01  3.941940E-05  1.605195E-04
  2.243234E+00  2.400000E+02     4  1.503186E-04  1.758505E+02 -1.499246E-04  1.087698E-05
  2.243234E+00  2.400000E+02     5  8.815600E-05 -4.565809E+00  8.787624E-05 -7.017578E-06
  2.243234E+00  2.400000E+02     6  9.147068E-12 -1.083977E+02 -2.886911E-12 -8.679551E-12
  2.243234E+00  2.500000E+02     1  7.496123E-06  1.763617E+02 -7.481015E-06  4.756823E-07
  2.243234E+00  2.500000E+02     2  2.311805E-05  1.758001E+02 -2.305596E-05  1.693093E-06
  2.243234E+00  2.500000E+02     3  1.653193E-04  7.618525E+01  3.947550E-05  1.605371E-04
  2.243234E+00  2.500000E+02     4  1.626659E-04  1.758239E+02 -1.622340E-04  1.184570E-05
  2.243234E+00  2.500000E+02     5  6.133846E-05 -4.563242E+00  6.114402E-05 -4.880052E-06
  2.243234E+00  2.500000E+02     6  9.414901E-12 -1.071565E+02 -2.777236E-12 -8.995961E-12
  2.243234E+00  2.600000E+02     1  3.159565E-06  1.749751E+02 -3.147422E-06  2.767414E-07
  2.243234E+00  2.600000E+02     2  2.439492E-05  1.758820E+02 -2.433194E-05  1.751827E-06
  2.243234E+00  2.600000E+02     3  1.653845E-04  7.617301E+01  3.952538E-05  1.605920E-04
  2.243234E+00  2.600000E+02     4  1.700721E-04  1.758137E+02 -1.696183E-04  1.241522E-05
  2.243234E+00  2.600000E+02     5  3.268542E-05 -4.543702E+00  3.258270E-05 -2.589322E-06
  2.243234E+00  2.600000E+02     6  8.917839E-12 -1.072191E+02 -2.639915E-12 -8.518139E-12
  2.243234E+00  2.700000E+02     1  1.288582E-06  3.222620E+00  1.286545E-06  7.243852E-08
  2.243234E+00  2.700000E+02     2  2.493569E-05  1.759159E+02 -2.487237E-05  1.775935E-06
  2.243234E+00  2.700000E+02     3  1.654782E-04  7.616673E+01  3.956541E-05  1.606786E-04
  2.243234E+00  2.700000E+02     4  1.722994E-04  1.758182E+02 -1.718406E-04  1.256438E-05
  2.243234E+00  2.700000E+02     5  3.053403E-06 -4.037719E+00  3.045824E-06 -2.149998E-07
  2.243234E+00  2.700000E+02     6  7.922546E-12 -1.082357E+02 -2.479178E-12 -7.524653E-12
  2.243234E+00  2.800000E+02     1  5.680648E-06 -1.330748E+00  5.679116E-06 -1.319265E-07
  2.243234E+00  2.800000E+02     2  2.472737E-05  1.759064E+02 -2.466428E-05  1.765195E-06
  2.243234E+00  2.800000E+02     3  1.655903E-04  7.616726E+01  3.959073E-05  1.607878E-04
  2.243234E+00  2.800000E+02     4  1.692728E-04  1.758375E+02 -1.688263E-04  1.228675E-05
  2.243234E+00  2.800000E+02     5  2.667534E-05  1.753303E+02 -2.658679E-05  2.171691E-06
  2.243234E+00  2.800000E+02     6  6.939353E-12 -1.093544E+02 -2.299778E-12 -6.547186E-12
  2.243234E+00  2.900000E+02     1  9.896107E-06 -1.916112E+00  9.890574E-06 -3.308886E-07
  2.243234E+00  2.900000E+02     2  2.377700E-05  1.758523E+02 -2.371473E-05  1.719744E-06
  2.243234E+00  2.900000E+02     3  1.657076E-04  7.617555E+01  3.959548E-05  1.609075E-04
  2.243234E+00  2.900000E+02     4  1.610842E-04  1.758736E+02 -1.606667E-04  1.159118E-05
  2.243234E+00  2.900000E+02     5  5.561327E-05  1.753595E+02 -5.543097E-05  4.499261E-06
  2.243234E+00  2.900000E+02     6  6.466847E-12 -1.090133E+02 -2.106823E-12 -6.114034E-12
  2.243234E+00  3.000000E+02     1  1.379904E-05 -2.155707E+00  1.378927E-05 -5.190551E-07
  2.243234E+00  3.000000E+02     2  2.211123E-05  1.757460E+02 -2.205031E-05  1.640184E-06
  2.243234E+00  3.000000E+02     3  1.658157E-04  7.619246E+01  3.957378E-05  1.610241E-04
  2.243234E+00  3.000000E+02     4  1.479898E-04  1.759309E+02 -1.476168E-04  1.050136E-05
  2.243234E+00  3.000000E+02     5  8.289147E-05  1.753657E+02 -8.262047E-05  6.697325E-06
  2.243234E+00  3.000000E+02     6  6.768592E-12 -1.063528E+02 -1.905704E-12 -6.494777E-12
  2.243234E+00  3.100000E+02     1  1.727051E-05 -2.293988E+00  1.725667E-05 -6.912859E-07
  2.243234E+00  3.100000E+02     2  1.977597E-05  1.755691E+02 -1.971686E-05  1.527830E-06
  2.243234E+00  3.100000E+02     3  1.659014E-04  7.621846E+01  3.952112E-05  1.611253E-04
  2.243234E+00  3.100000E+02     4  1.304006E-04  1.760185E+02 -1.300859E-04  9.054335E-06
  2.243234E+00  3.100000E+02     5  1.076824E-04  1.753668E+02 -1.073305E-04  8.698297E-06
  2.243234E+00  3.100000E+02     6  7.755947E-12 -1.026769E+02 -1.702070E-12 -7.566880E-12
  2.243234E+00  3.200000E+02     1  2.020853E-05 -2.390178E+00  2.019095E-05 -8.427842E-07
  2.243234E+00  3.200000E+02     2  1.683630E-05  1.752814E+02 -1.677924E-05  1.384985E-06
  2.243234E+00  3.200000E+02     3  1.659554E-04  7.625337E+01  3.943577E-05  1.612018E-04
  2.243234E+00  3.200000E+02     4  1.088668E-04  1.761561E+02 -1.086219E-04  7.298348E-06
  2.243234E+00  3.200000E+02     5  1.292250E-04  1.753663E+02 -1.288027E-04  1.043951E-05
  2.243234E+00  3.200000E+02     6  8.993567E-12 -9.961234E+01 -1.501756E-12 -8.867298E-12
  2.243234E+00  3.300000E+02     1  2.252991E-05 -2.465312E+00  2.250906E-05 -9.691138E-07
  2.243234E+00  3.300000E+02     2  1.337628E-05  1.747878E+02 -1.332097E-05  1.215158E-06
  2.243234E+00  3.300000E+02     3  1.659742E-04  7.629621E+01  3.931968E-05  1.612495E-04
  2.243234E+00  3.300000E+02     4  8.405730E-05  1.763917E+02 -8.389066E-05  5.290225E-06
  2.243234E+00  3.300000E+02     5  1.468501E-04  1.753654E+02 -1.463700E-04  1.186569E-05
  2.243234E+00  3.300000E+02     6  9.892410E-12 -9.761343E+01 -1.310633E-12 -9.805204E-12
  2.243234E+00  3.400000E+02     1  2.417106E-05 -2.528154E+00  2.414754E-05 -1.066193E-06
  2.243234E+00  3.400000E+02     2  9.498618E-06  1.738164E+02 -9.443354E-06  1.023136E-06
  2.243234E+00  3.400000E+02     3  1.659603E-04  7.634523E+01  3.917843E-05  1.612695E-04
  2.243234E+00  3.400000E+02     4  5.673603E-05  1.768752E+02 -5.665167E-05  3.092771E-06
  2.243234E+00  3.400000E+02     5  1.600050E-04  1.753643E+02 -1.594816E-04  1.293146E-05
  2.243234E+00  3.400000E+02     6  1.000133E-11 -9.651283E+01 -1.134409E-12 -9.936788E-12
  2.243234E+00  3.500000E+02     1  2.508799E-05 -2.582288E+00  2.506251E-05 -1.130319E-06
  2.243234E+00  3.500000E+02     2  5.326217E-06  1.711997E+02 -5.263515E-06  8.148647E-07
  2.243234E+00  3.500000E+02     3  1.659213E-04  7.639813E+01  3.902037E-05  1.612678E-04
  2.243234E+00  3.500000E+02     4  2.774349E-05  1.784045E+02 -2.773273E-05  7.724709E-07
  2.243234E+00  3.500000E+02     5  1.682745E-04  1.753631E+02 -1.677237E-04  1.360357E-05
  2.243234E+00  3.500000E+02     6  9.226210E-12 -9.608766E+01 -9.784390E-13 -9.174181E-12
  2.114941E+00  0.000000E+00     1  6.935329E-06  1.588759E+02 -6.469291E-06  2.499413E-06
  2.114941E+00  0.000000E+00     2  1.913290E-06  1.454874E+02 -1.576554E-06  1.084047E-06
  2.114941E+00  0.000000E+00     3  2.058634E-04  5.953458E+01  1.043765E-04  1.774410E-04
  2.114941E+00  0.000000E+00     4  5.577840E-06 -4.447025E+01  3.980426E-06 -3.907494E-06
  2.114941E+00  0.000000E+00     5  2.739682E-04  1.692298E+02 -2.691421E-04  5.119642E-05
  2.114941E+00  0.000000E+00     6  7.124275E-12 -1.108934E+02 -2.540733E-12 -6.655822E-12
  2.114941E+00  1.000000E+01     1  7.221413E-06  1.595722E+02 -6.767279E-06  2.520464E-06
  2.114941E+00  1.000000E+01     2  3.085081E-06  1.510364E+02 -2.699222E-06  1.493962E-06
  2.114941E+00  1.000000E+01     3  2.058303E-04  5.961984E+01  1.040956E-04  1.775675E-04
  2.114941E+00  1.000000E+01     4  5.229389E-05 -1.408550E+01  5.072160E-05 -1.272674E-05
  2.114941E+00  1.000000E+01     5  2.709742E-04  1.691912E+02 -2.661666E-04  5.081654E-05
  2.114941E+00  1.000000E+01     6  5.422765E-12 -1.161611E+02 -2.390875E-12 -4.867248E-12
  2.114941E+00  2.000000E+01     1  7.271391E-06  1.601454E+02 -6.839161E-06  2.469615E-06
  2.114941E+00  2.000000E+01     2  4.179344E-06  1.532636E+02 -3.732512E-06  1.880232E-06
  2.114941E+00  2.000000E+01     3  2.058069E-04  5.969934E+01  1.038373E-04  1.776915E-04
  2.114941E+00  2.000000E+01     4  9.821369E-05 -1.247625E+01  9.589444E-05 -2.121759E-05
  2.114941E+00  2.000000E+01     5  2.596851E-04  1.691479E+02 -2.550410E-04  4.889199E-05
  2.114941E+00  2.000000E+01     6  4.478404E-12 -1.206290E+02 -2.281642E-12 -3.853597E-12
  2.114941E+00  3.000000E+01     1  7.094233E-06  1.606341E+02 -6.692842E-06  2.352448E-06
  2.114941E+00  3.000000E+01     2  5.162879E-06  1.543746E+02 -4.655063E-06  2.232869E-06
  2.114941E+00  3.000000E+01     3  2.058036E-04  5.977014E+01  1.036160E-04  1.778169E-04
  2.114941E+00  3.000000E+01     4  1.411922E-04 -1.190752E+01  1.381540E-04 -2.913255E-05
  2.114941E+00  3.000000E+01     5  2.404725E-04  1.690940E+02 -2.361294E-04  4.549683E-05
  2.114941E+00  3.000000E+01     6  4.607193E-12 -1.187726E+02 -2.217604E-12 -4.038373E-12
  2.114941E+00  4.000000E+01     1  6.707676E-06  1.610664E+02 -6.344760E-06  2.176453E-06
  2.114941E+00  4.000000E+01     2  6.008618E-06  1.549751E+02 -5.444552E-06  2.541720E-06
  2.114941E+00  4.000000E+01     3  2.058263E-04  5.982976E+01  1.034423E-04  1.779442E-04
  2.114941E+00  4.000000E+01     4  1.799175E-04 -1.161895E+01  1.762307E-04 -3.623572E-05
  2.114941E+00  4.000000E+01     5  2.139556E-04  1.690201E+02 -2.100389E-04  4.075099E-05
  2.114941E+00  4.000000E+01     6  5.732270E-12 -1.125902E+02 -2.201976E-12 -5.292468E-12
  2.114941E+00  5.000000E+01     1  6.134546E-06  1.614660E+02 -5.816381E-06  1.949968E-06
  2.114941E+00  5.000000E+01     2  6.689676E-06  1.552874E+02 -6.077009E-06  2.796735E-06
  2.114941E+00  5.000000E+01     3  2.058773E-04  5.987589E+01  1.033246E-04  1.780715E-04
  2.114941E+00  5.000000E+01     4  2.132060E-04 -1.144589E+01  2.089659E-04 -4.230912E-05
  2.114941E+00  5.000000E+01     5  1.809730E-04  1.689092E+02 -1.775930E-04  3.481283E-05
  2.114941E+00  5.000000E+01     6  7.349385E-12 -1.077145E+02 -2.236229E-12 -7.000910E-12
  2.114941E+00  6.000000E+01     1  5.399123E-06  1.618576E+02 -5.130709E-06  1.681177E-06
  2.114941E+00  6.000000E+01     2  7.179390E-06  1.554007E+02 -6.527797E-06  2.988562E-06
  2.114941E+00  6.000000E+01     3  2.059563E-04  5.990633E+01  1.032696E-04  1.781948E-04
  2.114941E+00  6.000000E+01     4  2.400261E-04 -1.133119E+01  2.353475E-04 -4.716032E-05
  2.114941E+00  6.000000E+01     5  1.425495E-04  1.687252E+02 -1.397984E-04  2.787066E-05
  2.114941E+00  6.000000E+01     6  8.670252E-12 -1.055190E+02 -2.319796E-12 -8.354149E-12
  2.114941E+00  7.000000E+01     1  4.524382E-06  1.622762E+02 -4.309632E-06  1.377355E-06
  2.114941E+00  7.000000E+01     2  7.453497E-06  1.553445E+02 -6.773981E-06  3.109308E-06
  2.114941E+00  7.000000E+01     3  2.060606E-04  5.991923E+01  1.032818E-04  1.783083E-04
  2.114941E+00  7.000000E+01     4  2.595332E-04 -1.124960E+01  2.545467E-04 -5.063063E-05
  2.114941E+00  7.000000E+01     5  9.985930E-05  1.683678E+02 -9.780840E-05  2.013450E-05
  2.114941E+00  7.000000E+01     6  9.064723E-12 -1.056808E+02 -2.449988E-12 -8.727357E-12
  2.114941E+00  8.000000E+01     1  3.530817E-06  1.627918E+02 -3.372763E-06  1.044575E-06
  2.114941E+00  8.000000E+01     2  7.493238E-06  1.551136E+02 -6.797444E-06  3.153309E-06
  2.114941E+00  8.000000E+01     3  2.061843E-04  5.991358E+01  1.033613E-04  1.784051E-04
  2.114941E+00  8.000000E+01     4  2.711019E-04 -1.118826E+01  2.659496E-04 -5.260283E-05
  2.114941E+00  8.000000E+01     5  5.419315E-05  1.673922E+02 -5.288639E-05  1.182907E-05
  2.114941E+00  8.000000E+01     6  8.391373E-12 -1.082087E+02 -2.622135E-12 -7.971169E-12
  2.114941E+00  9.000000E+01     1  2.437231E-06  1.636041E+02 -2.338119E-06  6.879655E-07
  2.114941E+00  9.000000E+01     2  7.288554E-06  1.546743E+02 -6.588059E-06  3.117773E-06
  2.114941E+00  9.000000E+01     3  2.063169E-04  5.988973E+01  1.035021E-04  1.784768E-04
  2.114941E+00  9.000000E+01     4  2.743535E-04 -1.114013E+01  2.691841E-04 -5.300762E-05
  2.114941E+00  9.000000E+01     5  7.123781E-06  1.534096E+02 -6.370291E-06  3.188675E-06
  2.114941E+00  9.000000E+01     6  7.069341E-12 -1.135975E+02 -2.829916E-12 -6.478206E-12
  2.114941E+00  1.000000E+02     1  1.263626E-06  1.656826E+02 -1.224379E-06  3.124856E-07
  2.114941E+00  1.000000E+02     2  6.840763E-06  1.539587E+02 -6.146274E-06  3.003225E-06
  2.114941E+00  1.000000E+02     3  2.064432E-04  5.984973E+01  1.036901E-04  1.785137E-04
  2.114941E+00  1.000000E+02     4  2.691734E-04 -1.110134E+01  2.641366E-04 -5.182796E-05
  2.114941E+00  1.000000E+02     5  4.073982E-05 -7.824016E+00  4.036057E-05 -5.545946E-06
  2.114941E+00  1.000000E+02     6  5.859713E-12 -1.215465E+02 -3.065744E-12 -4.993741E-12
  2.114941E+00  1.100000E+02     1  9.319494E-08 -1.253469E+02 -5.391566E-08 -7.601577E-08
  2.114941E+00  1.100000E+02     2  6.164239E-06  1.528414E+02 -5.484610E-06  2.813698E-06
  2.114941E+00  1.100000E+02     3  2.065439E-04  5.979728E+01  1.039042E-04  1.785058E-04
  2.114941E+00  1.100000E+02     4  2.557184E-04 -1.107022E+01  2.509601E-04 -4.910098E-05
  2.114941E+00  1.100000E+02     5  8.707160E-05 -9.339163E+00  8.591747E-05 -1.412983E-05
  2.114941E+00  1.100000E+02     6  5.401117E-12 -1.279447E+02 -3.321150E-12 -4.259346E-12
  2.114941E+00  1.200000E+02     1  1.237233E-06 -2.231575E+01  1.144571E-06 -4.697903E-07
  2.114941E+00  1.200000E+02     2  5.286924E-06  1.510810E+02 -4.627667E-06  2.556613E-06
  2.114941E+00  1.200000E+02     3  2.065989E-04  5.973711E+01  1.041193E-04  1.784441E-04
  2.114941E+00  1.200000E+02     4  2.344130E-04 -1.104700E+01  2.300694E-04 -4.491686E-05
  2.114941E+00  1.200000E+02     5  1.308523E-04 -9.819541E+00  1.289353E-04 -2.231628E-05
  2.114941E+00  1.200000E+02     6  5.879150E-12 -1.276003E+02 -3.587159E-12 -4.657971E-12
  2.114941E+00  1.300000E+02     1  2.487799E-06 -2.018895E+01  2.334948E-06 -8.585823E-07
  2.114941E+00  1.300000E+02     2  4.250071E-06  1.481575E+02 -3.610440E-06  2.242281E-06
  2.114941E+00  1.300000E+02     3  2.065909E-04  5.967407E+01  1.043115E-04  1.783224E-04
  2.114941E+00  1.300000E+02     4  2.059325E-04 -1.103430E+01  2.021254E-04 -3.941477E-05
  2.114941E+00  1.300000E+02     5  1.707399E-04 -1.007237E+01  1.681084E-04 -2.986105E-05
  2.114941E+00  1.300000E+02     6  7.155357E-12 -1.225962E+02 -3.854700E-12 -6.028302E-12
  2.114941E+00  1.400000E+02     1  3.685889E-06 -1.948816E+01  3.474726E-06 -1.229657E-06
  2.114941E+00  1.400000E+02     2  3.109952E-06  1.427359E+02 -2.475065E-06  1.883044E-06
  2.114941E+00  1.400000E+02     3  2.065095E-04  5.961214E+01  1.044631E-04  1.781394E-04
  2.114941E+00  1.400000E+02     4  1.711761E-04 -1.103883E+01  1.680089E-04 -3.277581E-05
  2.114941E+00  1.400000E+02     5  2.055028E-04 -1.023898E+01  2.022302E-04 -3.652900E-05
  2.114941E+00  1.400000E+02     6  8.762066E-12 -1.180113E+02 -4.115062E-12 -7.735636E-12
  2.114941E+00  1.500000E+02     1  4.782759E-06 -1.914441E+01  4.518248E-06 -1.568507E-06
  2.114941E+00  1.500000E+02     2  1.957177E-06  1.303242E+02 -1.266512E-06  1.492143E-06
  2.114941E+00  1.500000E+02     3  2.063547E-04  5.955375E+01  1.045661E-04  1.778994E-04
  2.114941E+00  1.500000E+02     4  1.312301E-04 -1.107732E+01  1.287852E-04 -2.521371E-05
  2.114941E+00  1.500000E+02     5  2.340524E-04 -1.036323E+01  2.302344E-04 -4.210318E-05
  2.114941E+00  1.500000E+02     6  9.969864E-12 -1.159351E+02 -4.360349E-12 -8.965799E-12
  2.114941E+00  1.600000E+02     1  5.731472E-06 -1.893766E+01  5.421240E-06 -1.860088E-06
  2.114941E+00  1.600000E+02     2  1.082915E-06  9.149256E+01 -2.820686E-08  1.082548E-06
  2.114941E+00  1.600000E+02     3  2.061365E-04  5.949956E+01  1.046236E-04  1.776125E-04
  2.114941E+00  1.600000E+02     4  8.732678E-05 -1.120193E+01  8.566308E-05 -1.696474E-05
  2.114941E+00  1.600000E+02     5  2.554843E-04 -1.046280E+01  2.512364E-04 -4.639519E-05
  2.114941E+00  1.600000E+02     6  1.019388E-11 -1.167220E+02 -4.583797E-12 -9.105164E-12
  2.114941E+00  1.700000E+02     1  6.491352E-06 -1.878479E+01  6.145588E-06 -2.090309E-06
  2.114941E+00  1.700000E+02     2  1.373636E-06  2.900518E+01  1.201349E-06  6.660606E-07
  2.114941E+00  1.700000E+02     3  2.058734E-04  5.944881E+01  1.046471E-04  1.772931E-04
  2.114941E+00  1.700000E+02     4  4.080210E-05 -1.170560E+01  3.995354E-05 -8.278055E-06
  2.114941E+00  1.700000E+02     5  2.691152E-04 -1.054616E+01  2.645693E-04 -4.925553E-05
  2.114941E+00  1.700000E+02     6  9.345013E-12 -1.207630E+02 -4.779869E-12 -8.030076E-12
  2.114941E+00  1.800000E+02     1  7.032066E-06 -1.863903E+01  6.663241E-06 -2.247483E-06
  2.114941E+00  1.800000E+02     2  2.403444E-06  6.040789E+00  2.390098E-06  2.529299E-07
  2.114941E+00  1.800000E+02     3  2.055885E-04  5.940014E+01  1.046526E-04  1.769589E-04
  2.114941E+00  1.800000E+02     4  6.996133E-06  1.751461E+02 -6.971043E-06  5.919845E-07
  2.114941E+00  1.800000E+02     5  2.745119E-04 -1.061814E+01  2.698114E-04 -5.058224E-05
  2.114941E+00  1.800000E+02     6  7.906701E-12 -1.287046E+02 -4.944101E-12 -6.170234E-12
  2.114941E+00  1.900000E+02     1  7.336131E-06 -1.846455E+01  6.958465E-06 -2.323484E-06
  2.114941E+00  1.900000E+02     2  3.514992E-06 -2.411755E+00  3.511879E-06 -1.479131E-07
  2.114941E+00  1.900000E+02     3  2.053054E-04  5.935233E+01  1.046559E-04  1.766279E-04
  2.114941E+00  1.900000E+02     4  5.452840E-05  1.700828E+02 -5.371363E-05  9.391115E-06
  2.114941E+00  1.900000E+02     5  2.715086E-04 -1.068214E+01  2.668036E-04 -5.032691E-05
  2.114941E+00  1.900000E+02     6  6.659713E-12 -1.396159E+02 -5.072824E-12 -4.314886E-12
  2.114941E+00  2.000000E+02     1  7.399474E-06 -1.822728E+01  7.028193E-06 -2.314461E-06
  2.114941E+00  2.000000E+02     2  4.574882E-06 -6.629231E+00  4.544294E-06 -5.281423E-07
  2.114941E+00  2.000000E+02     3  2.050451E-04  5.930501E+01  1.046689E-04  1.763177E-04
  2.114941E+00  2.000000E+02     4  1.004880E-04  1.697573E+02 -9.888659E-05  1.786862E-05
  2.114941E+00  2.000000E+02     5  2.602124E-04 -1.074133E+01  2.556531E-04 -4.849716E-05
  2.114941E+00  2.000000E+02     6  6.101346E-12 -1.478003E+02 -5.162936E-12 -3.251234E-12
  2.114941E+00  2.100000E+02     1  7.230165E-06 -1.788987E+01  6.880577E-06 -2.221023E-06
  2.114941E+00  2.100000E+02     2  5.536299E-06 -9.137393E+00  5.466046E-06 -8.791779E-07
  2.114941E+00  2.100000E+02     3  2.048247E-04  5.925878E+01  1.046985E-04  1.760437E-04
  2.114941E+00  2.100000E+02     4  1.434796E-04  1.696490E+02 -1.411445E-04  2.578013E-05
  2.114941E+00  2.100000E+02     5  2.409955E-04 -1.079945E+01  2.367272E-04 -4.515579E-05
  2.114941E+00  2.100000E+02     6  6.225086E-12 -1.468499E+02 -5.211898E-12 -3.404087E-12
  2.114941E+00  2.200000E+02     1  6.845698E-06 -1.740672E+01  6.532201E-06 -2.047909E-06
  2.114941E+00  2.200000E+02     2  6.367347E-06 -1.078585E+01  6.254858E-06 -1.191577E-06
  2.114941E+00  2.200000E+02     3  2.046569E-04  5.921500E+01  1.047471E-04  1.758195E-04
  2.114941E+00  2.200000E+02     4  1.822110E-04  1.696004E+02 -1.792178E-04  3.289135E-05
  2.114941E+00  2.200000E+02     5  2.144771E-04 -1.086187E+01  2.106346E-04 -4.041649E-05
  2.114941E+00  2.200000E+02     6  6.986041E-12 -1.383238E+02 -5.217971E-12 -4.645163E-12
  2.114941E+00  2.300000E+02     1  6.269474E-06 -1.671552E+01  6.004555E-06 -1.803226E-06
  2.114941E+00  2.300000E+02     2  7.038830E-06 -1.192940E+01  6.886813E-06 -1.454970E-06
  2.114941E+00  2.300000E+02     3  2.045510E-04  5.917528E+01  1.048147E-04  1.756559E-04
  2.114941E+00  2.300000E+02     4  2.155030E-04  1.695781E+02 -2.119477E-04  3.898357E-05
  2.114941E+00  2.300000E+02     5  1.814960E-04 -1.093762E+01  1.781990E-04 -3.443709E-05
  2.114941E+00  2.300000E+02     6  8.202802E-12 -1.291655E+02 -5.180584E-12 -6.359835E-12
  2.114941E+00  2.400000E+02     1  5.527257E-06 -1.571866E+01  5.320558E-06 -1.497411E-06
  2.114941E+00  2.400000E+02     2  7.522478E-06 -1.273794E+01  7.337340E-06 -1.658648E-06
  2.114941E+00  2.400000E+02     3  2.045132E-04  5.914113E+01  1.049000E-04  1.755610E-04
  2.114941E+00  2.400000E+02     4  2.423259E-04  1.695719E+02 -2.383234E-04  4.386129E-05
  2.114941E+00  2.400000E+02     5  1.430760E-04 -1.104522E+01  1.404257E-04 -2.741101E-05
  2.114941E+00  2.400000E+02     6  9.268206E-12 -1.233901E+02 -5.100639E-12 -7.738419E-12
  2.114941E+00  2.500000E+02     1  4.644533E-06 -1.423619E+01  4.501900E-06 -1.142182E-06
  2.114941E+00  2.500000E+02     2  7.792566E-06 -1.329976E+01  7.583568E-06 -1.792646E-06
  2.114941E+00  2.500000E+02     3  2.045460E-04  5.911372E+01  1.050008E-04  1.755389E-04
  2.114941E+00  2.500000E+02     4  2.618358E-04  1.695789E+02 -2.575168E-04  4.736117E-05
  2.114941E+00  2.500000E+02     5  1.003892E-04 -1.123451E+01  9.846554E-05 -1.955834E-05
  2.114941E+00  2.500000E+02     6  9.556029E-12 -1.214126E+02 -4.980576E-12 -8.155462E-12
  2.114941E+00  2.600000E+02     1  3.645834E-06 -1.186656E+01  3.567919E-06 -7.497040E-07
  2.114941E+00  2.600000E+02     2  7.828918E-06 -1.366145E+01  7.607424E-06 -1.849069E-06
  2.114941E+00  2.600000E+02     3  2.046469E-04  5.909402E+01  1.051130E-04  1.755894E-04
  2.114941E+00  2.600000E+02     4  2.734082E-04  1.695988E+02 -2.689154E-04  4.936100E-05
  2.114941E+00  2.600000E+02     5  5.471973E-05 -1.172259E+01  5.357843E-05 -1.111759E-05
  2.114941E+00  2.600000E+02     6  8.884325E-12 -1.228880E+02 -4.824170E-12 -7.460471E-12
  2.114941E+00  2.700000E+02     1  2.557953E-06 -7.461263E+00  2.536295E-06 -3.321652E-07
  2.114941E+00  2.700000E+02     2  7.620123E-06 -1.384371E+01  7.398774E-06 -1.823299E-06
  2.114941E+00  2.700000E+02     3  2.048069E-04  5.908312E+01  1.052285E-04  1.757066E-04
  2.114941E+00  2.700000E+02     4  2.766644E-04  1.696328E+02 -2.721478E-04  4.978739E-05
  2.114941E+00  2.700000E+02     5  7.473621E-06 -1.823877E+01  7.098150E-06 -2.339076E-06
  2.114941E+00  2.700000E+02     6  7.617674E-12 -1.274888E+02 -4.636162E-12 -6.044416E-12
  2.114941E+00  2.800000E+02     1  1.428727E-06  3.942422E+00  1.425346E-06  9.823064E-08
  2.114941E+00  2.800000E+02     2  7.166188E-06 -1.384474E+01  6.957993E-06 -1.714810E-06
  2.114941E+00  2.800000E+02     3  2.050094E-04  5.908245E+01  1.053346E-04  1.758791E-04
  2.114941E+00  2.800000E+02     4  2.714899E-04  1.696833E+02 -2.671007E-04  4.862102E-05
  2.114941E+00  2.800000E+02     5  4.013339E-05  1.706503E+02 -3.960023E-05  6.520044E-06
  2.114941E+00  2.800000E+02     6  6.417128E-12 -1.335573E+02 -4.421911E-12 -4.650401E-12
  2.114941E+00  2.900000E+02     1  5.881893E-07  6.408017E+01  2.571053E-07  5.290213E-07
  2.114941E+00  2.900000E+02     2  6.480050E-06 -1.363361E+01  6.297460E-06 -1.527427E-06
  2.114941E+00  2.900000E+02     3  2.052319E-04  5.909380E+01  1.054141E-04  1.760909E-04
  2.114941E+00  2.900000E+02     4  2.580414E-04  1.697541E+02 -2.539266E-04  4.589856E-05
  2.114941E+00  2.900000E+02     5  8.647818E-05  1.698768E+02 -8.513191E-05  1.519981E-05
  2.114941E+00  2.900000E+02     6  5.802727E-12 -1.361862E+02 -4.187211E-12 -4.017326E-12
  2.114941E+00  3.000000E+02     1  1.334515E-06  1.347796E+02 -9.400078E-07  9.472670E-07
  2.114941E+00  3.000000E+02     2  5.587599E-06 -1.312683E+01  5.441594E-06 -1.268985E-06
  2.114941E+00  3.000000E+02     3  2.054489E-04  5.911894E+01  1.054482E-04  1.763234E-04
  2.114941E+00  3.000000E+02     4  2.367430E-04  1.698522E+02 -2.330396E-04  4.171121E-05
  2.114941E+00  3.000000E+02     5  1.302615E-04  1.696326E+02 -1.281349E-04  2.344175E-05
  2.114941E+00  3.000000E+02     6  5.998809E-12 -1.310341E+02 -3.938263E-12 -4.525019E-12
  2.114941E+00  3.100000E+02     1  2.516276E-06  1.478335E+02 -2.130040E-06  1.339617E-06
  2.114941E+00  3.100000E+02     2  4.526135E-06 -1.212212E+01  4.425213E-06 -9.504706E-07
  2.114941E+00  3.100000E+02     3  2.056364E-04  5.915905E+01  1.054208E-04  1.765581E-04
  2.114941E+00  3.100000E+02     4  2.082700E-04  1.699905E+02 -2.050999E-04  3.619966E-05
  2.114941E+00  3.100000E+02     5  1.701522E-04  1.695045E+02 -1.673055E-04  3.099458E-05
  2.114941E+00  3.100000E+02     6  7.046959E-12 -1.214972E+02 -3.681736E-12 -6.008698E-12
  2.114941E+00  3.200000E+02     1  3.682666E-06  1.526347E+02 -3.270552E-06  1.692785E-06
  2.114941E+00  3.200000E+02     2  3.341891E-06 -1.007882E+01  3.290319E-06 -5.848402E-07
  2.114941E+00  3.200000E+02     3  2.057769E-04  5.921414E+01  1.053229E-04  1.767801E-04
  2.114941E+00  3.200000E+02     4  1.735216E-04  1.701962E+02 -1.709876E-04  2.954640E-05
  2.114941E+00  3.200000E+02     5  2.049205E-04  1.694209E+02 -2.014373E-04  3.762194E-05
  2.114941E+00  3.200000E+02     6  8.546208E-12 -1.136241E+02 -3.424756E-12 -7.829988E-12
  2.114941E+00  3.300000E+02     1  4.754333E-06  1.551978E+02 -4.315799E-06  1.994383E-06
  2.114941E+00  3.300000E+02     2  2.090102E-06 -5.099069E+00  2.081830E-06 -1.857643E-07
  2.114941E+00  3.300000E+02     3  2.058627E-04  5.928269E+01  1.051552E-04  1.769797E-04
  2.114941E+00  3.300000E+02     4  1.335860E-04  1.705356E+02 -1.317676E-04  2.196611E-05
  2.114941E+00  3.300000E+02     5  2.334779E-04  1.693593E+02 -2.294631E-04  4.311167E-05
  2.114941E+00  3.300000E+02     6  9.704986E-12 -1.090945E+02 -3.174769E-12 -9.171019E-12
  2.114941E+00  3.400000E+02     1  5.679104E-06  1.568365E+02 -5.221288E-06  2.233915E-06
  2.114941E+00  3.400000E+02     2  8.749130E-07  1.547449E+01  8.431968E-07  2.334349E-07
  2.114941E+00  3.400000E+02     3  2.058969E-04  5.936170E+01  1.049285E-04  1.771540E-04
  2.114941E+00  3.400000E+02     4  8.970046E-05  1.712175E+02 -8.864873E-05  1.369582E-05
  2.114941E+00  3.400000E+02     5  2.549194E-04  1.693101E+02 -2.504955E-04  4.728569E-05
  2.114941E+00  3.400000E+02     6  9.862789E-12 -1.073386E+02 -2.939292E-12 -9.414626E-12
  2.114941E+00  3.500000E+02     1  6.415874E-06  1.579975E+02 -5.948592E-06  2.403684E-06
  2.114941E+00  3.500000E+02     2  7.654614E-07  1.203687E+02 -3.869889E-07  6.604322E-07
  2.114941E+00  3.500000E+02     3  2.058915E-04  5.944714E+01  1.046615E-04  1.773057E-04
  2.114941E+00  3.500000E+02     4  4.323041E-05  1.733773E+02 -4.294193E-05  4.985808E-06
  2.114941E+00  3.500000E+02     5  2.685610E-04  1.692683E+02 -2.638638E-04  5.000898E-05
  2.114941E+00  3.500000E+02     6  8.863423E-12 -1.079096E+02 -2.725646E-12 -8.433927E-12
  2.006409E+00  0.000000E+00     1  9.224909E-05  1.470269E+02 -7.739019E-05  5.020611E-05
  2.006409E+00  0.000000E+00     2  6.279142E-06  1.198984E+02 -3.129927E-06  5.443453E-06
  2.006409E+00  0.000000E+00     3  2.179132E-04  2.830379E+01  1.918608E-04  1.033228E-04
  2.006409E+00  0.000000E+00     4  2.121432E-05 -7.488584E+01  5.531486E-06 -2.048048E-05
  2.006409E+00  0.000000E+00     5  5.491450E-04  1.481823E+02 -4.666247E-04  2.895195E-04
  2.006409E+00  0.000000E+00     6  5.133897E-12 -1.329210E+02 -3.496128E-12 -3.759519E-12
  2.006409E+00  1.000000E+01     1  9.216142E-05  1.467873E+02 -7.710623E-05  5.048124E-05
  2.006409E+00  1.000000E+01     2  2.184405E-05  1.394241E+02 -1.659154E-05  1.420855E-05
  2.006409E+00  1.000000E+01     3  2.181743E-04  2.843026E+01  1.918618E-04  1.038703E-04
  2.006409E+00  1.000000E+01     4  1.119338E-04 -3.932012E+01  8.659397E-05 -7.092713E-05
  2.006409E+00  1.000000E+01     5  5.447373E-04  1.479203E+02 -4.615616E-04  2.893089E-04
  2.006409E+00  1.000000E+01     6  3.626786E-12 -1.549159E+02 -3.284730E-12 -1.537571E-12
  2.006409E+00  2.000000E+01     1  8.922744E-05  1.465317E+02 -7.443274E-05  4.920674E-05
  2.006409E+00  2.000000E+01     2  3.715438E-05  1.426171E+02 -2.952270E-05  2.255788E-05
  2.006409E+00  2.000000E+01     3  2.184298E-04  2.854747E+01  1.918734E-04  1.043847E-04
  2.006409E+00  2.000000E+01     4  2.035254E-04 -3.586770E+01  1.649313E-04 -1.192487E-04
  2.006409E+00  2.000000E+01     5  5.236221E-04  1.476463E+02 -4.423354E-04  2.802133E-04
  2.006409E+00  2.000000E+01     6  3.142268E-12 -1.741572E+02 -3.125944E-12 -3.198790E-13
  2.006409E+00  3.000000E+01     1  8.356131E-05  1.462389E+02 -6.946973E-05  4.643759E-05
  2.006409E+00  3.000000E+01     2  5.139590E-05  1.439441E+02 -4.155068E-05  3.025028E-05
  2.006409E+00  3.000000E+01     3  2.186846E-04  2.865132E+01  1.919075E-04  1.048545E-04
  2.006409E+00  3.000000E+01     4  2.892313E-04 -3.455109E+01  2.382169E-04 -1.640349E-04
  2.006409E+00  3.000000E+01     5  4.865166E-04  1.473364E+02 -4.095757E-04  2.625761E-04
  2.006409E+00  3.000000E+01     6  3.097931E-12 -1.676556E+02 -3.026308E-12 -6.622982E-13
  2.006409E+00  4.000000E+01     1  7.536510E-05  1.458786E+02 -6.239108E-05  4.227590E-05
  2.006409E+00  4.000000E+01     2  6.411538E-05  1.446910E+02 -5.232116E-05  3.705776E-05
  2.006409E+00  4.000000E+01     3  2.189375E-04  2.873853E+01  1.919694E-04  1.052680E-04
  2.006409E+00  4.000000E+01     4  3.662877E-04 -3.383553E+01  3.042530E-04 -2.039530E-04
  2.006409E+00  4.000000E+01     5  4.346434E-04  1.469550E+02 -3.643368E-04  2.370097E-04
  2.006409E+00  4.000000E+01     6  3.825754E-12 -1.414143E+02 -2.990502E-12 -2.386062E-12
  2.006409E+00  5.000000E+01     1  6.491588E-05  1.453983E+02 -5.343352E-05  3.686367E-05
  2.006409E+00  5.000000E+01     2  7.491604E-05  1.451854E+02 -6.150632E-05  4.277132E-05
  2.006409E+00  5.000000E+01     3  2.191838E-04  2.880602E+01  1.920611E-04  1.056128E-04
  2.006409E+00  5.000000E+01     4  4.322996E-04 -3.336978E+01  3.610299E-04 -2.377822E-04
  2.006409E+00  5.000000E+01     5  3.696729E-04  1.464399E+02 -3.080507E-04  2.043595E-04
  2.006409E+00  5.000000E+01     6  5.559981E-12 -1.229097E+02 -3.020833E-12 -4.667757E-12
  2.006409E+00  6.000000E+01     1  5.255118E-05  1.446902E+02 -4.288379E-05  3.037445E-05
  2.006409E+00  6.000000E+01     2  8.345192E-05  1.455493E+02 -6.881559E-05  4.720844E-05
  2.006409E+00  6.000000E+01     3  2.194170E-04  2.885069E+01  1.921830E-04  1.058750E-04
  2.006409E+00  6.000000E+01     4  4.851959E-04 -3.302801E+01  4.067903E-04 -2.644555E-04
  2.006409E+00  6.000000E+01     5  2.936566E-04  1.456582E+02 -2.424686E-04  1.656599E-04
  2.006409E+00  6.000000E+01     6  7.143590E-12 -1.158691E+02 -3.116867E-12 -6.427754E-12
  2.006409E+00  7.000000E+01     1  3.865654E-05  1.434788E+02 -3.106581E-05  2.300529E-05
  2.006409E+00  7.000000E+01     2  8.943912E-05  1.458395E+02 -7.400799E-05  5.022124E-05
  2.006409E+00  7.000000E+01     3  2.196293E-04  2.886970E+01  1.923338E-04  1.060413E-04
  2.006409E+00  7.000000E+01     4  5.232859E-04 -3.275249E+01  4.400916E-04 -2.831034E-04
  2.006409E+00  7.000000E+01     5  2.089713E-04  1.442502E+02 -1.695961E-04  1.220907E-04
  2.006409E+00  7.000000E+01     6  7.579514E-12 -1.156029E+02 -3.275341E-12 -6.835289E-12
  2.006409E+00  8.000000E+01     1  2.366583E-05  1.407613E+02 -1.832960E-05  1.496987E-05
  2.006409E+00  8.000000E+01     2  9.266945E-05  1.460863E+02 -7.690438E-05  5.170437E-05
  2.006409E+00  8.000000E+01     3  2.198106E-04  2.886129E+01  1.925081E-04  1.061006E-04
  2.006409E+00  8.000000E+01     4  5.453259E-04 -3.251152E+01  4.598643E-04 -2.930959E-04
  2.006409E+00  8.000000E+01     5  1.183694E-04  1.407226E+02 -9.162855E-05  7.493682E-05
  2.006409E+00  8.000000E+01     6  6.680260E-12 -1.214997E+02 -3.490401E-12 -5.695874E-12
  2.006409E+00  9.000000E+01     1  8.221895E-06  1.278312E+02 -5.042796E-06  6.493825E-06
  2.006409E+00  9.000000E+01     2  9.302248E-05  1.463086E+02 -7.739815E-05  5.160144E-05
  2.006409E+00  9.000000E+01     3  2.199470E-04  2.882580E+01  1.926933E-04  1.060470E-04
  2.006409E+00  9.000000E+01     4  5.505744E-04 -3.228470E+01  4.654581E-04 -2.940764E-04
  2.006409E+00  9.000000E+01     5  2.777999E-05  1.130772E+02 -1.088897E-05  2.555696E-05
  2.006409E+00  9.000000E+01     6  5.160084E-12 -1.366786E+02 -3.754044E-12 -3.540285E-12
  2.006409E+00  1.000000E+02     1  8.694827E-06 -1.457355E+01  8.415075E-06 -2.187815E-06
  2.006409E+00  1.000000E+02     2  9.047416E-05  1.465202E+02 -7.546275E-05  4.990938E-05
  2.006409E+00  1.000000E+02     3  2.200197E-04  2.876628E+01  1.928670E-04  1.058818E-04
  2.006409E+00  1.000000E+02     4  5.388305E-04 -3.205630E+01  4.566733E-04 -2.859855E-04
  2.006409E+00  1.000000E+02     5  7.442538E-05 -1.933343E+01  7.022838E-05 -2.463964E-05
  2.006409E+00  1.000000E+02     6  4.282353E-12 -1.613137E+02 -4.056618E-12 -1.372006E-12
  2.006409E+00  1.100000E+02     1  2.421487E-05 -2.657282E+01  2.165697E-05 -1.083215E-05
  2.006409E+00  1.100000E+02     2  8.510078E-05  1.467338E+02 -7.115543E-05  4.668027E-05
  2.006409E+00  1.100000E+02     3  2.200061E-04  2.868848E+01  1.929987E-04  1.056133E-04
  2.006409E+00  1.100000E+02     4  5.104498E-04 -3.181131E+01  4.337744E-04 -2.690701E-04
  2.006409E+00  1.100000E+02     5  1.667384E-04 -2.642847E+01  1.493127E-04 -7.421196E-05
  2.006409E+00  1.100000E+02     6  4.391422E-12 -1.775079E+02 -4.387268E-12 -1.909483E-13
  2.006409E+00  1.200000E+02     1  3.929776E-05 -2.923109E+01  3.429348E-05 -1.919040E-05
  2.006409E+00  1.200000E+02     2  7.707744E-05  1.469640E+02 -6.461618E-05  4.202000E-05
  2.006409E+00  1.200000E+02     3  2.198835E-04  2.859987E+01  1.930542E-04  1.052560E-04
  2.006409E+00  1.200000E+02     4  4.663355E-04 -3.153139E+01  3.974829E-04 -2.438774E-04
  2.006409E+00  1.200000E+02     5  2.549227E-04 -2.851779E+01  2.239927E-04 -1.217081E-04
  2.006409E+00  1.200000E+02     6  4.762723E-12 -1.737456E+02 -4.734375E-12 -5.188668E-13
  2.006409E+00  1.300000E+02     1  5.329348E-05 -3.045444E+01  4.594071E-05 -2.701197E-05
  2.006409E+00  1.300000E+02     2  6.667040E-05  1.472329E+02 -5.606167E-05  3.608367E-05
  2.006409E+00  1.300000E+02     3  2.196345E-04  2.850812E+01  1.930037E-04  1.048279E-04
  2.006409E+00  1.300000E+02     4  4.079032E-04 -3.118806E+01  3.489499E-04 -2.112322E-04
  2.006409E+00  1.300000E+02     5  3.357350E-04 -2.957286E+01  2.919984E-04 -1.656953E-04
  2.006409E+00  1.300000E+02     6  5.522233E-12 -1.570744E+02 -5.086039E-12 -2.151108E-12
  2.006409E+00  1.400000E+02     1  6.573853E-05 -3.119721E+01  5.623205E-05 -3.405159E-05
  2.006409E+00  1.400000E+02     2  5.422384E-05  1.475835E+02 -4.577431E-05  2.906780E-05
  2.006409E+00  1.400000E+02     3  2.192528E-04  2.841943E+01  1.928300E-04  1.043473E-04
  2.006409E+00  1.400000E+02     4  3.370217E-04 -3.072639E+01  2.897096E-04 -1.721975E-04
  2.006409E+00  1.400000E+02     5  4.065794E-04 -3.024632E+01  3.512309E-04 -2.048016E-04
  2.006409E+00  1.400000E+02     6  6.896392E-12 -1.419494E+02 -5.430682E-12 -4.250637E-12
  2.006409E+00  1.500000E+02     1  7.622129E-05 -3.172395E+01  6.483317E-05 -4.007923E-05
  2.006409E+00  1.500000E+02     2  4.014232E-05  1.481215E+02 -3.408763E-05  2.119998E-05
  2.006409E+00  1.500000E+02     3  2.187466E-04  2.833730E+01  1.925338E-04  1.038305E-04
  2.006409E+00  1.500000E+02     4  2.559375E-04 -3.001421E+01  2.216166E-04 -1.280237E-04
  2.006409E+00  1.500000E+02     5  4.651909E-04 -3.073857E+01  3.998355E-04 -2.377691E-04
  2.006409E+00  1.500000E+02     6  8.129364E-12 -1.350933E+02 -5.757679E-12 -5.738962E-12
  2.006409E+00  1.600000E+02     1  8.438950E-05 -3.213775E+01  7.145863E-05 -4.489155E-05
  2.006409E+00  1.600000E+02     2  2.487307E-05  1.492228E+02 -2.137005E-05  1.272756E-05
  2.006409E+00  1.600000E+02     3  2.181392E-04  2.826224E+01  1.921347E-04  1.032906E-04
  2.006409E+00  1.600000E+02     4  1.672036E-04 -2.862021E+01  1.467736E-04 -8.009077E-05
  2.006409E+00  1.600000E+02     5  5.096808E-04 -3.113216E+01  4.362751E-04 -2.635120E-04
  2.006409E+00  1.600000E+02     6  8.387923E-12 -1.362373E+02 -6.057850E-12 -5.801700E-12
  2.006409E+00  1.700000E+02     1  8.996662E-05 -3.248801E+01  7.588720E-05 -4.832315E-05
  2.006409E+00  1.700000E+02     2  8.911717E-06  1.539961E+02 -8.009532E-06  3.907186E-06
  2.006409E+00  1.700000E+02     3  2.174656E-04  2.819244E+01  1.916668E-04  1.027382E-04
  2.006409E+00  1.700000E+02     4  7.376824E-05 -2.387202E+01  6.745749E-05 -2.985365E-05
  2.006409E+00  1.700000E+02     5  5.386091E-04 -3.146864E+01  4.593938E-04 -2.811711E-04
  2.006409E+00  1.700000E+02     6  7.632721E-12 -1.459441E+02 -6.323646E-12 -4.274334E-12
  2.006409E+00  1.800000E+02     1  9.276618E-05 -3.280270E+01  7.797379E-05 -5.025587E-05
  2.006409E+00  1.800000E+02     2  7.508676E-06 -4.178528E+01  5.598823E-06 -5.003337E-06
  2.006409E+00  1.800000E+02     3  2.167669E-04  2.812510E+01  1.911712E-04  1.021835E-04
  2.006409E+00  1.800000E+02     4  2.538142E-05  1.233437E+02 -1.395114E-05  2.120335E-05
  2.006409E+00  1.800000E+02     5  5.510456E-04 -3.177324E+01  4.684652E-04 -2.901580E-04
  2.006409E+00  1.800000E+02     6  6.773065E-12 -1.652210E+02 -6.548992E-12 -1.727746E-12
  2.006409E+00  1.900000E+02     1  9.270061E-05 -3.310076E+01  7.765636E-05 -5.062502E-05
  2.006409E+00  1.900000E+02     2  2.350344E-05 -3.580502E+01  1.906159E-05 -1.375019E-05
  2.006409E+00  1.900000E+02     3  2.160840E-04  2.805794E+01  1.906881E-04  1.016382E-04
  2.006409E+00  1.900000E+02     4  1.189854E-04  1.430042E+02 -9.503129E-05  7.160019E-05
  2.006409E+00  1.900000E+02     5  5.466076E-04 -3.206496E+01  4.632208E-04 -2.901833E-04
  2.006409E+00  1.900000E+02     6  6.775035E-12  1.733116E+02 -6.728926E-12  7.890869E-13
  2.006409E+00  2.000000E+02     1  8.978377E-05 -3.339828E+01  7.495727E-05 -4.942199E-05
  2.006409E+00  2.000000E+02     2  3.887615E-05 -3.461929E+01  3.199294E-05 -2.208635E-05
  2.006409E+00  2.000000E+02     3  2.154534E-04  2.799022E+01  1.902513E-04  1.011168E-04
  2.006409E+00  2.000000E+02     4  2.107910E-04  1.453376E+02 -1.733794E-04  1.198852E-04
  2.006409E+00  2.000000E+02     5  5.254708E-04 -3.236200E+01  4.438563E-04 -2.812670E-04
  2.006409E+00  2.000000E+02     6  7.212885E-12  1.619849E+02 -6.859272E-12  2.230718E-12
  2.006409E+00  2.100000E+02     1  8.412725E-05 -3.371289E+01  6.997951E-05 -4.669329E-05
  2.006409E+00  2.100000E+02     2  5.314317E-05 -3.407331E+01  4.401963E-05 -2.977363E-05
  2.006409E+00  2.100000E+02     3  2.149050E-04  2.792298E+01  1.898853E-04  1.006366E-04
  2.006409E+00  2.100000E+02     4  2.965722E-04  1.462757E+02 -2.466647E-04  1.646559E-04
  2.006409E+00  2.100000E+02     5  4.883538E-04 -3.268642E+01  4.110175E-04 -2.637310E-04
  2.006409E+00  2.100000E+02     6  7.229008E-12  1.636479E+02 -6.936592E-12  2.035250E-12
  2.006409E+00  2.200000E+02     1  7.593141E-05 -3.406925E+01  6.289862E-05 -4.253636E-05
  2.006409E+00  2.200000E+02     2  6.587968E-05 -3.373419E+01  5.478705E-05 -3.658567E-05
  2.006409E+00  2.200000E+02     3  2.144628E-04  2.785852E+01  1.896074E-04  1.002163E-04
  2.006409E+00  2.200000E+02     4  3.736682E-04  1.468042E+02 -3.126873E-04  2.045839E-04
  2.006409E+00  2.200000E+02     5  4.364790E-04 -3.307089E+01  3.657677E-04 -2.381762E-04
  2.006409E+00  2.200000E+02     6  6.968686E-12  1.768939E+02 -6.958449E-12  3.775951E-13
  2.006409E+00  2.300000E+02     1  6.547248E-05 -3.450937E+01  5.395152E-05 -3.709284E-05
  2.006409E+00  2.300000E+02     2  7.669586E-05 -3.348371E+01  6.396762E-05 -4.231310E-05
  2.006409E+00  2.300000E+02     3  2.141452E-04  2.779951E+01  1.894296E-04  9.987284E-05
  2.006409E+00  2.300000E+02     4  4.397071E-04  1.471605E+02 -3.694388E-04  2.384477E-04
  2.006409E+00  2.300000E+02     5  3.715149E-04 -3.357293E+01  3.095397E-04 -2.054470E-04
  2.006409E+00  2.300000E+02     6  7.185283E-12 -1.644972E+02 -6.923862E-12 -1.920528E-12
  2.006409E+00  2.400000E+02     1  5.308782E-05 -3.511903E+01  4.342365E-05 -3.054020E-05
  2.006409E+00  2.400000E+02     2  8.524763E-05 -3.327432E+01  7.127156E-05 -4.677096E-05
  2.006409E+00  2.400000E+02     3  2.139662E-04  2.774818E+01  1.893606E-04  9.961976E-05
  2.006409E+00  2.400000E+02     4  4.926256E-04  1.474329E+02 -4.151659E-04  2.651741E-04
  2.006409E+00  2.400000E+02     5  2.955086E-04 -3.431431E+01  2.440776E-04 -1.665878E-04
  2.006409E+00  2.400000E+02     6  7.808987E-12 -1.510574E+02 -6.833680E-12 -3.779032E-12
  2.006409E+00  2.500000E+02     1  3.916234E-05 -3.611587E+01  3.163638E-05 -2.308308E-05
  2.006409E+00  2.500000E+02     2  9.125114E-05 -3.308136E+01  7.645899E-05 -4.980755E-05
  2.006409E+00  2.500000E+02     3  2.139343E-04  2.770606E+01  1.894056E-04  9.946569E-05
  2.006409E+00  2.500000E+02     4  5.307373E-04  1.476638E+02 -4.484329E-04  2.838838E-04
  2.006409E+00  2.500000E+02     5  2.108265E-04 -3.562356E+01  1.713727E-04 -1.227975E-04
  2.006409E+00  2.500000E+02     6  7.988386E-12 -1.468822E+02 -6.690664E-12 -4.364554E-12
  2.006409E+00  2.600000E+02     1  2.412358E-05 -3.828261E+01  1.893615E-05 -1.494554E-05
  2.006409E+00  2.600000E+02     2  9.449754E-05 -3.288898E+01  7.935189E-05 -5.131338E-05
  2.006409E+00  2.600000E+02     3  2.140500E-04  2.767431E+01  1.895631E-04  9.941444E-05
  2.006409E+00  2.600000E+02     4  5.528003E-04  1.478781E+02 -4.681770E-04  2.939362E-04
  2.006409E+00  2.600000E+02     5  1.201845E-04 -3.884835E+01  9.360076E-05 -7.538707E-05
  2.006409E+00  2.600000E+02     6  7.371238E-12 -1.518480E+02 -6.499211E-12 -3.477844E-12
  2.006409E+00  2.700000E+02     1  8.535310E-06 -4.822422E+01  5.686371E-06 -6.365272E-06
  2.006409E+00  2.700000E+02     2  9.486568E-05 -3.268453E+01  7.984433E-05 -5.122870E-05
  2.006409E+00  2.700000E+02     3  2.143029E-04  2.765439E+01  1.898216E-04  9.946591E-05
  2.006409E+00  2.700000E+02     4  5.580740E-04  1.480929E+02 -4.737526E-04  2.949662E-04
  2.006409E+00  2.700000E+02     5  2.886951E-05 -6.309927E+01  1.306189E-05 -2.574559E-05
  2.006409E+00  2.700000E+02     6  6.476707E-12 -1.653069E+02 -6.264907E-12 -1.642765E-12
  2.006409E+00  2.800000E+02     1  8.104538E-06  1.626980E+02 -7.737811E-06  2.410354E-06
  2.006409E+00  2.800000E+02     2  9.233100E-05 -3.245525E+01  7.790990E-05 -4.954857E-05
  2.006409E+00  2.800000E+02     3  2.146705E-04  2.764861E+01  1.901573E-04  9.961735E-05
  2.006409E+00  2.800000E+02     4  5.463576E-04  1.483230E+02 -4.649621E-04  2.869092E-04
  2.006409E+00  2.800000E+02     5  7.222359E-05  1.600128E+02 -6.787350E-05  2.468673E-05
  2.006409E+00  2.800000E+02     6  5.995897E-12  1.786022E+02 -5.994113E-12  1.462606E-13
  2.006409E+00  2.900000E+02     1  2.372468E-05  1.520299E+02 -2.095346E-05  1.112712E-05
  2.006409E+00  2.900000E+02     2  8.696969E-05 -3.218492E+01  7.360536E-05 -4.632471E-05
  2.006409E+00  2.900000E+02     3  2.151192E-04  2.766016E+01  1.905347E-04  9.986401E-05
  2.006409E+00  2.900000E+02     4  5.180060E-04  1.485839E+02 -4.420684E-04  2.700107E-04
  2.006409E+00  2.900000E+02     5  1.646102E-04  1.531136E+02 -1.468167E-04  7.444049E-05
  2.006409E+00  2.900000E+02     6  5.764558E-12  1.710135E+02 -5.693799E-12  9.004361E-13
  2.006409E+00  3.000000E+02     1  3.884017E-05  1.498172E+02 -3.357444E-05  1.952731E-05
  2.006409E+00  3.000000E+02     2  7.895715E-05 -3.184853E+01  6.706984E-05 -4.166374E-05
  2.006409E+00  3.000000E+02     3  2.156090E-04  2.769247E+01  1.909120E-04  1.001990E-04
  2.006409E+00  3.000000E+02     4  4.739216E-04  1.488967E+02 -4.057896E-04  2.448194E-04
  2.006409E+00  3.000000E+02     5  2.528205E-04  1.511368E+02 -2.214138E-04  1.220415E-04
  2.006409E+00  3.000000E+02     6  5.372745E-12  1.788165E+02 -5.371599E-12  1.109703E-13
  2.006409E+00  3.100000E+02     1  5.284925E-05  1.488284E+02 -4.521890E-05  2.735497E-05
  2.006409E+00  3.100000E+02     2  6.856051E-05 -3.140116E+01  5.851915E-05 -3.572187E-05
  2.006409E+00  3.100000E+02     3  2.161000E-04  2.774804E+01  1.912493E-04  1.006128E-04
  2.006409E+00  3.100000E+02     4  4.155201E-04  1.492966E+02 -3.572733E-04  2.121621E-04
  2.006409E+00  3.100000E+02     5  3.336559E-04  1.501554E+02 -2.894059E-04  1.660435E-04
  2.006409E+00  3.100000E+02     6  5.419689E-12 -1.583099E+02 -5.035957E-12 -2.003039E-12
  2.006409E+00  3.200000E+02     1  6.529484E-05  1.482450E+02 -5.552064E-05  3.436386E-05
  2.006409E+00  3.200000E+02     2  5.612585E-05 -3.074962E+01  4.823510E-05 -2.869644E-05
  2.006409E+00  3.200000E+02     3  2.165602E-04  2.782739E+01  1.915167E-04  1.010923E-04
  2.006409E+00  3.200000E+02     4  3.446729E-04  1.498526E+02 -2.980510E-04  1.731040E-04
  2.006409E+00  3.200000E+02     5  4.045287E-04  1.495397E+02 -3.486959E-04  2.050723E-04
  2.006409E+00  3.200000E+02     6  6.566158E-12 -1.356601E+02 -4.696154E-12 -4.589180E-12
  2.006409E+00  3.300000E+02     1  7.576792E-05  1.478423E+02 -6.414409E-05  4.032759E-05
  2.006409E+00  3.300000E+02     2  4.206260E-05 -2.966109E+01  3.655105E-05 -2.081546E-05
  2.006409E+00  3.300000E+02     3  2.169703E-04  2.792828E+01  1.917008E-04  1.016215E-04
  2.006409E+00  3.300000E+02     4  2.636349E-04  1.507304E+02 -2.299764E-04  1.288961E-04
  2.006409E+00  3.300000E+02     5  4.631749E-04  1.490972E+02 -3.974223E-04  2.378792E-04
  2.006409E+00  3.300000E+02     6  7.872376E-12 -1.236491E+02 -4.362128E-12 -6.553331E-12
  2.006409E+00  3.400000E+02     1  8.391867E-05  1.475314E+02 -7.080101E-05  4.505064E-05
  2.006409E+00  3.400000E+02     2  2.683426E-05 -2.734575E+01  2.383555E-05 -1.232656E-05
  2.006409E+00  3.400000E+02     3  2.173262E-04  2.804585E+01  1.918059E-04  1.021820E-04
  2.006409E+00  3.400000E+02     4  1.749865E-04  1.524559E+02 -1.551526E-04  8.091933E-05
  2.006409E+00  3.400000E+02     5  5.077037E-04  1.487481E+02 -4.340330E-04  2.633978E-04
  2.006409E+00  3.400000E+02     6  8.141409E-12 -1.197841E+02 -4.044113E-12 -7.065953E-12
  2.006409E+00  3.500000E+02     1  8.947346E-05  1.472684E+02 -7.526625E-05  4.837863E-05
  2.006409E+00  3.500000E+02     2  1.104192E-05 -1.840944E+01  1.047684E-05 -3.487096E-06
  2.006409E+00  3.500000E+02     3  2.176356E-04  2.817343E+01  1.918507E-04  1.027549E-04
  2.006409E+00  3.500000E+02     4  8.180766E-05  1.580112E+02 -7.585675E-05  3.063082E-05
  2.006409E+00  3.500000E+02     5  5.366717E-04  1.484516E+02 -4.573508E-04  2.807967E-04
  2.006409E+00  3.500000E+02     6  7.033065E-12 -1.222431E+02 -3.752228E-12 -5.948512E-12
  1.913036E+00  0.000000E+00     1  2.103987E-04  7.178430E+01  6.576964E-05  1.998549E-04
  1.913036E+00  0.000000E+00     2  1.064390E-05 -2.387672E+01  9.732982E-06 -4.308334E-06
  1.913036E+00  0.000000E+00     3  1.568733E-04 -2.343135E+00  1.567421E-04 -6.413610E-06
  1.913036E+00  0.000000E+00     4  3.893730E-05  1.371952E+02 -2.856724E-05  2.645801E-05
  1.913036E+00  0.000000E+00     5  7.180316E-04  7.211762E+01  2.204817E-04  6.833427E-04
  1.913036E+00  0.000000E+00     6  3.712011E-12 -1.569299E+02 -3.415146E-12 -1.454580E-12
  1.913036E+00  1.000000E+01     1  2.070838E-04  7.118789E+01  6.677744E-05  1.960216E-04
  1.913036E+00  1.000000E+01     2  3.690928E-05  5.468747E+01  2.133490E-05  3.011839E-05
  1.913036E+00  1.000000E+01     3  1.571161E-04 -2.436125E+00  1.569741E-04 -6.678312E-06
  1.913036E+00  1.000000E+01     4  1.131123E-04 -1.264095E+02 -6.713806E-05 -9.103221E-05
  1.913036E+00  1.000000E+01     5  7.041409E-04  7.152696E+01  2.231129E-04  6.678585E-04
  1.913036E+00  1.000000E+01     6  3.740384E-12  1.592259E+02 -3.497207E-12  1.326655E-12
  1.913036E+00  2.000000E+01     1  1.974303E-04  7.055003E+01  6.574108E-05  1.861635E-04
  1.913036E+00  2.000000E+01     2  7.135708E-05  6.308741E+01  3.229840E-05  6.362897E-05
  1.913036E+00  2.000000E+01     3  1.573629E-04 -2.525788E+00  1.572100E-04 -6.934834E-06
  1.913036E+00  2.000000E+01     4  2.303962E-04 -1.167489E+02 -1.036969E-04 -2.057410E-04
  1.913036E+00  2.000000E+01     5  6.686816E-04  7.089779E+01  2.188289E-04  6.318615E-04
  1.913036E+00  2.000000E+01     6  4.540567E-12  1.415878E+02 -3.557813E-12  2.821120E-12
  1.913036E+00  3.000000E+01     1  1.817701E-04  6.981925E+01  6.270757E-05  1.706111E-04
  1.913036E+00  3.000000E+01     2  1.042090E-04  6.605079E+01  4.230124E-05  9.523723E-05
  1.913036E+00  3.000000E+01     3  1.576169E-04 -2.610216E+00  1.574534E-04 -7.178049E-06
  1.913036E+00  3.000000E+01     4  3.429261E-04 -1.135857E+02 -1.372114E-04 -3.142791E-04
  1.913036E+00  3.000000E+01     5  6.128536E-04  7.017450E+01  2.078533E-04  5.765297E-04
  1.913036E+00  3.000000E+01     6  4.279738E-12  1.472157E+02 -3.598039E-12  2.317384E-12
  1.913036E+00  4.000000E+01     1  1.606308E-04  6.891545E+01  5.778615E-05  1.498766E-04
  1.913036E+00  4.000000E+01     2  1.340921E-04  6.762560E+01  5.104314E-05  1.239972E-04
  1.913036E+00  4.000000E+01     3  1.578756E-04 -2.686814E+00  1.577021E-04 -7.400668E-06
  1.913036E+00  4.000000E+01     4  4.457374E-04 -1.119613E+02 -1.666969E-04 -4.133932E-04
  1.913036E+00  4.000000E+01     5  5.385261E-04  6.926895E+01  1.906284E-04  5.036578E-04
  1.913036E+00  4.000000E+01     6  3.619811E-12  1.791716E+02 -3.619433E-12  5.233253E-14
  1.913036E+00  5.000000E+01     1  1.347141E-04  6.768933E+01  5.114129E-05  1.246292E-04
  1.913036E+00  5.000000E+01     2  1.600098E-04  6.864975E+01  5.825447E-05  1.490287E-04
  1.913036E+00  5.000000E+01     3  1.581332E-04 -2.753632E+00  1.579506E-04 -7.596948E-06
  1.913036E+00  5.000000E+01     4  5.353761E-04 -1.109287E+02 -1.912396E-04 -5.000550E-04
  1.913036E+00  5.000000E+01     5  4.481642E-04  6.801498E+01  1.677766E-04  4.155745E-04
  1.913036E+00  5.000000E+01     6  4.645024E-12 -1.412632E+02 -3.623250E-12 -2.906597E-12
  1.913036E+00  6.000000E+01     1  1.048773E-04  6.580464E+01  4.298387E-05  9.566417E-05
  1.913036E+00  6.000000E+01     2  1.811210E-04  6.940668E+01  6.370615E-05  1.695475E-04
  1.913036E+00  6.000000E+01     3  1.583823E-04 -2.810131E+00  1.581918E-04 -7.764909E-06
  1.913036E+00  6.000000E+01     4  6.089307E-04 -1.101770E+02 -2.100336E-04 -5.715615E-04
  1.913036E+00  6.000000E+01     5  3.447712E-04  6.603183E+01  1.400561E-04  3.150420E-04
  1.913036E+00  6.000000E+01     6  6.300317E-12 -1.249577E+02 -3.609907E-12 -5.163581E-12
  1.913036E+00  7.000000E+01     1  7.215147E-05  6.227958E+01  3.356181E-05  6.387049E-05
  1.913036E+00  7.000000E+01     2  1.967359E-04  7.002110E+01  6.721956E-05  1.848960E-04
  1.913036E+00  7.000000E+01     3  1.586148E-04 -2.856938E+00  1.584177E-04 -7.905728E-06
  1.913036E+00  7.000000E+01     4  6.640001E-04 -1.095710E+02 -2.224233E-04 -6.256388E-04
  1.913036E+00  7.000000E+01     5  2.319875E-04  6.216588E+01  1.083181E-04  2.051473E-04
  1.913036E+00  7.000000E+01     6  6.684996E-12 -1.223683E+02 -3.578874E-12 -5.646311E-12
  1.913036E+00  8.000000E+01     1  3.805330E-05  5.252647E+01  2.315143E-05  3.020041E-05
  1.913036E+00  8.000000E+01     2  2.063366E-04  7.055928E+01  6.867528E-05  1.945726E-04
  1.913036E+00  8.000000E+01     3  1.588211E-04 -2.894664E+00  1.586185E-04 -8.020456E-06
  1.913036E+00  8.000000E+01     4  6.987630E-04 -1.090390E+02 -2.279452E-04 -6.605382E-04
  1.913036E+00  8.000000E+01     5  1.155612E-04  5.052093E+01  7.347340E-05  8.919674E-05
  1.913036E+00  8.000000E+01     6  5.414551E-12 -1.306751E+02 -3.529034E-12 -4.106492E-12
  1.913036E+00  9.000000E+01     1  1.281398E-05 -1.987690E+01  1.205059E-05 -4.356761E-06
  1.913036E+00  9.000000E+01     2  2.095988E-04  7.106333E+01  6.801959E-05  1.982548E-04
  1.913036E+00  9.000000E+01     3  1.589880E-04 -2.922356E+00  1.587812E-04 -8.105626E-06
  1.913036E+00  9.000000E+01     4  7.120523E-04 -1.085360E+02 -2.263620E-04 -6.751139E-04
  1.913036E+00  9.000000E+01     5  4.683310E-05 -3.884770E+01  3.647437E-05 -2.937617E-05
  1.913036E+00  9.000000E+01     6  3.673356E-12 -1.603439E+02 -3.459304E-12 -1.235620E-12
  1.913036E+00  1.000000E+02     1  3.879975E-05 -8.915280E+01  5.736889E-07 -3.879551E-05
  1.913036E+00  1.000000E+02     2  2.064069E-04  7.156603E+01  6.526826E-05  1.958159E-04
  1.913036E+00  1.000000E+02     3  1.590978E-04 -2.936359E+00  1.588889E-04 -8.150056E-06
  1.913036E+00  1.000000E+02     4  7.034088E-04 -1.080275E+02 -2.176858E-04 -6.688773E-04
  1.913036E+00  1.000000E+02     5  1.470993E-04 -9.065776E+01 -1.688674E-06 -1.470896E-04
  1.913036E+00  1.000000E+02     6  3.756634E-12  1.537507E+02 -3.369241E-12  1.661478E-12
  1.913036E+00  1.100000E+02     1  7.293870E-05 -9.863603E+01 -1.095227E-05 -7.211174E-05
  1.913036E+00  1.100000E+02     2  1.968611E-04  7.209977E+01  6.050731E-05  1.873317E-04
  1.913036E+00  1.100000E+02     3  1.591290E-04 -2.930300E+00  1.589210E-04 -8.134849E-06
  1.913036E+00  1.100000E+02     4  6.731060E-04 -1.074804E+02 -2.021869E-04 -6.420219E-04
  1.913036E+00  1.100000E+02     5  2.635328E-04 -9.872636E+01 -3.998203E-05 -2.604822E-04
  1.913036E+00  1.100000E+02     6  4.626843E-12  1.347859E+02 -3.259424E-12  3.283875E-12
  1.913036E+00  1.200000E+02     1  1.056772E-04 -1.021223E+02 -2.219205E-05 -1.033208E-04
  1.913036E+00  1.200000E+02     2  1.812747E-04  7.270537E+01  5.389033E-05  1.730791E-04
  1.913036E+00  1.200000E+02     3  1.590599E-04 -2.896400E+00  1.588567E-04 -8.037324E-06
  1.913036E+00  1.200000E+02     4  6.221430E-04 -1.068546E+02 -1.803870E-04 -5.954178E-04
  1.913036E+00  1.200000E+02     5  3.742581E-04 -1.019238E+02 -7.732587E-05 -3.661828E-04
  1.913036E+00  1.200000E+02     6  4.302073E-12  1.367127E+02 -3.131588E-12  2.949744E-12
  1.913036E+00  1.300000E+02     1  1.355111E-04 -1.040112E+02 -3.280877E-05 -1.314795E-04
  1.913036E+00  1.300000E+02     2  1.601616E-04  7.344627E+01  4.563234E-05  1.535233E-04
  1.913036E+00  1.300000E+02     3  1.588734E-04 -2.827788E+00  1.586799E-04 -7.837888E-06
  1.913036E+00  1.300000E+02     4  5.522040E-04 -1.060892E+02 -1.530344E-04 -5.305749E-04
  1.913036E+00  1.300000E+02     5  4.745442E-04 -1.037267E+02 -1.126052E-04 -4.609906E-04
  1.913036E+00  1.300000E+02     6  3.126337E-12  1.629314E+02 -2.988633E-12  9.176330E-13
  1.913036E+00  1.400000E+02     1  1.614026E-04 -1.052572E+02 -4.247346E-05 -1.557139E-04
  1.913036E+00  1.400000E+02     2  1.342152E-04  7.444122E+01  3.600013E-05  1.292970E-04
  1.913036E+00  1.400000E+02     3  1.585628E-04 -2.721007E+00  1.583840E-04 -7.527399E-06
  1.913036E+00  1.400000E+02     4  4.655889E-04 -1.050712E+02 -1.210617E-04 -4.495743E-04
  1.913036E+00  1.400000E+02     5  5.609548E-04 -1.049487E+02 -1.447010E-04 -5.419704E-04
  1.913036E+00  1.400000E+02     6  3.323633E-12 -1.485254E+02 -2.834633E-12 -1.735337E-12
  1.913036E+00  1.500000E+02     1  1.824877E-04 -1.061885E+02 -5.087731E-05 -1.752520E-04
  1.913036E+00  1.500000E+02     2  1.042856E-04  7.595983E+01  2.529992E-05  1.011702E-04
  1.913036E+00  1.500000E+02     3  1.581351E-04 -2.577757E+00  1.579750E-04 -7.112151E-06
  1.913036E+00  1.500000E+02     4  3.651349E-04 -1.035471E+02 -8.553070E-05 -3.549760E-04
  1.913036E+00  1.500000E+02     5  6.306229E-04 -1.058787E+02 -1.725397E-04 -6.065602E-04
  1.913036E+00  1.500000E+02     6  4.499504E-12 -1.264749E+02 -2.674820E-12 -3.618131E-12
  1.913036E+00  1.600000E+02     1  1.980625E-04 -1.069508E+02 -5.774523E-05 -1.894578E-04
  1.913036E+00  1.600000E+02     2  7.137638E-05  7.880000E+01  1.386375E-05  7.001702E-05
  1.913036E+00  1.600000E+02     3  1.576111E-04 -2.405214E+00  1.574722E-04 -6.614395E-06
  1.913036E+00  1.600000E+02     4  2.542028E-04 -1.007860E+02 -4.757196E-05 -2.497118E-04
  1.913036E+00  1.600000E+02     5  6.812305E-04 -1.066469E+02 -1.951544E-04 -6.526789E-04
  1.913036E+00  1.600000E+02     6  4.456010E-12 -1.243681E+02 -2.515453E-12 -3.678113E-12
  1.913036E+00  1.700000E+02     1  2.076038E-04 -1.076220E+02 -6.284898E-05 -1.978619E-04
  1.913036E+00  1.700000E+02     2  3.683880E-05  8.683084E+01  2.036597E-06  3.678247E-05
  1.913036E+00  1.700000E+02     3  1.570221E-04 -2.214739E+00  1.569048E-04 -6.068100E-06
  1.913036E+00  1.700000E+02     4  1.372303E-04 -9.348084E+01 -8.331893E-06 -1.369771E-04
  1.913036E+00  1.700000E+02     5  7.110813E-04 -1.073242E+02 -2.117447E-04 -6.788231E-04
  1.913036E+00  1.700000E+02     6  2.911156E-12 -1.442769E+02 -2.363417E-12 -1.699731E-12
  1.913036E+00  1.800000E+02     1  2.107902E-04 -1.082518E+02 -6.601821E-05 -2.001851E-04
  1.913036E+00  1.800000E+02     2  1.013557E-05  1.659929E+02 -9.834199E-06  2.453228E-06
  1.913036E+00  1.800000E+02     3  1.564047E-04 -2.019489E+00  1.563076E-04 -5.511613E-06
  1.913036E+00  1.800000E+02     4  3.701749E-05 -3.294841E+01  3.106362E-05 -2.013321E-05
  1.913036E+00  1.800000E+02     5  7.191714E-04 -1.079573E+02 -2.217265E-04 -6.841380E-04
  1.913036E+00  1.800000E+02     6  2.731331E-12  1.445696E+02 -2.225545E-12  1.583389E-12
  1.913036E+00  1.900000E+02     1  2.075164E-04 -1.088796E+02 -6.714834E-05 -1.963521E-04
  1.913036E+00  1.900000E+02     2  3.847124E-05 -1.238090E+02 -2.140642E-05 -3.196563E-05
  1.913036E+00  1.900000E+02     3  1.557948E-04 -1.831805E+00  1.557152E-04 -4.980071E-06
  1.913036E+00  1.900000E+02     4  1.196491E-04  5.447349E+01  6.952566E-05  9.737607E-05
  1.913036E+00  1.900000E+02     5  7.052346E-04 -1.085850E+02 -2.247657E-04 -6.684581E-04
  1.913036E+00  1.900000E+02     6  5.260542E-12  1.136211E+02 -2.107824E-12  4.819791E-12
  1.913036E+00  2.000000E+02     1  1.978966E-04 -1.095447E+02 -6.620478E-05 -1.864940E-04
  1.913036E+00  2.000000E+02     2  7.302527E-05 -1.162936E+02 -3.234803E-05 -6.546980E-05
  1.913036E+00  2.000000E+02     3  1.552240E-04 -1.661373E+00  1.551588E-04 -4.500313E-06
  1.913036E+00  2.000000E+02     4  2.371113E-04  6.344464E+01  1.060035E-04  2.120967E-04
  1.913036E+00  2.000000E+02     5  6.697514E-04 -1.092482E+02 -2.207907E-04 -6.323119E-04
  1.913036E+00  2.000000E+02     6  6.960795E-12  1.068247E+02 -2.014763E-12  6.662837E-12
  1.913036E+00  2.100000E+02     1  1.822583E-04 -1.102972E+02 -6.322340E-05 -1.709412E-04
  1.913036E+00  2.100000E+02     2  1.059063E-04 -1.135658E+02 -4.234151E-05 -9.707390E-05
  1.913036E+00  2.100000E+02     3  1.547184E-04 -1.514701E+00  1.546643E-04 -4.089741E-06
  1.913036E+00  2.100000E+02     4  3.496595E-04  6.649013E+01  1.394816E-04  3.206348E-04
  1.913036E+00  2.100000E+02     5  6.139242E-04 -1.100014E+02 -2.099883E-04 -5.768950E-04
  1.913036E+00  2.100000E+02     6  6.681943E-12  1.069601E+02 -1.949155E-12  6.391334E-12
  1.913036E+00  2.200000E+02     1  1.611260E-04 -1.112154E+02 -5.830743E-05 -1.502059E-04
  1.913036E+00  2.200000E+02     2  1.358084E-04 -1.120976E+02 -5.108921E-05 -1.258325E-04
  1.913036E+00  2.200000E+02     3  1.542987E-04 -1.395855E+00  1.542529E-04 -3.758695E-06
  1.913036E+00  2.200000E+02     4  4.524741E-04  6.807033E+01  1.689847E-04  4.197345E-04
  1.913036E+00  2.200000E+02     5  5.396220E-04 -1.109315E+02 -1.927805E-04 -5.040115E-04
  1.913036E+00  2.200000E+02     6  4.647483E-12  1.142973E+02 -1.912308E-12  4.235820E-12
  1.913036E+00  2.300000E+02     1  1.352002E-04 -1.124459E+02 -5.162100E-05 -1.249574E-04
  1.913036E+00  2.300000E+02     2  1.617459E-04 -1.111353E+02 -5.832102E-05 -1.508655E-04
  1.913036E+00  2.300000E+02     3  1.539818E-04 -1.307789E+00  1.539417E-04 -3.514364E-06
  1.913036E+00  2.300000E+02     4  5.421155E-04  6.907687E+01  1.935976E-04  5.063686E-04
  1.913036E+00  2.300000E+02     5  4.493070E-04 -1.122031E+02 -1.697888E-04 -4.159911E-04
  1.913036E+00  2.300000E+02     6  2.284077E-12  1.464952E+02 -1.904553E-12  1.260828E-12
  1.913036E+00  2.400000E+02     1  1.053383E-04 -1.143191E+02 -4.338024E-05 -9.599120E-05
  1.913036E+00  2.400000E+02     2  1.828797E-04 -1.104192E+02 -6.380424E-05 -1.713884E-04
  1.913036E+00  2.400000E+02     3  1.537808E-04 -1.253379E+00  1.537440E-04 -3.363778E-06
  1.913036E+00  2.400000E+02     4  6.156746E-04  6.980886E+01  2.125020E-04  5.778392E-04
  1.913036E+00  2.400000E+02     5  3.459770E-04 -1.141937E+02 -1.417891E-04 -3.155883E-04
  1.913036E+00  2.400000E+02     6  2.236485E-12 -1.494351E+02 -1.925733E-12 -1.137285E-12
  1.913036E+00  2.500000E+02     1  7.257105E-05 -1.177974E+02 -3.384320E-05 -6.419653E-05
  1.913036E+00  2.500000E+02     2  1.985186E-04 -1.098333E+02 -6.735447E-05 -1.867431E-04
  1.913036E+00  2.500000E+02     3  1.537048E-04 -1.235483E+00  1.536690E-04 -3.314115E-06
  1.913036E+00  2.500000E+02     4  6.707510E-04  7.039840E+01  2.250221E-04  6.318797E-04
  1.913036E+00  2.500000E+02     5  2.332619E-04 -1.180436E+02 -1.096666E-04 -2.058746E-04
  1.913036E+00  2.500000E+02     6  2.728555E-12 -1.363828E+02 -1.975378E-12 -1.882258E-12
  1.913036E+00  2.600000E+02     1  3.840197E-05 -1.273539E+02 -2.329985E-05 -3.052586E-05
  1.913036E+00  2.600000E+02     2  2.081427E-04 -1.093151E+02 -6.884596E-05 -1.964272E-04
  1.913036E+00  2.600000E+02     3  1.537559E-04 -1.255945E+00  1.537189E-04 -3.370116E-06
  1.913036E+00  2.600000E+02     4  7.055237E-04  7.091612E+01  2.306724E-04  6.667488E-04
  1.913036E+00  2.600000E+02     5  1.168612E-04 -1.295288E+02 -7.437819E-05 -9.013553E-05
  1.913036E+00  2.600000E+02     6  2.174613E-12 -1.607072E+02 -2.052492E-12 -7.184834E-13
  1.913036E+00  2.700000E+02     1  1.271947E-05  1.615217E+02 -1.206370E-05  4.031379E-06
  1.913036E+00  2.700000E+02     2  2.114258E-04 -1.088242E+02 -6.821977E-05 -2.001173E-04
  1.913036E+00  2.700000E+02     3  1.539272E-04 -1.314069E+00  1.538868E-04 -3.529985E-06
  1.913036E+00  2.700000E+02     4  7.188249E-04  7.140661E+01  2.291973E-04  6.813060E-04
  1.913036E+00  2.700000E+02     5  4.647661E-05  1.426132E+02 -3.692820E-05  2.822025E-05
  1.913036E+00  2.700000E+02     6  2.728367E-12  1.421758E+02 -2.155127E-12  1.673145E-12
  1.913036E+00  2.800000E+02     1  3.847253E-05  9.069264E+01 -4.650745E-07  3.846972E-05
  1.913036E+00  2.800000E+02     2  2.082509E-04 -1.083288E+02 -6.548864E-05 -1.976858E-04
  1.913036E+00  2.800000E+02     3  1.542013E-04 -1.405431E+00  1.541549E-04 -3.782084E-06
  1.913036E+00  2.800000E+02     4  7.101938E-04  7.190365E+01  2.205975E-04  6.750644E-04
  1.913036E+00  2.800000E+02     5  1.457459E-04  8.935531E+01  1.639882E-06  1.457366E-04
  1.913036E+00  2.800000E+02     6  4.605549E-12  1.196737E+02 -2.280021E-12  4.001572E-12
  1.913036E+00  2.900000E+02     1  7.264668E-05  8.116765E+01  1.115444E-05  7.178522E-05
  1.913036E+00  2.900000E+02     2  1.987175E-04 -1.077972E+02 -6.073776E-05 -1.892078E-04
  1.913036E+00  2.900000E+02     3  1.545505E-04 -1.521824E+00  1.544960E-04 -4.104508E-06
  1.913036E+00  2.900000E+02     4  6.799013E-04  7.243907E+01  2.051397E-04  6.482156E-04
  1.913036E+00  2.900000E+02     5  2.620845E-04  8.116707E+01  4.024406E-05  2.589762E-04
  1.913036E+00  2.900000E+02     6  5.540320E-12  1.159290E+02 -2.422542E-12  4.982613E-12
  1.913036E+00  3.000000E+02     1  1.054114E-04  7.770427E+01  2.244816E-05  1.029934E-04
  1.913036E+00  3.000000E+02     2  1.831390E-04 -1.071888E+02 -5.412156E-05 -1.749593E-04
  1.913036E+00  3.000000E+02     3  1.549412E-04 -1.652588E+00  1.548767E-04 -4.468365E-06
  1.913036E+00  3.000000E+02     4  6.289436E-04  7.305123E+01  1.833474E-04  6.016259E-04
  1.913036E+00  3.000000E+02     5  3.727886E-04  7.795923E+01  7.776653E-05  3.645870E-04
  1.913036E+00  3.000000E+02     6  4.719475E-12  1.230950E+02 -2.576970E-12  3.953818E-12
  1.913036E+00  3.100000E+02     1  1.352570E-04  7.584686E+01  3.307229E-05  1.311513E-04
  1.913036E+00  3.100000E+02     2  1.620296E-04 -1.064401E+02 -4.585644E-05 -1.554052E-04
  1.913036E+00  3.100000E+02     3  1.553392E-04 -1.786925E+00  1.552636E-04 -4.843889E-06
  1.913036E+00  3.100000E+02     4  5.590015E-04  7.379823E+01  1.559731E-04  5.368008E-04
  1.913036E+00  3.100000E+02     5  4.730906E-04  7.617236E+01  1.130696E-04  4.593800E-04
  1.913036E+00  3.100000E+02     6  2.986570E-12  1.564097E+02 -2.736983E-12  1.195209E-12
  1.913036E+00  3.200000E+02     1  1.611444E-04  7.463550E+01  4.269663E-05  1.553851E-04
  1.913036E+00  3.200000E+02     2  1.360838E-04 -1.054316E+02 -3.621029E-05 -1.311778E-04
  1.913036E+00  3.200000E+02     3  1.557167E-04 -1.916309E+00  1.556297E-04 -5.207115E-06
  1.913036E+00  3.200000E+02     4  4.723717E-04  7.478719E+01  1.239527E-04  4.558187E-04
  1.913036E+00  3.200000E+02     5  5.595446E-04  7.497782E+01  1.450301E-04  5.404225E-04
  1.913036E+00  3.200000E+02     6  3.632930E-12 -1.428635E+02 -2.896171E-12 -2.193257E-12
  1.913036E+00  3.300000E+02     1  1.822106E-04  7.374042E+01  5.101706E-05  1.749227E-04
  1.913036E+00  3.300000E+02     2  1.061531E-04 -1.038938E+02 -2.548987E-05 -1.030473E-04
  1.913036E+00  3.300000E+02     3  1.560573E-04 -2.036070E+00  1.559588E-04 -5.544506E-06
  1.913036E+00  3.300000E+02     4  3.718862E-04  7.625670E+01  8.834984E-05  3.612390E-04
  1.913036E+00  3.300000E+02     5  6.292752E-04  7.408159E+01  1.725902E-04  6.051446E-04
  1.913036E+00  3.300000E+02     6  5.683915E-12 -1.224342E+02 -3.048455E-12 -4.797271E-12
  1.913036E+00  3.400000E+02     1  1.977541E-04  7.301486E+01  5.776864E-05  1.891282E-04
  1.913036E+00  3.400000E+02     2  7.324390E-05 -1.010416E+02 -1.402773E-05 -7.188805E-05
  1.913036E+00  3.400000E+02     3  1.563576E-04 -2.145556E+00  1.562479E-04 -5.853757E-06
  1.913036E+00  3.400000E+02     4  2.608885E-04  7.888424E+01  5.029718E-05  2.559942E-04
  1.913036E+00  3.400000E+02     5  6.799553E-04  7.335063E+01  1.948167E-04  6.514489E-04
  1.913036E+00  3.400000E+02     6  6.393273E-12 -1.199151E+02 -3.188433E-12 -5.541465E-12
  1.913036E+00  3.500000E+02     1  2.072555E-04  7.237981E+01  6.273742E-05  1.975319E-04
  1.913036E+00  3.500000E+02     2  3.870673E-05 -9.321396E+01 -2.170086E-06 -3.864585E-05
  1.913036E+00  3.500000E+02     3  1.566250E-04 -2.246920E+00  1.565046E-04 -6.140657E-06
  1.913036E+00  3.500000E+02     4  1.436979E-04  8.563130E+01  1.094609E-05  1.432804E-04
  1.913036E+00  3.500000E+02     5  7.098784E-04  7.271211E+01  2.109567E-04  6.778087E-04
  1.913036E+00  3.500000E+02     6  5.339974E-12 -1.283286E+02 -3.311697E-12 -4.189031E-12
  1.831593E+00  0.000000E+00     1  1.353467E-04  3.710642E+01  1.079412E-04  8.165429E-05
  1.831593E+00  0.000000E+00     2  2.316234E-06 -9.058064E+01 -2.347261E-08 -2.316115E-06
  1.831593E+00  0.000000E+00     3  9.901413E-05 -1.735078E+01  9.450868E-05 -2.952808E-05
  1.831593E+00  0.000000E+00     4  8.618622E-06  6.766432E+01  3.275354E-06  7.971995E-06
  1.831593E+00  0.000000E+00     5  3.354140E-04  3.697156E+01  2.679737E-04  2.017242E-04
  1.831593E+00  0.000000E+00     6  1.467991E-12 -1.792810E+02 -1.467876E-12 -1.842195E-14
  1.831593E+00  1.000000E+01     1  1.329894E-04  3.694654E+01  1.062847E-04  7.993589E-05
  1.831593E+00  1.000000E+01     2  2.201338E-05  3.220262E+01  1.862703E-05  1.173126E-05
  1.831593E+00  1.000000E+01     3  9.891050E-05 -1.738237E+01  9.439349E-05 -2.954923E-05
  1.831593E+00  1.000000E+01     4  5.041328E-05 -1.479487E+02 -4.272892E-05 -2.675327E-05
  1.831593E+00  1.000000E+01     5  3.287776E-04  3.682913E+01  2.631624E-04  1.970794E-04
  1.831593E+00  1.000000E+01     6  3.972137E-12  1.126191E+02 -1.527695E-12  3.666609E-12
  1.831593E+00  2.000000E+01     1  1.265546E-04  3.677463E+01  1.013698E-04  7.576432E-05
  1.831593E+00  2.000000E+01     2  4.466635E-05  3.469802E+01  3.672305E-05  2.542637E-05
  1.831593E+00  2.000000E+01     3  9.882384E-05 -1.741848E+01  9.429216E-05 -2.958278E-05
  1.831593E+00  2.000000E+01     4  1.064509E-04 -1.452601E+02 -8.747578E-05 -6.066121E-05
  1.831593E+00  2.000000E+01     5  3.120187E-04  3.668527E+01  2.502169E-04  1.864059E-04
  1.831593E+00  2.000000E+01     6  5.890188E-12  1.054787E+02 -1.571978E-12  5.676548E-12
  1.831593E+00  3.000000E+01     1  1.162563E-04  3.657634E+01  9.336120E-05  6.927634E-05
  1.831593E+00  3.000000E+01     2  6.602048E-05  3.552839E+01  5.372929E-05  3.836492E-05
  1.831593E+00  3.000000E+01     3  9.876449E-05 -1.745853E+01  9.421483E-05 -2.963088E-05
  1.831593E+00  3.000000E+01     4  1.594254E-04 -1.444295E+02 -1.296768E-04 -9.273835E-05
  1.831593E+00  3.000000E+01     5  2.857079E-04  3.652229E+01  2.296021E-04  1.700349E-04
  1.831593E+00  3.000000E+01     6  5.361049E-12  1.073957E+02 -1.602786E-12  5.115850E-12
  1.831593E+00  4.000000E+01     1  1.024314E-04  3.632883E+01  8.252187E-05  6.068229E-05
  1.831593E+00  4.000000E+01     2  8.541357E-05  3.596245E+01  6.913393E-05  5.015954E-05
  1.831593E+00  4.000000E+01     3  9.873784E-05 -1.750043E+01  9.416772E-05 -2.969175E-05
  1.831593E+00  4.000000E+01     4  2.077014E-04 -1.440213E+02 -1.680793E-04 -1.220214E-04
  1.831593E+00  4.000000E+01     5  2.507246E-04  3.631220E+01  2.020344E-04  1.484753E-04
  1.831593E+00  4.000000E+01     6  2.802577E-12  1.253722E+02 -1.622372E-12  2.285245E-12
  1.831593E+00  5.000000E+01     1  8.552451E-05  3.598876E+01  6.920064E-05  5.025647E-05
  1.831593E+00  5.000000E+01     2  1.022470E-04  3.624352E+01  8.246338E-05  6.045030E-05
  1.831593E+00  5.000000E+01     3  9.874580E-05 -1.754282E+01  9.415332E-05 -2.976381E-05
  1.831593E+00  5.000000E+01     4  2.497894E-04 -1.437726E+02 -2.014994E-04 -1.476236E-04
  1.831593E+00  5.000000E+01     5  2.082123E-04  3.600373E+01  1.684393E-04  1.223951E-04
  1.831593E+00  5.000000E+01     6  2.195804E-12 -1.380172E+02 -1.632242E-12 -1.468789E-12
  1.831593E+00  6.000000E+01     1  6.606860E-05  3.545658E+01  5.381653E-05  3.832546E-05
  1.831593E+00  6.000000E+01     2  1.159924E-04  3.645196E+01  9.329908E-05  6.891669E-05
  1.831593E+00  6.000000E+01     3  9.878818E-05 -1.758640E+01  9.417106E-05 -2.984821E-05
  1.831593E+00  6.000000E+01     4  2.843588E-04 -1.435957E+02 -2.288661E-04 -1.687610E-04
  1.831593E+00  6.000000E+01     5  1.595258E-04  3.548270E+01  1.299004E-04  9.259790E-05
  1.831593E+00  6.000000E+01     6  4.680763E-12 -1.104124E+02 -1.632532E-12 -4.386841E-12
  1.831593E+00  7.000000E+01     1  4.466691E-05  3.443099E+01  3.684162E-05  2.525526E-05
  1.831593E+00  7.000000E+01     2  1.262105E-04  3.662258E+01  1.012943E-04  7.528978E-05
  1.831593E+00  7.000000E+01     3  9.886318E-05 -1.763356E+01  9.421794E-05 -2.994844E-05
  1.831593E+00  7.000000E+01     4  3.102889E-04 -1.434513E+02 -2.492710E-04 -1.847788E-04
  1.831593E+00  7.000000E+01     5  1.061818E-04  3.440414E+01  8.760769E-05  5.999554E-05
  1.831593E+00  7.000000E+01     6  5.367384E-12 -1.075892E+02 -1.621972E-12 -5.116446E-12
  1.831593E+00  8.000000E+01     1  2.199329E-05  3.133967E+01  1.878445E-05  1.143894E-05
  1.831593E+00  8.000000E+01     2  1.325698E-04  3.677359E+01  1.061894E-04  7.936351E-05
  1.831593E+00  8.000000E+01     3  9.896662E-05 -1.768642E+01  9.428882E-05 -3.006678E-05
  1.831593E+00  8.000000E+01     4  3.267196E-04 -1.433178E+02 -2.620163E-04 -1.951745E-04
  1.831593E+00  8.000000E+01     5  4.987169E-05  3.085714E+01  4.281230E-05  2.557916E-05
  1.831593E+00  8.000000E+01     6  3.705024E-12 -1.155580E+02 -1.598440E-12 -3.342483E-12
  1.831593E+00  9.000000E+01     1  2.720101E-06 -8.629569E+01  1.757387E-07 -2.714418E-06
  1.831593E+00  9.000000E+01     2  1.348608E-04  3.691628E+01  1.078231E-04  8.100379E-05
  1.831593E+00  9.000000E+01     3  9.909062E-05 -1.774419E+01  9.437655E-05 -3.019962E-05
  1.831593E+00  9.000000E+01     4  3.330931E-04 -1.431814E+02 -2.666532E-04 -1.996174E-04
  1.831593E+00  9.000000E+01     5  1.013038E-05 -1.084460E+02 -3.205358E-06 -9.609910E-06
  1.831593E+00  9.000000E+01     6  1.561160E-12  1.775972E+02 -1.559787E-12  6.545057E-14
  1.831593E+00  1.000000E+02     1  2.494039E-05 -1.376880E+02 -1.844318E-05 -1.678905E-05
  1.831593E+00  1.000000E+02     2  1.330059E-04  3.705924E+01  1.061404E-04  8.015473E-05
  1.831593E+00  1.000000E+02     3  9.922262E-05 -1.780116E+01  9.447215E-05 -3.033381E-05
  1.831593E+00  1.000000E+02     4  3.291839E-04 -1.430320E+02 -2.630086E-04 -1.979610E-04
  1.831593E+00  1.000000E+02     5  6.631060E-05 -1.378387E+02 -4.915326E-05 -4.450902E-05
  1.831593E+00  1.000000E+02     6  3.776612E-12  1.134772E+02 -1.504545E-12  3.463978E-12
  1.831593E+00  1.100000E+02     1  4.750603E-05 -1.402602E+02 -3.653004E-05 -3.037069E-05
  1.831593E+00  1.100000E+02     2  1.270635E-04  3.721089E+01  1.011953E-04  7.684171E-05
  1.831593E+00  1.100000E+02     3  9.934581E-05 -1.784662E+01  9.456532E-05 -3.044650E-05
  1.831593E+00  1.100000E+02     4  3.151122E-04 -1.428606E+02 -2.511977E-04 -1.902508E-04
  1.831593E+00  1.100000E+02     5  1.219851E-04 -1.402129E+02 -9.373667E-05 -7.806281E-05
  1.831593E+00  1.100000E+02     6  5.408822E-12  1.053551E+02 -1.432261E-12  5.215744E-12
  1.831593E+00  1.200000E+02     1  6.871304E-05 -1.412010E+02 -5.355142E-05 -4.305493E-05
  1.831593E+00  1.200000E+02     2  1.172262E-04  3.738186E+01  9.314876E-05  7.117090E-05
  1.831593E+00  1.200000E+02     3  9.944143E-05 -1.786691E+01  9.464554E-05 -3.050933E-05
  1.831593E+00  1.200000E+02     4  2.913414E-04 -1.426571E+02 -2.316220E-04 -1.767232E-04
  1.831593E+00  1.200000E+02     5  1.741888E-04 -1.411558E+02 -1.356677E-04 -1.092521E-04
  1.831593E+00  1.200000E+02     6  4.664368E-12  1.067404E+02 -1.343502E-12  4.466691E-12
  1.831593E+00  1.300000E+02     1  8.789661E-05 -1.417162E+02 -6.899460E-05 -5.445694E-05
  1.831593E+00  1.300000E+02     2  1.038131E-04  3.758888E+01  8.226230E-05  6.332508E-05
  1.831593E+00  1.300000E+02     3  9.949256E-05 -1.784927E+01  9.470360E-05 -3.049586E-05
  1.831593E+00  1.300000E+02     4  2.586587E-04 -1.424060E+02 -2.049491E-04 -1.577980E-04
  1.831593E+00  1.300000E+02     5  2.212907E-04 -1.417093E+02 -1.736859E-04 -1.371232E-04
  1.831593E+00  1.300000E+02     6  1.985208E-12  1.286456E+02 -1.239766E-12  1.550494E-12
  1.831593E+00  1.400000E+02     1  1.044580E-04 -1.420610E+02 -8.238245E-05 -6.422311E-05
  1.831593E+00  1.400000E+02     2  8.725524E-05  3.786349E+01  6.888586E-05  5.355573E-05
  1.831593E+00  1.400000E+02     3  9.948825E-05 -1.778589E+01  9.473317E-05 -3.038976E-05
  1.831593E+00  1.400000E+02     4  2.181361E-04 -1.420781E+02 -1.720766E-04 -1.340634E-04
  1.831593E+00  1.400000E+02     5  2.618086E-04 -1.421019E+02 -2.065944E-04 -1.608182E-04
  1.831593E+00  1.400000E+02     6  2.440447E-12 -1.174114E+02 -1.123524E-12 -2.166443E-12
  1.831593E+00  1.500000E+02     1  1.178709E-04 -1.423228E+02 -9.329084E-05 -7.204417E-05
  1.831593E+00  1.500000E+02     2  6.807749E-05  3.827731E+01  5.344231E-05  4.217184E-05
  1.831593E+00  1.500000E+02     3  9.942642E-05 -1.767678E+01  9.473197E-05 -3.019053E-05
  1.831593E+00  1.500000E+02     4  1.710788E-04 -1.416045E+02 -1.340817E-04 -1.062547E-04
  1.831593E+00  1.500000E+02     5  2.944344E-04 -1.424107E+02 -2.333107E-04 -1.796044E-04
  1.831593E+00  1.500000E+02     6  5.021078E-12 -1.014692E+02 -9.984009E-13 -4.920815E-12
  1.831593E+00  1.600000E+02     1  1.277011E-04 -1.425402E+02 -1.013666E-04 -7.766847E-05
  1.831593E+00  1.600000E+02     2  4.687738E-05  3.904096E+01  3.640946E-05  2.952692E-05
  1.831593E+00  1.600000E+02     3  9.931431E-05 -1.753022E+01  9.470198E-05 -2.991434E-05
  1.831593E+00  1.600000E+02     4  1.189679E-04 -1.407774E+02 -9.216391E-05 -7.522755E-05
  1.831593E+00  1.600000E+02     5  3.180903E-04 -1.426680E+02 -2.529246E-04 -1.929005E-04
  1.831593E+00  1.600000E+02     6  5.443022E-12 -9.919014E+01 -8.693118E-13 -5.373154E-12
  1.831593E+00  1.700000E+02     1  1.336265E-04 -1.427337E+02 -1.063440E-04 -8.091353E-05
  1.831593E+00  1.700000E+02     2  2.431364E-05  4.117038E+01  1.830222E-05  1.600568E-05
  1.831593E+00  1.700000E+02     3  9.916631E-05 -1.736066E+01  9.464883E-05 -2.958979E-05
  1.831593E+00  1.700000E+02     4  6.342864E-05 -1.386197E+02 -4.759292E-05 -4.192978E-05
  1.831593E+00  1.700000E+02     5  3.319834E-04 -1.428905E+02 -2.647514E-04 -2.002989E-04
  1.831593E+00  1.700000E+02     6  3.320696E-12 -1.029164E+02 -7.422724E-13 -3.236673E-12
  1.831593E+00  1.800000E+02     1  1.354513E-04 -1.429163E+02 -1.080570E-04 -8.167453E-05
  1.831593E+00  1.800000E+02     2  2.041045E-06  9.967520E+01 -3.430236E-07  2.012014E-06
  1.831593E+00  1.800000E+02     3  9.900029E-05 -1.718488E+01  9.458055E-05 -2.925023E-05
  1.831593E+00  1.800000E+02     4  7.557960E-06 -1.027506E+02 -1.668100E-06 -7.371581E-06
  1.831593E+00  1.800000E+02     5  3.356470E-04 -1.430892E+02 -2.683738E-04 -2.015798E-04
  1.831593E+00  1.800000E+02     6  8.510498E-13  1.371350E+02 -6.237844E-13  5.789462E-13
  1.831593E+00  1.900000E+02     1  1.331156E-04 -1.430981E+02 -1.064478E-04 -7.992884E-05
  1.831593E+00  1.900000E+02     2  2.247806E-05 -1.476098E+02 -1.898090E-05 -1.204112E-05
  1.831593E+00  1.900000E+02     3  9.883380E-05 -1.701792E+01  9.450619E-05 -2.892577E-05
  1.831593E+00  1.900000E+02     4  5.209531E-05  3.173775E+01  4.430522E-05  2.740381E-05
  1.831593E+00  1.900000E+02     5  3.289642E-04 -1.432739E+02 -2.636659E-04 -1.967174E-04
  1.831593E+00  1.900000E+02     6  4.414090E-12  9.676447E+01 -5.199276E-13  4.383363E-12
  1.831593E+00  2.000000E+02     1  1.266974E-04 -1.432893E+02 -1.015687E-04 -7.573648E-05
  1.831593E+00  2.000000E+02     2  4.512817E-05 -1.452230E+02 -3.706727E-05 -2.574041E-05
  1.831593E+00  2.000000E+02     3  9.868163E-05 -1.687037E+01  9.443475E-05 -2.863813E-05
  1.831593E+00  2.000000E+02     4  1.081189E-04  3.457073E+01  8.902795E-05  6.134916E-05
  1.831593E+00  2.000000E+02     5  3.121711E-04 -1.434561E+02 -2.507985E-04 -1.858787E-04
  1.831593E+00  2.000000E+02     6  6.505386E-12  9.383852E+01 -4.355010E-13  6.490792E-12
  1.831593E+00  2.100000E+02     1  1.164087E-04 -1.435036E+02 -9.358024E-05 -6.923670E-05
  1.831593E+00  2.100000E+02     2  6.648043E-05 -1.444203E+02 -5.406902E-05 -3.868060E-05
  1.831593E+00  2.100000E+02     3  9.855499E-05 -1.674783E+01  9.437451E-05 -2.839961E-05
  1.831593E+00  2.100000E+02     4  1.610881E-04  3.545542E+01  1.312170E-04  9.344226E-05
  1.831593E+00  2.100000E+02     5  2.858423E-04 -1.436522E+02 -2.302272E-04 -1.694144E-04
  1.831593E+00  2.100000E+02     6  6.014401E-12  9.356106E+01 -3.735678E-13  6.002788E-12
  1.831593E+00  2.200000E+02     1  1.025853E-04 -1.437628E+02 -8.274294E-05 -6.064117E-05
  1.831593E+00  2.200000E+02     2  8.587468E-05 -1.440017E+02 -6.947558E-05 -5.047379E-05
  1.831593E+00  2.200000E+02     3  9.846208E-05 -1.665248E+01  9.433263E-05 -2.821589E-05
  1.831593E+00  2.200000E+02     4  2.093584E-04  3.588405E+01  1.696232E-04  1.227147E-04
  1.831593E+00  2.200000E+02     5  2.508592E-04 -1.438890E+02 -2.026633E-04 -1.478442E-04
  1.831593E+00  2.200000E+02     6  3.235399E-12  9.595316E+01 -3.355607E-13  3.217951E-12
  1.831593E+00  2.300000E+02     1  8.567158E-05 -1.441092E+02 -6.940559E-05 -5.022433E-05
  1.831593E+00  2.300000E+02     2  1.027124E-04 -1.437325E+02 -8.281327E-05 -6.076017E-05
  1.831593E+00  2.300000E+02     3  9.840903E-05 -1.658542E+01  9.431475E-05 -2.809031E-05
  1.831593E+00  2.300000E+02     4  2.514385E-04  3.613775E+01  2.030621E-04  1.482805E-04
  1.831593E+00  2.300000E+02     5  2.083653E-04 -1.442163E+02 -1.690322E-04 -1.218369E-04
  1.831593E+00  2.300000E+02     6  6.102989E-13 -1.218229E+02 -3.218079E-13 -5.185600E-13
  1.831593E+00  2.400000E+02     1  6.620137E-05 -1.446399E+02 -5.398929E-05 -3.831160E-05
  1.831593E+00  2.400000E+02     2  1.164645E-04 -1.435341E+02 -9.366196E-05 -6.922000E-05
  1.831593E+00  2.400000E+02     3  9.840043E-05 -1.654852E+01  9.432457E-05 -2.802713E-05
  1.831593E+00  2.400000E+02     4  2.859984E-04  3.631182E+01  2.304593E-04  1.693624E-04
  1.831593E+00  2.400000E+02     5  1.597133E-04 -1.447461E+02 -1.304223E-04 -9.218656E-05
  1.831593E+00  2.400000E+02     6  3.463772E-12 -9.550216E+01 -3.321176E-13 -3.447813E-12
  1.831593E+00  2.500000E+02     1  4.477940E-05 -1.456498E+02 -3.697004E-05 -2.526678E-05
  1.831593E+00  2.500000E+02     2  1.266904E-04 -1.433720E+02 -1.016724E-04 -7.558558E-05
  1.831593E+00  2.500000E+02     3  9.843869E-05 -1.654470E+01  9.436312E-05 -2.803172E-05
  1.831593E+00  2.500000E+02     4  3.119184E-04  3.644979E+01  2.509002E-04  1.853164E-04
  1.831593E+00  2.500000E+02     5  1.064152E-04 -1.458175E+02 -8.803222E-05 -5.978729E-05
  1.831593E+00  2.500000E+02     6  4.232843E-12 -9.496121E+01 -3.660615E-13 -4.216984E-12
  1.831593E+00  2.600000E+02     1  2.208056E-05 -1.486737E+02 -1.886166E-05 -1.147994E-05
  1.831593E+00  2.600000E+02     2  1.330572E-04 -1.432281E+02 -1.065821E-04 -7.965217E-05
  1.831593E+00  2.600000E+02     3  9.852261E-05 -1.657630E+01  9.442808E-05 -2.810770E-05
  1.831593E+00  2.600000E+02     4  3.283397E-04  3.657551E+01  2.636805E-04  1.956516E-04
  1.831593E+00  2.600000E+02     5  5.015394E-05 -1.492993E+02 -4.312469E-05 -2.560623E-05
  1.831593E+00  2.600000E+02     6  2.545148E-12 -9.956290E+01 -4.228262E-13 -2.509781E-12
  1.831593E+00  2.700000E+02     1  2.650926E-06  9.434471E+01 -2.008257E-07  2.643309E-06
  1.831593E+00  2.700000E+02     2  1.353543E-04 -1.430908E+02 -1.082278E-04 -8.128675E-05
  1.831593E+00  2.700000E+02     3  9.864564E-05 -1.664272E+01  9.451331E-05 -2.825239E-05
  1.831593E+00  2.700000E+02     4  3.347060E-04  3.670376E+01  2.683460E-04  2.000463E-04
  1.831593E+00  2.700000E+02     5  9.814719E-06  7.215995E+01  3.006845E-06  9.342783E-06
  1.831593E+00  2.700000E+02     6  9.490475E-13  1.218489E+02 -5.007937E-13  8.061618E-13
  1.831593E+00  2.800000E+02     1  2.489052E-05  4.211079E+01  1.846502E-05  1.669074E-05
  1.831593E+00  2.800000E+02     2  1.335035E-04 -1.429518E+02 -1.065531E-04 -8.043401E-05
  1.831593E+00  2.800000E+02     3  9.879488E-05 -1.673842E+01  9.460890E-05 -2.845319E-05
  1.831593E+00  2.800000E+02     4  3.307922E-04  3.684476E+01  2.647208E-04  1.983592E-04
  1.831593E+00  2.800000E+02     5  6.591530E-05  4.190574E+01  4.905711E-05  4.402530E-05
  1.831593E+00  2.800000E+02     6  4.133534E-12  9.830668E+01 -5.971779E-13  4.090169E-12
  1.831593E+00  2.900000E+02     1  4.747451E-05  3.958429E+01  3.658804E-05  3.025136E-05
  1.831593E+00  2.900000E+02     2  1.275632E-04 -1.428029E+02 -1.016119E-04 -7.711941E-05
  1.831593E+00  2.900000E+02     3  9.895160E-05 -1.685268E+01  9.470196E-05 -2.868724E-05
  1.831593E+00  2.900000E+02     4  3.167183E-04  3.700680E+01  2.529199E-04  1.906359E-04
  1.831593E+00  2.900000E+02     5  1.215561E-04  3.955662E+01  9.371924E-05  7.741186E-05
  1.831593E+00  2.900000E+02     6  5.752014E-12  9.707005E+01 -7.079734E-13  5.708278E-12
  1.831593E+00  3.000000E+02     1  6.869227E-05  3.867223E+01  5.363035E-05  4.292334E-05
  1.831593E+00  3.000000E+02     2  1.177263E-04 -1.426338E+02 -9.356570E-05 -7.144885E-05
  1.831593E+00  3.000000E+02     3  9.909383E-05 -1.697152E+01  9.477829E-05 -2.892512E-05
  1.831593E+00  3.000000E+02     4  2.929475E-04  3.719861E+01  2.333458E-04  1.771102E-04
  1.831593E+00  3.000000E+02     5  1.737424E-04  3.864624E+01  1.356957E-04  1.085039E-04
  1.831593E+00  3.000000E+02     6  4.881216E-12  9.976931E+01 -8.282530E-13  4.810433E-12
  1.831593E+00  3.100000E+02     1  8.787833E-05  3.818236E+01  6.907652E-05  5.432344E-05
  1.831593E+00  3.100000E+02     2  1.043120E-04 -1.424282E+02 -8.267666E-05 -6.360479E-05
  1.831593E+00  3.100000E+02     3  9.920062E-05 -1.708113E+01  9.482486E-05 -2.913775E-05
  1.831593E+00  3.100000E+02     4  2.602660E-04  3.743308E+01  2.066678E-04  1.581987E-04
  1.831593E+00  3.100000E+02     5  2.208456E-04  3.812989E+01  1.737201E-04  1.363603E-04
  1.831593E+00  3.100000E+02     6  1.979180E-12  1.187726E+02 -9.526473E-13  1.734824E-12
  1.831593E+00  3.200000E+02     1  1.044338E-04  3.786261E+01  8.244889E-05  6.409834E-05
  1.831593E+00  3.200000E+02     2  8.775189E-05 -1.421548E+02 -6.929516E-05 -5.383841E-05
  1.831593E+00  3.200000E+02     3  9.925688E-05 -1.717156E+01  9.483251E-05 -2.930399E-05
  1.831593E+00  3.200000E+02     4  2.197451E-04  3.773538E+01  1.737845E-04  1.344874E-04
  1.831593E+00  3.200000E+02     5  2.613838E-04  3.777834E+01  2.065942E-04  1.601259E-04
  1.831593E+00  3.200000E+02     6  2.401678E-12 -1.166115E+02 -1.075805E-12 -2.147254E-12
  1.831593E+00  3.300000E+02     1  1.178330E-04  3.762611E+01  9.332510E-05  7.193777E-05
  1.831593E+00  3.300000E+02     2  6.857058E-05 -1.417426E+02 -5.384414E-05 -4.245860E-05
  1.831593E+00  3.300000E+02     3  9.925709E-05 -1.723911E+01  9.479809E-05 -2.941583E-05
  1.831593E+00  3.300000E+02     4  1.726889E-04  3.816568E+01  1.357727E-04  1.067109E-04
  1.831593E+00  3.300000E+02     5  2.940460E-04  3.751363E+01  2.332398E-04  1.790594E-04
  1.831593E+00  3.300000E+02     6  5.205879E-12 -1.032449E+02 -1.192736E-12 -5.067401E-12
  1.831593E+00  3.400000E+02     1  1.276436E-04  3.743400E+01  1.013559E-04  7.758781E-05
  1.831593E+00  3.400000E+02     2  4.736560E-05 -1.409834E+02 -3.680136E-05 -2.981880E-05
  1.831593E+00  3.400000E+02     3  9.920647E-05 -1.728651E+01  9.472539E-05 -2.947921E-05
  1.831593E+00  3.400000E+02     4  1.205767E-04  3.890457E+01  9.383192E-05  7.572517E-05
  1.831593E+00  3.400000E+02     5  3.177501E-04  3.730202E+01  2.527550E-04  1.925618E-04
  1.831593E+00  3.400000E+02     6  5.827662E-12 -1.028806E+02 -1.299099E-12 -5.681020E-12
  1.831593E+00  3.500000E+02     1  1.335458E-04  3.726529E+01  1.062811E-04  8.086282E-05
  1.831593E+00  3.500000E+02     2  2.479559E-05 -1.388893E+02 -1.868200E-05 -1.630350E-05
  1.831593E+00  3.500000E+02     3  9.911916E-05 -1.732095E+01  9.462430E-05 -2.951016E-05
  1.831593E+00  3.500000E+02     4  6.502375E-05  4.078710E+01  4.923222E-05  4.247678E-05
  1.831593E+00  3.500000E+02     5  3.316971E-04  3.712545E+01  2.644673E-04  2.001998E-04
  1.831593E+00  3.500000E+02     6  3.949595E-12 -1.106290E+02 -1.391506E-12 -3.696351E-12
  1.759737E+00  0.000000E+00     1  1.011358E-04  2.928084E+01  8.821395E-05  4.946458E-05
  1.759737E+00  0.000000E+00     2  8.509984E-07 -1.050005E+02 -2.202620E-07 -8.219994E-07
  1.759737E+00  0.000000E+00     3  6.524966E-05 -2.316556E+01  5.998870E-05 -2.566852E-05
  1.759737E+00  0.000000E+00     4  3.065321E-06  5.218696E+01  1.879308E-06  2.421651E-06
  1.759737E+00  0.000000E+00     5  2.011495E-04  2.881845E+01  1.762375E-04  9.696127E-05
  1.759737E+00  0.000000E+00     6  4.784361E-13  1.799850E+02 -4.784360E-13  1.256330E-16
  1.759737E+00  1.000000E+01     1  9.945721E-05  2.920980E+01  8.681010E-05  4.853602E-05
  1.759737E+00  1.000000E+01     2  1.687200E-05  2.715578E+01  1.501218E-05  7.700574E-06
  1.759737E+00  1.000000E+01     3  6.515025E-05 -2.313342E+01  5.991168E-05 -2.559581E-05
  1.759737E+00  1.000000E+01     4  3.174500E-05 -1.531089E+02 -2.831233E-05 -1.435816E-05
  1.759737E+00  1.000000E+01     5  1.974555E-04  2.877392E+01  1.730748E-04  9.504614E-05
  1.759737E+00  1.000000E+01     6  4.573039E-12  9.624046E+01 -4.970953E-13  4.545941E-12
  1.759737E+00  2.000000E+01     1  9.472970E-05  2.913376E+01  8.274502E-05  4.611916E-05
  1.759737E+00  2.000000E+01     2  3.382083E-05  2.822026E+01  2.980076E-05  1.599260E-05
  1.759737E+00  2.000000E+01     3  6.506446E-05 -2.311312E+01  5.984184E-05 -2.554091E-05
  1.759737E+00  2.000000E+01     4  6.534016E-05 -1.519863E+02 -5.768459E-05 -3.068916E-05
  1.759737E+00  2.000000E+01     5  1.876699E-04  2.874067E+01  1.645499E-04  9.024033E-05
  1.759737E+00  2.000000E+01     6  7.036603E-12  9.415293E+01 -5.095833E-13  7.018127E-12
  1.759737E+00  3.000000E+01     1  8.710973E-05  2.904637E+01  7.615368E-05  4.229329E-05
  1.759737E+00  3.000000E+01     2  4.977199E-05  2.857870E+01  4.370782E-05  2.380920E-05
  1.759737E+00  3.000000E+01     3  6.500098E-05 -2.310531E+01  5.978694E-05 -2.550784E-05
  1.759737E+00  3.000000E+01     4  9.703636E-05 -1.516519E+02 -8.539967E-05 -4.607552E-05
  1.759737E+00  3.000000E+01     5  1.721328E-04  2.870820E+01  1.509738E-04  8.268380E-05
  1.759737E+00  3.000000E+01     6  6.338315E-12  9.470389E+01 -5.197807E-13  6.316967E-12
  1.759737E+00  4.000000E+01     1  7.684579E-05  2.893743E+01  6.725148E-05  3.718216E-05
  1.759737E+00  4.000000E+01     2  6.424281E-05  2.876666E+01  5.631441E-05  3.091645E-05
  1.759737E+00  4.000000E+01     3  6.496461E-05 -2.310814E+01  5.975222E-05 -2.549652E-05
  1.759737E+00  4.000000E+01     4  1.258861E-04 -1.515071E+02 -1.106383E-04 -6.005390E-05
  1.759737E+00  4.000000E+01     5  1.513709E-04  2.866011E+01  1.328250E-04  7.259944E-05
  1.759737E+00  4.000000E+01     6  2.867788E-12  1.006723E+02 -5.310884E-13  2.818183E-12
  1.759737E+00  5.000000E+01     1  6.426705E-05  2.878746E+01  5.632442E-05  3.094856E-05
  1.759737E+00  5.000000E+01     2  7.678840E-05  2.888913E+01  6.723256E-05  3.709773E-05
  1.759737E+00  5.000000E+01     3  6.495710E-05 -2.312076E+01  5.973970E-05 -2.550673E-05
  1.759737E+00  5.000000E+01     4  1.510031E-04 -1.514337E+02 -1.326206E-04 -7.220602E-05
  1.759737E+00  5.000000E+01     5  1.260698E-04  2.856838E+01  1.107204E-04  6.028747E-05
  1.759737E+00  5.000000E+01     6  1.895876E-12 -1.067161E+02 -5.453098E-13 -1.815760E-12
  1.759737E+00  6.000000E+01     1  4.976901E-05  2.855198E+01  4.371630E-05  2.378739E-05
  1.759737E+00  6.000000E+01     2  8.701538E-05  2.898118E+01  7.611922E-05  4.216089E-05
  1.759737E+00  6.000000E+01     3  6.497818E-05 -2.314543E+01  5.974810E-05 -2.554074E-05
  1.759737E+00  6.000000E+01     4  1.715904E-04 -1.513885E+02 -1.506369E-04 -8.216923E-05
  1.759737E+00  6.000000E+01     5  9.703846E-05  2.837588E+01  8.537917E-05  4.611790E-05
  1.759737E+00  6.000000E+01     6  5.444942E-12 -9.592474E+01 -5.620378E-13 -5.415857E-12
  1.759737E+00  7.000000E+01     1  3.379794E-05  2.809784E+01  2.981467E-05  1.591811E-05
  1.759737E+00  7.000000E+01     2  9.459733E-05  2.905808E+01  8.269016E-05  4.594554E-05
  1.759737E+00  7.000000E+01     3  6.502603E-05 -2.318705E+01  5.977351E-05 -2.560297E-05
  1.759737E+00  7.000000E+01     4  1.869743E-04 -1.513502E+02 -1.640824E-04 -8.964579E-05
  1.759737E+00  7.000000E+01     5  6.517495E-05  2.792349E+01  5.758687E-05  3.052092E-05
  1.759737E+00  7.000000E+01     6  6.341459E-12 -9.523714E+01 -5.788365E-13 -6.314986E-12
  1.759737E+00  8.000000E+01     1  1.683824E-05  2.674426E+01  1.503695E-05  7.577360E-06
  1.759737E+00  8.000000E+01     2  9.928870E-05  2.912774E+01  8.673231E-05  4.832961E-05
  1.759737E+00  8.000000E+01     3  6.509707E-05 -2.325010E+01  5.981057E-05 -2.569677E-05
  1.759737E+00  8.000000E+01     4  1.966375E-04 -1.513063E+02 -1.724903E-04 -9.441086E-05
  1.759737E+00  8.000000E+01     5  3.144059E-05  2.639058E+01  2.816400E-05  1.397496E-05
  1.759737E+00  8.000000E+01     6  4.167178E-12 -9.816881E+01 -5.921148E-13 -4.124897E-12
  1.759737E+00  9.000000E+01     1  1.004270E-06 -1.004140E+02 -1.815319E-07 -9.877269E-07
  1.759737E+00  9.000000E+01     2  1.009355E-04  2.919498E+01  8.811316E-05  4.923464E-05
  1.759737E+00  9.000000E+01     3  6.518537E-05 -2.333451E+01  5.985373E-05 -2.581984E-05
  1.759737E+00  9.000000E+01     4  2.002455E-04 -1.512490E+02 -1.755588E-04 -9.631902E-05
  1.759737E+00  9.000000E+01     5  3.642635E-06 -1.243371E+02 -2.054670E-06 -3.007843E-06
  1.759737E+00  9.000000E+01     6  6.034915E-13  1.724270E+02 -5.982277E-13  7.953394E-14
  1.759737E+00  1.000000E+02     1  1.810534E-05 -1.482577E+02 -1.539720E-05 -9.525200E-06
  1.759737E+00  1.000000E+02     2  9.948232E-05  2.926333E+01  8.678662E-05  4.862937E-05
  1.759737E+00  1.000000E+02     3  6.528210E-05 -2.343255E+01  5.989821E-05 -2.596068E-05
  1.759737E+00  1.000000E+02     4  1.976652E-04 -1.511725E+02 -1.731696E-04 -9.530890E-05
  1.759737E+00  1.000000E+02     5  3.787759E-05 -1.483087E+02 -3.222968E-05 -1.989873E-05
  1.759737E+00  1.000000E+02     6  4.307295E-12  9.793028E+01 -5.942688E-13  4.266103E-12
  1.759737E+00  1.100000E+02     1  3.501780E-05 -1.494801E+02 -3.016619E-05 -1.778333E-05
  1.759737E+00  1.100000E+02     2  9.497495E-05  2.933625E+01  8.279531E-05  4.653147E-05
  1.759737E+00  1.100000E+02     3  6.537576E-05 -2.352839E+01  5.994058E-05 -2.609823E-05
  1.759737E+00  1.100000E+02     4  1.889739E-04 -1.510730E+02 -1.653968E-04 -9.140571E-05
  1.759737E+00  1.100000E+02     5  7.136483E-05 -1.495461E+02 -6.151913E-05 -3.617093E-05
  1.759737E+00  1.100000E+02     6  6.435883E-12  9.515514E+01 -5.782817E-13  6.409850E-12
  1.759737E+00  1.200000E+02     1  5.090843E-05 -1.499200E+02 -4.405239E-05 -2.551578E-05
  1.759737E+00  1.200000E+02     2  8.755919E-05  2.941821E+01  7.626911E-05  4.300738E-05
  1.759737E+00  1.200000E+02     3  6.545357E-05 -2.360125E+01  5.997864E-05 -2.620558E-05
  1.759737E+00  1.200000E+02     4  1.744587E-04 -1.509466E+02 -1.525062E-04 -8.472139E-05
  1.759737E+00  1.200000E+02     5  1.028062E-04 -1.500544E+02 -8.908158E-05 -5.131856E-05
  1.759737E+00  1.200000E+02     6  5.482199E-12  9.574786E+01 -5.490474E-13  5.454636E-12
  1.759737E+00  1.300000E+02     1  6.529329E-05 -1.501611E+02 -5.663720E-05 -3.248756E-05
  1.759737E+00  1.300000E+02     2  7.747490E-05  2.951655E+01  6.741970E-05  3.816994E-05
  1.759737E+00  1.300000E+02     3  6.550380E-05 -2.363104E+01  6.001103E-05 -2.625690E-05
  1.759737E+00  1.300000E+02     4  1.546044E-04 -1.507885E+02 -1.349425E-04 -7.545232E-05
  1.759737E+00  1.300000E+02     5  1.312427E-04 -1.503759E+02 -1.140876E-04 -6.487428E-05
  1.759737E+00  1.300000E+02     6  1.880546E-12  1.056048E+02 -5.058690E-13  1.811229E-12
  1.759737E+00  1.400000E+02     1  7.772666E-05 -1.503238E+02 -6.753181E-05 -3.848230E-05
  1.759737E+00  1.400000E+02     2  6.504560E-05  2.964553E+01  5.653127E-05  3.217368E-05
  1.759737E+00  1.400000E+02     3  6.551853E-05 -2.360461E+01  6.003663E-05 -2.623511E-05
  1.759737E+00  1.400000E+02     4  1.300691E-04 -1.505883E+02 -1.133050E-04 -6.387459E-05
  1.759737E+00  1.400000E+02     5  1.557792E-04 -1.506203E+02 -1.357440E-04 -7.642459E-05
  1.759737E+00  1.400000E+02     6  2.871295E-12 -9.899077E+01 -4.487128E-13 -2.836017E-12
  1.759737E+00  1.500000E+02     1  8.781483E-05 -1.504489E+02 -7.639151E-05 -4.331029E-05
  1.759737E+00  1.500000E+02     2  5.066423E-05  2.983819E+01  4.394788E-05  2.520810E-05
  1.759737E+00  1.500000E+02     3  6.549565E-05 -2.352008E+01  6.005429E-05 -2.613737E-05
  1.759737E+00  1.500000E+02     4  1.016498E-04 -1.503171E+02 -8.831122E-05 -5.033696E-05
  1.759737E+00  1.500000E+02     5  1.756169E-04 -1.508202E+02 -1.533300E-04 -8.562248E-05
  1.759737E+00  1.500000E+02     6  6.323956E-12 -9.343330E+01 -3.787194E-13 -6.312606E-12
  1.759737E+00  1.600000E+02     1  9.523249E-05 -1.505539E+02 -8.293024E-05 -4.681668E-05
  1.759737E+00  1.600000E+02     2  3.477671E-05  3.019294E+01  3.005879E-05  1.748967E-05
  1.759737E+00  1.600000E+02     3  6.543923E-05 -2.338757E+01  6.006279E-05 -2.597603E-05
  1.759737E+00  1.600000E+02     4  7.024286E-05 -1.498774E+02 -6.075683E-05 -3.525147E-05
  1.759737E+00  1.600000E+02     5  1.900932E-04 -1.509868E+02 -1.662381E-04 -9.219722E-05
  1.759737E+00  1.600000E+02     6  6.969712E-12 -9.245668E+01 -2.987496E-13 -6.963306E-12
  1.759737E+00  1.700000E+02     1  9.973744E-05 -1.506481E+02 -8.693374E-05 -4.888845E-05
  1.759737E+00  1.700000E+02     2  1.786696E-05  3.119274E+01  1.528393E-05  9.253632E-06
  1.759737E+00  1.700000E+02     3  6.535818E-05 -2.322605E+01  6.006130E-05 -2.577464E-05
  1.759737E+00  1.700000E+02     4  3.680992E-05 -1.487763E+02 -3.147799E-05 -1.908158E-05
  1.759737E+00  1.700000E+02     5  1.987178E-04 -1.511249E+02 -1.740122E-04 -9.596111E-05
  1.759737E+00  1.700000E+02     6  4.432690E-12 -9.276080E+01 -2.135067E-13 -4.427545E-12
  1.759737E+00  1.800000E+02     1  1.011817E-04 -1.507370E+02 -8.826943E-05 -4.945953E-05
  1.759737E+00  1.800000E+02     2  7.489858E-07  8.532099E+01  6.109736E-08  7.464897E-07
  1.759737E+00  1.800000E+02     3  6.526378E-05 -2.305750E+01  6.005001E-05 -2.556087E-05
  1.759737E+00  1.800000E+02     4  2.677990E-06 -1.196358E+02 -1.324227E-06 -2.327672E-06
  1.759737E+00  1.800000E+02     5  2.012000E-04 -1.512376E+02 -1.763764E-04 -9.681323E-05
  1.759737E+00  1.800000E+02     6  2.214797E-13  1.256154E+02 -1.289767E-13  1.800507E-13
  1.759737E+00  1.900000E+02     1  9.951806E-05 -1.508247E+02 -8.689247E-05 -4.851334E-05
  1.759737E+00  1.900000E+02     2  1.704366E-05 -1.528392E+02 -1.516424E-05 -7.780237E-06
  1.759737E+00  1.900000E+02     3  6.516735E-05 -2.290095E+01  6.003079E-05 -2.535918E-05
  1.759737E+00  1.900000E+02     4  3.228947E-05  2.666384E+01  2.885564E-05  1.449006E-05
  1.759737E+00  1.900000E+02     5  1.974626E-04 -1.513284E+02 -1.732506E-04 -9.474026E-05
  1.759737E+00  1.900000E+02     6  4.780661E-12  9.061493E+01 -5.130758E-14  4.780385E-12
  1.759737E+00  2.000000E+02     1  9.480189E-05 -1.509155E+02 -8.284776E-05 -4.608304E-05
  1.759737E+00  2.000000E+02     2  3.398904E-05 -1.517735E+02 -2.994722E-05 -1.607541E-05
  1.759737E+00  2.000000E+02     3  6.507868E-05 -2.276857E+01  6.000746E-05 -2.518609E-05
  1.759737E+00  2.000000E+02     4  6.588707E-05  2.791962E+01  5.821817E-05  3.085046E-05
  1.759737E+00  2.000000E+02     5  1.876442E-04 -1.514032E+02 -1.647534E-04 -8.981461E-05
  1.759737E+00  2.000000E+02     6  7.299834E-12  8.988686E+01  1.441410E-14  7.299819E-12
  1.759737E+00  2.100000E+02     1  8.718833E-05 -1.510152E+02 -7.626783E-05 -4.224952E-05
  1.759737E+00  2.100000E+02     2  4.993854E-05 -1.514153E+02 -4.385157E-05 -2.389346E-05
  1.759737E+00  2.100000E+02     3  6.500556E-05 -2.266519E+01  5.998534E-05 -2.504960E-05
  1.759737E+00  2.100000E+02     4  9.758457E-05  2.829113E+01  8.592817E-05  4.625039E-05
  1.759737E+00  2.100000E+02     5  1.720884E-04 -1.514708E+02 -1.511924E-04 -8.219052E-05
  1.759737E+00  2.100000E+02     6  6.637456E-12  8.943931E+01  6.495248E-14  6.637138E-12
  1.759737E+00  2.200000E+02     1  7.692513E-05 -1.511333E+02 -6.736680E-05 -3.713744E-05
  1.759737E+00  2.200000E+02     2  6.440995E-05 -1.512301E+02 -5.645918E-05 -3.100005E-05
  1.759737E+00  2.200000E+02     3  6.495401E-05 -2.259086E+01  5.997019E-05 -2.495195E-05
  1.759737E+00  2.200000E+02     4  1.264319E-04  2.844539E+01  1.111680E-04  6.022216E-05
  1.759737E+00  2.200000E+02     5  1.513244E-04 -1.515462E+02 -1.330446E-04 -7.209860E-05
  1.759737E+00  2.200000E+02     6  3.168440E-12  8.821009E+01  9.896533E-14  3.166894E-12
  1.759737E+00  2.300000E+02     1  6.434142E-05 -1.512885E+02 -5.643060E-05 -3.090963E-05
  1.759737E+00  2.300000E+02     2  7.695837E-05 -1.511119E+02 -6.738206E-05 -3.717859E-05
  1.759737E+00  2.300000E+02     3  6.492867E-05 -2.254473E+01  5.996685E-05 -2.489395E-05
  1.759737E+00  2.300000E+02     4  1.515428E-04  2.851627E+01  1.331579E-04  7.234778E-05
  1.759737E+00  2.300000E+02     5  1.260378E-04 -1.516554E+02 -1.109268E-04 -5.983940E-05
  1.759737E+00  2.300000E+02     6  1.453924E-12 -8.540798E+01  1.164014E-13 -1.449257E-12
  1.759737E+00  2.400000E+02     1  4.983335E-05 -1.515238E+02 -4.380426E-05 -2.376025E-05
  1.759737E+00  2.400000E+02     2  8.718979E-05 -1.510248E+02 -7.627618E-05 -4.223747E-05
  1.759737E+00  2.400000E+02     3  6.493281E-05 -2.252794E+01  5.997797E-05 -2.487796E-05
  1.759737E+00  2.400000E+02     4  1.721210E-04  2.855335E+01  1.511863E-04  8.226983E-05
  1.759737E+00  2.400000E+02     5  9.703604E-05 -1.518525E+02 -8.556016E-05 -4.577611E-05
  1.759737E+00  2.400000E+02     6  5.044122E-12 -8.866296E+01  1.176973E-13 -5.042748E-12
  1.759737E+00  2.500000E+02     1  3.384836E-05 -1.519683E+02 -2.987754E-05 -1.590735E-05
  1.759737E+00  2.500000E+02     2  9.477684E-05 -1.509527E+02 -8.285575E-05 -4.601710E-05
  1.759737E+00  2.500000E+02     3  6.496791E-05 -2.254399E+01  6.000342E-05 -2.490822E-05
  1.759737E+00  2.500000E+02     4  1.874944E-04  2.858158E+01  1.646457E-04  8.969910E-05
  1.759737E+00  2.500000E+02     5  6.521343E-05 -1.522880E+02 -5.773322E-05 -3.032600E-05
  1.759737E+00  2.500000E+02     6  5.947446E-12 -8.900496E+01  1.032821E-13 -5.946549E-12
  1.759737E+00  2.600000E+02     1  1.687220E-05 -1.532824E+02 -1.507082E-05 -7.585617E-06
  1.759737E+00  2.600000E+02     2  9.947291E-05 -1.508874E+02 -8.690601E-05 -4.839632E-05
  1.759737E+00  2.600000E+02     3  6.503265E-05 -2.259636E+01  6.004039E-05 -2.498793E-05
  1.759737E+00  2.600000E+02     4  1.971474E-04  2.861555E+01  1.730664E-04  9.441983E-05
  1.759737E+00  2.600000E+02     5  3.152515E-05 -1.537358E+02 -2.827058E-05 -1.395024E-05
  1.759737E+00  2.600000E+02     6  3.772894E-12 -8.888169E+01  7.363550E-14 -3.772175E-12
  1.759737E+00  2.700000E+02     1  9.762681E-07  7.954009E+01  1.772390E-07  9.600447E-07
  1.759737E+00  2.700000E+02     2  1.011233E-04 -1.508237E+02 -8.829315E-05 -4.929740E-05
  1.759737E+00  2.700000E+02     3  6.512195E-05 -2.268471E+01  6.008419E-05 -2.511492E-05
  1.759737E+00  2.700000E+02     4  2.007470E-04  2.866428E+01  1.761445E-04  9.629361E-05
  1.759737E+00  2.700000E+02     5  3.482358E-06  5.517855E+01  1.988499E-06  2.858792E-06
  1.759737E+00  2.700000E+02     6  4.071109E-13  8.580857E+01  2.975533E-14  4.060221E-13
  1.759737E+00  2.800000E+02     1  1.810067E-05  3.158317E+01  1.541961E-05  9.479965E-06
  1.759737E+00  2.800000E+02     2  9.967211E-05 -1.507582E+02 -8.697049E-05 -4.868946E-05
  1.759737E+00  2.800000E+02     3  6.522642E-05 -2.280175E+01  6.012906E-05 -2.527809E-05
  1.759737E+00  2.800000E+02     4  1.981608E-04  2.873328E+01  1.737607E-04  9.526239E-05
  1.759737E+00  2.800000E+02     5  3.769226E-05  3.131913E+01  3.219994E-05  1.959260E-05
  1.759737E+00  2.800000E+02     6  4.556706E-12  9.033147E+01 -2.636124E-14  4.556630E-12
  1.759737E+00  2.900000E+02     1  3.502510E-05  3.040120E+01  3.020925E-05  1.772452E-05
  1.759737E+00  2.900000E+02     2  9.516542E-05 -1.506876E+02 -8.298076E-05 -4.659024E-05
  1.759737E+00  2.900000E+02     3  6.533273E-05 -2.293278E+01  6.016900E-05 -2.545696E-05
  1.759737E+00  2.900000E+02     4  1.894664E-04  2.882583E+01  1.659895E-04  9.135100E-05
  1.759737E+00  2.900000E+02     5  7.114763E-05  3.015763E+01  6.151756E-05  3.574319E-05
  1.759737E+00  2.900000E+02     6  6.656360E-12  9.078823E+01 -9.157017E-14  6.655730E-12
  1.759737E+00  3.000000E+02     1  5.092273E-05  2.998397E+01  4.410749E-05  2.544903E-05
  1.759737E+00  3.000000E+02     2  8.774933E-05 -1.506078E+02 -7.645431E-05 -4.306603E-05
  1.759737E+00  3.000000E+02     3  6.542530E-05 -2.305838E+01  6.019823E-05 -2.562505E-05
  1.759737E+00  3.000000E+02     4  1.749509E-04  2.894418E+01  1.530981E-04  8.466875E-05
  1.759737E+00  3.000000E+02     5  1.025710E-04  2.970005E+01  8.909637E-05  5.081978E-05
  1.759737E+00  3.000000E+02     6  5.650768E-12  9.164131E+01 -1.618513E-13  5.648450E-12
  1.759737E+00  3.100000E+02     1  6.530889E-05  2.976232E+01  5.669413E-05  3.241954E-05
  1.759737E+00  3.100000E+02     2  7.766407E-05 -1.505120E+02 -6.760337E-05 -3.822946E-05
  1.759737E+00  3.100000E+02     3  6.548923E-05 -2.315959E+01  6.021165E-05 -2.575649E-05
  1.759737E+00  3.100000E+02     4  1.550984E-04  2.909122E+01  1.355322E-04  7.540906E-05
  1.759737E+00  3.100000E+02     5  1.310063E-04  2.942655E+01  1.141047E-04  6.436436E-05
  1.759737E+00  3.100000E+02     6  1.960915E-12  9.681906E+01 -2.328280E-13  1.947044E-12
  1.759737E+00  3.200000E+02     1  7.773769E-05  2.961865E+01  6.758003E-05  3.841989E-05
  1.759737E+00  3.200000E+02     2  6.523332E-05 -1.503864E+02 -5.671241E-05 -3.223490E-05
  1.759737E+00  3.200000E+02     3  6.551371E-05 -2.322344E+01  6.020540E-05 -2.583323E-05
  1.759737E+00  3.200000E+02     4  1.305667E-04  2.927454E+01  1.138915E-04  6.384643E-05
  1.759737E+00  3.200000E+02     5  1.555587E-04  2.923151E+01  1.357488E-04  7.596546E-05
  1.759737E+00  3.200000E+02     6  2.778737E-12 -9.620403E+01 -3.002960E-13 -2.762463E-12
  1.759737E+00  3.300000E+02     1  8.781595E-05  2.951281E+01  7.642145E-05  4.325972E-05
  1.759737E+00  3.300000E+02     2  5.084995E-05 -1.501990E+02 -4.412541E-05 -2.527184E-05
  1.759737E+00  3.300000E+02     3  6.549486E-05 -2.324659E+01  6.017764E-05 -2.585011E-05
  1.759737E+00  3.300000E+02     4  1.021523E-04  2.951773E+01  8.889331E-05  5.032973E-05
  1.759737E+00  3.300000E+02     5  1.754274E-04  2.908267E+01  1.533094E-04  8.527017E-05
  1.759737E+00  3.300000E+02     6  6.314046E-12 -9.327433E+01 -3.606375E-13 -6.303738E-12
  1.759737E+00  3.400000E+02     1  9.521960E-05  2.942698E+01  8.293461E-05  4.678272E-05
  1.759737E+00  3.400000E+02     2  3.495966E-05 -1.498543E+02 -3.023141E-05 -1.755675E-05
  1.759737E+00  3.400000E+02     3  6.543674E-05 -2.323553E+01  6.012923E-05 -2.581557E-05
  1.759737E+00  3.400000E+02     4  7.075146E-05  2.990300E+01  6.133237E-05  3.527194E-05
  1.759737E+00  3.400000E+02     5  1.899458E-04  2.896794E+01  1.661819E-04  9.199459E-05
  1.759737E+00  3.400000E+02     6  7.031627E-12 -9.335210E+01 -4.111524E-13 -7.019596E-12
  1.759737E+00  3.500000E+02     1  9.970818E-05  2.935166E+01  8.690841E-05  4.887382E-05
  1.759737E+00  3.500000E+02     2  1.804611E-05 -1.488877E+02 -1.545029E-05 -9.324746E-06
  1.759737E+00  3.500000E+02     3  6.535014E-05 -2.320353E+01  6.006404E-05 -2.574786E-05
  1.759737E+00  3.500000E+02     4  3.732359E-05  3.084526E+01  3.204436E-05  1.913660E-05
  1.759737E+00  3.500000E+02     5  1.986187E-04  2.888138E+01  1.739149E-04  9.593242E-05
  1.759737E+00  3.500000E+02     6  4.569689E-12 -9.565621E+01 -4.503853E-13 -4.547440E-12
  1.695725E+00  0.000000E+00     1  8.331098E-05  2.712941E+01  7.414502E-05  3.798995E-05
  1.695725E+00  0.000000E+00     2  4.365959E-07 -1.090084E+02 -1.422020E-07 -4.127888E-07
  1.695725E+00  0.000000E+00     3  4.544245E-05 -2.468058E+01  4.129127E-05 -1.897490E-05
  1.695725E+00  0.000000E+00     4  1.472470E-06  4.888179E+01  9.683178E-07  1.109292E-06
  1.695725E+00  0.000000E+00     5  1.404131E-04  2.638361E+01  1.257875E-04  6.239661E-05
  1.695725E+00  0.000000E+00     6  8.936970E-14 -1.281750E+02 -5.523636E-14 -7.025588E-14
  1.695725E+00  1.000000E+01     1  8.195999E-05  2.708642E+01  7.297068E-05  3.731916E-05
  1.695725E+00  1.000000E+01     2  1.406516E-05  2.587427E+01  1.265518E-05  6.138005E-06
  1.695725E+00  1.000000E+01     3  4.536731E-05 -2.459860E+01  4.125006E-05 -1.888453E-05
  1.695725E+00  1.000000E+01     4  2.273077E-05 -1.545997E+02 -2.053346E-05 -9.750122E-06
  1.695725E+00  1.000000E+01     5  1.379384E-04  2.637552E+01  1.235792E-04  6.127946E-05
  1.695725E+00  1.000000E+01     6  5.409340E-12  9.048145E+01 -4.545324E-14  5.409149E-12
  1.695725E+00  2.000000E+01     1  7.809553E-05  2.704116E+01  6.955814E-05  3.550460E-05
  1.695725E+00  2.000000E+01     2  2.802537E-05  2.650076E+01  2.508070E-05  1.250519E-05
  1.695725E+00  2.000000E+01     3  4.530185E-05 -2.453643E+01  4.121098E-05 -1.881257E-05
  1.695725E+00  2.000000E+01     4  4.615141E-05 -1.539122E+02 -4.144958E-05 -2.029496E-05
  1.695725E+00  2.000000E+01     5  1.312008E-04  2.638817E+01  1.175302E-04  5.831224E-05
  1.695725E+00  2.000000E+01     6  8.375631E-12  9.023507E+01 -3.436238E-14  8.375560E-12
  1.695725E+00  3.000000E+01     1  7.184559E-05  2.698983E+01  6.402068E-05  3.260585E-05
  1.695725E+00  3.000000E+01     2  4.115948E-05  2.671088E+01  3.676719E-05  1.850072E-05
  1.695725E+00  3.000000E+01     3  4.525334E-05 -2.449511E+01  4.118039E-05 -1.876274E-05
  1.695725E+00  3.000000E+01     4  6.823697E-05 -1.537330E+02 -6.119092E-05 -3.019859E-05
  1.695725E+00  3.000000E+01     5  1.204385E-04  2.641244E+01  1.078666E-04  5.357463E-05
  1.695725E+00  3.000000E+01     6  7.502654E-12  9.021287E+01 -2.787399E-14  7.502603E-12
  1.695725E+00  4.000000E+01     1  6.341427E-05  2.692615E+01  5.653959E-05  2.871662E-05
  1.695725E+00  4.000000E+01     2  5.307140E-05  2.681989E+01  4.736247E-05  2.394515E-05
  1.695725E+00  4.000000E+01     3  4.522605E-05 -2.447199E+01  4.116311E-05 -1.873482E-05
  1.695725E+00  4.000000E+01     4  8.833221E-05 -1.536826E+02 -7.917673E-05 -3.916152E-05
  1.695725E+00  4.000000E+01     5  1.060211E-04  2.643417E+01  9.493618E-05  4.719732E-05
  1.695725E+00  4.000000E+01     6  3.251471E-12  9.053892E+01 -3.058265E-14  3.251327E-12
  1.695725E+00  5.000000E+01     1  5.307254E-05  2.683806E+01  4.735589E-05  2.396068E-05
  1.695725E+00  5.000000E+01     2  6.339446E-05  2.689057E+01  5.653974E-05  2.867255E-05
  1.695725E+00  5.000000E+01     3  4.522141E-05 -2.446586E+01  4.116090E-05 -1.872849E-05
  1.695725E+00  5.000000E+01     4  1.058198E-04 -1.536796E+02 -9.484931E-05 -4.691942E-05
  1.695725E+00  5.000000E+01     5  8.842895E-05  2.643042E+01  7.918596E-05  3.936066E-05
  1.695725E+00  5.000000E+01     6  2.363230E-12 -9.107789E+01 -4.445627E-14 -2.362811E-12
  1.695725E+00  6.000000E+01     1  4.114624E-05  2.669821E+01  3.675945E-05  1.848664E-05
  1.695725E+00  6.000000E+01     2  7.180414E-05  2.694418E+01  6.400968E-05  3.253605E-05
  1.695725E+00  6.000000E+01     3  4.523860E-05 -2.448022E+01  4.117185E-05 -1.874593E-05
  1.695725E+00  6.000000E+01     4  1.201419E-04 -1.536911E+02 -1.076973E-04 -5.324816E-05
  1.695725E+00  6.000000E+01     5  6.822827E-05  2.635872E+01  6.113471E-05  3.029265E-05
  1.695725E+00  6.000000E+01     6  6.714808E-12 -9.058335E+01 -6.836451E-14 -6.714460E-12
  1.695725E+00  7.000000E+01     1  2.800266E-05  2.642573E+01  2.507672E-05  1.246223E-05
  1.695725E+00  7.000000E+01     2  7.803131E-05  2.699006E+01  6.953255E-05  3.541341E-05
  1.695725E+00  7.000000E+01     3  4.527507E-05 -2.452264E+01  4.119113E-05 -1.879154E-05
  1.695725E+00  7.000000E+01     4  1.308258E-04 -1.536990E+02 -1.172825E-04 -5.796724E-05
  1.695725E+00  7.000000E+01     5  4.604429E-05  2.611212E+01  4.134476E-05  2.026543E-05
  1.695725E+00  7.000000E+01     6  7.786229E-12 -9.072612E+01 -9.867369E-14 -7.785604E-12
  1.695725E+00  8.000000E+01     1  1.403823E-05  2.561277E+01  1.265878E-05  6.068538E-06
  1.695725E+00  8.000000E+01     2  8.187389E-05  2.703301E+01  7.292875E-05  3.721199E-05
  1.695725E+00  8.000000E+01     3  4.532691E-05 -2.460047E+01  4.121271E-05 -1.886906E-05
  1.695725E+00  8.000000E+01     4  1.375082E-04 -1.536923E+02 -1.232660E-04 -6.094251E-05
  1.695725E+00  8.000000E+01     5  2.253988E-05  2.517826E+01  2.039833E-05  9.589274E-06
  1.695725E+00  8.000000E+01     6  5.107640E-12 -9.146525E+01 -1.306053E-13 -5.105969E-12
  1.695725E+00  9.000000E+01     1  5.212479E-07 -1.043170E+02 -1.288973E-07 -5.050593E-07
  1.695725E+00  9.000000E+01     2  8.320566E-05  2.707584E+01  7.408672E-05  3.787268E-05
  1.695725E+00  9.000000E+01     3  4.538903E-05 -2.471476E+01  4.123142E-05 -1.897721E-05
  1.695725E+00  9.000000E+01     4  1.399537E-04 -1.536639E+02 -1.254275E-04 -6.208846E-05
  1.695725E+00  9.000000E+01     5  1.788879E-06 -1.286469E+02 -1.117190E-06 -1.397131E-06
  1.695725E+00  9.000000E+01     6  1.608746E-13  1.729174E+02 -1.596471E-13  1.983573E-14
  1.695725E+00  1.000000E+02     1  1.472071E-05 -1.513175E+02 -1.291438E-05 -7.065277E-06
  1.695725E+00  1.000000E+02     2  8.198179E-05  2.712050E+01  7.296787E-05  3.737250E-05
  1.695725E+00  1.000000E+02     3  4.545521E-05 -2.485564E+01  4.124468E-05 -1.910635E-05
  1.695725E+00  1.000000E+02     4  1.380690E-04 -1.536094E+02 -1.236801E-04 -6.137002E-05
  1.695725E+00  1.000000E+02     5  2.576161E-05 -1.513793E+02 -2.261381E-05 -1.234003E-05
  1.695725E+00  1.000000E+02     6  5.126463E-12  9.203811E+01 -1.823187E-13  5.123220E-12
  1.695725E+00  1.100000E+02     1  2.866090E-05 -1.520831E+02 -2.532557E-05 -1.341874E-05
  1.695725E+00  1.100000E+02     2  7.824106E-05  2.716876E+01  6.960837E-05  3.572588E-05
  1.695725E+00  1.100000E+02     3  4.551826E-05 -2.500146E+01  4.125306E-05 -1.923790E-05
  1.695725E+00  1.100000E+02     4  1.319090E-04 -1.535261E+02 -1.180767E-04 -5.880366E-05
  1.695725E+00  1.100000E+02     5  4.915409E-05 -1.522505E+02 -4.350094E-05 -2.288652E-05
  1.695725E+00  1.100000E+02     6  7.746484E-12  9.145028E+01 -1.960596E-13  7.744003E-12
  1.695725E+00  1.200000E+02     1  4.176326E-05 -1.523580E+02 -3.699655E-05 -1.937589E-05
  1.695725E+00  1.200000E+02     2  7.210470E-05  2.722300E+01  6.411786E-05  3.298465E-05
  1.695725E+00  1.200000E+02     3  4.557054E-05 -2.512300E+01  4.125950E-05 -1.934756E-05
  1.695725E+00  1.200000E+02     4  1.216774E-04 -1.534129E+02 -1.088106E-04 -5.445767E-05
  1.695725E+00  1.200000E+02     5  7.114446E-05 -1.526364E+02 -6.318391E-05 -3.270057E-05
  1.695725E+00  1.200000E+02     6  6.602313E-12  9.172387E+01 -1.986149E-13  6.599325E-12
  1.695725E+00  1.300000E+02     1  5.363089E-05 -1.525101E+02 -4.757554E-05 -2.475561E-05
  1.695725E+00  1.300000E+02     2  6.377158E-05  2.728731E+01  5.667500E-05  2.923625E-05
  1.695725E+00  1.300000E+02     3  4.560512E-05 -2.519157E+01  4.126760E-05 -1.941164E-05
  1.695725E+00  1.300000E+02     4  1.077185E-04 -1.532692E+02 -9.620660E-05 -4.845163E-05
  1.695725E+00  1.300000E+02     5  9.106429E-05 -1.529049E+02 -8.107012E-05 -4.147698E-05
  1.695725E+00  1.300000E+02     6  2.193595E-12  9.490675E+01 -1.876276E-13  2.185556E-12
  1.695725E+00  1.400000E+02     1  6.389611E-05 -1.526143E+02 -5.673530E-05 -2.939079E-05
  1.695725E+00  1.400000E+02     2  5.350961E-05  2.737009E+01  4.751950E-05  2.460031E-05
  1.695725E+00  1.400000E+02     3  4.561715E-05 -2.518787E+01  4.127974E-05 -1.941409E-05
  1.695725E+00  1.400000E+02     4  9.049976E-05 -1.530929E+02 -8.070236E-05 -4.095529E-05
  1.695725E+00  1.400000E+02     5  1.082832E-04 -1.531235E+02 -9.658679E-05 -4.895154E-05
  1.695725E+00  1.400000E+02     6  3.463168E-12 -9.266401E+01 -1.609646E-13 -3.459426E-12
  1.695725E+00  1.500000E+02     1  7.223346E-05 -1.526957E+02 -6.418541E-05 -3.313466E-05
  1.695725E+00  1.500000E+02     2  4.164375E-05  2.749140E+01  3.694134E-05  1.922340E-05
  1.695725E+00  1.500000E+02     3  4.560507E-05 -2.510835E+01  4.129571E-05 -1.935166E-05
  1.695725E+00  1.500000E+02     4  7.058600E-05 -1.528713E+02 -6.282043E-05 -3.218658E-05
  1.695725E+00  1.500000E+02     5  1.222353E-04 -1.533078E+02 -1.092090E-04 -5.490772E-05
  1.695725E+00  1.500000E+02     6  7.705060E-12 -9.087560E+01 -1.177447E-13 -7.704160E-12
  1.695725E+00  1.600000E+02     1  7.837366E-05 -1.527649E+02 -6.968484E-05 -3.586717E-05
  1.695725E+00  1.600000E+02     2  2.854205E-05  2.771194E+01  2.526818E-05  1.327281E-05
  1.695725E+00  1.600000E+02     3  4.557092E-05 -2.496628E+01  4.131260E-05 -1.923479E-05
  1.695725E+00  1.600000E+02     4  4.860922E-05 -1.525491E+02 -4.313611E-05 -2.240831E-05
  1.695725E+00  1.600000E+02     5  1.324490E-04 -1.534605E+02 -1.184924E-04 -5.918021E-05
  1.695725E+00  1.600000E+02     6  8.542143E-12 -9.039904E+01 -5.949203E-14 -8.541936E-12
  1.695725E+00  1.700000E+02     1  8.211599E-05 -1.528271E+02 -7.305307E-05 -3.750045E-05
  1.695725E+00  1.700000E+02     2  1.460207E-05  2.833301E+01  1.285280E-05  6.930075E-06
  1.695725E+00  1.700000E+02     3  4.551961E-05 -2.478710E+01  4.132597E-05 -1.908399E-05
  1.695725E+00  1.700000E+02     4  2.524111E-05 -1.518137E+02 -2.224794E-05 -1.192238E-05
  1.695725E+00  1.700000E+02     5  1.385752E-04 -1.535810E+02 -1.241030E-04 -6.165663E-05
  1.695725E+00  1.700000E+02     6  5.529547E-12 -8.990313E+01  9.348541E-15 -5.529539E-12
  1.695725E+00  1.800000E+02     1  8.333741E-05 -1.528856E+02 -7.417846E-05 -3.798262E-05
  1.695725E+00  1.800000E+02     2  3.901602E-07  8.080486E+01  6.234660E-08  3.851465E-07
  1.695725E+00  1.800000E+02     3  4.545770E-05 -2.460017E+01  4.133172E-05 -1.892329E-05
  1.695725E+00  1.800000E+02     4  1.303248E-06 -1.255396E+02 -7.575336E-07 -1.060470E-06
  1.695725E+00  1.800000E+02     5  1.404068E-04 -1.536693E+02 -1.258395E-04 -6.227756E-05
  1.695725E+00  1.800000E+02     6  8.267387E-14 -7.338805E+00  8.199662E-14 -1.056046E-14
  1.695725E+00  1.900000E+02     1  8.199795E-05 -1.529424E+02 -7.302323E-05 -3.729975E-05
  1.695725E+00  1.900000E+02     2  1.414577E-05 -1.541470E+02 -1.273000E-05 -6.168458E-06
  1.695725E+00  1.900000E+02     3  4.539222E-05 -2.443015E+01  4.132808E-05 -1.877348E-05
  1.695725E+00  1.900000E+02     4  2.295021E-05  2.535865E+01  2.073883E-05  9.829186E-06
  1.695725E+00  1.900000E+02     5  1.378885E-04 -1.537272E+02 -1.236442E-04 -6.103567E-05
  1.695725E+00  1.900000E+02     6  5.502506E-12  8.842852E+01  1.509010E-13  5.500436E-12
  1.695725E+00  2.000000E+02     1  7.814219E-05 -1.529999E+02 -6.962513E-05 -3.547597E-05
  1.695725E+00  2.000000E+02     2  2.810324E-05 -1.535042E+02 -2.515147E-05 -1.253776E-05
  1.695725E+00  2.000000E+02     3  4.532999E-05 -2.429171E+01  4.131660E-05 -1.864796E-05
  1.695725E+00  2.000000E+02     4  4.637672E-05  2.609298E+01  4.165008E-05  2.039783E-05
  1.695725E+00  2.000000E+02     5  1.311175E-04 -1.537587E+02 -1.176046E-04 -5.797388E-05
  1.695725E+00  2.000000E+02     6  8.498057E-12  8.858653E+01  2.096240E-13  8.495471E-12
  1.695725E+00  2.100000E+02     1  7.189709E-05 -1.530614E+02 -6.409571E-05 -3.257195E-05
  1.695725E+00  2.100000E+02     2  4.123604E-05 -1.532905E+02 -3.683603E-05 -1.853423E-05
  1.695725E+00  2.100000E+02     3  4.527725E-05 -2.418909E+01  4.130182E-05 -1.855232E-05
  1.695725E+00  2.100000E+02     4  6.846471E-05  2.627920E+01  6.138869E-05  3.031246E-05
  1.695725E+00  2.100000E+02     5  1.203359E-04 -1.537713E+02 -1.079457E-04 -5.318313E-05
  1.695725E+00  2.100000E+02     6  7.651409E-12  8.809609E+01  2.542052E-13  7.647185E-12
  1.695725E+00  2.200000E+02     1  6.346619E-05 -1.531327E+02 -5.661536E-05 -2.868202E-05
  1.695725E+00  2.200000E+02     2  5.314847E-05 -1.531822E+02 -4.743215E-05 -2.397815E-05
  1.695725E+00  2.200000E+02     3  4.523945E-05 -2.412016E+01  4.128961E-05 -1.848718E-05
  1.695725E+00  2.200000E+02     4  8.855788E-05  2.632325E+01  7.937501E-05  3.926966E-05
  1.695725E+00  2.200000E+02     5  1.059155E-04 -1.537772E+02 -9.501500E-05 -4.680013E-05
  1.695725E+00  2.200000E+02     6  3.427598E-12  8.525659E+01  2.834402E-13  3.415858E-12
  1.695725E+00  2.300000E+02     1  5.312048E-05 -1.532252E+02 -4.742511E-05 -2.392999E-05
  1.695725E+00  2.300000E+02     2  6.347387E-05 -1.531143E+02 -5.661301E-05 -2.870363E-05
  1.695725E+00  2.300000E+02     3  4.522091E-05 -2.408214E+01  4.128495E-05 -1.845221E-05
  1.695725E+00  2.300000E+02     4  1.060390E-04  2.631356E+01  9.505139E-05  4.700532E-05
  1.695725E+00  2.300000E+02     5  8.833737E-05 -1.537972E+02 -7.925952E-05 -3.900538E-05
  1.695725E+00  2.300000E+02     6  2.203843E-12 -8.222613E+01  2.981001E-13 -2.183589E-12
  1.695725E+00  2.400000E+02     1  4.118633E-05 -1.533651E+02 -3.681570E-05 -1.846398E-05
  1.695725E+00  2.400000E+02     2  7.188717E-05 -1.530643E+02 -6.408854E-05 -3.256416E-05
  1.695725E+00  2.400000E+02     3  4.522439E-05 -2.407587E+01  4.129014E-05 -1.844911E-05
  1.695725E+00  2.400000E+02     4  1.203514E-04  2.628708E+01  1.079054E-04  5.329991E-05
  1.695725E+00  2.400000E+02     5  6.816583E-05 -1.538696E+02 -6.119885E-05 -3.002134E-05
  1.695725E+00  2.400000E+02     6  6.532985E-12 -8.737093E+01  2.996669E-13 -6.526109E-12
  1.695725E+00  2.500000E+02     1  2.803198E-05 -1.536303E+02 -2.511516E-05 -1.245073E-05
  1.695725E+00  2.500000E+02     2  7.811840E-05 -1.530222E+02 -6.961773E-05 -3.543806E-05
  1.695725E+00  2.500000E+02     3  4.525061E-05 -2.410630E+01  4.130428E-05 -1.848175E-05
  1.695725E+00  2.500000E+02     4  1.310243E-04  2.626454E+01  1.174974E-04  5.798037E-05
  1.695725E+00  2.500000E+02     5  4.602265E-05 -1.540901E+02 -4.139654E-05 -2.010996E-05
  1.695725E+00  2.500000E+02     6  7.599308E-12 -8.781791E+01  2.893477E-13 -7.593797E-12
  1.695725E+00  2.600000E+02     1  1.405499E-05 -1.544133E+02 -1.267666E-05 -6.070017E-06
  1.695725E+00  2.600000E+02     2  8.196459E-05 -1.529826E+02 -7.301967E-05 -3.723333E-05
  1.695725E+00  2.600000E+02     3  4.529789E-05 -2.417900E+01  4.132392E-05 -1.855350E-05
  1.695725E+00  2.600000E+02     4  1.376959E-04  2.625884E+01  1.234863E-04  6.092040E-05
  1.695725E+00  2.600000E+02     5  2.256507E-05 -1.549117E+02 -2.043617E-05 -9.567925E-06
  1.695725E+00  2.600000E+02     6  4.923631E-12 -8.688157E+01  2.678453E-13 -4.916340E-12
  1.695725E+00  2.700000E+02     1  5.077647E-07  7.493494E+01  1.319760E-07  4.903135E-07
  1.695725E+00  2.700000E+02     2  8.329887E-05 -1.529425E+02 -7.418185E-05 -3.789135E-05
  1.695725E+00  2.700000E+02     3  4.536191E-05 -2.429450E+01  4.134478E-05 -1.866310E-05
  1.695725E+00  2.700000E+02     4  1.401327E-04  2.627788E+01  1.256511E-04  6.204028E-05
  1.695725E+00  2.700000E+02     5  1.684554E-06  4.952811E+01  1.093402E-06  1.281481E-06
  1.695725E+00  2.700000E+02     6  3.103956E-13  4.055410E+01  2.358362E-13  2.018086E-13
  1.695725E+00  2.800000E+02     1  1.472724E-05  2.855001E+01  1.293641E-05  7.038524E-06
  1.695725E+00  2.800000E+02     2  8.207621E-05 -1.529000E+02 -7.306530E-05 -3.738938E-05
  1.695725E+00  2.800000E+02     3  4.543578E-05 -2.444360E+01  4.136333E-05 -1.880120E-05
  1.695725E+00  2.800000E+02     4  1.382421E-04  2.632599E+01  1.239044E-04  6.130733E-05
  1.695725E+00  2.800000E+02     5  2.563787E-05  2.816237E+01  2.260269E-05  1.210035E-05
  1.695725E+00  2.800000E+02     6  5.295886E-12  8.789311E+01  1.946976E-13  5.292305E-12
  1.695725E+00  2.900000E+02     1  2.867651E-05  2.781882E+01  2.536230E-05  1.338267E-05
  1.695725E+00  2.900000E+02     2  7.833559E-05 -1.528535E+02 -6.970638E-05 -3.574192E-05
  1.695725E+00  2.900000E+02     3  4.551037E-05 -2.460646E+01  4.137754E-05 -1.894976E-05
  1.695725E+00  2.900000E+02     4  1.320793E-04  2.640481E+01  1.183001E-04  5.873704E-05
  1.695725E+00  2.900000E+02     5  4.899743E-05  2.740257E+01  4.349966E-05  2.255056E-05
  1.695725E+00  2.900000E+02     6  7.896674E-12  8.893349E+01  1.469813E-13  7.895306E-12
  1.695725E+00  3.000000E+02     1  4.178419E-05  2.756272E+01  3.704189E-05  1.933435E-05
  1.695725E+00  3.000000E+02     2  7.219865E-05 -1.528011E+02 -6.421527E-05 -3.300066E-05
  1.695725E+00  3.000000E+02     3  4.557518E-05 -2.475638E+01  4.138667E-05 -1.908510E-05
  1.695725E+00  3.000000E+02     4  1.218477E-04  2.651397E+01  1.090324E-04  5.439476E-05
  1.695725E+00  3.000000E+02     5  7.096888E-05  2.708062E+01  6.318833E-05  3.230814E-05
  1.695725E+00  3.000000E+02     6  6.729064E-12  8.917922E+01  9.639307E-14  6.728374E-12
  1.695725E+00  3.100000E+02     1  5.365272E-05  2.742668E+01  4.762221E-05  2.471315E-05
  1.695725E+00  3.100000E+02     2  6.386464E-05 -1.527389E+02 -5.677112E-05 -2.925291E-05
  1.695725E+00  3.100000E+02     3  4.562002E-05 -2.486721E+01  4.139035E-05 -1.918398E-05
  1.695725E+00  3.100000E+02     4  1.078911E-04  2.665222E+01  9.642719E-05  4.839712E-05
  1.695725E+00  3.100000E+02     5  9.088664E-05  2.686832E+01  8.107520E-05  4.107545E-05
  1.695725E+00  3.100000E+02     6  2.288900E-12  8.881476E+01  4.734549E-14  2.288410E-12
  1.695725E+00  3.200000E+02     1  6.391426E-05  2.733820E+01  5.677576E-05  2.935211E-05
  1.695725E+00  3.200000E+02     2  5.360165E-05 -1.526593E+02 -4.761389E-05 -2.461817E-05
  1.695725E+00  3.200000E+02     3  4.563719E-05 -2.492136E+01  4.138777E-05 -1.923032E-05
  1.695725E+00  3.200000E+02     4  9.067657E-05  2.682008E+01  8.092229E-05  4.091239E-05
  1.695725E+00  3.200000E+02     5  1.081207E-04  2.670555E+01  9.658723E-05  4.859004E-05
  1.695725E+00  3.200000E+02     6  3.386058E-12 -8.992725E+01  4.299212E-15 -3.386056E-12
  1.695725E+00  3.300000E+02     1  7.224379E-05  2.727273E+01  6.421284E-05  3.310402E-05
  1.695725E+00  3.300000E+02     2  4.173451E-05 -1.525431E+02 -3.703344E-05 -1.924301E-05
  1.695725E+00  3.300000E+02     3  4.562348E-05 -2.491510E+01  4.137744E-05 -1.922003E-05
  1.695725E+00  3.300000E+02     4  7.076873E-05  2.702777E+01  6.303983E-05  3.215889E-05
  1.695725E+00  3.300000E+02     5  1.221030E-04  2.657795E+01  1.092000E-04  5.463073E-05
  1.695725E+00  3.300000E+02     6  7.662836E-12 -9.021640E+01 -2.894144E-14 -7.662781E-12
  1.695725E+00  3.400000E+02     1  7.837299E-05  2.721950E+01  6.969403E-05  3.584785E-05
  1.695725E+00  3.400000E+02     2  2.863100E-05 -1.523320E+02 -2.535715E-05 -1.329471E-05
  1.695725E+00  3.400000E+02     3  4.558118E-05 -2.485898E+01  4.135786E-05 -1.916171E-05
  1.695725E+00  3.400000E+02     4  4.879944E-05  2.732510E+01  4.335421E-05  2.240083E-05
  1.695725E+00  3.400000E+02     5  1.323585E-04  2.648243E+01  1.184703E-04  5.902175E-05
  1.695725E+00  3.400000E+02     6  8.534269E-12 -9.033507E+01 -4.990894E-14 -8.534123E-12
  1.695725E+00  3.500000E+02     1  8.210253E-05  2.717288E+01  7.304109E-05  3.749433E-05
  1.695725E+00  3.500000E+02     2  1.468844E-05 -1.517394E+02 -1.293761E-05 -6.954729E-06
  1.695725E+00  3.500000E+02     3  4.551742E-05 -2.477328E+01  4.132858E-05 -1.907311E-05
  1.695725E+00  3.500000E+02     4  2.543975E-05  2.799403E+01  2.246321E-05  1.194090E-05
  1.695725E+00  3.500000E+02     5  1.385328E-04  2.641815E+01  1.240659E-04  6.163588E-05
  1.695725E+00  3.500000E+02     6  5.556108E-12 -9.059890E+01 -5.807526E-14 -5.555805E-12
  1.638226E+00  0.000000E+00     1  7.177937E-05  2.701181E+01  6.394917E-05  3.260033E-05
  1.638226E+00  0.000000E+00     2  2.686688E-07 -1.099036E+02 -9.146527E-08 -2.526203E-07
  1.638226E+00  0.000000E+00     3  3.303520E-05 -2.398447E+01  3.018279E-05 -1.342845E-05
  1.638226E+00  0.000000E+00     4  8.311352E-07  5.019494E+01  5.320741E-07  6.385005E-07
  1.638226E+00  0.000000E+00     5  1.060258E-04  2.600826E+01  9.528865E-05  4.649239E-05
  1.638226E+00  0.000000E+00     6  1.703954E-13 -3.636786E+01  1.372069E-13 -1.010389E-13
  1.638226E+00  1.000000E+01     1  7.062893E-05  2.698141E+01  6.294123E-05  3.204444E-05
  1.638226E+00  1.000000E+01     2  1.218735E-05  2.615318E+01  1.093959E-05  5.371848E-06
  1.638226E+00  1.000000E+01     3  3.298189E-05 -2.385684E+01  3.016388E-05 -1.333962E-05
  1.638226E+00  1.000000E+01     4  1.741667E-05 -1.544889E+02 -1.571857E-05 -7.501123E-06
  1.638226E+00  1.000000E+01     5  1.042027E-04  2.602087E+01  9.364015E-05  4.571358E-05
  1.638226E+00  1.000000E+01     6  6.400084E-12  8.849339E+01  1.682723E-13  6.397872E-12
  1.638226E+00  2.000000E+01     1  6.731124E-05  2.695064E+01  6.000105E-05  3.050699E-05
  1.638226E+00  2.000000E+01     2  2.421130E-05  2.658617E+01  2.165126E-05  1.083561E-05
  1.638226E+00  2.000000E+01     3  3.293449E-05 -2.375797E+01  3.014347E-05 -1.326845E-05
  1.638226E+00  2.000000E+01     4  3.508262E-05 -1.539802E+02 -3.152673E-05 -1.539012E-05
  1.638226E+00  2.000000E+01     5  9.915584E-05  2.606390E+01  8.907214E-05  4.356642E-05
  1.638226E+00  2.000000E+01     6  9.901821E-12  8.886274E+01  1.965281E-13  9.899870E-12
  1.638226E+00  3.000000E+01     1  6.193640E-05  2.691680E+01  5.522651E-05  2.803837E-05
  1.638226E+00  3.000000E+01     2  3.552360E-05  2.672851E+01  3.172782E-05  1.597722E-05
  1.638226E+00  3.000000E+01     3  3.289950E-05 -2.368877E+01  3.012743E-05 -1.321798E-05
  1.638226E+00  3.000000E+01     4  5.173740E-05 -1.538787E+02 -4.645314E-05 -2.277861E-05
  1.638226E+00  3.000000E+01     5  9.106547E-05  2.612809E+01  8.175966E-05  4.010336E-05
  1.638226E+00  3.000000E+01     6  8.832392E-12  8.861203E+01  2.139404E-13  8.829801E-12
  1.638226E+00  4.000000E+01     1  5.468047E-05  2.687522E+01  4.877460E-05  2.471825E-05
  1.638226E+00  4.000000E+01     2  4.578334E-05  2.680005E+01  4.086554E-05  2.064272E-05
  1.638226E+00  4.000000E+01     3  3.288113E-05 -2.364501E+01  3.012069E-05 -1.318759E-05
  1.638226E+00  4.000000E+01     4  6.688904E-05 -1.538856E+02 -6.006082E-05 -2.944217E-05
  1.638226E+00  4.000000E+01     5  8.021172E-05  2.619895E+01  7.197128E-05  3.541263E-05
  1.638226E+00  4.000000E+01     6  3.750725E-12  8.671053E+01  2.152188E-13  3.744545E-12
  1.638226E+00  5.000000E+01     1  4.577746E-05  2.681697E+01  4.085420E-05  2.065213E-05
  1.638226E+00  5.000000E+01     2  5.467404E-05  2.684530E+01  4.878176E-05  2.468988E-05
  1.638226E+00  5.000000E+01     3  3.288077E-05 -2.362452E+01  3.012507E-05 -1.317668E-05
  1.638226E+00  5.000000E+01     4  8.007204E-05 -1.539312E+02 -7.192608E-05 -3.518763E-05
  1.638226E+00  5.000000E+01     5  6.695850E-05  2.625387E+01  6.005126E-05  2.961904E-05
  1.638226E+00  5.000000E+01     6  2.957943E-12 -8.613871E+01  1.991914E-13 -2.951229E-12
  1.638226E+00  6.000000E+01     1  3.550880E-05  2.672207E+01  3.171640E-05  1.596699E-05
  1.638226E+00  6.000000E+01     2  6.191522E-05  2.687969E+01  5.522576E-05  2.799302E-05
  1.638226E+00  6.000000E+01     3  3.289707E-05 -2.363184E+01  3.013833E-05 -1.318706E-05
  1.638226E+00  6.000000E+01     4  9.086467E-05 -1.539840E+02 -8.165748E-05 -3.985529E-05
  1.638226E+00  6.000000E+01     5  5.173397E-05  2.625410E+01  4.639715E-05  2.288467E-05
  1.638226E+00  6.000000E+01     6  8.132071E-12 -8.881086E+01  1.687648E-13 -8.130319E-12
  1.638226E+00  7.000000E+01     1  2.419131E-05  2.653242E+01  2.164352E-05  1.080636E-05
  1.638226E+00  7.000000E+01     2  6.727426E-05  2.691013E+01  5.998964E-05  3.044782E-05
  1.638226E+00  7.000000E+01     3  3.292655E-05 -2.367744E+01  3.015482E-05 -1.322288E-05
  1.638226E+00  7.000000E+01     4  9.890899E-05 -1.540255E+02 -8.891811E-05 -4.331925E-05
  1.638226E+00  7.000000E+01     5  3.500982E-05  2.611167E+01  3.143665E-05  1.540860E-05
  1.638226E+00  7.000000E+01     6  9.388885E-12 -8.920995E+01  1.294589E-13 -9.387992E-12
  1.638226E+00  8.000000E+01     1  1.216583E-05  2.595918E+01  1.093837E-05  5.325356E-06
  1.638226E+00  8.000000E+01     2  7.057669E-05  2.694019E+01  6.291771E-05  3.197549E-05
  1.638226E+00  8.000000E+01     3  3.296455E-05 -2.377198E+01  3.016773E-05 -1.328794E-05
  1.638226E+00  8.000000E+01     4  1.039294E-04 -1.540443E+02 -9.344633E-05 -4.548748E-05
  1.638226E+00  8.000000E+01     5  1.728384E-05  2.543775E+01  1.560821E-05  7.423931E-06
  1.638226E+00  8.000000E+01     6  6.162824E-12 -8.918910E+01  8.721827E-14 -6.162206E-12
  1.638226E+00  9.000000E+01     1  3.249231E-07 -1.051148E+02 -8.472509E-08 -3.136824E-07
  1.638226E+00  9.000000E+01     2  7.171379E-05  2.697187E+01  6.391343E-05  3.252600E-05
  1.638226E+00  9.000000E+01     3  3.300621E-05 -2.391812E+01  3.017183E-05 -1.338173E-05
  1.638226E+00  9.000000E+01     4  1.057474E-04 -1.540329E+02 -9.507174E-05 -4.630212E-05
  1.638226E+00  9.000000E+01     5  1.038166E-06 -1.287613E+02 -6.499714E-07 -8.095216E-07
  1.638226E+00  9.000000E+01     6  4.777799E-14 -1.263975E+01  4.662010E-14 -1.045479E-14
  1.638226E+00  1.000000E+02     1  1.259746E-05 -1.518411E+02 -1.110645E-05 -5.944967E-06
  1.638226E+00  1.000000E+02     2  7.064723E-05  2.700638E+01  6.294357E-05  3.208018E-05
  1.638226E+00  1.000000E+02     3  3.304722E-05 -2.410392E+01  3.016571E-05 -1.349625E-05
  1.638226E+00  1.000000E+02     4  1.042915E-04 -1.539868E+02 -9.372601E-05 -4.573994E-05
  1.638226E+00  1.000000E+02     5  1.915660E-05 -1.519196E+02 -1.690163E-05 -9.017221E-06
  1.638226E+00  1.000000E+02     6  6.115767E-12  8.990274E+01  1.038161E-14  6.115758E-12
  1.638226E+00  1.100000E+02     1  2.460853E-05 -1.523961E+02 -2.180740E-05 -1.140251E-05
  1.638226E+00  1.100000E+02     2  6.741094E-05  2.704472E+01  6.003968E-05  3.065079E-05
  1.638226E+00  1.100000E+02     3  3.308398E-05 -2.430147E+01  3.015249E-05 -1.361531E-05
  1.638226E+00  1.100000E+02     4  9.960243E-05 -1.539040E+02 -8.944877E-05 -4.381280E-05
  1.638226E+00  1.100000E+02     5  3.682748E-05 -1.526402E+02 -3.270788E-05 -1.692507E-05
  1.638226E+00  1.100000E+02     6  9.274484E-12  9.012190E+01 -1.973177E-14  9.274463E-12
  1.638226E+00  1.200000E+02     1  3.590135E-05 -1.525970E+02 -3.187291E-05 -1.652346E-05
  1.638226E+00  1.200000E+02     2  6.211009E-05  2.708816E+01  5.529704E-05  2.828251E-05
  1.638226E+00  1.200000E+02     3  3.311342E-05 -2.447221E+01  3.013859E-05 -1.371729E-05
  1.638226E+00  1.200000E+02     4  9.183464E-05 -1.537845E+02 -8.238841E-05 -4.056786E-05
  1.638226E+00  1.200000E+02     5  5.345294E-05 -1.529908E+02 -4.762303E-05 -2.427475E-05
  1.638226E+00  1.200000E+02     6  7.932894E-12  9.029904E+01 -4.140361E-14  7.932786E-12
  1.638226E+00  1.300000E+02     1  4.613439E-05 -1.527104E+02 -4.099967E-05 -2.115205E-05
  1.638226E+00  1.300000E+02     2  5.491704E-05  2.713919E+01  4.887073E-05  2.505061E-05
  1.638226E+00  1.300000E+02     3  3.313293E-05 -2.457763E+01  3.013104E-05 -1.378084E-05
  1.638226E+00  1.300000E+02     4  8.125025E-05 -1.536305E+02 -7.279604E-05 -3.608793E-05
  1.638226E+00  1.300000E+02     5  6.852744E-05 -1.532575E+02 -6.119759E-05 -3.083610E-05
  1.638226E+00  1.300000E+02     6  2.682691E-12  9.108674E+01 -5.088002E-14  2.682209E-12
  1.638226E+00  1.400000E+02     1  5.499017E-05 -1.527900E+02 -4.890478E-05 -2.514441E-05
  1.638226E+00  1.400000E+02     2  4.606387E-05  2.720332E+01  4.096874E-05  2.105807E-05
  1.638226E+00  1.400000E+02     3  3.314050E-05 -2.459149E+01  3.013459E-05 -1.379128E-05
  1.638226E+00  1.400000E+02     4  6.820614E-05 -1.534451E+02 -6.101081E-05 -3.049196E-05
  1.638226E+00  1.400000E+02     5  8.157138E-05 -1.534859E+02 -7.299207E-05 -3.641492E-05
  1.638226E+00  1.400000E+02     6  4.050617E-12 -9.061571E+01 -4.352771E-14 -4.050384E-12
  1.638226E+00  1.500000E+02     1  6.218710E-05 -1.528533E+02 -5.533666E-05 -2.837411E-05
  1.638226E+00  1.500000E+02     2  3.583180E-05  2.729439E+01  3.184237E-05  1.643112E-05
  1.638226E+00  1.500000E+02     3  3.313513E-05 -2.450851E+01  3.014964E-05 -1.374539E-05
  1.638226E+00  1.500000E+02     4  5.313356E-05 -1.532253E+02 -4.743684E-05 -2.393578E-05
  1.638226E+00  1.500000E+02     5  9.215241E-05 -1.536818E+02 -8.260040E-05 -4.085634E-05
  1.638226E+00  1.500000E+02     6  9.131545E-12 -9.009872E+01 -1.573425E-14 -9.131532E-12
  1.638226E+00  1.600000E+02     1  6.749199E-05 -1.529076E+02 -6.008632E-05 -3.073765E-05
  1.638226E+00  1.600000E+02     2  2.453871E-05  2.745553E+01  2.177489E-05  1.131382E-05
  1.638226E+00  1.600000E+02     3  3.311703E-05 -2.434588E+01  3.017205E-05 -1.365230E-05
  1.638226E+00  1.600000E+02     4  3.651380E-05 -1.529381E+02 -3.251612E-05 -1.661205E-05
  1.638226E+00  1.600000E+02     5  9.991010E-05 -1.538420E+02 -8.967749E-05 -4.404516E-05
  1.638226E+00  1.600000E+02     6  1.016744E-11 -8.981494E+01  3.283998E-14 -1.016739E-11
  1.638226E+00  1.700000E+02     1  7.073092E-05 -1.529563E+02 -6.299721E-05 -3.215921E-05
  1.638226E+00  1.700000E+02     2  1.252686E-05  2.790366E+01  1.107043E-05  5.862398E-06
  1.638226E+00  1.700000E+02     3  3.308760E-05 -2.413695E+01  3.019478E-05 -1.353015E-05
  1.638226E+00  1.700000E+02     4  1.885559E-05 -1.523588E+02 -1.670360E-05 -8.747742E-06
  1.638226E+00  1.700000E+02     5  1.045779E-04 -1.539629E+02 -9.396428E-05 -4.590484E-05
  1.638226E+00  1.700000E+02     6  6.622938E-12 -8.915255E+01  9.795503E-14 -6.622214E-12
  1.638226E+00  1.800000E+02     1  7.179720E-05 -1.530013E+02 -6.397250E-05 -3.259382E-05
  1.638226E+00  1.800000E+02     2  2.443086E-07  7.948158E+01  4.459892E-08  2.402033E-07
  1.638226E+00  1.800000E+02     3  3.304925E-05 -2.391983E+01  3.021077E-05 -1.340008E-05
  1.638226E+00  1.800000E+02     4  7.486352E-07 -1.270629E+02 -4.511956E-07 -5.973919E-07
  1.638226E+00  1.800000E+02     5  1.059985E-04 -1.540426E+02 -9.530532E-05 -4.639586E-05
  1.638226E+00  1.800000E+02     6  1.940830E-13 -2.805067E+01  1.712845E-13 -9.126797E-14
  1.638226E+00  1.900000E+02     1  7.065589E-05 -1.530438E+02 -6.297936E-05 -3.202898E-05
  1.638226E+00  1.900000E+02     2  1.223223E-05 -1.538736E+02 -1.098240E-05 -5.386503E-06
  1.638226E+00  1.900000E+02     3  3.300547E-05 -2.372585E+01  3.021588E-05 -1.328011E-05
  1.638226E+00  1.900000E+02     4  1.751677E-05  2.559948E+01  1.579726E-05  7.568603E-06
  1.638226E+00  1.900000E+02     5  1.041307E-04 -1.540819E+02 -9.365727E-05 -4.551402E-05
  1.638226E+00  1.900000E+02     6  6.434178E-12  8.783881E+01  2.426394E-13  6.429601E-12
  1.638226E+00  2.000000E+02     1  6.734507E-05 -1.530853E+02 -6.005035E-05 -3.048467E-05
  1.638226E+00  2.000000E+02     2  2.425390E-05 -1.534208E+02 -2.169067E-05 -1.085202E-05
  1.638226E+00  2.000000E+02     3  3.296086E-05 -2.357251E+01  3.021043E-05 -1.318136E-05
  1.638226E+00  2.000000E+02     4  3.519028E-05  2.609575E+01  3.160299E-05  1.547924E-05
  1.638226E+00  2.000000E+02     5  9.904948E-05 -1.540847E+02 -8.908917E-05 -4.328879E-05
  1.638226E+00  2.000000E+02     6  9.956971E-12  8.825640E+01  3.029594E-13  9.952361E-12
  1.638226E+00  2.100000E+02     1  6.197403E-05 -1.531281E+02 -5.528202E-05 -2.801211E-05
  1.638226E+00  2.100000E+02     2  3.556504E-05 -1.532739E+02 -3.176551E-05 -1.599453E-05
  1.638226E+00  2.100000E+02     3  3.292090E-05 -2.346337E+01  3.019883E-05 -1.310787E-05
  1.638226E+00  2.100000E+02     4  5.184852E-05  2.618416E+01  4.652784E-05  2.287856E-05
  1.638226E+00  2.100000E+02     5  9.093915E-05 -1.540583E+02 -8.177610E-05 -3.978189E-05
  1.638226E+00  2.100000E+02     6  8.907834E-12  8.776933E+01  3.467171E-13  8.901084E-12
  1.638226E+00  2.200000E+02     1  5.471839E-05 -1.531764E+02 -4.883069E-05 -2.469143E-05
  1.638226E+00  2.200000E+02     2  4.582519E-05 -1.532024E+02 -4.090378E-05 -2.065985E-05
  1.638226E+00  2.200000E+02     3  3.289111E-05 -2.339373E+01  3.018740E-05 -1.305933E-05
  1.638226E+00  2.200000E+02     4  6.699854E-05  2.616000E+01  6.013563E-05  2.953827E-05
  1.638226E+00  2.200000E+02     5  8.008222E-05 -1.540153E+02 -7.198680E-05 -3.508650E-05
  1.638226E+00  2.200000E+02     6  3.850135E-12  8.444490E+01  3.727046E-13  3.832053E-12
  1.638226E+00  2.300000E+02     1  4.581222E-05 -1.532386E+02 -4.090523E-05 -2.062817E-05
  1.638226E+00  2.300000E+02     2  5.471787E-05 -1.531593E+02 -4.882285E-05 -2.470576E-05
  1.638226E+00  2.300000E+02     3  3.287597E-05 -2.335869E+01  3.018148E-05 -1.303487E-05
  1.638226E+00  2.300000E+02     4  8.017503E-05  2.609449E+01  7.200278E-05  3.526521E-05
  1.638226E+00  2.300000E+02     5  6.684305E-05 -1.539758E+02 -6.006574E-05 -2.932746E-05
  1.638226E+00  2.300000E+02     6  2.876090E-12 -8.234678E+01  3.830292E-13 -2.850471E-12
  1.638226E+00  2.400000E+02     1  3.553736E-05 -1.533337E+02 -3.175744E-05 -1.594895E-05
  1.638226E+00  2.400000E+02     2  6.196211E-05 -1.531280E+02 -5.527134E-05 -2.800683E-05
  1.638226E+00  2.400000E+02     3  3.287790E-05 -2.335896E+01  3.018319E-05 -1.303577E-05
  1.638226E+00  2.400000E+02     4  9.095754E-05  2.602145E+01  8.173716E-05  3.990376E-05
  1.638226E+00  2.400000E+02     5  5.164817E-05 -1.539739E+02 -4.641075E-05 -2.266221E-05
  1.638226E+00  2.400000E+02     6  8.028562E-12 -8.727951E+01  3.810651E-13 -8.019514E-12
  1.638226E+00  2.500000E+02     1  2.421140E-05 -1.535172E+02 -2.167086E-05 -1.079657E-05
  1.638226E+00  2.500000E+02     2  6.732453E-05 -1.531008E+02 -6.004026E-05 -3.045915E-05
  1.638226E+00  2.500000E+02     3  3.289683E-05 -2.340151E+01  3.019087E-05 -1.306570E-05
  1.638226E+00  2.500000E+02     4  9.899011E-05  2.596165E+01  8.900074E-05  4.333485E-05
  1.638226E+00  2.500000E+02     5  3.496572E-05 -1.540849E+02 -3.144965E-05 -1.528140E-05
  1.638226E+00  2.500000E+02     6  9.277809E-12 -8.771725E+01  3.695445E-13 -9.270446E-12
  1.638226E+00  2.600000E+02     1  1.217610E-05 -1.540653E+02 -1.094988E-05 -5.325175E-06
  1.638226E+00  2.600000E+02     2  7.062985E-05 -1.530736E+02 -6.297282E-05 -3.198437E-05
  1.638226E+00  2.600000E+02     3  3.293035E-05 -2.349468E+01  3.020033E-05 -1.312814E-05
  1.638226E+00  2.600000E+02     4  1.039993E-04  2.592848E+01  9.353075E-05  4.547356E-05
  1.638226E+00  2.600000E+02     5  1.728806E-05 -1.546309E+02 -1.562090E-05 -7.407044E-06
  1.638226E+00  2.600000E+02     6  6.051370E-12 -8.668693E+01  3.497192E-13 -6.041256E-12
  1.638226E+00  2.700000E+02     1  3.168932E-07  7.361892E+01  8.937170E-08  3.040297E-07
  1.638226E+00  2.700000E+02     2  7.176878E-05 -1.530444E+02 -6.397167E-05 -3.253282E-05
  1.638226E+00  2.700000E+02     3  3.297442E-05 -2.364038E+01  3.020722E-05 -1.322257E-05
  1.638226E+00  2.700000E+02     4  1.058081E-04  2.593007E+01  9.515624E-05  4.626712E-05
  1.638226E+00  2.700000E+02     5  9.568517E-07  4.822489E+01  6.374628E-07  7.135870E-07
  1.638226E+00  2.700000E+02     6  3.402502E-13  1.896279E+01  3.217847E-13  1.105657E-13
  1.638226E+00  2.800000E+02     1  1.260575E-05  2.804307E+01  1.112576E-05  5.926404E-06
  1.638226E+00  2.800000E+02     2  7.070289E-05 -1.530117E+02 -6.300332E-05 -3.208553E-05
  1.638226E+00  2.800000E+02     3  3.302399E-05 -2.382752E+01  3.020921E-05 -1.334118E-05
  1.638226E+00  2.800000E+02     4  1.043460E-04  2.597057E+01  9.380901E-05  4.569408E-05
  1.638226E+00  2.800000E+02     5  1.905313E-05  2.757161E+01  1.688932E-05  8.818873E-06
  1.638226E+00  2.800000E+02     6  6.240092E-12  8.737245E+01  2.860661E-13  6.233531E-12
  1.638226E+00  2.900000E+02     1  2.462399E-05  2.751819E+01  2.183813E-05  1.137703E-05
  1.638226E+00  2.900000E+02     2  6.746635E-05 -1.529750E+02 -6.009959E-05 -3.065530E-05
  1.638226E+00  2.900000E+02     3  3.307340E-05 -2.403040E+01  3.020691E-05 -1.346820E-05
  1.638226E+00  2.900000E+02     4  9.965393E-05  2.605088E+01  8.952953E-05  4.376493E-05
  1.638226E+00  2.900000E+02     5  3.668973E-05  2.698267E+01  3.269583E-05  1.664690E-05
  1.638226E+00  2.900000E+02     6  9.388875E-12  8.850968E+01  2.441864E-13  9.385699E-12
  1.638226E+00  3.000000E+02     1  3.592105E-05  2.733363E+01  3.191039E-05  1.649390E-05
  1.638226E+00  3.000000E+02     2  6.216479E-05 -1.529332E+02 -5.535630E-05 -2.828677E-05
  1.638226E+00  3.000000E+02     3  3.311660E-05 -2.421378E+01  3.020305E-05 -1.358252E-05
  1.638226E+00  3.000000E+02     4  9.188590E-05  2.616911E+01  8.246725E-05  4.052371E-05
  1.638226E+00  3.000000E+02     5  5.329539E-05  2.670337E+01  4.761117E-05  2.394943E-05
  1.638226E+00  3.000000E+02     6  8.036740E-12  8.857663E+01  1.996315E-13  8.034260E-12
  1.638226E+00  3.100000E+02     1  4.615484E-05  2.723420E+01  4.103827E-05  2.112178E-05
  1.638226E+00  3.100000E+02     2  5.497095E-05 -1.528843E+02 -4.892900E-05 -2.505512E-05
  1.638226E+00  3.100000E+02     3  3.314751E-05 -2.434283E+01  3.020055E-05 -1.366325E-05
  1.638226E+00  3.100000E+02     4  8.130351E-05  2.632127E+01  7.287412E-05  3.605030E-05
  1.638226E+00  3.100000E+02     5  6.836741E-05  2.649757E+01  6.118564E-05  3.050280E-05
  1.638226E+00  3.100000E+02     6  2.775290E-12  8.674641E+01  1.575126E-13  2.770817E-12
  1.638226E+00  3.200000E+02     1  5.500773E-05  2.716839E+01  4.893864E-05  2.511692E-05
  1.638226E+00  3.200000E+02     2  4.611708E-05 -1.528234E+02 -4.102589E-05 -2.106328E-05
  1.638226E+00  3.200000E+02     3  3.316111E-05 -2.439418E+01  3.020067E-05 -1.369593E-05
  1.638226E+00  3.200000E+02     4  6.826332E-05  2.650323E+01  6.108947E-05  3.046239E-05
  1.638226E+00  3.200000E+02     5  8.142647E-05  2.632878E+01  7.297959E-05  3.611439E-05
  1.638226E+00  3.200000E+02     6  3.979449E-12 -8.821949E+01  1.236448E-13 -3.977528E-12
  1.638226E+00  3.300000E+02     1  6.219845E-05  2.711900E+01  5.536046E-05  2.835255E-05
  1.638226E+00  3.300000E+02     2  3.588426E-05 -1.527374E+02 -3.189809E-05 -1.643750E-05
  1.638226E+00  3.300000E+02     3  3.315465E-05 -2.436338E+01  3.020215E-05 -1.367703E-05
  1.638226E+00  3.300000E+02     4  5.319649E-05  2.671739E+01  4.751697E-05  2.391661E-05
  1.638226E+00  3.300000E+02     5  9.203827E-05  2.619313E+01  8.258698E-05  4.062554E-05
  1.638226E+00  3.300000E+02     6  9.077559E-12 -8.934855E+01  1.032098E-13 -9.076972E-12
  1.638226E+00  3.400000E+02     1  6.749460E-05  2.707867E+01  6.009600E-05  3.072445E-05
  1.638226E+00  3.400000E+02     2  2.459003E-05 -1.525855E+02 -2.182855E-05 -1.132185E-05
  1.638226E+00  3.400000E+02     3  3.312859E-05 -2.426548E+01  3.020171E-05 -1.361469E-05
  1.638226E+00  3.400000E+02     4  3.658438E-05  2.699756E+01  3.259762E-05  1.660757E-05
  1.638226E+00  3.400000E+02     5  9.983849E-05  2.609326E+01  8.966288E-05  4.391232E-05
  1.638226E+00  3.400000E+02     6  1.013365E-11 -8.943839E+01  9.932833E-14 -1.013317E-11
  1.638226E+00  3.500000E+02     1  7.072338E-05  2.704367E+01  6.299050E-05  3.215576E-05
  1.638226E+00  3.500000E+02     2  1.257638E-05 -1.521637E+02 -1.112111E-05 -5.872500E-06
  1.638226E+00  3.500000E+02     3  3.308666E-05 -2.412877E+01  3.019585E-05 -1.352546E-05
  1.638226E+00  3.500000E+02     4  1.893553E-05  2.756883E+01  1.678551E-05  8.763626E-06
  1.638226E+00  3.500000E+02     5  1.045554E-04  2.603157E+01  9.394850E-05  4.588584E-05
  1.638226E+00  3.500000E+02     6  6.610653E-12 -8.902997E+01  1.119147E-13 -6.609705E-12
  1.586206E+00  0.000000E+00     1  6.332146E-05  2.790306E+01  5.595975E-05  2.963299E-05
  1.586206E+00  0.000000E+00     2  1.846851E-07 -1.094123E+02 -6.138274E-08 -1.741860E-07
  1.586206E+00  0.000000E+00     3  2.477967E-05 -2.202681E+01  2.297096E-05 -9.293378E-06
  1.586206E+00  0.000000E+00     4  5.191833E-07  5.416621E+01  3.039485E-07  4.209116E-07
  1.586206E+00  0.000000E+00     5  8.382944E-05  2.665595E+01  7.491976E-05  3.760857E-05
  1.586206E+00  0.000000E+00     6  2.312720E-13 -2.335108E+01  2.123293E-13 -9.166794E-14
  1.586206E+00  1.000000E+01     1  6.231303E-05  2.787996E+01  5.508031E-05  2.913886E-05
  1.586206E+00  1.000000E+01     2  1.078196E-05  2.727540E+01  9.583158E-06  4.941027E-06
  1.586206E+00  1.000000E+01     3  2.474419E-05 -2.185633E+01  2.296559E-05 -9.211780E-06
  1.586206E+00  1.000000E+01     4  1.390333E-05 -1.534878E+02 -1.244125E-05 -6.206284E-06
  1.586206E+00  1.000000E+01     5  8.241203E-05  2.668426E+01  7.363471E-05  3.700907E-05
  1.586206E+00  1.000000E+01     6  7.521100E-12  8.799261E+01  2.634514E-13  7.516484E-12
  1.586206E+00  2.000000E+01     1  5.939098E-05  2.785850E+01  5.250783E-05  2.775279E-05
  1.586206E+00  2.000000E+01     2  2.138415E-05  2.760336E+01  1.895013E-05  9.908303E-06
  1.586206E+00  2.000000E+01     3  2.471090E-05 -2.172412E+01  2.295585E-05 -9.146438E-06
  1.586206E+00  2.000000E+01     4  2.786185E-05 -1.530711E+02 -2.484077E-05 -1.261819E-05
  1.586206E+00  2.000000E+01     5  7.844426E-05  2.675395E+01  7.004663E-05  3.531247E-05
  1.586206E+00  2.000000E+01     6  1.160223E-11  8.848109E+01  3.075379E-13  1.159816E-11
  1.586206E+00  3.000000E+01     1  5.465264E-05  2.783645E+01  4.832846E-05  2.552001E-05
  1.586206E+00  3.000000E+01     2  3.136026E-05  2.770649E+01  2.776452E-05  1.458071E-05
  1.586206E+00  3.000000E+01     3  2.468615E-05 -2.163062E+01  2.294774E-05 -9.099843E-06
  1.586206E+00  3.000000E+01     4  4.101806E-05 -1.530238E+02 -3.655508E-05 -1.860665E-05
  1.586206E+00  3.000000E+01     5  7.206864E-05  2.685488E+01  6.429630E-05  3.255573E-05
  1.586206E+00  3.000000E+01     6  1.031313E-11  8.814585E+01  3.336855E-13  1.030773E-11
  1.586206E+00  4.000000E+01     1  4.825389E-05  2.780982E+01  4.268061E-05  2.251229E-05
  1.586206E+00  4.000000E+01     2  4.040974E-05  2.775455E+01  3.576062E-05  1.881820E-05
  1.586206E+00  4.000000E+01     3  2.467467E-05 -2.156957E+01  2.294675E-05 -9.071168E-06
  1.586206E+00  4.000000E+01     4  5.298447E-05 -1.530795E+02 -4.724283E-05 -2.398893E-05
  1.586206E+00  4.000000E+01     5  6.350640E-05  2.697107E+01  5.659917E-05  2.880273E-05
  1.586206E+00  4.000000E+01     6  4.322021E-12  8.553972E+01  3.361151E-13  4.308932E-12
  1.586206E+00  5.000000E+01     1  4.040211E-05  2.777106E+01  3.574845E-05  1.882495E-05
  1.586206E+00  5.000000E+01     2  4.825264E-05  2.778275E+01  4.269014E-05  2.249154E-05
  1.586206E+00  5.000000E+01     3  2.467816E-05 -2.153751E+01  2.295507E-05 -9.059606E-06
  1.586206E+00  5.000000E+01     4  6.339385E-05 -1.531703E+02 -5.656961E-05 -2.861222E-05
  1.586206E+00  5.000000E+01     5  5.304505E-05  2.707801E+01  4.723065E-05  2.414628E-05
  1.586206E+00  5.000000E+01     6  3.582455E-12 -8.494704E+01  3.155301E-13 -3.568532E-12
  1.586206E+00  6.000000E+01     1  3.134659E-05  2.770375E+01  2.775312E-05  1.457303E-05
  1.586206E+00  6.000000E+01     2  5.464042E-05  2.780379E+01  4.833219E-05  2.548676E-05
  1.586206E+00  6.000000E+01     3  2.469481E-05 -2.153974E+01  2.297020E-05 -9.066611E-06
  1.586206E+00  6.000000E+01     4  7.191315E-05 -1.532627E+02 -6.422411E-05 -3.235374E-05
  1.586206E+00  6.000000E+01     5  4.102289E-05  2.713603E+01  3.650734E-05  1.871073E-05
  1.586206E+00  6.000000E+01     6  9.655124E-12 -8.834985E+01  2.780347E-13 -9.651120E-12
  1.586206E+00  7.000000E+01     1  2.136743E-05  2.756164E+01  1.894251E-05  9.886767E-06
  1.586206E+00  7.000000E+01     2  5.936684E-05  2.782358E+01  5.250338E-05  2.770951E-05
  1.586206E+00  7.000000E+01     3  2.471994E-05 -2.158963E+01  2.298567E-05 -9.095859E-06
  1.586206E+00  7.000000E+01     4  7.825967E-05 -1.533364E+02 -6.993729E-05 -3.511910E-05
  1.586206E+00  7.000000E+01     5  2.781241E-05  2.706309E+01  2.476712E-05  1.265385E-05
  1.586206E+00  7.000000E+01     6  1.111428E-11 -8.880351E+01  2.320797E-13 -1.111186E-11
  1.586206E+00  8.000000E+01     1  1.076495E-05  2.711906E+01  9.581464E-06  4.907106E-06
  1.586206E+00  8.000000E+01     2  6.227733E-05  2.784523E+01  5.506640E-05  2.908880E-05
  1.586206E+00  8.000000E+01     3  2.474769E-05 -2.170132E+01  2.299367E-05 -9.150908E-06
  1.586206E+00  8.000000E+01     4  8.221578E-05 -1.533784E+02 -7.349973E-05 -3.684052E-05
  1.586206E+00  8.000000E+01     5  1.380607E-05  2.652625E+01  1.235270E-05  6.165898E-06
  1.586206E+00  8.000000E+01     6  7.288842E-12 -8.854650E+01  1.848857E-13 -7.286497E-12
  1.586206E+00  9.000000E+01     1  2.254889E-07 -1.044443E+02 -5.624569E-08 -2.183614E-07
  1.586206E+00  9.000000E+01     2  6.327574E-05  2.787040E+01  5.593622E-05  2.957971E-05
  1.586206E+00  9.000000E+01     3  2.477290E-05 -2.187931E+01  2.298853E-05 -9.231690E-06
  1.586206E+00  9.000000E+01     4  8.364018E-05 -1.533806E+02 -7.477454E-05 -3.747597E-05
  1.586206E+00  9.000000E+01     5  6.672731E-07 -1.265208E+02 -3.971036E-07 -5.362482E-07
  1.586206E+00  9.000000E+01     6  1.403774E-13 -3.240890E+00  1.401529E-13 -7.936103E-15
  1.586206E+00  1.000000E+02     1  1.106623E-05 -1.511549E+02 -9.693207E-06 -5.338828E-06
  1.586206E+00  1.000000E+02     2  6.232834E-05  2.789994E+01  5.508368E-05  2.916523E-05
  1.586206E+00  1.000000E+02     3  2.479264E-05 -2.210994E+01  2.296947E-05 -9.331576E-06
  1.586206E+00  1.000000E+02     4  8.247555E-05 -1.533380E+02 -7.370587E-05 -3.700893E-05
  1.586206E+00  1.000000E+02     5  1.499947E-05 -1.512235E+02 -1.314710E-05 -7.220653E-06
  1.586206E+00  1.000000E+02     6  7.243429E-12  8.922295E+01  9.823345E-14  7.242763E-12
  1.586206E+00  1.100000E+02     1  2.165947E-05 -1.515955E+02 -1.905192E-05 -1.030326E-05
  1.586206E+00  1.100000E+02     2  5.946536E-05  2.793434E+01  5.253676E-05  2.785711E-05
  1.586206E+00  1.100000E+02     3  2.480647E-05 -2.235914E+01  2.294146E-05 -9.436651E-06
  1.586206E+00  1.100000E+02     4  7.875304E-05 -1.532485E+02 -7.032390E-05 -3.544842E-05
  1.586206E+00  1.100000E+02     5  2.897874E-05 -1.518856E+02 -2.555950E-05 -1.365575E-05
  1.586206E+00  1.100000E+02     6  1.099528E-11  8.969490E+01  5.854906E-14  1.099512E-11
  1.586206E+00  1.200000E+02     1  3.162259E-05 -1.517586E+02 -2.785829E-05 -1.496343E-05
  1.586206E+00  1.200000E+02     2  5.478020E-05  2.797416E+01  4.837964E-05  2.569593E-05
  1.586206E+00  1.200000E+02     3  2.481563E-05 -2.257873E+01  2.291358E-05 -9.528025E-06
  1.586206E+00  1.200000E+02     4  7.259364E-05 -1.531130E+02 -6.474628E-05 -3.282919E-05
  1.586206E+00  1.200000E+02     5  4.213742E-05 -1.522407E+02 -3.728790E-05 -1.962586E-05
  1.586206E+00  1.200000E+02     6  9.443539E-12  8.986246E+01  2.266998E-14  9.443512E-12
  1.586206E+00  1.300000E+02     1  4.065446E-05 -1.518540E+02 -3.584702E-05 -1.917750E-05
  1.586206E+00  1.300000E+02     2  4.842588E-05  2.802074E+01  4.274929E-05  2.275005E-05
  1.586206E+00  1.300000E+02     3  2.482166E-05 -2.271987E+01  2.289560E-05 -9.586767E-06
  1.586206E+00  1.300000E+02     4  6.420465E-05 -1.529358E+02 -5.717405E-05 -2.921242E-05
  1.586206E+00  1.300000E+02     5  5.407464E-05 -1.525308E+02 -4.797821E-05 -2.494309E-05
  1.586206E+00  1.300000E+02     6  3.284683E-12  9.006970E+01 -3.995597E-15  3.284681E-12
  1.586206E+00  1.400000E+02     1  4.847416E-05 -1.519233E+02 -4.276966E-05 -2.281448E-05
  1.586206E+00  1.400000E+02     2  4.060845E-05  2.807767E+01  3.582925E-05  1.911310E-05
  1.586206E+00  1.400000E+02     3  2.482527E-05 -2.274879E+01  2.289409E-05 -9.599722E-06
  1.586206E+00  1.400000E+02     4  5.386975E-05 -1.527240E+02 -4.787992E-05 -2.468732E-05
  1.586206E+00  1.400000E+02     5  6.440881E-05 -1.527877E+02 -5.727992E-05 -2.945345E-05
  1.586206E+00  1.400000E+02     6  4.630312E-12 -9.016321E+01 -1.318962E-14 -4.630293E-12
  1.586206E+00  1.500000E+02     1  5.483195E-05 -1.519796E+02 -4.840459E-05 -2.575925E-05
  1.586206E+00  1.500000E+02     2  3.157729E-05  2.815499E+01  2.784089E-05  1.490001E-05
  1.586206E+00  1.500000E+02     3  2.482593E-05 -2.265838E+01  2.290982E-05 -9.563837E-06
  1.586206E+00  1.500000E+02     4  4.193246E-05 -1.524825E+02 -3.718864E-05 -1.937359E-05
  1.586206E+00  1.500000E+02     5  7.279547E-05 -1.530092E+02 -6.486654E-05 -3.303805E-05
  1.586206E+00  1.500000E+02     6  1.062180E-11 -8.998489E+01  2.801035E-15 -1.062180E-11
  1.586206E+00  1.600000E+02     1  5.952085E-05 -1.520280E+02 -5.256745E-05 -2.791763E-05
  1.586206E+00  1.600000E+02     2  2.161370E-05  2.828554E+01  1.903296E-05  1.024200E-05
  1.586206E+00  1.600000E+02     3  2.482200E-05 -2.247021E+01  2.293747E-05 -9.487043E-06
  1.586206E+00  1.600000E+02     4  2.877593E-05 -1.521933E+02 -2.545307E-05 -1.342370E-05
  1.586206E+00  1.600000E+02     5  7.894771E-05 -1.531875E+02 -7.045985E-05 -3.561108E-05
  1.586206E+00  1.600000E+02     6  1.187346E-11 -8.977298E+01  4.704501E-14 -1.187337E-11
  1.586206E+00  1.700000E+02     1  6.238648E-05 -1.520707E+02 -5.512011E-05 -2.922065E-05
  1.586206E+00  1.700000E+02     2  1.101948E-05  2.863828E+01  9.671386E-06  5.281397E-06
  1.586206E+00  1.700000E+02     3  2.481134E-05 -2.222631E+01  2.296779E-05 -9.385288E-06
  1.586206E+00  1.700000E+02     4  1.480405E-05 -1.516816E+02 -1.303238E-05 -7.022606E-06
  1.586206E+00  1.700000E+02     5  8.265425E-05 -1.533164E+02 -7.385156E-05 -3.711700E-05
  1.586206E+00  1.700000E+02     6  7.746880E-12 -8.914681E+01  1.153542E-13 -7.746021E-12
  1.586206E+00  1.800000E+02     1  6.333417E-05 -1.521088E+02 -5.597712E-05 -2.962734E-05
  1.586206E+00  1.800000E+02     2  1.698138E-07  7.949031E+01  3.097435E-08  1.669651E-07
  1.586206E+00  1.800000E+02     3  2.479246E-05 -2.197425E+01  2.299134E-05 -9.277087E-06
  1.586206E+00  1.800000E+02     4  4.733364E-07 -1.260595E+02 -2.786174E-07 -3.826482E-07
  1.586206E+00  1.800000E+02     5  8.379146E-05 -1.533928E+02 -7.491776E-05 -3.752784E-05
  1.586206E+00  1.800000E+02     6  2.246469E-13 -2.890917E+01  1.966530E-13 -1.085993E-13
  1.586206E+00  1.900000E+02     1  6.233286E-05 -1.521430E+02 -5.510951E-05 -2.912606E-05
  1.586206E+00  1.900000E+02     2  1.081006E-05 -1.527482E+02 -9.610173E-06 -4.949941E-06
  1.586206E+00  1.900000E+02     3  2.476571E-05 -2.175228E+01  2.300226E-05 -9.178033E-06
  1.586206E+00  1.900000E+02     4  1.395300E-05  2.669214E+01  1.246607E-05  6.267640E-06
  1.586206E+00  1.900000E+02     5  8.232829E-05 -1.534172E+02 -7.362523E-05 -3.684119E-05
  1.586206E+00  1.900000E+02     6  7.521041E-12  8.789435E+01  2.763398E-13  7.515963E-12
  1.586206E+00  2.000000E+02     1  5.941611E-05 -1.521743E+02 -5.254592E-05 -2.773447E-05
  1.586206E+00  2.000000E+02     2  2.141025E-05 -1.524023E+02 -1.897423E-05 -9.918527E-06
  1.586206E+00  2.000000E+02     3  2.473411E-05 -2.158072E+01  2.300025E-05 -9.097493E-06
  1.586206E+00  2.000000E+02     4  2.791957E-05  2.705480E+01  2.486438E-05  1.269901E-05
  1.586206E+00  2.000000E+02     5  7.832527E-05 -1.533936E+02 -7.003094E-05 -3.507869E-05
  1.586206E+00  2.000000E+02     6  1.161884E-11  8.831741E+01  3.411587E-13  1.161383E-11
  1.586206E+00  2.100000E+02     1  5.468063E-05 -1.522045E+02 -4.837147E-05 -2.549848E-05
  1.586206E+00  2.100000E+02     2  3.138530E-05 -1.522951E+02 -2.778710E-05 -1.459158E-05
  1.586206E+00  2.100000E+02     3  2.470302E-05 -2.146215E+01  2.299010E-05 -9.038501E-06
  1.586206E+00  2.100000E+02     4  4.107940E-05  2.707482E+01  3.657763E-05  1.869744E-05
  1.586206E+00  2.100000E+02     5  7.192906E-05 -1.533303E+02 -6.427645E-05 -3.228510E-05
  1.586206E+00  2.100000E+02     6  1.034582E-11  8.787643E+01  3.833627E-13  1.033872E-11
  1.586206E+00  2.200000E+02     1  4.828199E-05 -1.522373E+02 -4.272400E-05 -2.249023E-05
  1.586206E+00  2.200000E+02     2  4.043509E-05 -1.522472E+02 -3.578365E-05 -1.882889E-05
  1.586206E+00  2.200000E+02     3  2.467864E-05 -2.138909E+01  2.297891E-05 -9.000288E-06
  1.586206E+00  2.200000E+02     4  5.304398E-05  2.699386E+01  4.726511E-05  2.407640E-05
  1.586206E+00  2.200000E+02     5  6.336336E-05 -1.532412E+02 -5.657778E-05 -2.852841E-05
  1.586206E+00  2.200000E+02     6  4.372387E-12  8.472038E+01  4.023315E-13  4.353837E-12
  1.586206E+00  2.300000E+02     1  4.042764E-05 -1.522798E+02 -3.578773E-05 -1.880510E-05
  1.586206E+00  2.300000E+02     2  4.827970E-05 -1.522211E+02 -4.271561E-05 -2.250124E-05
  1.586206E+00  2.300000E+02     3  2.466598E-05 -2.135438E+01  2.297256E-05 -8.981755E-06
  1.586206E+00  2.300000E+02     4  6.344627E-05  2.687742E+01  5.659254E-05  2.868300E-05
  1.586206E+00  2.300000E+02     5  5.291616E-05 -1.531482E+02 -4.721063E-05 -2.390138E-05
  1.586206E+00  2.300000E+02     6  3.534516E-12 -8.345102E+01  4.031206E-13 -3.511452E-12
  1.586206E+00  2.400000E+02     1  3.136721E-05 -1.523474E+02 -2.778436E-05 -1.455784E-05
  1.586206E+00  2.400000E+02     2  5.467012E-05 -1.522030E+02 -4.836150E-05 -2.549485E-05
  1.586206E+00  2.400000E+02     3  2.466722E-05 -2.135869E+01  2.297304E-05 -8.983933E-06
  1.586206E+00  2.400000E+02     4  7.195469E-05  2.676041E+01  6.424814E-05  3.239837E-05
  1.586206E+00  2.400000E+02     5  4.092410E-05 -1.530861E+02 -3.649153E-05 -1.852431E-05
  1.586206E+00  2.400000E+02     6  9.591845E-12 -8.765212E+01  3.929461E-13 -9.583793E-12
  1.586206E+00  2.500000E+02     1  2.138141E-05 -1.524841E+02 -1.896280E-05 -9.878105E-06
  1.586206E+00  2.500000E+02     2  5.939941E-05 -1.521863E+02 -5.253695E-05 -2.771568E-05
  1.586206E+00  2.500000E+02     3  2.468123E-05 -2.141130E+01  2.297783E-05 -9.010138E-06
  1.586206E+00  2.500000E+02     4  7.828878E-05  2.666556E+01  6.996209E-05  3.513459E-05
  1.586206E+00  2.500000E+02     5  2.775609E-05 -1.531232E+02 -2.475790E-05 -1.254778E-05
  1.586206E+00  2.500000E+02     6  1.104275E-11 -8.804084E+01  3.775198E-13 -1.103630E-11
  1.586206E+00  2.600000E+02     1  1.077130E-05 -1.529044E+02 -9.589127E-06 -4.906072E-06
  1.586206E+00  2.600000E+02     2  6.231226E-05 -1.521673E+02 -5.510364E-05 -2.909307E-05
  1.586206E+00  2.600000E+02     3  2.470446E-05 -2.152375E+01  2.298171E-05 -9.063740E-06
  1.586206E+00  2.600000E+02     4  8.223323E-05  2.660772E+01  7.352422E-05  3.683059E-05
  1.586206E+00  2.600000E+02     5  1.379921E-05 -1.535204E+02 -1.235157E-05 -6.152784E-06
  1.586206E+00  2.600000E+02     6  7.213699E-12 -8.714755E+01  3.589828E-13 -7.204761E-12
  1.586206E+00  2.700000E+02     1  2.203121E-07  7.379861E+01  6.147023E-08  2.115628E-07
  1.586206E+00  2.700000E+02     2  6.331203E-05 -1.521442E+02 -5.597585E-05 -2.958238E-05
  1.586206E+00  2.700000E+02     3  2.473253E-05 -2.169975E+01  2.297984E-05 -9.144673E-06
  1.586206E+00  2.700000E+02     4  8.364850E-05  2.659583E+01  7.479739E-05  3.744893E-05
  1.586206E+00  2.700000E+02     5  5.985310E-07  4.936828E+01  3.897601E-07  4.542317E-07
  1.586206E+00  2.700000E+02     6  3.450465E-13  1.304056E+01  3.361480E-13  7.785658E-14
  1.586206E+00  2.800000E+02     1  1.107436E-05  2.873977E+01  9.710143E-06  5.324911E-06
  1.586206E+00  2.800000E+02     2  6.236492E-05 -1.521163E+02 -5.512425E-05 -2.916677E-05
  1.586206E+00  2.800000E+02     3  2.476174E-05 -2.192655E+01  2.297056E-05 -9.246470E-06
  1.586206E+00  2.800000E+02     4  8.247814E-05  2.663424E+01  7.372609E-05  3.697440E-05
  1.586206E+00  2.800000E+02     5  1.490582E-05  2.823631E+01  1.313209E-05  7.052083E-06
  1.586206E+00  2.800000E+02     6  7.336816E-12  8.760530E+01  3.065563E-13  7.330408E-12
  1.586206E+00  2.900000E+02     1  2.167317E-05  2.832639E+01  1.907800E-05  1.028379E-05
  1.586206E+00  2.900000E+02     2  5.950147E-05 -1.520831E+02 -5.257714E-05 -2.785801E-05
  1.586206E+00  2.900000E+02     3  2.478952E-05 -2.217257E+01  2.295637E-05 -9.355504E-06
  1.586206E+00  2.900000E+02     4  7.875327E-05  2.672353E+01  7.034138E-05  3.541423E-05
  1.586206E+00  2.900000E+02     5  2.884963E-05  2.772006E+01  2.553858E-05  1.341947E-05
  1.586206E+00  2.900000E+02     6  1.108556E-11  8.860895E+01  2.691128E-13  1.108230E-11
  1.586206E+00  3.000000E+02     1  3.163958E-05  2.817809E+01  2.788979E-05  1.494065E-05
  1.586206E+00  3.000000E+02     2  5.481553E-05 -1.520446E+02 -4.841925E-05 -2.569665E-05
  1.586206E+00  3.000000E+02     3  2.481396E-05 -2.239349E+01  2.294272E-05 -9.453256E-06
  1.586206E+00  3.000000E+02     4  7.259425E-05  2.686069E+01  6.476189E-05  3.279974E-05
  1.586206E+00  3.000000E+02     5  4.198768E-05  2.744097E+01  3.726348E-05  1.934937E-05
  1.586206E+00  3.000000E+02     6  9.530454E-12  8.864102E+01  2.260292E-13  9.527774E-12
  1.586206E+00  3.100000E+02     1  4.067201E-05  2.809535E+01  3.587943E-05  1.915409E-05
  1.586206E+00  3.100000E+02     2  4.846053E-05 -1.519998E+02 -4.278803E-05 -2.275100E-05
  1.586206E+00  3.100000E+02     3  2.483296E-05 -2.254495E+01  2.293520E-05 -9.521155E-06
  1.586206E+00  3.100000E+02     4  6.420769E-05  2.703943E+01  5.718939E-05  2.918904E-05
  1.586206E+00  3.100000E+02     5  5.392197E-05  2.721428E+01  4.795294E-05  2.465957E-05
  1.586206E+00  3.100000E+02     6  3.368475E-12  8.688126E+01  1.832630E-13  3.363486E-12
  1.586206E+00  3.200000E+02     1  4.848938E-05  2.803857E+01  4.279824E-05  2.279320E-05
  1.586206E+00  3.200000E+02     2  4.064266E-05 -1.519456E+02 -3.586720E-05 -1.911465E-05
  1.586206E+00  3.200000E+02     3  2.484401E-05 -2.259706E+01  2.293673E-05 -9.546260E-06
  1.586206E+00  3.200000E+02     4  5.387682E-05  2.725159E+01  4.789674E-05  2.467012E-05
  1.586206E+00  3.200000E+02     5  6.427128E-05  2.701905E+01  5.725643E-05  2.919759E-05
  1.586206E+00  3.200000E+02     6  4.561965E-12 -8.812488E+01  1.492726E-13 -4.559522E-12
  1.586206E+00  3.300000E+02     1  5.484223E-05  2.799498E+01  4.842507E-05  2.574263E-05
  1.586206E+00  3.300000E+02     2  3.161115E-05 -1.518727E+02 -2.787795E-05 -1.490252E-05
  1.586206E+00  3.300000E+02     3  2.484470E-05 -2.254431E+01  2.294615E-05 -9.525403E-06
  1.586206E+00  3.300000E+02     4  4.194518E-05  2.749319E+01  3.720813E-05  1.936370E-05
  1.586206E+00  3.300000E+02     5  7.268914E-05  2.685955E+01  6.484720E-05  3.284131E-05
  1.586206E+00  3.300000E+02     6  1.056239E-11 -8.928128E+01  1.324921E-13 -1.056156E-11
  1.586206E+00  3.400000E+02     1  5.952420E-05  2.795934E+01  5.257657E-05  2.790761E-05
  1.586206E+00  3.400000E+02     2  2.164693E-05 -1.517503E+02 -1.906863E-05 -1.024582E-05
  1.586206E+00  3.400000E+02     3  2.483360E-05 -2.240651E+01  2.295873E-05 -9.465959E-06
  1.586206E+00  3.400000E+02     4  2.879615E-05  2.778751E+01  2.547546E-05  1.342459E-05
  1.586206E+00  3.400000E+02     5  7.888468E-05  2.674316E+01  7.044660E-05  3.549746E-05
  1.586206E+00  3.400000E+02     6  1.182673E-11 -8.932966E+01  1.383647E-13 -1.182592E-11
  1.586206E+00  3.500000E+02     1  6.238183E-05  2.792916E+01  5.511605E-05  2.921837E-05
  1.586206E+00  3.500000E+02     2  1.105145E-05 -1.514201E+02 -9.704836E-06 -5.286839E-06
  1.586206E+00  3.500000E+02     3  2.481107E-05 -2.222055E+01  2.296847E-05 -9.382872E-06
  1.586206E+00  3.500000E+02     4  1.483373E-05  2.833134E+01  1.305691E-05  7.039640E-06
  1.586206E+00  3.500000E+02     5  8.264131E-05  2.667484E+01  7.384569E-05  3.709989E-05
  1.586206E+00  3.500000E+02     6  7.715016E-12 -8.875975E+01  1.669895E-13 -7.713209E-12
  1.538846E+00  0.000000E+00     1  5.664611E-05  2.941941E+01  4.934146E-05  2.782450E-05
  1.538846E+00  0.000000E+00     2  1.361763E-07 -1.078148E+02 -4.166185E-08 -1.296468E-07
  1.538846E+00  0.000000E+00     3  1.903125E-05 -1.927878E+01  1.796404E-05 -6.283448E-06
  1.538846E+00  0.000000E+00     4  3.494585E-07  6.046327E+01  1.722765E-07  3.040429E-07
  1.538846E+00  0.000000E+00     5  6.830340E-05  2.793491E+01  6.034471E-05  3.199797E-05
  1.538846E+00  0.000000E+00     6  2.638512E-13 -1.788713E+01  2.510976E-13 -8.104001E-14
  1.538846E+00  1.000000E+01     1  5.574769E-05  2.940113E+01  4.856762E-05  2.736771E-05
  1.538846E+00  1.000000E+01     2  9.660556E-06  2.895074E+01  8.453336E-06  4.676265E-06
  1.538846E+00  1.000000E+01     3  1.900994E-05 -1.906894E+01  1.796679E-05 -6.210654E-06
  1.538846E+00  1.000000E+01     4  1.141284E-05 -1.519119E+02 -1.006869E-05 -5.373490E-06
  1.538846E+00  1.000000E+01     5  6.716344E-05  2.797590E+01  5.931505E-05  3.150638E-05
  1.538846E+00  1.000000E+01     6  8.730290E-12  8.787328E+01  3.239790E-13  8.724276E-12
  1.538846E+00  2.000000E+01     1  5.313586E-05  2.938682E+01  4.629869E-05  2.607395E-05
  1.538846E+00  2.000000E+01     2  1.914022E-05  2.921445E+01  1.670556E-05  9.341954E-06
  1.538846E+00  2.000000E+01     3  1.898720E-05 -1.890687E+01  1.796277E-05 -6.152439E-06
  1.538846E+00  2.000000E+01     4  2.278604E-05 -1.515425E+02 -2.003282E-05 -1.085771E-05
  1.538846E+00  2.000000E+01     5  6.394712E-05  2.807040E+01  5.642503E-05  3.009071E-05
  1.538846E+00  2.000000E+01     6  1.343530E-11  8.836308E+01  3.837894E-13  1.342982E-11
  1.538846E+00  3.000000E+01     1  4.889782E-05  2.937445E+01  4.261115E-05  2.398512E-05
  1.538846E+00  3.000000E+01     2  2.806178E-05  2.929111E+01  2.447395E-05  1.372915E-05
  1.538846E+00  3.000000E+01     3  1.896968E-05 -1.879246E+01  1.795844E-05 -6.110912E-06
  1.538846E+00  3.000000E+01     4  3.350057E-05 -1.515377E+02 -2.945137E-05 -1.596574E-05
  1.538846E+00  3.000000E+01     5  5.876947E-05  2.820719E+01  5.179025E-05  2.777806E-05
  1.538846E+00  3.000000E+01     6  1.190629E-11  8.799984E+01  4.155568E-13  1.189904E-11
  1.538846E+00  4.000000E+01     1  4.317356E-05  2.936024E+01  3.762810E-05  2.116796E-05
  1.538846E+00  4.000000E+01     2  3.615653E-05  2.932142E+01  3.152438E-05  1.770615E-05
  1.538846E+00  4.000000E+01     3  1.896301E-05 -1.871724E+01  1.796013E-05 -6.085192E-06
  1.538846E+00  4.000000E+01     4  4.324150E-05 -1.516389E+02 -3.805129E-05 -2.054085E-05
  1.538846E+00  4.000000E+01     5  5.180900E-05  2.836847E+01  4.558727E-05  2.461653E-05
  1.538846E+00  4.000000E+01     6  4.931070E-12  8.518832E+01  4.136232E-13  4.913692E-12
  1.538846E+00  5.000000E+01     1  3.614955E-05  2.933714E+01  3.151344E-05  1.771139E-05
  1.538846E+00  5.000000E+01     2  4.317334E-05  2.933561E+01  3.763701E-05  2.115167E-05
  1.538846E+00  5.000000E+01     3  1.896949E-05 -1.867609E+01  1.797063E-05 -6.074364E-06
  1.538846E+00  5.000000E+01     4  5.171089E-05 -1.517749E+02 -4.556225E-05 -2.445602E-05
  1.538846E+00  5.000000E+01     5  4.329818E-05  2.852691E+01  3.804148E-05  2.067798E-05
  1.538846E+00  5.000000E+01     6  4.254971E-12 -8.483885E+01  3.827653E-13 -4.237720E-12
  1.538846E+00  6.000000E+01     1  2.804983E-05  2.929049E+01  2.446368E-05  1.372303E-05
  1.538846E+00  6.000000E+01     2  4.888881E-05  2.934520E+01  4.261554E-05  2.395895E-05
  1.538846E+00  6.000000E+01     3  1.898697E-05 -1.867461E+01  1.798735E-05 -6.079499E-06
  1.538846E+00  6.000000E+01     4  5.863905E-05 -1.519080E+02 -5.173092E-05 -2.761250E-05
  1.538846E+00  6.000000E+01     5  3.351121E-05  2.863971E+01  2.941115E-05  1.606193E-05
  1.538846E+00  6.000000E+01     6  1.129901E-11 -8.830055E+01  3.350910E-13 -1.129404E-11
  1.538846E+00  7.000000E+01     1  1.912574E-05  2.918069E+01  1.669842E-05  9.325048E-06
  1.538846E+00  7.000000E+01     2  5.311751E-05  2.935585E+01  4.629678E-05  2.603992E-05
  1.538846E+00  7.000000E+01     3  1.900961E-05 -1.872851E+01  1.800306E-05 -6.103687E-06
  1.538846E+00  7.000000E+01     4  6.379755E-05 -1.520149E+02 -5.633768E-05 -2.993649E-05
  1.538846E+00  7.000000E+01     5  2.275076E-05  2.862496E+01  1.997003E-05  1.089931E-05
  1.538846E+00  7.000000E+01     6  1.297564E-11 -8.874544E+01  2.840956E-13 -1.297253E-11
  1.538846E+00  8.000000E+01     1  9.645828E-06  2.881982E+01  8.451095E-06  4.649837E-06
  1.538846E+00  8.000000E+01     2  5.572055E-05  2.937063E+01  4.855853E-05  2.732854E-05
  1.538846E+00  8.000000E+01     3  1.903007E-05 -1.885511E+01  1.800890E-05 -6.150063E-06
  1.538846E+00  8.000000E+01     4  6.701078E-05 -1.520809E+02 -5.921136E-05 -3.137611E-05
  1.538846E+00  8.000000E+01     5  1.133642E-05  2.817772E+01  9.992906E-06  5.353148E-06
  1.538846E+00  8.000000E+01     6  8.499439E-12 -8.839083E+01  2.386785E-13 -8.496088E-12
  1.538846E+00  9.000000E+01     1  1.682006E-07 -1.031291E+02 -3.820619E-08 -1.638039E-07
  1.538846E+00  9.000000E+01     2  5.661166E-05  2.939114E+01  4.932516E-05  2.778325E-05
  1.538846E+00  9.000000E+01     3  1.904251E-05 -1.906100E+01  1.799843E-05 -6.218799E-06
  1.538846E+00  9.000000E+01     4  6.816452E-05 -1.520966E+02 -6.023958E-05 -3.189978E-05
  1.538846E+00  9.000000E+01     5  4.609142E-07 -1.230935E+02 -2.516625E-07 -3.861450E-07
  1.538846E+00  9.000000E+01     6  2.001780E-13  1.657053E+00  2.000943E-13  5.788547E-15
  1.538846E+00  1.000000E+02     1  9.871715E-06 -1.497442E+02 -8.527035E-06 -4.973975E-06
  1.538846E+00  1.000000E+02     2  5.576060E-05  2.941808E+01  4.857076E-05  2.738841E-05
  1.538846E+00  1.000000E+02     3  1.904485E-05 -1.933160E+01  1.797107E-05 -6.304510E-06
  1.538846E+00  1.000000E+02     4  6.721167E-05 -1.520564E+02 -5.937541E-05 -3.149553E-05
  1.538846E+00  1.000000E+02     5  1.214942E-05 -1.497950E+02 -1.049990E-05 -6.112314E-06
  1.538846E+00  1.000000E+02     6  8.478693E-12  8.889557E+01  1.634239E-13  8.477118E-12
  1.538846E+00  1.100000E+02     1  1.934506E-05 -1.501161E+02 -1.677288E-05 -9.638548E-06
  1.538846E+00  1.100000E+02     2  5.319451E-05  2.945160E+01  4.632026E-05  2.615511E-05
  1.538846E+00  1.100000E+02     3  1.903933E-05 -1.962782E+01  1.793304E-05 -6.395481E-06
  1.538846E+00  1.100000E+02     4  6.417593E-05 -1.519576E+02 -5.664166E-05 -3.017072E-05
  1.538846E+00  1.100000E+02     5  2.355141E-05 -1.504382E+02 -2.048559E-05 -1.161936E-05
  1.538846E+00  1.100000E+02     6  1.287420E-11  8.945371E+01  1.227475E-13  1.287361E-11
  1.538846E+00  1.200000E+02     1  2.825766E-05 -1.502590E+02 -2.453547E-05 -1.401807E-05
  1.538846E+00  1.200000E+02     2  4.899729E-05  2.949171E+01  4.264856E-05  2.412125E-05
  1.538846E+00  1.200000E+02     3  1.903106E-05 -1.989271E+01  1.789551E-05 -6.475509E-06
  1.538846E+00  1.200000E+02     4  5.915362E-05 -1.518011E+02 -5.213281E-05 -2.795212E-05
  1.538846E+00  1.200000E+02     5  3.428508E-05 -1.508163E+02 -2.993295E-05 -1.671780E-05
  1.538846E+00  1.200000E+02     6  1.109616E-11  8.960197E+01  7.708438E-14  1.109590E-11
  1.538846E+00  1.300000E+02     1  3.634024E-05 -1.503470E+02 -3.158105E-05 -1.797917E-05
  1.538846E+00  1.300000E+02     2  4.330656E-05  2.953887E+01  3.767763E-05  2.135074E-05
  1.538846E+00  1.300000E+02     3  1.902545E-05 -2.006734E+01  1.787041E-05 -6.528095E-06
  1.538846E+00  1.300000E+02     4  5.231186E-05 -1.515926E+02 -4.601285E-05 -2.488671E-05
  1.538846E+00  1.300000E+02     5  4.402252E-05 -1.511429E+02 -3.855609E-05 -2.124642E-05
  1.538846E+00  1.300000E+02     6  3.957086E-12  8.951334E+01  3.361014E-14  3.956943E-12
  1.538846E+00  1.400000E+02     1  4.334065E-05 -1.504137E+02 -3.768960E-05 -2.139874E-05
  1.538846E+00  1.400000E+02     2  3.630776E-05  2.959520E+01  3.157092E-05  1.793128E-05
  1.538846E+00  1.400000E+02     3  1.902578E-05 -2.011021E+01  1.786584E-05 -6.541579E-06
  1.538846E+00  1.400000E+02     4  4.388114E-05 -1.513430E+02 -3.850597E-05 -2.104386E-05
  1.538846E+00  1.400000E+02     5  5.245172E-05 -1.514384E+02 -4.606852E-05 -2.507738E-05
  1.538846E+00  1.400000E+02     6  5.234092E-12 -8.993357E+01  6.068946E-15 -5.234088E-12
  1.538846E+00  1.500000E+02     1  4.903431E-05 -1.504690E+02 -4.266422E-05 -2.416874E-05
  1.538846E+00  1.500000E+02     2  2.822531E-05  2.966793E+01  2.452522E-05  1.397075E-05
  1.538846E+00  1.500000E+02     3  1.903198E-05 -2.001199E+01  1.788285E-05 -6.513063E-06
  1.538846E+00  1.500000E+02     4  3.414198E-05 -1.510636E+02 -2.987961E-05 -1.651919E-05
  1.538846E+00  1.500000E+02     5  5.929138E-05 -1.516933E+02 -5.220141E-05 -2.811549E-05
  1.538846E+00  1.500000E+02     6  1.220979E-11 -8.995818E+01  8.912644E-15 -1.220979E-11
  1.538846E+00  1.600000E+02     1  5.323493E-05 -1.505164E+02 -4.634081E-05 -2.620090E-05
  1.538846E+00  1.600000E+02     2  1.931175E-05  2.978310E+01  1.676090E-05  9.592493E-06
  1.538846E+00  1.600000E+02     3  1.904059E-05 -1.979850E+01  1.791510E-05 -6.449303E-06
  1.538846E+00  1.600000E+02     4  2.340806E-05 -1.507472E+02 -2.042288E-05 -1.143867E-05
  1.538846E+00  1.600000E+02     5  6.430802E-05 -1.518954E+02 -5.672537E-05 -3.029444E-05
  1.538846E+00  1.600000E+02     6  1.369709E-11 -8.979063E+01  5.005055E-14 -1.369700E-11
  1.538846E+00  1.700000E+02     1  5.580365E-05 -1.505570E+02 -4.859636E-05 -2.743066E-05
  1.538846E+00  1.700000E+02     2  9.837135E-06  3.007971E+01  8.512358E-06  4.930414E-06
  1.538846E+00  1.700000E+02     3  1.904617E-05 -1.952034E+01  1.795145E-05 -6.364115E-06
  1.538846E+00  1.700000E+02     4  1.201025E-05 -1.502466E+02 -1.042693E-05 -5.960311E-06
  1.538846E+00  1.700000E+02     5  6.733084E-05 -1.520360E+02 -5.946945E-05 -3.157256E-05
  1.538846E+00  1.700000E+02     6  8.943007E-12 -8.919323E+01  1.259197E-13 -8.942120E-12
  1.538846E+00  1.800000E+02     1  5.665542E-05 -1.505915E+02 -4.935485E-05 -2.781968E-05
  1.538846E+00  1.800000E+02     2  1.261911E-07  8.062758E+01  2.055035E-08  1.245065E-07
  1.538846E+00  1.800000E+02     3  1.904354E-05 -1.923430E+01  1.798051E-05 -6.273549E-06
  1.538846E+00  1.800000E+02     4  3.209784E-07 -1.226342E+02 -1.730950E-07 -2.703058E-07
  1.538846E+00  1.800000E+02     5  6.826111E-05 -1.521113E+02 -6.033314E-05 -3.192947E-05
  1.538846E+00  1.800000E+02     6  2.464207E-13 -2.599829E+01  2.214847E-13 -1.080171E-13
  1.538846E+00  1.900000E+02     1  5.576230E-05 -1.506200E+02 -4.859046E-05 -2.735692E-05
  1.538846E+00  1.900000E+02     2  9.679627E-06 -1.510677E+02 -8.471534E-06 -4.682766E-06
  1.538846E+00  1.900000E+02     3  1.903029E-05 -1.898527E+01  1.799508E-05 -6.191028E-06
  1.538846E+00  1.900000E+02     4  1.143831E-05  2.832960E+01  1.006837E-05  5.427971E-06
  1.538846E+00  1.900000E+02     5  6.707533E-05 -1.521218E+02 -5.929083E-05 -3.136395E-05
  1.538846E+00  1.900000E+02     6  8.716458E-12  8.792660E+01  3.153595E-13  8.710751E-12
  1.538846E+00  2.000000E+02     1  5.315438E-05 -1.506435E+02 -4.632860E-05 -2.605856E-05
  1.538846E+00  2.000000E+02     2  1.915753E-05 -1.507887E+02 -1.672119E-05 -9.349482E-06
  1.538846E+00  2.000000E+02     3  1.900828E-05 -1.879605E+01  1.799459E-05 -6.124474E-06
  1.538846E+00  2.000000E+02     4  2.281993E-05  2.861836E+01  2.003201E-05  1.093014E-05
  1.538846E+00  2.000000E+02     5  6.382370E-05 -1.520721E+02 -5.639062E-05 -2.989252E-05
  1.538846E+00  2.000000E+02     6  1.343555E-11  8.834624E+01  3.877434E-13  1.342995E-11
  1.538846E+00  2.100000E+02     1  4.891839E-05 -1.506634E+02 -4.264493E-05 -2.396704E-05
  1.538846E+00  2.100000E+02     2  2.807813E-05 -1.507089E+02 -2.448820E-05 -1.373715E-05
  1.538846E+00  2.100000E+02     3  1.898320E-05 -1.866812E+01  1.798447E-05 -6.076255E-06
  1.538846E+00  2.100000E+02     4  3.353824E-05  2.858652E+01  2.944978E-05  1.604756E-05
  1.538846E+00  2.100000E+02     5  5.862544E-05 -1.519713E+02 -5.174938E-05 -2.754892E-05
  1.538846E+00  2.100000E+02     6  1.192007E-11  8.794467E+01  4.275083E-13  1.191240E-11
  1.538846E+00  2.200000E+02     1  4.319413E-05 -1.506833E+02 -3.766211E-05 -2.114942E-05
  1.538846E+00  2.200000E+02     2  3.617311E-05 -1.506791E+02 -3.153901E-05 -1.771397E-05
  1.538846E+00  2.200000E+02     3  1.896233E-05 -1.859118E+01  1.797282E-05 -6.045445E-06
  1.538846E+00  2.200000E+02     4  4.327712E-05  2.845429E+01  3.804913E-05  2.061971E-05
  1.538846E+00  2.200000E+02     5  5.166152E-05 -1.518353E+02 -4.554450E-05 -2.438465E-05
  1.538846E+00  2.200000E+02     6  4.958505E-12  8.496435E+01  4.352360E-13  4.939366E-12
  1.538846E+00  2.300000E+02     1  3.616810E-05 -1.507097E+02 -3.154410E-05 -1.769468E-05
  1.538846E+00  2.300000E+02     2  4.319138E-05 -1.506672E+02 -3.765378E-05 -2.115865E-05
  1.538846E+00  2.300000E+02     3  1.895146E-05 -1.855582E+01  1.796625E-05 -6.030893E-06
  1.538846E+00  2.300000E+02     4  5.173884E-05  2.828826E+01  4.555990E-05  2.451944E-05
  1.538846E+00  2.300000E+02     5  4.316485E-05 -1.516888E+02 -3.800168E-05 -2.047138E-05
  1.538846E+00  2.300000E+02     6  4.222012E-12 -8.427661E+01  4.210445E-13 -4.200965E-12
  1.538846E+00  2.400000E+02     1  2.806467E-05 -1.507566E+02 -2.448789E-05 -1.371019E-05
  1.538846E+00  2.400000E+02     2  4.890915E-05 -1.506606E+02 -4.263570E-05 -2.396460E-05
  1.538846E+00  2.400000E+02     3  1.895265E-05 -1.856261E+01  1.796666E-05 -6.033400E-06
  1.538846E+00  2.400000E+02     4  5.865537E-05  2.812707E+01  5.172842E-05  2.765182E-05
  1.538846E+00  2.400000E+02     5  3.340798E-05 -1.515699E+02 -2.937892E-05 -1.590509E-05
  1.538846E+00  2.400000E+02     6  1.125464E-11 -8.797036E+01  3.986002E-13 -1.124758E-11
  1.538846E+00  2.500000E+02     1  1.913564E-05 -1.508612E+02 -1.671389E-05 -9.317647E-06
  1.538846E+00  2.500000E+02     2  5.314028E-05 -1.506529E+02 -4.632063E-05 -2.604399E-05
  1.538846E+00  2.500000E+02     3  1.896365E-05 -1.862306E+01  1.797072E-05 -6.055867E-06
  1.538846E+00  2.500000E+02     4  6.380081E-05  2.799663E+01  5.633454E-05  2.994935E-05
  1.538846E+00  2.500000E+02     5  2.268996E-05 -1.515465E+02 -1.994911E-05 -1.081052E-05
  1.538846E+00  2.500000E+02     6  1.292334E-11 -8.832194E+01  3.784412E-13 -1.291780E-11
  1.538846E+00  2.600000E+02     1  9.650081E-06 -1.512011E+02 -8.456522E-06 -4.648796E-06
  1.538846E+00  2.600000E+02     2  5.574524E-05 -1.506407E+02 -4.858544E-05 -2.733106E-05
  1.538846E+00  2.600000E+02     3  1.897949E-05 -1.875198E+01  1.797204E-05 -6.101378E-06
  1.538846E+00  2.600000E+02     4  6.700211E-05  2.791384E+01  5.920659E-05  3.136659E-05
  1.538846E+00  2.600000E+02     5  1.132514E-05 -1.518504E+02 -9.985593E-06 -5.342920E-06
  1.538846E+00  2.600000E+02     6  8.442360E-12 -8.753040E+01  3.637752E-13 -8.434519E-12
  1.538846E+00  2.700000E+02     1  1.640563E-07  7.479566E+01  4.302578E-08  1.583138E-07
  1.538846E+00  2.700000E+02     2  5.663731E-05 -1.506221E+02 -4.935392E-05 -2.778446E-05
  1.538846E+00  2.700000E+02     3  1.899507E-05 -1.895523E+01  1.796501E-05 -6.170154E-06
  1.538846E+00  2.700000E+02     4  6.814694E-05  2.788881E+01  6.023215E-05  3.187623E-05
  1.538846E+00  2.700000E+02     5  3.997163E-07  5.222704E+01  2.448398E-07  3.159534E-07
  1.538846E+00  2.700000E+02     6  3.578775E-13  1.172168E+01  3.504144E-13  7.270562E-14
  1.538846E+00  2.800000E+02     1  9.878196E-06  3.015719E+01  8.541187E-06  4.962549E-06
  1.538846E+00  2.800000E+02     2  5.578624E-05 -1.505965E+02 -4.860005E-05 -2.738869E-05
  1.538846E+00  2.800000E+02     3  1.900751E-05 -1.921912E+01  1.794816E-05 -6.256926E-06
  1.538846E+00  2.800000E+02     4  6.718897E-05  2.792649E+01  5.936476E-05  3.146717E-05
  1.538846E+00  2.800000E+02     5  1.206077E-05  2.966263E+01  1.048026E-05  5.968778E-06
  1.538846E+00  2.800000E+02     6  8.554178E-12  8.778632E+01  3.304175E-13  8.547794E-12
  1.538846E+00  2.900000E+02     1  1.935569E-05  2.981097E+01  1.679436E-05  9.622492E-06
  1.538846E+00  2.900000E+02     2  5.321951E-05 -1.505639E+02 -4.634910E-05 -2.615486E-05
  1.538846E+00  2.900000E+02     3  1.901689E-05 -1.950693E+01  1.792534E-05 -6.350138E-06
  1.538846E+00  2.900000E+02     4  6.415167E-05  2.802756E+01  5.662807E-05  3.014463E-05
  1.538846E+00  2.900000E+02     5  2.342702E-05  2.916954E+01  2.045603E-05  1.141822E-05
  1.538846E+00  2.900000E+02     6  1.294972E-11  8.868396E+01  2.974185E-13  1.294630E-11
  1.538846E+00  3.000000E+02     1  2.827078E-05  2.968193E+01  2.456130E-05  1.399926E-05
  1.538846E+00  3.000000E+02     2  4.902147E-05 -1.505248E+02 -4.267655E-05 -2.412087E-05
  1.538846E+00  3.000000E+02     3  1.902506E-05 -1.976565E+01  1.790418E-05 -6.433778E-06
  1.538846E+00  3.000000E+02     4  5.913047E-05  2.818847E+01  5.211751E-05  2.793166E-05
  1.538846E+00  3.000000E+02     5  3.413980E-05  2.886762E+01  2.989750E-05  1.648227E-05
  1.538846E+00  3.000000E+02     6  1.117148E-11  8.871197E+01  2.511184E-13  1.116865E-11
  1.538846E+00  3.100000E+02     1  3.635377E-05  2.960575E+01  3.160762E-05  1.795982E-05
  1.538846E+00  3.100000E+02     2  4.333015E-05 -1.504790E+02 -3.770484E-05 -2.135058E-05
  1.538846E+00  3.100000E+02     3  1.903366E-05 -1.994125E+01  1.789245E-05 -6.491550E-06
  1.538846E+00  3.100000E+02     4  5.229154E-05  2.840109E+01  4.599770E-05  2.487199E-05
  1.538846E+00  3.100000E+02     5  4.387412E-05  2.860380E+01  3.851934E-05  2.100474E-05
  1.538846E+00  3.100000E+02     6  4.032541E-12  8.717166E+01  1.989811E-13  4.027628E-12
  1.538846E+00  3.200000E+02     1  4.335243E-05  2.955076E+01  3.771311E-05  2.138117E-05
  1.538846E+00  3.200000E+02     2  3.633114E-05 -1.504251E+02 -3.159759E-05 -1.793165E-05
  1.538846E+00  3.200000E+02     3  1.904257E-05 -1.999674E+01  1.789453E-05 -6.511924E-06
  1.538846E+00  3.200000E+02     4  4.386485E-05  2.865370E+01  3.849289E-05  2.103383E-05
  1.538846E+00  3.200000E+02     5  5.231835E-05  2.836929E+01  4.603509E-05  2.485920E-05
  1.538846E+00  3.200000E+02     6  5.170079E-12 -8.828873E+01  1.543936E-13 -5.167774E-12
  1.538846E+00  3.300000E+02     1  4.904234E-05  2.950730E+01  4.268120E-05  2.415504E-05
  1.538846E+00  3.300000E+02     2  2.824864E-05 -1.503562E+02 -2.455138E-05 -1.397195E-05
  1.538846E+00  3.300000E+02     3  1.904969E-05 -1.992503E+01  1.790937E-05 -6.491952E-06
  1.538846E+00  3.300000E+02     4  3.413101E-05  2.893662E+01  2.986994E-05  1.651401E-05
  1.538846E+00  3.300000E+02     5  5.918919E-05  2.817567E+01  5.217550E-05  2.794774E-05
  1.538846E+00  3.300000E+02     6  1.215092E-11 -8.937778E+01  1.319548E-13 -1.215021E-11
  1.538846E+00  3.400000E+02     1  5.323771E-05  2.947179E+01  4.634864E-05  2.619268E-05
  1.538846E+00  3.400000E+02     2  1.933484E-05 -1.502481E+02 -1.678617E-05 -9.594824E-06
  1.538846E+00  3.400000E+02     3  1.905177E-05 -1.975048E+01  1.793102E-05 -6.438062E-06
  1.538846E+00  3.400000E+02     4  2.340418E-05  2.926524E+01  2.041701E-05  1.144121E-05
  1.538846E+00  3.400000E+02     5  6.424916E-05  2.803476E+01  5.671033E-05  3.019757E-05
  1.538846E+00  3.400000E+02     6  1.364717E-11 -8.940508E+01  1.416996E-13 -1.364644E-11
  1.538846E+00  3.500000E+02     1  5.580040E-05  2.944274E+01  4.859363E-05  2.742888E-05
  1.538846E+00  3.500000E+02     2  9.859409E-06 -1.499705E+02 -8.535961E-06 -4.934098E-06
  1.538846E+00  3.500000E+02     3  1.904592E-05 -1.951854E+01  1.795142E-05 -6.363470E-06
  1.538846E+00  3.500000E+02     4  1.201559E-05  2.982386E+01  1.042423E-05  5.975777E-06
  1.538846E+00  3.500000E+02     5  6.732215E-05  2.795379E+01  5.946740E-05  3.155788E-05
  1.538846E+00  3.500000E+02     6  8.904501E-12 -8.881229E+01  1.845729E-13 -8.902588E-12
  1.495489E+00  0.000000E+00     1  5.112523E-05  3.137659E+01  4.364886E-05  2.661891E-05
  1.495489E+00  0.000000E+00     2  1.055078E-07 -1.057616E+02 -2.865974E-08 -1.015407E-07
  1.495489E+00  0.000000E+00     3  1.488268E-05 -1.598677E+01  1.430710E-05 -4.098921E-06
  1.495489E+00  0.000000E+00     4  2.492343E-07  6.811489E+01  9.290123E-08  2.312728E-07
  1.495489E+00  0.000000E+00     5  5.681432E-05  2.966756E+01  4.936663E-05  2.812120E-05
  1.495489E+00  0.000000E+00     6  2.691526E-13 -1.009650E+01  2.649845E-13 -4.718424E-14
  1.495489E+00  1.000000E+01     1  5.031653E-05  3.136207E+01  4.296506E-05  2.618696E-05
  1.495489E+00  1.000000E+01     2  8.726481E-06  3.103790E+01  7.477080E-06  4.499417E-06
  1.495489E+00  1.000000E+01     3  1.487172E-05 -1.574222E+01  1.431392E-05 -4.034845E-06
  1.495489E+00  1.000000E+01     4  9.556827E-06 -1.498933E+02 -8.267543E-06 -4.793816E-06
  1.495489E+00  1.000000E+01     5  5.587640E-05  2.972039E+01  4.852615E-05  2.770172E-05
  1.495489E+00  1.000000E+01     6  1.005163E-11  8.792170E+01  3.645239E-13  1.004502E-11
  1.495489E+00  2.000000E+01     1  4.796023E-05  3.135433E+01  4.095640E-05  2.495510E-05
  1.495489E+00  2.000000E+01     2  1.727813E-05  3.125659E+01  1.477025E-05  8.965133E-06
  1.495489E+00  2.000000E+01     3  1.485589E-05 -1.555260E+01  1.431194E-05 -3.983205E-06
  1.495489E+00  2.000000E+01     4  1.902545E-05 -1.495567E+02 -1.640242E-05 -9.639919E-06
  1.495489E+00  2.000000E+01     5  5.321590E-05  2.983938E+01  4.616073E-05  2.647865E-05
  1.495489E+00  2.000000E+01     6  1.542374E-11  8.836535E+01  4.399790E-13  1.541746E-11
  1.495489E+00  3.000000E+01     1  4.413512E-05  3.135133E+01  3.769109E-05  2.296281E-05
  1.495489E+00  3.000000E+01     2  2.532805E-05  3.131191E+01  2.163904E-05  1.316291E-05
  1.495489E+00  3.000000E+01     3  1.484262E-05 -1.541833E+01  1.430844E-05 -3.946127E-06
  1.495489E+00  3.000000E+01     4  2.793848E-05 -1.495923E+02 -2.409543E-05 -1.414103E-05
  1.495489E+00  3.000000E+01     5  4.892652E-05  3.001218E+01  4.236641E-05  2.447226E-05
  1.495489E+00  3.000000E+01     6  1.363075E-11  8.802059E+01  4.708105E-13  1.362261E-11
  1.495489E+00  4.000000E+01     1  3.896796E-05  3.134921E+01  3.327912E-05  2.027319E-05
  1.495489E+00  4.000000E+01     2  3.263374E-05  3.132605E+01  2.787647E-05  1.696653E-05
  1.495489E+00  4.000000E+01     3  1.483881E-05 -1.533026E+01  1.431082E-05 -3.923123E-06
  1.495489E+00  4.000000E+01     4  3.603414E-05 -1.497400E+02 -3.112440E-05 -1.815848E-05
  1.495489E+00  4.000000E+01     5  4.315365E-05  3.021892E+01  3.728944E-05  2.171946E-05
  1.495489E+00  4.000000E+01     6  5.591174E-12  8.535250E+01  4.530267E-13  5.572791E-12
  1.495489E+00  5.000000E+01     1  3.262784E-05  3.134090E+01  2.786704E-05  1.697069E-05
  1.495489E+00  5.000000E+01     2  3.896783E-05  3.132655E+01  3.328702E-05  2.025996E-05
  1.495489E+00  5.000000E+01     3  1.484760E-05 -1.528242E+01  1.432256E-05 -3.913489E-06
  1.495489E+00  5.000000E+01     4  4.306637E-05 -1.499225E+02 -3.726740E-05 -2.158363E-05
  1.495489E+00  5.000000E+01     5  3.608726E-05  3.042896E+01  3.111652E-05  1.827710E-05
  1.495489E+00  5.000000E+01     6  4.966446E-12 -8.538567E+01  3.995415E-13 -4.950348E-12
  1.495489E+00  6.000000E+01     1  2.531798E-05  3.131239E+01  2.163032E-05  1.315785E-05
  1.495489E+00  6.000000E+01     2  4.412772E-05  3.132465E+01  3.769545E-05  2.294142E-05
  1.495489E+00  6.000000E+01     3  1.486659E-05 -1.528032E+01  1.434103E-05 -3.917967E-06
  1.495489E+00  6.000000E+01     4  4.881378E-05 -1.500974E+02 -4.231540E-05 -2.433500E-05
  1.495489E+00  6.000000E+01     5  2.795259E-05  3.059502E+01  2.406121E-05  1.422693E-05
  1.495489E+00  6.000000E+01     6  1.306103E-11 -8.853750E+01  3.333517E-13 -1.305677E-11
  1.495489E+00  7.000000E+01     1  1.726590E-05  3.122793E+01  1.476427E-05  8.951401E-06
  1.495489E+00  7.000000E+01     2  4.794524E-05  3.132621E+01  4.095583E-05  2.492721E-05
  1.495489E+00  7.000000E+01     3  1.488863E-05 -1.534039E+01  1.435816E-05 -3.938830E-06
  1.495489E+00  7.000000E+01     4  5.308981E-05 -1.502382E+02 -4.608710E-05 -2.635350E-05
  1.495489E+00  7.000000E+01     5  1.899987E-05  3.063172E+01  1.634863E-05  9.680774E-06
  1.495489E+00  7.000000E+01     6  1.497624E-11 -8.894181E+01  2.765785E-13 -1.497368E-11
  1.495489E+00  8.000000E+01     1  8.713990E-06  3.092409E+01  7.475287E-06  4.478137E-06
  1.495489E+00  8.000000E+01     2  5.029461E-05  3.133449E+01  4.295894E-05  2.615487E-05
  1.495489E+00  8.000000E+01     3  1.490467E-05 -1.548115E+01  1.436391E-05 -3.978374E-06
  1.495489E+00  8.000000E+01     4  5.575156E-05 -1.503285E+02 -4.844129E-05 -2.759852E-05
  1.495489E+00  8.000000E+01     5  9.495188E-06  3.024580E+01  8.202631E-06  4.782827E-06
  1.495489E+00  8.000000E+01     6  9.801659E-12 -8.859419E+01  2.404691E-13 -9.798709E-12
  1.495489E+00  9.000000E+01     1  1.313595E-07 -1.012636E+02 -2.565761E-08 -1.288294E-07
  1.495489E+00  9.000000E+01     2  5.109781E-05  3.135118E+01  4.363725E-05  2.658528E-05
  1.495489E+00  9.000000E+01     3  1.490780E-05 -1.571003E+01  1.435091E-05 -4.036569E-06
  1.495489E+00  9.000000E+01     4  5.670605E-05 -1.503578E+02 -4.928498E-05 -2.804580E-05
  1.495489E+00  9.000000E+01     5  3.351040E-07 -1.185966E+02 -1.603941E-07 -2.942251E-07
  1.495489E+00  9.000000E+01     6  2.222873E-13  5.580159E+00  2.212339E-13  2.161483E-14
  1.495489E+00  1.000000E+02     1  8.891039E-06 -1.478344E+02 -7.526383E-06 -4.733301E-06
  1.495489E+00  1.000000E+02     2  5.032753E-05  3.137693E+01  4.296766E-05  2.620383E-05
  1.495489E+00  1.000000E+02     3  1.489635E-05 -1.601193E+01  1.431844E-05 -4.108973E-06
  1.495489E+00  1.000000E+02     4  5.591420E-05 -1.503196E+02 -4.857829E-05 -2.768659E-05
  1.495489E+00  1.000000E+02     5  1.007422E-05 -1.478501E+02 -8.529430E-06 -5.360859E-06
  1.495489E+00  1.000000E+02     6  9.812195E-12  8.880933E+01  2.038929E-13  9.810076E-12
  1.495489E+00  1.100000E+02     1  1.743826E-05 -1.481626E+02 -1.481466E-05 -9.198855E-06
  1.495489E+00  1.100000E+02     2  4.800828E-05  3.141165E+01  4.097242E-05  2.502111E-05
  1.495489E+00  1.100000E+02     3  1.487479E-05 -1.634478E+01  1.427363E-05 -4.186016E-06
  1.495489E+00  1.100000E+02     4  5.339390E-05 -1.502101E+02 -4.633806E-05 -2.652720E-05
  1.495489E+00  1.100000E+02     5  1.957551E-05 -1.485013E+02 -1.669109E-05 -1.022780E-05
  1.495489E+00  1.100000E+02     6  1.490304E-11  8.933778E+01  1.722433E-13  1.490205E-11
  1.495489E+00  1.200000E+02     1  2.548199E-05 -1.482956E+02 -2.167934E-05 -1.339172E-05
  1.495489E+00  1.200000E+02     2  4.421592E-05  3.145489E+01  3.771844E-05  2.307307E-05
  1.495489E+00  1.200000E+02     3  1.485171E-05 -1.664573E+01  1.422934E-05 -4.254318E-06
  1.495489E+00  1.200000E+02     4  4.922213E-05 -1.500298E+02 -4.264043E-05 -2.458886E-05
  1.495489E+00  1.200000E+02     5  2.851674E-05 -1.489155E+02 -2.442193E-05 -1.472324E-05
  1.495489E+00  1.200000E+02     6  1.288397E-11  8.946748E+01  1.197450E-13  1.288341E-11
  1.495489E+00  1.300000E+02     1  3.277911E-05 -1.483829E+02 -2.791374E-05 -1.718410E-05
  1.495489E+00  1.300000E+02     2  3.907515E-05  3.150632E+01  3.331479E-05  2.042038E-05
  1.495489E+00  1.300000E+02     3  1.483616E-05 -1.684809E+01  1.419935E-05 -4.300042E-06
  1.495489E+00  1.300000E+02     4  4.353456E-05 -1.497853E+02 -3.762021E-05 -2.190840E-05
  1.495489E+00  1.300000E+02     5  3.662376E-05 -1.492878E+02 -3.148705E-05 -1.870470E-05
  1.495489E+00  1.300000E+02     6  4.695238E-12  8.932325E+01  5.545659E-14  4.694911E-12
  1.495489E+00  1.400000E+02     1  3.910122E-05 -1.484521E+02 -3.332216E-05 -2.045822E-05
  1.495489E+00  1.400000E+02     2  3.275429E-05  3.156672E+01  2.790768E-05  1.714658E-05
  1.495489E+00  1.400000E+02     3  1.483391E-05 -1.690378E+01  1.419300E-05 -4.313187E-06
  1.495489E+00  1.400000E+02     4  3.652035E-05 -1.494903E+02 -3.146384E-05 -1.854083E-05
  1.495489E+00  1.400000E+02     5  4.363690E-05 -1.496283E+02 -3.764831E-05 -2.206318E-05
  1.495489E+00  1.400000E+02     6  5.862750E-12 -8.998413E+01  1.624252E-15 -5.862750E-12
  1.495489E+00  1.500000E+02     1  4.424447E-05 -1.485103E+02 -3.772877E-05 -2.311089E-05
  1.495489E+00  1.500000E+02     2  2.545705E-05  3.164101E+01  2.167290E-05  1.335465E-05
  1.495489E+00  1.500000E+02     3  1.484525E-05 -1.680111E+01  1.421156E-05 -4.291025E-06
  1.495489E+00  1.500000E+02     4  2.841160E-05 -1.491619E+02 -2.439475E-05 -1.456417E-05
  1.495489E+00  1.500000E+02     5  4.932322E-05 -1.499206E+02 -4.268096E-05 -2.472075E-05
  1.495489E+00  1.500000E+02     6  1.389393E-11 -9.006661E+01 -1.615246E-14 -1.389392E-11
  1.495489E+00  1.600000E+02     1  4.803980E-05 -1.485597E+02 -4.098680E-05 -2.505802E-05
  1.495489E+00  1.600000E+02     2  1.741225E-05  3.175015E+01  1.480652E-05  9.162607E-06
  1.495489E+00  1.600000E+02     3  1.486495E-05 -1.656883E+01  1.424773E-05 -4.238994E-06
  1.495489E+00  1.600000E+02     4  1.946946E-05 -1.488016E+02 -1.665377E-05 -1.008523E-05
  1.495489E+00  1.600000E+02     5  5.349067E-05 -1.501485E+02 -4.639345E-05 -2.662517E-05
  1.495489E+00  1.600000E+02     6  1.563503E-11 -8.993184E+01  1.859966E-14 -1.563502E-11
  1.495489E+00  1.700000E+02     1  5.036138E-05 -1.486007E+02 -4.298630E-05 -2.623826E-05
  1.495489E+00  1.700000E+02     2  8.863769E-06  3.201278E+01  7.515854E-06  4.698758E-06
  1.495489E+00  1.700000E+02     3  1.488436E-05 -1.626403E+01  1.428871E-05 -4.168575E-06
  1.495489E+00  1.700000E+02     4  9.970823E-06 -1.482749E+02 -8.480994E-06 -5.243095E-06
  1.495489E+00  1.700000E+02     5  5.600010E-05 -1.503014E+02 -4.864413E-05 -2.774455E-05
  1.495489E+00  1.700000E+02     6  1.020633E-11 -8.941453E+01  1.042912E-13 -1.020580E-11
  1.495489E+00  1.800000E+02     1  5.113227E-05 -1.486331E+02 -4.365937E-05 -2.661520E-05
  1.495489E+00  1.800000E+02     2  9.821811E-08  8.260716E+01  1.263789E-08  9.740165E-08
  1.495489E+00  1.800000E+02     3  1.489489E-05 -1.595049E+01  1.432143E-05 -4.093213E-06
  1.495489E+00  1.800000E+02     4  2.316134E-07 -1.170299E+02 -1.052580E-07 -2.063141E-07
  1.495489E+00  1.800000E+02     5  5.677236E-05 -1.503751E+02 -4.935109E-05 -2.806369E-05
  1.495489E+00  1.800000E+02     6  2.356361E-13 -2.073605E+01  2.203719E-13 -8.343011E-14
  1.495489E+00  1.900000E+02     1  5.032731E-05 -1.486570E+02 -4.298300E-05 -2.617825E-05
  1.495489E+00  1.900000E+02     2  8.740720E-06 -1.489778E+02 -7.490513E-06 -4.504708E-06
  1.495489E+00  1.900000E+02     3  1.489174E-05 -1.567809E+01  1.433770E-05 -4.024228E-06
  1.495489E+00  1.900000E+02     4  9.569393E-06  3.036975E+01  8.256288E-06  4.838077E-06
  1.495489E+00  1.900000E+02     5  5.579000E-05 -1.503706E+02 -4.849498E-05 -2.758191E-05
  1.495489E+00  1.900000E+02     6  1.002565E-11  8.808471E+01  3.350762E-13  1.002005E-11
  1.495489E+00  2.000000E+02     1  4.797371E-05 -1.486731E+02 -4.097986E-05 -2.494248E-05
  1.495489E+00  2.000000E+02     2  1.729078E-05 -1.487448E+02 -1.478128E-05 -8.971325E-06
  1.495489E+00  2.000000E+02     3  1.487607E-05 -1.547182E+01  1.433699E-05 -3.968408E-06
  1.495489E+00  2.000000E+02     4  1.904715E-05  3.062072E+01  1.639117E-05  9.701716E-06
  1.495489E+00  2.000000E+02     5  5.309522E-05 -1.502932E+02 -4.611707E-05 -2.631195E-05
  1.495489E+00  2.000000E+02     6  1.540995E-11  8.844470E+01  4.182539E-13  1.540427E-11
  1.495489E+00  2.100000E+02     1  4.414995E-05 -1.486831E+02 -3.771754E-05 -2.294787E-05
  1.495489E+00  2.100000E+02     2  2.533975E-05 -1.486866E+02 -2.164868E-05 -1.316956E-05
  1.495489E+00  2.100000E+02     3  1.485437E-05 -1.533309E+01  1.432563E-05 -3.927942E-06
  1.495489E+00  2.100000E+02     4  2.796468E-05  3.054664E+01  2.408362E-05  1.421276E-05
  1.495489E+00  2.100000E+02     5  4.878578E-05 -1.501535E+02 -4.231491E-05 -2.427963E-05
  1.495489E+00  2.100000E+02     6  1.362862E-11  8.809394E+01  4.532999E-13  1.362108E-11
  1.495489E+00  2.200000E+02     1  3.898266E-05 -1.486904E+02 -3.330570E-05 -2.025779E-05
  1.495489E+00  2.200000E+02     2  3.264553E-05 -1.486730E+02 -2.788628E-05 -1.697310E-05
  1.495489E+00  2.200000E+02     3  1.483533E-05 -1.525041E+01  1.431292E-05 -3.902258E-06
  1.495489E+00  2.200000E+02     4  3.605872E-05  3.036613E+01  3.111192E-05  1.822854E-05
  1.495489E+00  2.200000E+02     5  4.300946E-05 -1.499693E+02 -3.723575E-05 -2.152470E-05
  1.495489E+00  2.200000E+02     6  5.599872E-12  8.546589E+01  4.426847E-13  5.582346E-12
  1.495489E+00  2.300000E+02     1  3.264101E-05 -1.487018E+02 -2.789094E-05 -1.695674E-05
  1.495489E+00  2.300000E+02     2  3.898083E-05 -1.486748E+02 -3.329862E-05 -2.026592E-05
  1.495489E+00  2.300000E+02     3  1.482581E-05 -1.521338E+01  1.430624E-05 -3.890508E-06
  1.495489E+00  2.300000E+02     4  4.308334E-05  3.015128E+01  3.725426E-05  2.164011E-05
  1.495489E+00  2.300000E+02     5  3.595664E-05 -1.497690E+02 -3.106662E-05 -1.810372E-05
  1.495489E+00  2.300000E+02     6  4.947111E-12 -8.530688E+01  4.047664E-13 -4.930524E-12
  1.495489E+00  2.400000E+02     1  2.532846E-05 -1.487306E+02 -2.164915E-05 -1.314706E-05
  1.495489E+00  2.400000E+02     2  4.414266E-05 -1.486797E+02 -3.770995E-05 -2.294634E-05
  1.495489E+00  2.400000E+02     3  1.482775E-05 -1.522266E+01  1.430749E-05 -3.893333E-06
  1.495489E+00  2.400000E+02     4  4.881895E-05  2.994606E+01  4.230141E-05  2.436966E-05
  1.495489E+00  2.400000E+02     5  2.785090E-05 -1.495956E+02 -2.402071E-05 -1.409532E-05
  1.495489E+00  2.400000E+02     6  1.303266E-11 -8.840034E+01  3.638162E-13 -1.302758E-11
  1.495489E+00  2.500000E+02     1  1.727289E-05 -1.488105E+02 -1.477626E-05 -8.945104E-06
  1.495489E+00  2.500000E+02     2  4.796223E-05 -1.486810E+02 -4.097349E-05 -2.493086E-05
  1.495489E+00  2.500000E+02     3  1.483771E-05 -1.529093E+01  1.431245E-05 -3.913007E-06
  1.495489E+00  2.500000E+02     4  5.308175E-05  2.978014E+01  4.607165E-05  2.636428E-05
  1.495489E+00  2.500000E+02     5  1.893899E-05 -1.495218E+02 -1.632203E-05 -9.606061E-06
  1.495489E+00  2.500000E+02     6  1.493983E-11 -8.870237E+01  3.383273E-13 -1.493600E-11
  1.495489E+00  2.600000E+02     1  8.717036E-06 -1.490957E+02 -7.479448E-06 -4.477116E-06
  1.495489E+00  2.600000E+02     2  5.031312E-05 -1.486752E+02 -4.297916E-05 -2.615726E-05
  1.495489E+00  2.600000E+02     3  1.484902E-05 -1.543466E+01  1.431348E-05 -3.951907E-06
  1.495489E+00  2.600000E+02     4  5.573165E-05  2.967260E+01  4.842347E-05  2.758958E-05
  1.495489E+00  2.600000E+02     5  9.482035E-06 -1.497716E+02 -8.192720E-06 -4.773712E-06
  1.495489E+00  2.600000E+02     6  9.759083E-12 -8.804363E+01  3.331600E-13 -9.753395E-12
  1.495489E+00  2.700000E+02     1  1.278523E-07  7.666559E+01  2.948712E-08  1.244055E-07
  1.495489E+00  2.700000E+02     2  5.111697E-05 -1.486602E+02 -4.365890E-05 -2.658657E-05
  1.495489E+00  2.700000E+02     3  1.485546E-05 -1.566081E+01  1.430397E-05 -4.010109E-06
  1.495489E+00  2.700000E+02     4  5.667764E-05  2.963474E+01  4.926394E-05  2.802533E-05
  1.495489E+00  2.700000E+02     5  2.812928E-07  5.705530E+01  1.529753E-07  2.360598E-07
  1.495489E+00  2.700000E+02     6  3.467717E-13  1.226406E+01  3.388580E-13  7.366034E-14
  1.495489E+00  2.800000E+02     1  8.895477E-06  3.207610E+01  7.537525E-06  4.723900E-06
  1.495489E+00  2.800000E+02     2  5.034647E-05 -1.486356E+02 -4.298955E-05 -2.620430E-05
  1.495489E+00  2.800000E+02     3  1.485458E-05 -1.595494E+01  1.428235E-05 -4.083247E-06
  1.495489E+00  2.800000E+02     4  5.588133E-05  2.967220E+01  4.855372E-05  2.766333E-05
  1.495489E+00  2.800000E+02     5  9.991218E-06  3.163876E+01  8.506246E-06  5.241013E-06
  1.495489E+00  2.800000E+02     6  9.873592E-12  8.803869E+01  3.379197E-13  9.867808E-12
  1.495489E+00  2.900000E+02     1  1.744563E-05  3.177087E+01  1.483159E-05  9.185538E-06
  1.495489E+00  2.900000E+02     2  4.802647E-05 -1.486016E+02 -4.099374E-05 -2.502110E-05
  1.495489E+00  2.900000E+02     3  1.484865E-05 -1.627690E+01  1.425349E-05 -4.161777E-06
  1.495489E+00  2.900000E+02     4  5.336013E-05  2.978614E+01  4.631049E-05  2.650740E-05
  1.495489E+00  2.900000E+02     5  1.945755E-05  3.112971E+01  1.665565E-05  1.005911E-05
  1.495489E+00  2.900000E+02     6  1.496749E-11  8.879518E+01  3.147153E-13  1.496418E-11
  1.495489E+00  3.000000E+02     1  2.549112E-05  3.165026E+01  2.169975E-05  1.337603E-05
  1.495489E+00  3.000000E+02     2  4.423331E-05 -1.485592E+02 -3.773895E-05 -2.307288E-05
  1.495489E+00  3.000000E+02     3  1.484297E-05 -1.656727E+01  1.422677E-05 -4.232337E-06
  1.495489E+00  3.000000E+02     4  4.918982E-05  2.997291E+01  4.261125E-05  2.457477E-05
  1.495489E+00  3.000000E+02     5  2.837814E-05  3.078633E+01  2.437915E-05  1.452501E-05
  1.495489E+00  3.000000E+02     6  1.295104E-11  8.883032E+01  2.643750E-13  1.294835E-11
  1.495489E+00  3.100000E+02     1  3.278853E-05  3.157365E+01  2.793477E-05  1.716788E-05
  1.495489E+00  3.100000E+02     2  3.909210E-05 -1.485090E+02 -3.333471E-05 -2.042031E-05
  1.495489E+00  3.100000E+02     3  1.484264E-05 -1.676420E+01  1.421183E-05 -4.281115E-06
  1.495489E+00  3.100000E+02     4  4.350489E-05  3.022302E+01  3.759139E-05  2.189894E-05
  1.495489E+00  3.100000E+02     5  3.648170E-05  3.047246E+01  3.144260E-05  1.850075E-05
  1.495489E+00  3.100000E+02     6  4.764796E-12  8.763448E+01  1.966642E-13  4.760736E-12
  1.495489E+00  3.200000E+02     1  3.910935E-05  3.151516E+01  3.334079E-05  2.044340E-05
  1.495489E+00  3.200000E+02     2  3.277126E-05 -1.484509E+02 -2.792740E-05 -1.714688E-05
  1.495489E+00  3.200000E+02     3  1.484985E-05 -1.682439E+01  1.421422E-05 -4.298129E-06
  1.495489E+00  3.200000E+02     4  3.649398E-05  3.052138E+01  3.143736E-05  1.853383E-05
  1.495489E+00  3.200000E+02     5  4.350905E-05  3.018906E+01  3.760795E-05  2.187874E-05
  1.495489E+00  3.200000E+02     6  5.799769E-12 -8.868485E+01  1.331145E-13 -5.798242E-12
  1.495489E+00  3.300000E+02     1  4.424987E-05  3.146771E+01  3.774224E-05  2.309922E-05
  1.495489E+00  3.300000E+02     2  2.547428E-05 -1.483804E+02 -2.169256E-05 -1.335559E-05
  1.495489E+00  3.300000E+02     3  1.486270E-05 -1.673884E+01  1.423293E-05 -4.280603E-06
  1.495489E+00  3.300000E+02     4  2.838943E-05  3.085265E+01  2.437201E-05  1.455901E-05
  1.495489E+00  3.300000E+02     5  4.922535E-05  2.995447E+01  4.264995E-05  2.457879E-05
  1.495489E+00  3.300000E+02     6  1.383347E-11 -8.959185E+01  9.854293E-14 -1.383312E-11
  1.495489E+00  3.400000E+02     1  4.804140E-05  3.142914E+01  4.099304E-05  2.505088E-05
  1.495489E+00  3.400000E+02     2  1.742959E-05 -1.482780E+02 -1.482578E-05 -9.164439E-06
  1.495489E+00  3.400000E+02     3  1.487613E-05 -1.653515E+01  1.426093E-05 -4.233801E-06
  1.495489E+00  3.400000E+02     4  1.945323E-05  3.122476E+01  1.663524E-05  1.008449E-05
  1.495489E+00  3.400000E+02     5  5.343467E-05  2.978447E+01  4.637596E-05  2.654307E-05
  1.495489E+00  3.400000E+02     6  1.558073E-11 -8.959370E+01  1.104868E-13 -1.558034E-11
  1.495489E+00  3.500000E+02     1  5.035864E-05  3.139884E+01  4.298419E-05  2.623646E-05
  1.495489E+00  3.500000E+02     2  8.880654E-06 -1.480330E+02 -7.533932E-06 -4.701690E-06
  1.495489E+00  3.500000E+02     3  1.488416E-05 -1.626551E+01  1.428841E-05 -4.168889E-06
  1.495489E+00  3.500000E+02     4  9.962991E-06  3.181442E+01  8.466152E-06  5.252187E-06
  1.495489E+00  3.500000E+02     5  5.599265E-05  2.968803E+01  4.864278E-05  2.773188E-05
  1.495489E+00  3.500000E+02     6  1.016089E-11 -8.903527E+01  1.710785E-13 -1.015945E-11
  1.455602E+00  0.000000E+00     1  4.642514E-05  3.367700E+01  3.863393E-05  2.574322E-05
  1.455602E+00  0.000000E+00     2  8.471516E-08 -1.029968E+02 -1.905219E-08 -8.254497E-08
  1.455602E+00  0.000000E+00     3  1.180212E-05 -1.231182E+01  1.153069E-05 -2.516589E-06
  1.455602E+00  0.000000E+00     4  1.891971E-07  7.720577E+01  4.189774E-08  1.844997E-07
  1.455602E+00  0.000000E+00     5  4.797683E-05  3.175465E+01  4.079516E-05  2.524939E-05
  1.455602E+00  0.000000E+00     6  2.576272E-13 -3.996267E+00  2.570008E-13 -1.795442E-14
  1.455602E+00  1.000000E+01     1  4.569230E-05  3.366573E+01  3.802906E-05  2.532938E-05
  1.455602E+00  1.000000E+01     2  7.928499E-06  3.345223E+01  6.615109E-06  4.370518E-06
  1.455602E+00  1.000000E+01     3  1.179821E-05 -1.203725E+01  1.153879E-05 -2.460488E-06
  1.455602E+00  1.000000E+01     4  8.124335E-06 -1.475478E+02 -6.855633E-06 -4.359486E-06
  1.455602E+00  1.000000E+01     5  4.719324E-05  3.181873E+01  4.010106E-05  2.488186E-05
  1.455602E+00  1.000000E+01     6  1.145697E-11  8.803033E+01  3.937808E-13  1.145020E-11
  1.455602E+00  2.000000E+01     1  4.355335E-05  3.366442E+01  3.624939E-05  2.414283E-05
  1.455602E+00  2.000000E+01     2  1.569075E-05  3.363828E+01  1.306336E-05  8.691862E-06
  1.455602E+00  2.000000E+01     3  1.178630E-05 -1.182063E+01  1.153635E-05 -2.414405E-06
  1.455602E+00  2.000000E+01     4  1.613555E-05 -1.472251E+02 -1.356683E-05 -8.734829E-06
  1.455602E+00  2.000000E+01     5  4.496166E-05  3.196118E+01  3.814579E-05  2.380021E-05
  1.455602E+00  2.000000E+01     6  1.754140E-11  8.839803E+01  4.903874E-13  1.753455E-11
  1.455602E+00  3.000000E+01     1  4.007978E-05  3.367091E+01  3.335583E-05  2.222111E-05
  1.455602E+00  3.000000E+01     2  2.299910E-05  3.367530E+01  1.913969E-05  1.275267E-05
  1.455602E+00  3.000000E+01     3  1.177486E-05 -1.166560E+01  1.153164E-05 -2.380870E-06
  1.455602E+00  3.000000E+01     4  2.366743E-05 -1.472957E+02 -1.991544E-05 -1.278760E-05
  1.455602E+00  3.000000E+01     5  4.135844E-05  3.216860E+01  3.500931E-05  2.201975E-05
  1.455602E+00  3.000000E+01     6  1.546657E-11  8.808295E+01  5.173964E-13  1.545791E-11
  1.455602E+00  4.000000E+01     1  3.538689E-05  3.368106E+01  2.944676E-05  1.962449E-05
  1.455602E+00  4.000000E+01     2  2.963326E-05  3.367390E+01  2.466100E-05  1.643062E-05
  1.455602E+00  4.000000E+01     3  1.177228E-05 -1.156534E+01  1.153327E-05 -2.360170E-06
  1.455602E+00  4.000000E+01     4  3.049862E-05 -1.474874E+02 -2.571867E-05 -1.639255E-05
  1.455602E+00  4.000000E+01     5  3.650208E-05  3.241932E+01  3.081313E-05  1.956918E-05
  1.455602E+00  4.000000E+01     6  6.293753E-12  8.568539E+01  4.734974E-13  6.275917E-12
  1.455602E+00  5.000000E+01     1  2.962880E-05  3.368743E+01  2.465341E-05  1.643397E-05
  1.455602E+00  5.000000E+01     2  3.538611E-05  3.366051E+01  2.945314E-05  1.961349E-05
  1.455602E+00  5.000000E+01     3  1.178263E-05 -1.151470E+01  1.154549E-05 -2.352042E-06
  1.455602E+00  5.000000E+01     4  3.642357E-05 -1.477150E+02 -3.079254E-05 -1.945498E-05
  1.455602E+00  5.000000E+01     5  3.054828E-05  3.267927E+01  2.571268E-05  1.649411E-05
  1.455602E+00  5.000000E+01     6  5.717853E-12 -8.614307E+01  3.846134E-13 -5.704903E-12
  1.455602E+00  6.000000E+01     1  2.299090E-05  3.367592E+01  1.913273E-05  1.274833E-05
  1.455602E+00  6.000000E+01     2  4.007282E-05  3.364673E+01  3.335941E-05  2.220317E-05
  1.455602E+00  6.000000E+01     3  1.180337E-05 -1.151822E+01  1.156566E-05 -2.356891E-06
  1.455602E+00  6.000000E+01     4  4.125930E-05 -1.479305E+02 -3.496332E-05 -2.190652E-05
  1.455602E+00  6.000000E+01     5  2.368329E-05  3.289591E+01  1.988588E-05  1.286274E-05
  1.455602E+00  6.000000E+01     6  1.493156E-11 -8.888318E+01  2.910291E-13 -1.492872E-11
  1.455602E+00  7.000000E+01     1  1.568050E-05  3.361274E+01  1.305870E-05  8.680361E-06
  1.455602E+00  7.000000E+01     2  4.354009E-05  3.363890E+01  3.624910E-05  2.411933E-05
  1.455602E+00  7.000000E+01     3  1.182608E-05 -1.158993E+01  1.158495E-05 -2.375928E-06
  1.455602E+00  7.000000E+01     4  4.485292E-05 -1.481044E+02 -3.808067E-05 -2.369909E-05
  1.455602E+00  7.000000E+01     5  1.611639E-05  3.297785E+01  1.351973E-05  8.772388E-06
  1.455602E+00  7.000000E+01     6  1.710256E-11 -8.923501E+01  2.283405E-13 -1.710104E-11
  1.455602E+00  8.000000E+01     1  7.917796E-06  3.335051E+01  6.613917E-06  4.352883E-06
  1.455602E+00  8.000000E+01     2  4.567351E-05  3.364063E+01  3.802451E-05  2.530231E-05
  1.455602E+00  8.000000E+01     3  1.184001E-05 -1.174556E+01  1.159209E-05 -2.410223E-06
  1.455602E+00  8.000000E+01     4  4.708809E-05 -1.482186E+02 -4.002788E-05 -2.480034E-05
  1.455602E+00  8.000000E+01     5  8.072972E-06  3.263149E+01  6.798703E-06  4.353218E-06
  1.455602E+00  8.000000E+01     6  1.118364E-11 -8.891856E+01  2.110749E-13 -1.118165E-11
  1.455602E+00  9.000000E+01     1  1.062020E-07 -9.882893E+01 -1.630038E-08 -1.049436E-07
  1.455602E+00  9.000000E+01     2  4.640227E-05  3.365381E+01  3.862531E-05  2.571491E-05
  1.455602E+00  9.000000E+01     3  1.183695E-05 -1.199074E+01  1.157869E-05 -2.459169E-06
  1.455602E+00  9.000000E+01     4  4.788912E-05 -1.482621E+02 -4.072793E-05 -2.519134E-05
  1.455602E+00  9.000000E+01     5  2.554876E-07 -1.131997E+02 -1.006459E-07 -2.348283E-07
  1.455602E+00  9.000000E+01     6  2.317195E-13  1.172172E+01  2.268872E-13  4.707577E-14
  1.455602E+00  1.000000E+02     1  8.060868E-06 -1.455420E+02 -6.646516E-06 -4.560858E-06
  1.455602E+00  1.000000E+02     2  4.570159E-05  3.367909E+01  3.803088E-05  2.534339E-05
  1.455602E+00  1.000000E+02     3  1.181530E-05 -1.231011E+01  1.154365E-05 -2.519056E-06
  1.455602E+00  1.000000E+02     4  4.722360E-05 -1.482271E+02 -4.014675E-05 -2.486577E-05
  1.455602E+00  1.000000E+02     5  8.501571E-06 -1.455116E+02 -7.007339E-06 -4.813929E-06
  1.455602E+00  1.000000E+02     6  1.124443E-11  8.875476E+01  2.443611E-13  1.124177E-11
  1.455602E+00  1.100000E+02     1  1.582016E-05 -1.458431E+02 -1.309123E-05 -8.882403E-06
  1.455602E+00  1.100000E+02     2  4.359362E-05  3.371622E+01  3.626105E-05  2.419794E-05
  1.455602E+00  1.100000E+02     3  1.178122E-05 -1.266203E+01  1.149470E-05 -2.582441E-06
  1.455602E+00  1.100000E+02     4  4.510475E-05 -1.481085E+02 -3.829621E-05 -2.382938E-05
  1.455602E+00  1.100000E+02     5  1.654610E-05 -1.461914E+02 -1.374817E-05 -9.206584E-06
  1.455602E+00  1.100000E+02     6  1.707424E-11  8.922576E+01  2.307189E-13  1.707269E-11
  1.455602E+00  1.200000E+02     1  2.312433E-05 -1.459735E+02 -1.916496E-05 -1.293982E-05
  1.455602E+00  1.200000E+02     2  4.014718E-05  3.376436E+01  3.337557E-05  2.231295E-05
  1.455602E+00  1.200000E+02     3  1.174631E-05 -1.298289E+01  1.144604E-05 -2.638927E-06
  1.455602E+00  1.200000E+02     4  4.159388E-05 -1.479054E+02 -3.523718E-05 -2.209959E-05
  1.455602E+00  1.200000E+02     5  2.410977E-05 -1.466513E+02 -2.013988E-05 -1.325393E-05
  1.455602E+00  1.200000E+02     6  1.479350E-11  8.933935E+01  1.705721E-13  1.479251E-11
  1.455602E+00  1.300000E+02     1  2.975247E-05 -1.460650E+02 -2.468479E-05 -1.660937E-05
  1.455602E+00  1.300000E+02     2  3.547574E-05  3.382246E+01  2.947205E-05  1.974656E-05
  1.455602E+00  1.300000E+02     3  1.172279E-05 -1.320308E+01  1.141292E-05 -2.677523E-06
  1.455602E+00  1.300000E+02     4  3.680108E-05 -1.476242E+02 -3.108052E-05 -1.970586E-05
  1.455602E+00  1.300000E+02     5  3.095977E-05 -1.470752E+02 -2.598716E-05 -1.682779E-05
  1.455602E+00  1.300000E+02     6  5.483476E-12  8.920499E+01  7.608333E-14  5.482948E-12
  1.455602E+00  1.400000E+02     1  3.549637E-05 -1.461403E+02 -2.947634E-05 -1.977720E-05
  1.455602E+00  1.400000E+02     2  2.973283E-05  3.389005E+01  2.468150E-05  1.657906E-05
  1.455602E+00  1.400000E+02     3  1.171864E-05 -1.327051E+01  1.140572E-05 -2.689999E-06
  1.455602E+00  1.400000E+02     4  3.088207E-05 -1.472811E+02 -2.598209E-05 -1.669232E-05
  1.455602E+00  1.400000E+02     5  3.687778E-05 -1.474642E+02 -3.109002E-05 -1.983384E-05
  1.455602E+00  1.400000E+02     6  6.531535E-12 -9.014807E+01 -1.687984E-14 -6.531513E-12
  1.455602E+00  1.500000E+02     1  4.016995E-05 -1.462044E+02 -3.338231E-05 -2.234383E-05
  1.455602E+00  1.500000E+02     2  2.310441E-05  3.396992E+01  1.916120E-05  1.290976E-05
  1.455602E+00  1.500000E+02     3  1.173446E-05 -1.317088E+01  1.142578E-05 -2.673766E-06
  1.455602E+00  1.500000E+02     4  2.403012E-05 -1.468986E+02 -2.013015E-05 -1.312340E-05
  1.455602E+00  1.500000E+02     5  4.166976E-05 -1.477955E+02 -3.525893E-05 -2.220758E-05
  1.455602E+00  1.500000E+02     6  1.568959E-11 -9.023735E+01 -6.499415E-14 -1.568945E-11
  1.455602E+00  1.600000E+02     1  4.361900E-05 -1.462579E+02 -3.627122E-05 -2.422841E-05
  1.455602E+00  1.600000E+02     2  1.579912E-05  3.407882E+01  1.308590E-05  8.852766E-06
  1.455602E+00  1.600000E+02     3  1.176337E-05 -1.293305E+01  1.146496E-05 -2.632788E-06
  1.455602E+00  1.600000E+02     4  1.646490E-05 -1.464854E+02 -1.372752E-05 -9.091095E-06
  1.455602E+00  1.600000E+02     5  4.517722E-05 -1.480491E+02 -3.833294E-05 -2.390746E-05
  1.455602E+00  1.600000E+02     6  1.770481E-11 -9.012396E+01 -3.830407E-14 -1.770477E-11
  1.455602E+00  1.700000E+02     1  4.572900E-05 -1.463006E+02 -3.804469E-05 -2.537210E-05
  1.455602E+00  1.700000E+02     2  8.038633E-06  3.432033E+01  6.639093E-06  4.532335E-06
  1.455602E+00  1.700000E+02     3  1.179379E-05 -1.261628E+01  1.150903E-05 -2.576007E-06
  1.455602E+00  1.700000E+02     4  8.421783E-06 -1.459122E+02 -6.974750E-06 -4.720094E-06
  1.455602E+00  1.700000E+02     5  4.728675E-05 -1.482132E+02 -4.019440E-05 -2.490878E-05
  1.455602E+00  1.700000E+02     6  1.155769E-11 -8.968019E+01  6.451236E-14 -1.155751E-11
  1.455602E+00  1.800000E+02     1  4.643019E-05 -1.463319E+02 -3.864211E-05 -2.574005E-05
  1.455602E+00  1.800000E+02     2  7.903852E-08  8.506937E+01  6.793324E-09  7.874603E-08
  1.455602E+00  1.800000E+02     3  1.181417E-05 -1.228694E+01  1.154356E-05 -2.514147E-06
  1.455602E+00  1.800000E+02     4  1.767308E-07 -1.099943E+02 -6.042905E-08 -1.660787E-07
  1.455602E+00  1.800000E+02     5  4.793510E-05 -1.482841E+02 -4.077674E-05 -2.519983E-05
  1.455602E+00  1.800000E+02     6  2.215700E-13 -1.511032E+01  2.139094E-13 -5.775851E-14
  1.455602E+00  1.900000E+02     1  4.569980E-05 -1.463516E+02 -3.804296E-05 -2.532203E-05
  1.455602E+00  1.900000E+02     2  7.939504E-06 -1.465596E+02 -6.625192E-06 -4.375222E-06
  1.455602E+00  1.900000E+02     3  1.181782E-05 -1.199720E+01  1.155969E-05 -2.456498E-06
  1.455602E+00  1.900000E+02     4  8.129375E-06  3.272991E+01  6.838663E-06  4.395387E-06
  1.455602E+00  1.900000E+02     5  4.710963E-05 -1.482638E+02 -4.006576E-05 -2.478008E-05
  1.455602E+00  1.900000E+02     6  1.142593E-11  8.818695E+01  3.614991E-13  1.142021E-11
  1.455602E+00  2.000000E+02     1  4.356257E-05 -1.463604E+02 -3.626752E-05 -2.413224E-05
  1.455602E+00  2.000000E+02     2  1.570040E-05 -1.463615E+02 -1.307136E-05 -8.697258E-06
  1.455602E+00  2.000000E+02     3  1.180562E-05 -1.177419E+01  1.155722E-05 -2.408998E-06
  1.455602E+00  2.000000E+02     4  1.615005E-05  3.296268E+01  1.355030E-05  8.787123E-06
  1.455602E+00  2.000000E+02     5  4.484585E-05 -1.481585E+02 -3.809705E-05 -2.365935E-05
  1.455602E+00  2.000000E+02     6  1.752109E-11  8.849312E+01  4.607531E-13  1.751503E-11
  1.455602E+00  2.100000E+02     1  4.008979E-05 -1.463601E+02 -3.337618E-05 -2.220859E-05
  1.455602E+00  2.100000E+02     2  2.300791E-05 -1.463222E+02 -1.914647E-05 -1.275840E-05
  1.455602E+00  2.100000E+02     3  1.178515E-05 -1.162162E+01  1.154355E-05 -2.374090E-06
  1.455602E+00  2.100000E+02     4  2.368673E-05  3.285203E+01  1.989862E-05  1.284937E-05
  1.455602E+00  2.100000E+02     5  4.122392E-05 -1.479799E+02 -3.495221E-05 -2.185760E-05
  1.455602E+00  2.100000E+02     6  1.545657E-11  8.819567E+01  4.866694E-13  1.544890E-11
  1.455602E+00  2.200000E+02     1  3.539669E-05 -1.463546E+02 -2.946711E-05 -1.961160E-05
  1.455602E+00  2.200000E+02     2  2.964214E-05 -1.463245E+02 -2.466793E-05 -1.643624E-05
  1.455602E+00  2.200000E+02     3  1.176672E-05 -1.153018E+01  1.152927E-05 -2.351981E-06
  1.455602E+00  2.200000E+02     4  3.051635E-05  3.262570E+01  2.570120E-05  1.645285E-05
  1.455602E+00  2.200000E+02     5  3.636457E-05 -1.477478E+02 -3.075380E-05 -1.940583E-05
  1.455602E+00  2.200000E+02     6  6.292763E-12  8.594261E+01  4.452481E-13  6.276991E-12
  1.455602E+00  2.300000E+02     1  2.963747E-05 -1.463508E+02 -2.467160E-05 -1.642231E-05
  1.455602E+00  2.300000E+02     2  3.539602E-05 -1.463403E+02 -2.946167E-05 -1.961857E-05
  1.455602E+00  2.300000E+02     3  1.175827E-05 -1.149093E+01  1.152259E-05 -2.342398E-06
  1.455602E+00  2.300000E+02     4  3.643346E-05  3.236367E+01  3.077416E-05  1.950252E-05
  1.455602E+00  2.300000E+02     5  3.042380E-05 -1.474944E+02 -2.565757E-05 -1.634922E-05
  1.455602E+00  2.300000E+02     6  5.706334E-12 -8.629630E+01  3.686102E-13 -5.694417E-12
  1.455602E+00  2.400000E+02     1  2.299773E-05 -1.463624E+02 -1.914694E-05 -1.273932E-05
  1.455602E+00  2.400000E+02     2  4.008438E-05 -1.463570E+02 -3.337049E-05 -2.220739E-05
  1.455602E+00  2.400000E+02     3  1.176168E-05 -1.150470E+01  1.152537E-05 -2.345846E-06
  1.455602E+00  2.400000E+02     4  4.125704E-05  3.211592E+01  3.494365E-05  2.193364E-05
  1.455602E+00  2.400000E+02     5  2.358621E-05 -1.472684E+02 -1.984101E-05 -1.275317E-05
  1.455602E+00  2.400000E+02     6  1.491252E-11 -8.885293E+01  2.985316E-13 -1.490954E-11
  1.455602E+00  2.500000E+02     1  1.568503E-05 -1.464213E+02 -1.306762E-05 -8.675101E-06
  1.455602E+00  2.500000E+02     2  4.355335E-05 -1.463677E+02 -3.626291E-05 -2.412251E-05
  1.455602E+00  2.500000E+02     3  1.177225E-05 -1.158314E+01  1.153250E-05 -2.363745E-06
  1.455602E+00  2.500000E+02     4  4.483729E-05  3.191585E+01  3.805903E-05  2.370427E-05
  1.455602E+00  2.500000E+02     5  1.605772E-05 -1.471496E+02 -1.348993E-05 -8.710461E-06
  1.455602E+00  2.500000E+02     6  1.707586E-11 -8.910555E+01  2.665616E-13 -1.707378E-11
  1.455602E+00  2.600000E+02     1  7.919777E-06 -1.466664E+02 -6.616856E-06 -4.352020E-06
  1.455602E+00  2.600000E+02     2  4.568795E-05 -1.463682E+02 -3.804042E-05 -2.530446E-05
  1.455602E+00  2.600000E+02     3  1.178149E-05 -1.174106E+01  1.153499E-05 -2.397403E-06
  1.455602E+00  2.600000E+02     4  4.706089E-05  3.178446E+01  4.000343E-05  2.478816E-05
  1.455602E+00  2.600000E+02     5  8.059130E-06 -1.473669E+02 -6.786926E-06 -4.345943E-06
  1.455602E+00  2.600000E+02     6  1.115037E-11 -8.856043E+01  2.801269E-13 -1.114685E-11
  1.455602E+00  2.700000E+02     1  1.031286E-07  7.911854E+01  1.946836E-08  1.012743E-07
  1.455602E+00  2.700000E+02     2  4.641707E-05 -1.463564E+02 -3.864223E-05 -2.571620E-05
  1.455602E+00  2.700000E+02     3  1.178187E-05 -1.198405E+01  1.152509E-05 -2.446380E-06
  1.455602E+00  2.700000E+02     4  4.785421E-05  3.173393E+01  4.069999E-05  2.517014E-05
  1.455602E+00  2.700000E+02     5  2.083383E-07  6.327002E+01  9.370772E-08  1.860745E-07
  1.455602E+00  2.700000E+02     6  3.328212E-13  1.548721E+01  3.207365E-13  8.887097E-14
  1.455602E+00  2.800000E+02     1  8.063694E-06  3.437701E+01  6.655290E-06  4.553051E-06
  1.455602E+00  2.800000E+02     2  4.571597E-05 -1.463319E+02 -3.804771E-05 -2.534405E-05
  1.455602E+00  2.800000E+02     3  1.177099E-05 -1.229707E+01  1.150093E-05 -2.506991E-06
  1.455602E+00  2.800000E+02     4  4.718537E-05  3.177073E+01  4.011520E-05  2.484411E-05
  1.455602E+00  2.800000E+02     5  8.425298E-06  3.401848E+01  6.983369E-06  4.713619E-06
  1.455602E+00  2.800000E+02     6  1.129548E-11  8.820139E+01  3.545246E-13  1.128991E-11
  1.455602E+00  2.900000E+02     1  1.582491E-05  3.409686E+01  1.310447E-05  8.871345E-06
  1.455602E+00  2.900000E+02     2  4.360714E-05 -1.462951E+02 -3.627709E-05 -2.419825E-05
  1.455602E+00  2.900000E+02     3  1.175289E-05 -1.263932E+01  1.146808E-05 -2.571683E-06
  1.455602E+00  2.900000E+02     4  4.506677E-05  3.189694E+01  3.826168E-05  2.381297E-05
  1.455602E+00  2.900000E+02     5  1.643678E-05  3.347124E+01  1.371095E-05  9.065187E-06
  1.455602E+00  2.900000E+02     6  1.712984E-11  8.882995E+01  3.497879E-13  1.712627E-11
  1.455602E+00  3.000000E+02     1  2.313027E-05  3.397765E+01  1.918091E-05  1.292680E-05
  1.455602E+00  3.000000E+02     2  4.015988E-05 -1.462474E+02 -3.339071E-05 -2.231316E-05
  1.455602E+00  3.000000E+02     3  1.173584E-05 -1.294930E+01  1.143738E-05 -2.629871E-06
  1.455602E+00  3.000000E+02     4  4.155815E-05  3.210957E+01  3.520113E-05  2.208983E-05
  1.455602E+00  3.000000E+02     5  2.398083E-05  3.307578E+01  2.009473E-05  1.308748E-05
  1.455602E+00  3.000000E+02     6  1.485317E-11  8.886850E+01  2.933063E-13  1.485028E-11
  1.455602E+00  3.100000E+02     1  2.975861E-05  3.389582E+01  2.470123E-05  1.659592E-05
  1.455602E+00  3.100000E+02     2  3.548805E-05 -1.461902E+02 -2.948664E-05 -1.974690E-05
  1.455602E+00  3.100000E+02     3  1.172813E-05 -1.316115E+01  1.142007E-05 -2.670385E-06
  1.455602E+00  3.100000E+02     4  3.676817E-05  3.239859E+01  3.104488E-05  1.970060E-05
  1.455602E+00  3.100000E+02     5  3.082745E-05  3.270478E+01  2.594024E-05  1.665640E-05
  1.455602E+00  3.100000E+02     6  5.546785E-12  8.795377E+01  1.980530E-13  5.543248E-12
  1.455602E+00  3.200000E+02     1  3.550162E-05  3.383016E+01  2.949090E-05  1.976492E-05
  1.455602E+00  3.200000E+02     2  2.974527E-05 -1.461245E+02 -2.469602E-05 -1.657974E-05
  1.455602E+00  3.200000E+02     3  1.173397E-05 -1.322712E+01  1.142267E-05 -2.684868E-06
  1.455602E+00  3.200000E+02     4  3.085192E-05  3.274615E+01  2.594879E-05  1.668836E-05
  1.455602E+00  3.200000E+02     5  3.675887E-05  3.236780E+01  3.104761E-05  1.967894E-05
  1.455602E+00  3.200000E+02     6  6.471456E-12 -8.912508E+01  9.881710E-14 -6.470701E-12
  1.455602E+00  3.300000E+02     1  4.017332E-05  3.377588E+01  3.339281E-05  2.233419E-05
  1.455602E+00  3.300000E+02     2  2.311728E-05 -1.460479E+02 -1.917590E-05 -1.291099E-05
  1.455602E+00  3.300000E+02     3  1.175168E-05 -1.313563E+01  1.144420E-05 -2.670652E-06
  1.455602E+00  3.300000E+02     4  2.400310E-05  3.313171E+01  2.010059E-05  1.311926E-05
  1.455602E+00  3.300000E+02     5  4.157925E-05  3.208952E+01  3.522674E-05  2.208871E-05
  1.455602E+00  3.300000E+02     6  1.563048E-11 -8.986226E+01  3.757628E-14 -1.563044E-11
  1.455602E+00  3.400000E+02     1  4.361977E-05  3.373214E+01  3.627607E-05  2.422254E-05
  1.455602E+00  3.400000E+02     2  1.581234E-05 -1.459450E+02 -1.310053E-05 -8.854718E-06
  1.455602E+00  3.400000E+02     3  1.177452E-05 -1.291489E+01  1.147666E-05 -2.631646E-06
  1.455602E+00  3.400000E+02     4  1.644257E-05  3.355671E+01  1.370224E-05  9.088830E-06
  1.455602E+00  3.400000E+02     5  4.512637E-05  3.188924E+01  3.831549E-05  2.383931E-05
  1.455602E+00  3.400000E+02     6  1.765003E-11 -8.985400E+01  4.497514E-14 -1.764997E-11
  1.455602E+00  3.500000E+02     1  4.572684E-05  3.369910E+01  3.804303E-05  2.537068E-05
  1.455602E+00  3.500000E+02     2  8.051692E-06 -1.457186E+02 -6.652965E-06 -4.535173E-06
  1.455602E+00  3.500000E+02     3  1.179365E-05 -1.262005E+01  1.150872E-05 -2.576733E-06
  1.455602E+00  3.500000E+02     4  8.406849E-06  3.419727E+01  6.953366E-06  4.725019E-06
  1.455602E+00  3.500000E+02     5  4.728183E-05  3.177695E+01  4.019450E-05  2.489927E-05
  1.455602E+00  3.500000E+02     6  1.150994E-11 -8.937228E+01  1.260984E-13 -1.150925E-11
  1.418746E+00  0.000000E+00     1  4.234579E-05  3.626216E+01  3.414422E-05  2.504672E-05
  1.418746E+00  0.000000E+00     2  6.978230E-08 -9.972840E+01 -1.179167E-08 -6.877882E-08
  1.418746E+00  0.000000E+00     3  9.462258E-06 -8.366240E+00  9.361563E-06 -1.376759E-06
  1.418746E+00  0.000000E+00     4  1.523548E-07  8.698141E+01  8.023007E-09  1.521434E-07
  1.418746E+00  0.000000E+00     5  4.098145E-05  3.414255E+01  3.391804E-05  2.300100E-05
  1.418746E+00  0.000000E+00     6  2.438350E-13  4.532421E+00  2.430724E-13  1.926862E-14
  1.418746E+00  1.000000E+01     1  4.167857E-05  3.625392E+01  3.360977E-05  2.464724E-05
  1.418746E+00  1.000000E+01     2  7.235239E-06  3.614510E+01  5.842643E-06  4.267577E-06
  1.418746E+00  1.000000E+01     3  9.462552E-06 -8.062730E+00  9.369016E-06 -1.327191E-06
  1.418746E+00  1.000000E+01     4  6.991372E-06 -1.449456E+02 -5.723185E-06 -4.015524E-06
  1.418746E+00  1.000000E+01     5  4.031986E-05  3.421730E+01  3.334093E-05  2.267319E-05
  1.418746E+00  1.000000E+01     6  1.295864E-11  8.808070E+01  4.340077E-13  1.295137E-11
  1.418746E+00  2.000000E+01     1  3.972857E-05  3.625914E+01  3.203515E-05  2.349700E-05
  1.418746E+00  2.000000E+01     2  1.431362E-05  3.630526E+01  1.153497E-05  8.474908E-06
  1.418746E+00  2.000000E+01     3  9.452162E-06 -7.811932E+00  9.364441E-06 -1.284756E-06
  1.418746E+00  2.000000E+01     4  1.385684E-05 -1.446225E+02 -1.129824E-05 -8.022567E-06
  1.418746E+00  2.000000E+01     5  3.843014E-05  3.438061E+01  3.171657E-05  2.170103E-05
  1.418746E+00  2.000000E+01     6  1.979758E-11  8.837878E+01  5.601087E-13  1.978965E-11
  1.418746E+00  3.000000E+01     1  3.656071E-05  3.627553E+01  2.947455E-05  2.163183E-05
  1.418746E+00  3.000000E+01     2  2.097913E-05  3.632513E+01  1.690222E-05  1.242733E-05
  1.418746E+00  3.000000E+01     3  9.440734E-06 -7.626761E+00  9.357218E-06 -1.252968E-06
  1.418746E+00  3.000000E+01     4  2.029995E-05 -1.447211E+02 -1.657188E-05 -1.172436E-05
  1.418746E+00  3.000000E+01     5  3.537398E-05  3.461851E+01  2.911111E-05  2.009630E-05
  1.418746E+00  3.000000E+01     6  1.741958E-11  8.809756E+01  5.782916E-13  1.740998E-11
  1.418746E+00  4.000000E+01     1  3.228002E-05  3.629857E+01  2.601586E-05  1.910955E-05
  1.418746E+00  4.000000E+01     2  2.703069E-05  3.630792E+01  2.178259E-05  1.600554E-05
  1.418746E+00  4.000000E+01     3  9.438158E-06 -7.509677E+00  9.357205E-06 -1.233507E-06
  1.418746E+00  4.000000E+01     4  2.613097E-05 -1.449511E+02 -2.139244E-05 -1.500636E-05
  1.418746E+00  4.000000E+01     5  3.124718E-05  3.490817E+01  2.562488E-05  1.788160E-05
  1.418746E+00  4.000000E+01     6  7.042804E-12  8.599679E+01  4.916742E-13  7.025620E-12
  1.418746E+00  5.000000E+01     1  2.702735E-05  3.632024E+01  2.177645E-05  1.600824E-05
  1.418746E+00  5.000000E+01     2  3.227876E-05  3.627999E+01  2.602104E-05  1.910036E-05
  1.418746E+00  5.000000E+01     3  9.449483E-06 -7.460551E+00  9.369488E-06 -1.226954E-06
  1.418746E+00  5.000000E+01     4  3.117712E-05 -1.452181E+02 -2.560669E-05 -1.778511E-05
  1.418746E+00  5.000000E+01     5  2.617670E-05  3.521266E+01  2.138682E-05  1.509382E-05
  1.418746E+00  5.000000E+01     6  6.510001E-12 -8.694754E+01  3.466596E-13 -6.500764E-12
  1.418746E+00  6.000000E+01     1  2.097242E-05  3.632586E+01  1.689666E-05  1.242358E-05
  1.418746E+00  6.000000E+01     2  3.655413E-05  3.625368E+01  2.947749E-05  2.161670E-05
  1.418746E+00  6.000000E+01     3  9.472096E-06 -7.481988E+00  9.391449E-06 -1.233404E-06
  1.418746E+00  6.000000E+01     4  3.528716E-05 -1.454689E+02 -2.907021E-05 -2.000265E-05
  1.418746E+00  6.000000E+01     5  2.031641E-05  3.547422E+01  1.654521E-05  1.179036E-05
  1.418746E+00  6.000000E+01     6  1.691372E-11 -8.928695E+01  2.104858E-13 -1.691241E-11
  1.418746E+00  7.000000E+01     1  1.430496E-05  3.628240E+01  1.153137E-05  8.465185E-06
  1.418746E+00  7.000000E+01     2  3.971669E-05  3.623602E+01  3.203504E-05  2.347705E-05
  1.418746E+00  7.000000E+01     3  9.496462E-06 -7.579810E+00  9.413482E-06 -1.252651E-06
  1.418746E+00  7.000000E+01     4  3.833636E-05 -1.456714E+02 -3.165881E-05 -2.161934E-05
  1.418746E+00  7.000000E+01     5  1.384228E-05  3.559421E+01  1.125598E-05  8.056773E-06
  1.418746E+00  7.000000E+01     6  1.936232E-11 -8.958722E+01  1.394908E-13 -1.936182E-11
  1.418746E+00  8.000000E+01     1  7.225985E-06  3.605357E+01  5.841971E-06  4.252791E-06
  1.418746E+00  8.000000E+01     2  4.166221E-05  3.623103E+01  3.360642E-05  2.462414E-05
  1.418746E+00  8.000000E+01     3  9.510168E-06 -7.759036E+00  9.423099E-06 -1.283941E-06
  1.418746E+00  8.000000E+01     4  4.023068E-05 -1.458071E+02 -3.327679E-05 -2.260890E-05
  1.418746E+00  8.000000E+01     5  6.947844E-06  3.527143E+01  5.672398E-06  4.012037E-06
  1.418746E+00  8.000000E+01     6  1.265754E-11 -8.930799E+01  1.528729E-13 -1.265661E-11
  1.418746E+00  9.000000E+01     1  8.791502E-08 -9.599298E+01 -9.178902E-09 -8.743453E-08
  1.418746E+00  9.000000E+01     2  4.232636E-05  3.624079E+01  3.413789E-05  2.502250E-05
  1.418746E+00  9.000000E+01     3  9.503653E-06 -8.017312E+00  9.410764E-06 -1.325496E-06
  1.418746E+00  9.000000E+01     4  4.090909E-05 -1.458645E+02 -3.386096E-05 -2.295624E-05
  1.418746E+00  9.000000E+01     5  2.027459E-07 -1.071644E+02 -5.983334E-08 -1.937160E-07
  1.418746E+00  9.000000E+01     6  2.345253E-13  1.677857E+01  2.245410E-13  6.770127E-14
  1.418746E+00  1.000000E+02     1  7.344160E-06 -1.429381E+02 -5.860532E-06 -4.426156E-06
  1.418746E+00  1.000000E+02     2  4.168666E-05  3.626603E+01  3.361109E-05  2.465913E-05
  1.418746E+00  1.000000E+02     3  9.475044E-06 -8.337797E+00  9.374896E-06 -1.373966E-06
  1.418746E+00  1.000000E+02     4  4.034497E-05 -1.458349E+02 -3.338234E-05 -2.265691E-05
  1.418746E+00  1.000000E+02     5  7.275122E-06 -1.428710E+02 -5.800298E-06 -4.391348E-06
  1.418746E+00  1.000000E+02     6  1.276000E-11  8.866501E+01  2.972805E-13  1.275654E-11
  1.418746E+00  1.100000E+02     1  1.442071E-05 -1.432222E+02 -1.155047E-05 -8.633864E-06
  1.418746E+00  1.100000E+02     2  3.976313E-05  3.630641E+01  3.204360E-05  2.354388E-05
  1.418746E+00  1.100000E+02     3  9.431725E-06 -8.683828E+00  9.323605E-06 -1.424019E-06
  1.418746E+00  1.100000E+02     4  3.854780E-05 -1.457110E+02 -3.184845E-05 -2.171656E-05
  1.418746E+00  1.100000E+02     5  1.417295E-05 -1.435917E+02 -1.140649E-05 -8.412156E-06
  1.418746E+00  1.100000E+02     6  1.937239E-11  8.907544E+01  3.125929E-13  1.936987E-11
  1.418746E+00  1.200000E+02     1  2.108361E-05 -1.433550E+02 -1.691641E-05 -1.258386E-05
  1.418746E+00  1.200000E+02     2  3.661821E-05  3.636082E+01  2.948862E-05  2.170977E-05
  1.418746E+00  1.200000E+02     3  9.387714E-06 -8.999600E+00  9.272146E-06 -1.468497E-06
  1.418746E+00  1.200000E+02     4  3.556580E-05 -1.454894E+02 -2.930697E-05 -2.015012E-05
  1.418746E+00  1.200000E+02     5  2.064842E-05 -1.441010E+02 -1.672629E-05 -1.210738E-05
  1.418746E+00  1.200000E+02     6  1.681137E-11  8.917660E+01  2.415885E-13  1.680963E-11
  1.418746E+00  1.300000E+02     1  2.713105E-05 -1.434543E+02 -2.179659E-05 -1.615557E-05
  1.418746E+00  1.300000E+02     2  3.235529E-05  3.642756E+01  2.603333E-05  1.921276E-05
  1.418746E+00  1.300000E+02     3  9.358003E-06 -9.221426E+00  9.237064E-06 -1.499623E-06
  1.418746E+00  1.300000E+02     4  3.148761E-05 -1.451750E+02 -2.584819E-05 -1.798168E-05
  1.418746E+00  1.300000E+02     5  2.650144E-05 -1.445769E+02 -2.159587E-05 -1.536049E-05
  1.418746E+00  1.300000E+02     6  6.313235E-12  8.907858E+01  1.015239E-13  6.312419E-12
  1.418746E+00  1.400000E+02     1  3.237240E-05 -1.435385E+02 -2.603571E-05 -1.923835E-05
  1.418746E+00  1.400000E+02     2  2.711475E-05  3.650503E+01  2.179497E-05  1.613038E-05
  1.418746E+00  1.400000E+02     3  9.352489E-06 -9.298679E+00  9.229592E-06 -1.511185E-06
  1.418746E+00  1.400000E+02     4  2.644081E-05 -1.447853E+02 -2.160205E-05 -1.524689E-05
  1.418746E+00  1.400000E+02     5  3.154757E-05 -1.450127E+02 -2.584626E-05 -1.808923E-05
  1.418746E+00  1.400000E+02     6  7.242860E-12 -9.039916E+01 -5.045854E-14 -7.242684E-12
  1.418746E+00  1.500000E+02     1  3.663717E-05 -1.436105E+02 -2.949301E-05 -2.173579E-05
  1.418746E+00  1.500000E+02     2  2.106697E-05  3.659397E+01  1.691426E-05  1.255888E-05
  1.418746E+00  1.500000E+02     3  9.372064E-06 -9.214374E+00  9.251129E-06 -1.500738E-06
  1.418746E+00  1.500000E+02     4  2.058613E-05 -1.443470E+02 -1.672751E-05 -1.199912E-05
  1.418746E+00  1.500000E+02     5  3.562528E-05 -1.453796E+02 -2.931725E-05 -2.024005E-05
  1.418746E+00  1.500000E+02     6  1.759446E-11 -9.046769E+01 -1.436166E-13 -1.759388E-11
  1.418746E+00  1.600000E+02     1  3.978435E-05 -1.436697E+02 -3.205088E-05 -2.356982E-05
  1.418746E+00  1.600000E+02     2  1.440304E-05  3.670742E+01  1.154689E-05  8.609113E-06
  1.418746E+00  1.600000E+02     3  9.408365E-06 -8.992207E+00  9.292732E-06 -1.470529E-06
  1.418746E+00  1.600000E+02     4  1.410919E-05 -1.438749E+02 -1.139645E-05 -8.318070E-06
  1.418746E+00  1.600000E+02     5  3.860440E-05 -1.456547E+02 -3.187383E-05 -2.177977E-05
  1.418746E+00  1.600000E+02     6  1.990212E-11 -9.036662E+01 -1.273471E-13 -1.990171E-11
  1.418746E+00  1.700000E+02     1  4.170961E-05 -1.437151E+02 -3.362144E-05 -2.468381E-05
  1.418746E+00  1.700000E+02     2  7.325424E-06  3.693759E+01  5.855142E-06  4.402175E-06
  1.418746E+00  1.700000E+02     3  9.447223E-06 -8.685331E+00  9.338888E-06 -1.426604E-06
  1.418746E+00  1.700000E+02     4  7.212344E-06 -1.432368E+02 -5.777924E-06 -4.316654E-06
  1.418746E+00  1.700000E+02     5  4.039324E-05 -1.458265E+02 -3.341894E-05 -2.268894E-05
  1.418746E+00  1.700000E+02     6  1.299264E-11 -8.998313E+01  3.825866E-15 -1.299264E-11
  1.418746E+00  1.800000E+02     1  4.234962E-05 -1.437457E+02 -3.415075E-05 -2.504430E-05
  1.418746E+00  1.800000E+02     2  6.527667E-08  8.818142E+01  2.071542E-09  6.524379E-08
  1.418746E+00  1.800000E+02     3  9.474555E-06 -8.354928E+00  9.374001E-06 -1.376698E-06
  1.418746E+00  1.800000E+02     4  1.434561E-07 -1.017713E+02 -2.926587E-08 -1.404392E-07
  1.418746E+00  1.800000E+02     5  4.094191E-05 -1.458924E+02 -3.389934E-05 -2.295812E-05
  1.418746E+00  1.800000E+02     6  2.078272E-13 -7.499023E+00  2.060496E-13 -2.712337E-14
  1.418746E+00  1.900000E+02     1  4.168386E-05 -1.437614E+02 -3.362063E-05 -2.464138E-05
  1.418746E+00  1.900000E+02     2  7.244089E-06 -1.438639E+02 -5.850459E-06 -4.271879E-06
  1.418746E+00  1.900000E+02     3  9.482221E-06 -8.051290E+00  9.388756E-06 -1.328075E-06
  1.418746E+00  1.900000E+02     4  6.991595E-06  3.533463E+01  5.703661E-06  4.043595E-06
  1.418746E+00  1.900000E+02     5  4.024173E-05 -1.458561E+02 -3.330530E-05 -2.258660E-05
  1.418746E+00  1.900000E+02     6  1.291950E-11  8.820407E+01  4.048933E-13  1.291315E-11
  1.418746E+00  2.000000E+02     1  3.973483E-05 -1.437628E+02 -3.204917E-05 -2.348845E-05
  1.418746E+00  2.000000E+02     2  1.432130E-05 -1.436930E+02 -1.154090E-05 -8.479809E-06
  1.418746E+00  2.000000E+02     3  9.471153E-06 -7.804871E+00  9.383415E-06 -1.286181E-06
  1.418746E+00  2.000000E+02     4  1.386697E-05  3.557070E+01  1.127937E-05  8.066516E-06
  1.418746E+00  2.000000E+02     5  3.832245E-05 -1.457249E+02 -3.166750E-05 -2.158193E-05
  1.418746E+00  2.000000E+02     6  1.976783E-11  8.846851E+01  5.283221E-13  1.976077E-11
  1.418746E+00  2.100000E+02     1  3.656732E-05 -1.437518E+02 -2.949020E-05 -2.162168E-05
  1.418746E+00  2.100000E+02     2  2.098607E-05 -1.436712E+02 -1.690701E-05 -1.243254E-05
  1.418746E+00  2.100000E+02     3  9.450195E-06 -7.627337E+00  9.366582E-06 -1.254318E-06
  1.418746E+00  2.100000E+02     4  2.031537E-05  3.543281E+01  1.655288E-05  1.177779E-05
  1.418746E+00  2.100000E+02     5  3.524926E-05 -1.455111E+02 -2.905372E-05 -1.995976E-05
  1.418746E+00  2.100000E+02     6  1.739925E-11  8.822671E+01  5.384169E-13  1.739091E-11
  1.418746E+00  2.200000E+02     1  3.228634E-05 -1.437328E+02 -2.603140E-05 -1.909906E-05
  1.418746E+00  2.200000E+02     2  2.703767E-05 -1.436894E+02 -2.178747E-05 -1.601067E-05
  1.418746E+00  2.200000E+02     3  9.431300E-06 -7.518827E+00  9.350209E-06 -1.234104E-06
  1.418746E+00  2.200000E+02     4  2.614502E-05  3.516752E+01  2.137281E-05  1.505872E-05
  1.418746E+00  2.200000E+02     5  3.111999E-05 -1.452360E+02 -2.556530E-05 -1.774456E-05
  1.418746E+00  2.200000E+02     6  7.030474E-12  8.635460E+01  4.470072E-13  7.016249E-12
  1.418746E+00  2.300000E+02     1  2.703285E-05 -1.437133E+02 -2.179026E-05 -1.599873E-05
  1.418746E+00  2.300000E+02     2  3.228660E-05 -1.437199E+02 -2.602732E-05 -1.910506E-05
  1.418746E+00  2.300000E+02     3  9.423527E-06 -7.476919E+00  9.343403E-06 -1.226253E-06
  1.418746E+00  2.300000E+02     4  3.118321E-05  3.486446E+01  2.558603E-05  1.782548E-05
  1.418746E+00  2.300000E+02     5  2.606176E-05 -1.449347E+02 -2.133149E-05 -1.497273E-05
  1.418746E+00  2.300000E+02     6  6.508220E-12 -8.728604E+01  3.081625E-13 -6.500920E-12
  1.418746E+00  2.400000E+02     1  2.097671E-05 -1.437077E+02 -1.690738E-05 -1.241623E-05
  1.418746E+00  2.400000E+02     2  3.656336E-05 -1.437492E+02 -2.948603E-05 -2.162068E-05
  1.418746E+00  2.400000E+02     3  9.428746E-06 -7.502943E+00  9.348019E-06 -1.231178E-06
  1.418746E+00  2.400000E+02     4  3.528083E-05  3.457972E+01  2.904803E-05  2.002372E-05
  1.418746E+00  2.400000E+02     5  2.022678E-05 -1.446622E+02 -1.650012E-05 -1.169909E-05
  1.418746E+00  2.400000E+02     6  1.690505E-11 -8.935069E+01  1.915745E-13 -1.690396E-11
  1.418746E+00  2.500000E+02     1  1.430782E-05 -1.437473E+02 -1.153808E-05 -8.460890E-06
  1.418746E+00  2.500000E+02     2  3.972732E-05 -1.437697E+02 -3.204595E-05 -2.348015E-05
  1.418746E+00  2.500000E+02     3  9.441072E-06 -7.602797E+00  9.358076E-06 -1.249099E-06
  1.418746E+00  2.500000E+02     4  3.831656E-05  3.434992E+01  3.163442E-05  2.161995E-05
  1.418746E+00  2.500000E+02     5  1.378792E-05 -1.445069E+02 -1.122593E-05 -8.005330E-06
  1.418746E+00  2.500000E+02     6  1.934592E-11 -8.955644E+01  1.497668E-13 -1.934534E-11
  1.418746E+00  2.600000E+02     1  7.227338E-06 -1.439611E+02 -5.844155E-06 -4.252090E-06
  1.418746E+00  2.600000E+02     2  4.167375E-05 -1.437768E+02 -3.361907E-05 -2.462639E-05
  1.418746E+00  2.600000E+02     3  9.450249E-06 -7.782353E+00  9.363208E-06 -1.279662E-06
  1.418746E+00  2.600000E+02     4  4.019966E-05  3.419720E+01  3.324946E-05  2.259393E-05
  1.418746E+00  2.600000E+02     5  6.934518E-06 -1.447115E+02 -5.660325E-06 -4.006028E-06
  1.418746E+00  2.600000E+02     6  1.263406E-11 -8.911773E+01  1.945376E-13 -1.263256E-11
  1.418746E+00  2.700000E+02     1  8.521465E-08  8.218460E+01  1.158765E-08  8.442312E-08
  1.418746E+00  2.700000E+02     2  4.233806E-05 -1.437682E+02 -3.415126E-05 -2.502403E-05
  1.418746E+00  2.700000E+02     3  9.447308E-06 -8.039873E+00  9.354450E-06 -1.321321E-06
  1.418746E+00  2.700000E+02     4  4.087123E-05  3.413415E+01  3.383018E-05  2.293417E-05
  1.418746E+00  2.700000E+02     5  1.621290E-07  7.083629E+01  5.322183E-08  1.531445E-07
  1.418746E+00  2.700000E+02     6  3.094551E-13  1.865594E+01  2.931953E-13  9.898988E-14
  1.418746E+00  2.800000E+02     1  7.345599E-06  3.699072E+01  5.867172E-06  4.419742E-06
  1.418746E+00  2.800000E+02     2  4.169782E-05 -1.437435E+02 -3.362418E-05 -2.466015E-05
  1.418746E+00  2.800000E+02     3  9.429583E-06 -8.358276E+00  9.329426E-06 -1.370709E-06
  1.418746E+00  2.800000E+02     4  4.030498E-05  3.416802E+01  3.334811E-05  2.263615E-05
  1.418746E+00  2.800000E+02     5  7.205968E-06  3.671228E+01  5.776646E-06  4.307706E-06
  1.418746E+00  2.800000E+02     6  1.280052E-11  8.827342E+01  3.856799E-13  1.279471E-11
  1.418746E+00  2.900000E+02     1  1.442331E-05  3.672494E+01  1.156050E-05  8.624762E-06
  1.418746E+00  2.900000E+02     2  3.977340E-05 -1.437032E+02 -3.205581E-05 -2.354461E-05
  1.418746E+00  2.900000E+02     3  9.402384E-06 -8.700153E+00  9.294195E-06 -1.422237E-06
  1.418746E+00  2.900000E+02     4  3.850924E-05  3.430245E+01  3.181149E-05  2.170232E-05
  1.418746E+00  2.900000E+02     5  1.407321E-05  3.611022E+01  1.136953E-05  8.293915E-06
  1.418746E+00  2.900000E+02     6  1.941884E-11  8.877793E+01  4.141559E-13  1.941442E-11
  1.418746E+00  3.000000E+02     1  2.108691E-05  3.660197E+01  1.692850E-05  1.257312E-05
  1.418746E+00  3.000000E+02     2  3.662769E-05 -1.436489E+02 -2.949993E-05 -2.171042E-05
  1.418746E+00  3.000000E+02     3  9.376476E-06 -9.009603E+00  9.260790E-06 -1.468356E-06
  1.418746E+00  3.000000E+02     4  3.553026E-05  3.453620E+01  2.926869E-05  2.014306E-05
  1.418746E+00  3.000000E+02     5  2.053037E-05  3.565718E+01  1.668133E-05  1.196786E-05
  1.418746E+00  3.000000E+02     6  1.686345E-11  8.880636E+01  3.512914E-13  1.685980E-11
  1.418746E+00  3.100000E+02     1  2.713444E-05  3.651118E+01  2.180905E-05  1.614444E-05
  1.418746E+00  3.100000E+02     2  3.236445E-05 -1.435828E+02 -2.604417E-05 -1.921350E-05
  1.418746E+00  3.100000E+02     3  9.362845E-06 -9.224469E+00  9.241764E-06 -1.500890E-06
  1.418746E+00  3.100000E+02     4  3.145493E-05  3.485993E+01  2.581040E-05  1.797876E-05
  1.418746E+00  3.100000E+02     5  2.638009E-05  3.522742E+01  2.154908E-05  1.521665E-05
  1.418746E+00  3.100000E+02     6  6.370652E-12  8.807202E+01  2.143298E-13  6.367045E-12
  1.418746E+00  3.200000E+02     1  3.237517E-05  3.643543E+01  2.604668E-05  1.922815E-05
  1.418746E+00  3.200000E+02     2  2.712413E-05 -1.435070E+02 -2.180589E-05 -1.613138E-05
  1.418746E+00  3.200000E+02     3  9.367562E-06 -9.296908E+00  9.244514E-06 -1.513335E-06
  1.418746E+00  3.200000E+02     4  2.641014E-05  3.525414E+01  2.156652E-05  1.524404E-05
  1.418746E+00  3.200000E+02     5  3.143855E-05  3.483766E+01  2.580394E-05  1.795937E-05
  1.418746E+00  3.200000E+02     6  7.185432E-12 -8.953295E+01  5.857139E-14 -7.185193E-12
  1.418746E+00  3.300000E+02     1  3.663869E-05  3.637209E+01  2.950084E-05  2.172772E-05
  1.418746E+00  3.300000E+02     2  2.107691E-05 -1.434213E+02 -1.692557E-05 -1.256030E-05
  1.418746E+00  3.300000E+02     3  9.389144E-06 -9.212156E+00  9.268046E-06 -1.503114E-06
  1.418746E+00  3.300000E+02     4  2.055729E-05  3.569380E+01  1.669553E-05  1.199422E-05
  1.418746E+00  3.300000E+02     5  3.554255E-05  3.451815E+01  2.928517E-05  2.014080E-05
  1.418746E+00  3.300000E+02     6  1.753562E-11 -9.015318E+01 -4.688199E-14 -1.753556E-11
  1.418746E+00  3.400000E+02     1  3.978418E-05  3.632157E+01  3.205432E-05  2.356483E-05
  1.418746E+00  3.400000E+02     2  1.441346E-05 -1.433135E+02 -1.155839E-05 -8.611123E-06
  1.418746E+00  3.400000E+02     3  9.419338E-06 -8.993816E+00  9.303529E-06 -1.472505E-06
  1.418746E+00  3.400000E+02     4  1.408359E-05  3.617489E+01  1.136854E-05  8.312866E-06
  1.418746E+00  3.400000E+02     5  3.855839E-05  3.429072E+01  3.185654E-05  2.172350E-05
  1.418746E+00  3.400000E+02     6  1.984501E-11 -9.014522E+01 -5.029847E-14 -1.984495E-11
  1.418746E+00  3.500000E+02     1  4.170756E-05  3.628472E+01  3.361989E-05  2.468246E-05
  1.418746E+00  3.500000E+02     2  7.335887E-06 -1.430971E+02 -5.866175E-06 -4.404910E-06
  1.418746E+00  3.500000E+02     3  9.446820E-06 -8.692562E+00  9.338309E-06 -1.427721E-06
  1.418746E+00  3.500000E+02     4  7.192974E-06  3.687755E+01  5.753803E-06  4.316552E-06
  1.418746E+00  3.500000E+02     5  4.038971E-05  3.416533E+01  3.341928E-05  2.268216E-05
  1.418746E+00  3.500000E+02     6  1.294004E-11 -8.974028E+01  5.865758E-14 -1.293991E-11
  1.384554E+00  0.000000E+00     1  3.875904E-05  3.909347E+01  3.008160E-05  2.444096E-05
  1.384554E+00  0.000000E+00     2  5.879043E-08 -9.591464E+01 -6.058161E-09 -5.847746E-08
  1.384554E+00  0.000000E+00     3  7.652765E-06 -4.214232E+00  7.632074E-06 -5.623706E-07
  1.384554E+00  0.000000E+00     4  1.302432E-07  9.650962E+01 -1.476568E-08  1.294035E-07
  1.384554E+00  0.000000E+00     5  3.532250E-05  3.679786E+01  2.828463E-05  2.115796E-05
  1.384554E+00  0.000000E+00     6  2.616266E-13  1.453118E+01  2.532575E-13  6.564390E-14
  1.384554E+00  1.000000E+01     1  3.814953E-05  3.908807E+01  2.961081E-05  2.405382E-05
  1.384554E+00  1.000000E+01     2  6.625791E-06  3.907567E+01  5.143695E-06  4.176542E-06
  1.384554E+00  1.000000E+01     3  7.655319E-06 -3.878943E+00  7.637783E-06 -5.178719E-07
  1.384554E+00  1.000000E+01     4  6.075007E-06 -1.421476E+02 -4.796793E-06 -3.727799E-06
  1.384554E+00  1.000000E+01     5  3.475983E-05  3.688195E+01  2.780348E-05  2.086175E-05
  1.384554E+00  1.000000E+01     6  1.456134E-11  8.789730E+01  5.342685E-13  1.455154E-11
  1.384554E+00  2.000000E+01     1  3.636617E-05  3.909958E+01  2.822201E-05  2.293506E-05
  1.384554E+00  2.000000E+01     2  1.310412E-05  3.921554E+01  1.015272E-05  8.284941E-06
  1.384554E+00  2.000000E+01     3  7.645105E-06 -3.579020E+00  7.630195E-06 -4.772462E-07
  1.384554E+00  2.000000E+01     4  1.201912E-05 -1.418079E+02 -9.446329E-06 -7.431430E-06
  1.384554E+00  2.000000E+01     5  3.314822E-05  3.706106E+01  2.645207E-05  1.997729E-05
  1.384554E+00  2.000000E+01     6  2.220217E-11  8.816466E+01  7.110734E-13  2.219078E-11
  1.384554E+00  3.000000E+01     1  3.346786E-05  3.912559E+01  2.596318E-05  2.111897E-05
  1.384554E+00  3.000000E+01     2  1.920517E-05  3.921974E+01  1.487876E-05  1.214335E-05
  1.384554E+00  3.000000E+01     3  7.632787E-06 -3.346111E+00  7.619775E-06 -4.455064E-07
  1.384554E+00  3.000000E+01     4  1.758472E-05 -1.419235E+02 -1.384248E-05 -1.084473E-05
  1.384554E+00  3.000000E+01     5  3.053698E-05  3.732142E+01  2.428444E-05  1.851414E-05
  1.384554E+00  3.000000E+01     6  1.951064E-11  8.788506E+01  7.200267E-13  1.949735E-11
  1.384554E+00  4.000000E+01     1  2.955028E-05  3.916128E+01  2.291244E-05  1.866116E-05
  1.384554E+00  4.000000E+01     2  2.474461E-05  3.918721E+01  1.917919E-05  1.563504E-05
  1.384554E+00  4.000000E+01     3  7.629492E-06 -3.202671E+00  7.617576E-06 -4.262448E-07
  1.384554E+00  4.000000E+01     4  2.260740E-05 -1.421808E+02 -1.785870E-05 -1.386223E-05
  1.384554E+00  4.000000E+01     5  2.700284E-05  3.764025E+01  2.138249E-05  1.649068E-05
  1.384554E+00  4.000000E+01     6  7.877543E-12  8.584038E+01  5.714003E-13  7.856792E-12
  1.384554E+00  5.000000E+01     1  2.474232E-05  3.919797E+01  1.917448E-05  1.563720E-05
  1.384554E+00  5.000000E+01     2  2.954842E-05  3.914497E+01  2.291631E-05  1.865347E-05
  1.384554E+00  5.000000E+01     3  7.641097E-06 -3.160024E+00  7.629478E-06 -4.212144E-07
  1.384554E+00  5.000000E+01     4  2.694146E-05 -1.424761E+02 -2.136724E-05 -1.640984E-05
  1.384554E+00  5.000000E+01     5  2.264848E-05  3.797900E+01  1.785235E-05  1.393725E-05
  1.384554E+00  5.000000E+01     6  7.292934E-12 -8.730287E+01  3.431787E-13 -7.284855E-12
  1.384554E+00  6.000000E+01     1  1.919975E-05  3.922017E+01  1.487447E-05  1.214004E-05
  1.384554E+00  6.000000E+01     2  3.346132E-05  3.910638E+01  2.596519E-05  2.110614E-05
  1.384554E+00  6.000000E+01     3  7.665037E-06 -3.217520E+00  7.652954E-06 -4.302140E-07
  1.384554E+00  6.000000E+01     4  3.046217E-05 -1.427516E+02 -2.424847E-05 -1.843788E-05
  1.384554E+00  6.000000E+01     5  1.760060E-05  3.827552E+01  1.381719E-05  1.090258E-05
  1.384554E+00  6.000000E+01     6  1.894175E-11 -8.956474E+01  1.438945E-13 -1.894120E-11
  1.384554E+00  7.000000E+01     1  1.309676E-05  3.919474E+01  1.015002E-05  8.276605E-06
  1.384554E+00  7.000000E+01     2  3.635509E-05  3.907912E+01  2.822159E-05  2.291799E-05
  1.384554E+00  7.000000E+01     3  7.691016E-06 -3.364110E+00  7.677763E-06 -4.513171E-07
  1.384554E+00  7.000000E+01     4  3.306844E-05 -1.429743E+02 -2.640069E-05 -1.991295E-05
  1.384554E+00  7.000000E+01     5  1.200762E-05  3.842380E+01  9.407193E-06  7.462415E-06
  1.384554E+00  7.000000E+01     6  2.168463E-11 -8.983739E+01  6.154367E-14 -2.168454E-11
  1.384554E+00  8.000000E+01     1  6.617649E-06  3.899276E+01  5.143405E-06  4.163971E-06
  1.384554E+00  8.000000E+01     2  3.813475E-05  3.906758E+01  2.960794E-05  2.403391E-05
  1.384554E+00  8.000000E+01     3  7.705389E-06 -3.582335E+00  7.690333E-06 -4.814544E-07
  1.384554E+00  8.000000E+01     4  3.468495E-05 -1.431262E+02 -2.774655E-05 -2.081286E-05
  1.384554E+00  8.000000E+01     5  6.037466E-06  3.811042E+01  4.750416E-06  3.726197E-06
  1.384554E+00  8.000000E+01     6  1.415612E-11 -8.950481E+01  1.223463E-13 -1.415559E-11
  1.384554E+00  9.000000E+01     1  7.433216E-08 -9.281262E+01 -3.647468E-09 -7.424262E-08
  1.384554E+00  9.000000E+01     2  3.874196E-05  3.907400E+01  3.007664E-05  2.441997E-05
  1.384554E+00  9.000000E+01     3  7.697456E-06 -3.852602E+00  7.680061E-06 -5.171915E-07
  1.384554E+00  9.000000E+01     4  3.526306E-05 -1.431967E+02 -2.823501E-05 -2.112505E-05
  1.384554E+00  9.000000E+01     5  1.672381E-07 -1.009237E+02 -3.169175E-08 -1.642078E-07
  1.384554E+00  9.000000E+01     6  3.131992E-13  2.701486E+01  2.790256E-13  1.422618E-13
  1.384554E+00  1.000000E+02     1  6.717134E-06 -1.400723E+02 -5.151071E-06 -4.311190E-06
  1.384554E+00  1.000000E+02     2  3.815635E-05  3.909919E+01  2.961143E-05  2.406387E-05
  1.384554E+00  1.000000E+02     3  7.664917E-06 -4.154238E+00  7.644779E-06 -5.552590E-07
  1.384554E+00  1.000000E+02     4  3.478117E-05 -1.431760E+02 -2.784163E-05 -2.084643E-05
  1.384554E+00  1.000000E+02     5  6.295446E-06 -1.399971E+02 -4.822390E-06 -4.046875E-06
  1.384554E+00  1.000000E+02     6  1.440709E-11  8.827114E+01  4.346569E-13  1.440054E-11
  1.384554E+00  1.100000E+02     1  1.319447E-05 -1.403469E+02 -1.015871E-05 -8.419891E-06
  1.384554E+00  1.100000E+02     2  3.639596E-05  3.914285E+01  2.822778E-05  2.297517E-05
  1.384554E+00  1.100000E+02     3  7.615812E-06 -4.461589E+00  7.592734E-06 -5.924397E-07
  1.384554E+00  1.100000E+02     4  3.324598E-05 -1.430538E+02 -2.657019E-05 -1.998299E-05
  1.384554E+00  1.100000E+02     5  1.226917E-05 -1.407640E+02 -9.503046E-06 -7.760455E-06
  1.384554E+00  1.100000E+02     6  2.183202E-11  8.871129E+01  4.910086E-13  2.182650E-11
  1.384554E+00  1.200000E+02     1  1.929399E-05 -1.404853E+02 -1.488456E-05 -1.227630E-05
  1.384554E+00  1.200000E+02     2  3.351740E-05  3.920373E+01  2.597274E-05  2.118567E-05
  1.384554E+00  1.200000E+02     3  7.565783E-06 -4.738829E+00  7.539920E-06 -6.250388E-07
  1.384554E+00  1.200000E+02     4  3.069500E-05 -1.428227E+02 -2.445683E-05 -1.854849E-05
  1.384554E+00  1.200000E+02     5  1.786485E-05 -1.413206E+02 -1.394629E-05 -1.116485E-05
  1.384554E+00  1.200000E+02     6  1.896147E-11  8.879709E+01  3.980604E-13  1.895729E-11
  1.384554E+00  1.300000E+02     1  2.483065E-05 -1.405945E+02 -1.918596E-05 -1.576262E-05
  1.384554E+00  1.300000E+02     2  2.961486E-05  3.927973E+01  2.292380E-05  1.874937E-05
  1.384554E+00  1.300000E+02     3  7.531813E-06 -4.941375E+00  7.503819E-06 -6.487632E-07
  1.384554E+00  1.300000E+02     4  2.719896E-05 -1.424844E+02 -2.157388E-05 -1.656354E-05
  1.384554E+00  1.300000E+02     5  2.290913E-05 -1.418432E+02 -1.801398E-05 -1.415360E-05
  1.384554E+00  1.300000E+02     6  7.202465E-12  8.856420E+01  1.804707E-13  7.200204E-12
  1.384554E+00  1.400000E+02     1  2.962932E-05 -1.406890E+02 -2.292477E-05 -1.877103E-05
  1.384554E+00  1.400000E+02     2  2.481685E-05  3.936822E+01  1.918555E-05  1.574138E-05
  1.384554E+00  1.400000E+02     3  7.525278E-06 -5.028330E+00  7.496317E-06 -6.595778E-07
  1.384554E+00  1.400000E+02     4  2.286157E-05 -1.420559E+02 -1.802888E-05 -1.405742E-05
  1.384554E+00  1.400000E+02     5  2.724610E-05 -1.423184E+02 -2.156310E-05 -1.665482E-05
  1.384554E+00  1.400000E+02     6  7.982978E-12 -9.051774E+01 -7.213563E-14 -7.982652E-12
  1.384554E+00  1.500000E+02     1  3.353350E-05 -1.407698E+02 -2.597541E-05 -2.120786E-05
  1.384554E+00  1.500000E+02     2  1.927982E-05  3.946811E+01  1.488361E-05  1.225519E-05
  1.384554E+00  1.500000E+02     3  7.547337E-06 -4.979704E+00  7.518849E-06 -6.551304E-07
  1.384554E+00  1.500000E+02     4  1.781594E-05 -1.415669E+02 -1.395584E-05 -1.107439E-05
  1.384554E+00  1.500000E+02     5  3.074188E-05 -1.427125E+02 -2.445842E-05 -1.862387E-05
  1.384554E+00  1.500000E+02     6  1.960080E-11 -9.072096E+01 -2.466333E-13 -1.959925E-11
  1.384554E+00  1.600000E+02     1  3.641405E-05 -1.408350E+02 -2.823294E-05 -2.299749E-05
  1.384554E+00  1.600000E+02     2  1.317930E-05  3.958907E+01  1.015643E-05  8.398865E-06
  1.384554E+00  1.600000E+02     3  7.588537E-06 -4.805440E+00  7.561862E-06 -6.357104E-07
  1.384554E+00  1.600000E+02     4  1.221895E-05 -1.410363E+02 -9.500779E-06 -7.683623E-06
  1.384554E+00  1.600000E+02     5  3.329028E-05 -1.430014E+02 -2.658728E-05 -2.003395E-05
  1.384554E+00  1.600000E+02     6  2.223021E-11 -9.066983E+01 -2.598828E-13 -2.222869E-11
  1.384554E+00  1.700000E+02     1  3.817593E-05 -1.408833E+02 -2.961925E-05 -2.408529E-05
  1.384554E+00  1.700000E+02     2  6.701009E-06  3.981439E+01  5.147198E-06  4.290674E-06
  1.384554E+00  1.700000E+02     3  7.632806E-06 -4.539804E+00  7.608858E-06 -6.041491E-07
  1.384554E+00  1.700000E+02     4  6.245865E-06 -1.403229E+02 -4.807161E-06 -3.987736E-06
  1.384554E+00  1.700000E+02     5  3.481785E-05 -1.431746E+02 -2.787050E-05 -2.086906E-05
  1.384554E+00  1.700000E+02     6  1.452882E-11 -9.038951E+01 -9.876867E-14 -1.452848E-11
  1.384554E+00  1.800000E+02     1  3.876172E-05 -1.409134E+02 -3.008662E-05 -2.443903E-05
  1.384554E+00  1.800000E+02     2  5.513391E-08  9.171311E+01 -1.648226E-09  5.510927E-08
  1.384554E+00  1.800000E+02     3  7.664240E-06 -4.227370E+00  7.643389E-06 -5.649665E-07
  1.384554E+00  1.800000E+02     4  1.237825E-07 -9.347779E+01 -7.508852E-09 -1.235545E-07
  1.384554E+00  1.800000E+02     5  3.528572E-05 -1.432327E+02 -2.826642E-05 -2.112087E-05
  1.384554E+00  1.800000E+02     6  1.739482E-13 -7.919158E+00  1.722894E-13 -2.396584E-14
  1.384554E+00  1.900000E+02     1  3.815293E-05 -1.409252E+02 -2.961903E-05 -2.404910E-05
  1.384554E+00  1.900000E+02     2  6.633039E-06 -1.409302E+02 -5.149753E-06 -4.180581E-06
  1.384554E+00  1.900000E+02     3  7.673763E-06 -3.911184E+00  7.655891E-06 -5.234276E-07
  1.384554E+00  1.900000E+02     4  6.072028E-06  3.812987E+01  4.776337E-06  3.749150E-06
  1.384554E+00  1.900000E+02     5  3.468824E-05 -1.431813E+02 -2.776919E-05 -2.078813E-05
  1.384554E+00  1.900000E+02     6  1.445983E-11  8.825604E+01  4.400575E-13  1.445313E-11
  1.384554E+00  2.000000E+02     1  3.637000E-05 -1.409193E+02 -2.823254E-05 -2.292817E-05
  1.384554E+00  2.000000E+02     2  1.311039E-05 -1.407811E+02 -1.015709E-05 -8.289507E-06
  1.384554E+00  2.000000E+02     3  7.662536E-06 -3.627547E+00  7.647183E-06 -4.848113E-07
  1.384554E+00  2.000000E+02     4  1.202656E-05  3.838793E+01  9.426709E-06  7.468284E-06
  1.384554E+00  2.000000E+02     5  3.305010E-05 -1.430290E+02 -2.640504E-05 -1.987670E-05
  1.384554E+00  2.000000E+02     6  2.209470E-11  8.845944E+01  5.940089E-13  2.208671E-11
  1.384554E+00  2.100000E+02     1  3.347175E-05 -1.408979E+02 -2.597486E-05 -2.111078E-05
  1.384554E+00  2.100000E+02     2  1.921080E-05 -1.407754E+02 -1.488208E-05 -1.214818E-05
  1.384554E+00  2.100000E+02     3  7.640513E-06 -3.405118E+00  7.627024E-06 -4.538124E-07
  1.384554E+00  2.100000E+02     4  1.759794E-05  3.823459E+01  1.382289E-05  1.089106E-05
  1.384554E+00  2.100000E+02     5  3.042379E-05 -1.427879E+02 -2.422956E-05 -1.839934E-05
  1.384554E+00  2.100000E+02     6  1.939895E-11  8.829730E+01  5.764074E-13  1.939038E-11
  1.384554E+00  2.200000E+02     1  2.955389E-05 -1.408655E+02 -2.292397E-05 -1.865273E-05
  1.384554E+00  2.200000E+02     2  2.475025E-05 -1.408092E+02 -1.918259E-05 -1.563980E-05
  1.384554E+00  2.200000E+02     3  7.620975E-06 -3.264678E+00  7.608607E-06 -4.340036E-07
  1.384554E+00  2.200000E+02     4  2.261943E-05  3.794164E+01  1.783853E-05  1.390775E-05
  1.384554E+00  2.200000E+02     5  2.688778E-05 -1.424793E+02 -2.132559E-05 -1.637596E-05
  1.384554E+00  2.200000E+02     6  7.760084E-12  8.699022E+01  4.074537E-13  7.749380E-12
  1.384554E+00  2.300000E+02     1  2.474540E-05 -1.408306E+02 -1.918465E-05 -1.562958E-05
  1.384554E+00  2.300000E+02     2  2.955478E-05 -1.408541E+02 -2.292095E-05 -1.865783E-05
  1.384554E+00  2.300000E+02     3  7.613835E-06 -3.218242E+00  7.601827E-06 -4.274360E-07
  1.384554E+00  2.300000E+02     4  2.694533E-05  3.760884E+01  2.134597E-05  1.644385E-05
  1.384554E+00  2.300000E+02     5  2.254482E-05 -1.421406E+02 -1.779956E-05 -1.383635E-05
  1.384554E+00  2.300000E+02     6  7.392469E-12 -8.865143E+01  1.739801E-13 -7.390421E-12
  1.384554E+00  2.400000E+02     1  1.920213E-05 -1.408081E+02 -1.488231E-05 -1.213420E-05
  1.384554E+00  2.400000E+02     2  3.346882E-05 -1.408958E+02 -2.597182E-05 -2.110986E-05
  1.384554E+00  2.400000E+02     3  7.620918E-06 -3.268136E+00  7.608524E-06 -4.344595E-07
  1.384554E+00  2.400000E+02     4  3.045328E-05  3.729769E+01  2.422552E-05  1.845336E-05
  1.384554E+00  2.400000E+02     5  1.751994E-05 -1.418318E+02 -1.377417E-05 -1.082684E-05
  1.384554E+00  2.400000E+02     6  1.904257E-11 -9.003742E+01 -1.243572E-14 -1.904257E-11
  1.384554E+00  2.500000E+02     1  1.309843E-05 -1.408301E+02 -1.015490E-05 -8.273263E-06
  1.384554E+00  2.500000E+02     2  3.636371E-05 -1.409259E+02 -2.823028E-05 -2.292097E-05
  1.384554E+00  2.500000E+02     3  7.635391E-06 -3.407364E+00  7.621893E-06 -4.538069E-07
  1.384554E+00  2.500000E+02     4  3.304594E-05  3.704675E+01  2.637542E-05  1.990907E-05
  1.384554E+00  2.500000E+02     5  1.195866E-05 -1.416506E+02 -9.378474E-06 -7.419815E-06
  1.384554E+00  2.500000E+02     6  2.177926E-11 -9.017834E+01 -6.779033E-14 -2.177915E-11
  1.384554E+00  2.600000E+02     1  6.618618E-06 -1.410186E+02 -5.144987E-06 -4.163558E-06
  1.384554E+00  2.600000E+02     2  3.814406E-05 -1.409394E+02 -2.961809E-05 -2.403618E-05
  1.384554E+00  2.600000E+02     3  7.645556E-06 -3.621873E+00  7.630285E-06 -4.829813E-07
  1.384554E+00  2.600000E+02     4  3.465159E-05  3.687797E+01  2.771835E-05  2.079486E-05
  1.384554E+00  2.600000E+02     5  6.025203E-06 -1.418591E+02 -4.738791E-06 -3.721146E-06
  1.384554E+00  2.600000E+02     6  1.424066E-11 -8.989484E+01  2.613781E-14 -1.424063E-11
  1.384554E+00  2.700000E+02     1  7.184031E-08  8.568171E+01  5.409359E-09  7.163637E-08
  1.384554E+00  2.700000E+02     2  3.875127E-05 -1.409340E+02 -3.008727E-05 -2.442166E-05
  1.384554E+00  2.700000E+02     3  7.641195E-06 -3.893485E+00  7.623559E-06 -5.188513E-07
  1.384554E+00  2.700000E+02     4  3.522380E-05  3.680346E+01  2.820353E-05  2.110159E-05
  1.384554E+00  2.700000E+02     5  1.332248E-07  7.893944E+01  2.555871E-08  1.307501E-07
  1.384554E+00  2.700000E+02     6  2.260729E-13  1.796515E+01  2.150505E-13  6.972958E-14
  1.384554E+00  2.800000E+02     1  6.717426E-06  3.986590E+01  5.155939E-06  4.305822E-06
  1.384554E+00  2.800000E+02     2  3.816506E-05 -1.409089E+02 -2.962161E-05 -2.406516E-05
  1.384554E+00  2.800000E+02     3  7.619265E-06 -4.200450E+00  7.598799E-06 -5.580809E-07
  1.384554E+00  2.800000E+02     4  3.474112E-05  3.683113E+01  2.780700E-05  2.082586E-05
  1.384554E+00  2.800000E+02     5  6.233896E-06  3.964679E+01  4.800053E-06  3.977556E-06
  1.384554E+00  2.800000E+02     6  1.434896E-11  8.840545E+01  3.992829E-13  1.434341E-11
  1.384554E+00  2.900000E+02     1  1.319535E-05  3.960741E+01  1.016611E-05  8.412349E-06
  1.384554E+00  2.900000E+02     2  3.640379E-05 -1.408650E+02 -2.823699E-05 -2.297625E-05
  1.384554E+00  2.900000E+02     3  7.585909E-06 -4.514082E+00  7.562377E-06 -5.970422E-07
  1.384554E+00  2.900000E+02     4  3.320867E-05  3.696694E+01  2.653315E-05  1.997017E-05
  1.384554E+00  2.900000E+02     5  1.217991E-05  3.898140E+01  9.468055E-06  7.661993E-06
  1.384554E+00  2.900000E+02     6  2.179268E-11  8.873342E+01  4.817085E-13  2.178736E-11
  1.384554E+00  3.000000E+02     1  1.929527E-05  3.947747E+01  1.489353E-05  1.226744E-05
  1.384554E+00  3.000000E+02     2  3.352449E-05 -1.408039E+02 -2.598105E-05 -2.118669E-05
  1.384554E+00  3.000000E+02     3  7.553720E-06 -4.795005E+00  7.527283E-06 -6.314227E-07
  1.384554E+00  3.000000E+02     4  3.066154E-05  3.721286E+01  2.441867E-05  1.854342E-05
  1.384554E+00  3.000000E+02     5  1.775881E-05  3.847150E+01  1.390369E-05  1.104820E-05
  1.384554E+00  3.000000E+02     6  1.894267E-11  8.874745E+01  4.140753E-13  1.893815E-11
  1.384554E+00  3.100000E+02     1  2.483199E-05  3.937566E+01  1.919521E-05  1.575347E-05
  1.384554E+00  3.100000E+02     2  2.962167E-05 -1.407283E+02 -2.293170E-05 -1.875047E-05
  1.384554E+00  3.100000E+02     3  7.535788E-06 -4.996265E+00  7.507155E-06 -6.562978E-07
  1.384554E+00  3.100000E+02     4  2.716840E-05  3.756200E+01  2.153623E-05  1.656239E-05
  1.384554E+00  3.100000E+02     5  2.279992E-05  3.798744E+01  1.796966E-05  1.403309E-05
  1.384554E+00  3.100000E+02     6  7.205601E-12  8.824625E+01  2.205191E-13  7.202226E-12
  1.384554E+00  3.200000E+02     1  2.963032E-05  3.928847E+01  2.293291E-05  1.876266E-05
  1.384554E+00  3.200000E+02     2  2.482393E-05 -1.406413E+02 -1.919364E-05 -1.574267E-05
  1.384554E+00  3.200000E+02     3  7.539660E-06 -5.076601E+00  7.510084E-06 -6.671658E-07
  1.384554E+00  3.200000E+02     4  2.283222E-05  3.799486E+01  1.799330E-05  1.405531E-05
  1.384554E+00  3.200000E+02     5  2.714802E-05  3.755160E+01  2.152308E-05  1.654606E-05
  1.384554E+00  3.200000E+02     6  7.959326E-12 -9.008956E+01 -1.244080E-14 -7.959316E-12
  1.384554E+00  3.300000E+02     1  3.353377E-05  3.921526E+01  2.598117E-05  2.120125E-05
  1.384554E+00  3.300000E+02     2  1.928750E-05 -1.405445E+02 -1.489222E-05 -1.225680E-05
  1.384554E+00  3.300000E+02     3  7.564040E-06 -5.016998E+00  7.535061E-06 -6.614849E-07
  1.384554E+00  3.300000E+02     4  1.778702E-05  3.848333E+01  1.392348E-05  1.106863E-05
  1.384554E+00  3.300000E+02     5  3.066771E-05  3.719862E+01  2.442819E-05  1.854108E-05
  1.384554E+00  3.300000E+02     6  1.955636E-11 -9.051241E+01 -1.748939E-13 -1.955558E-11
  1.384554E+00  3.400000E+02     1  3.641336E-05  3.915753E+01  2.823539E-05  2.299339E-05
  1.384554E+00  3.400000E+02     2  1.318756E-05 -1.404289E+02 -1.016542E-05 -8.400946E-06
  1.384554E+00  3.400000E+02     3  7.599512E-06 -4.828409E+00  7.572544E-06 -6.396656E-07
  1.384554E+00  3.400000E+02     4  1.219172E-05  3.901935E+01  9.472153E-06  7.675695E-06
  1.384554E+00  3.400000E+02     5  3.324953E-05  3.695149E+01  2.657118E-05  1.998758E-05
  1.384554E+00  3.400000E+02     6  2.216747E-11 -9.047521E+01 -1.838557E-13 -2.216671E-11
  1.384554E+00  3.500000E+02     1  3.817420E-05  3.911667E+01  2.961795E-05  2.408416E-05
  1.384554E+00  3.500000E+02     2  6.709454E-06 -1.402159E+02 -5.155955E-06 -4.293356E-06
  1.384554E+00  3.500000E+02     3  7.632809E-06 -4.545687E+00  7.608799E-06 -6.049307E-07
  1.384554E+00  3.500000E+02     4  6.223645E-06  3.979208E+01  4.782074E-06  3.983155E-06
  1.384554E+00  3.500000E+02     5  3.481565E-05  3.681861E+01  2.787121E-05  2.086445E-05
  1.384554E+00  3.500000E+02     6  1.445105E-11 -9.008712E+01 -2.197272E-14 -1.445103E-11
  1.352721E+00  0.000000E+00     1  3.557412E-05  4.214516E+01  2.637633E-05  2.387064E-05
  1.352721E+00  0.000000E+00     2  5.049307E-08 -9.152192E+01 -1.341069E-09 -5.047525E-08
  1.352721E+00  0.000000E+00     3  6.228647E-06  7.488187E-02  6.228642E-06  8.140436E-09
  1.352721E+00  0.000000E+00     4  1.171379E-07  1.045970E+02 -2.952094E-08  1.133570E-07
  1.352721E+00  0.000000E+00     5  3.067307E-05  3.970756E+01  2.359727E-05  1.959609E-05
  1.352721E+00  0.000000E+00     6  2.157815E-13  1.888834E+01  2.041619E-13  6.985384E-14
  1.352721E+00  1.000000E+01     1  3.501600E-05  4.214232E+01  2.596368E-05  2.349484E-05
  1.352721E+00  1.000000E+01     2  6.085425E-06  4.221465E+01  4.507066E-06  4.088858E-06
  1.352721E+00  1.000000E+01     3  6.232195E-06  4.503672E-01  6.232002E-06  4.898698E-08
  1.352721E+00  1.000000E+01     4  5.320612E-06 -1.391990E+02 -4.027620E-06 -3.476665E-06
  1.352721E+00  1.000000E+01     5  3.019189E-05  3.979861E+01  2.319640E-05  1.932556E-05
  1.352721E+00  1.000000E+01     6  1.617980E-11  8.790005E+01  5.928748E-13  1.616893E-11
  1.352721E+00  2.000000E+01     1  3.338125E-05  4.215945E+01  2.474484E-05  2.240537E-05
  1.352721E+00  2.000000E+01     2  1.203235E-05  4.233892E+01  8.893998E-06  8.103967E-06
  1.352721E+00  2.000000E+01     3  6.221795E-06  8.260491E-01  6.221148E-06  8.969823E-08
  1.352721E+00  2.000000E+01     4  1.051104E-05 -1.388267E+02 -7.911890E-06 -6.919828E-06
  1.352721E+00  2.000000E+01     5  2.880952E-05  3.998537E+01  2.207410E-05  1.851276E-05
  1.352721E+00  2.000000E+01     6  2.464240E-11  8.808956E+01  8.215104E-13  2.462870E-11
  1.352721E+00  3.000000E+01     1  3.072315E-05  4.219415E+01  2.276196E-05  2.063505E-05
  1.352721E+00  3.000000E+01     2  1.763304E-05  4.232916E+01  1.303591E-05  1.187389E-05
  1.352721E+00  3.000000E+01     3  6.208699E-06  1.137063E+00  6.207476E-06  1.232066E-07
  1.352721E+00  3.000000E+01     4  1.535750E-05 -1.389449E+02 -1.158076E-05 -1.008656E-05
  1.352721E+00  3.000000E+01     5  2.656497E-05  4.025541E+01  2.027363E-05  1.716618E-05
  1.352721E+00  3.000000E+01     6  2.160419E-11  8.788638E+01  7.967906E-13  2.158950E-11
  1.352721E+00  4.000000E+01     1  2.712880E-05  4.224141E+01  2.008396E-05  1.823750E-05
  1.352721E+00  4.000000E+01     2  2.271796E-05  4.228247E+01  1.680759E-05  1.528433E-05
  1.352721E+00  4.000000E+01     3  6.204691E-06  1.324541E+00  6.203033E-06  1.434248E-07
  1.352721E+00  4.000000E+01     4  1.971641E-05 -1.392136E+02 -1.492827E-05 -1.287957E-05
  1.352721E+00  4.000000E+01     5  2.351902E-05  4.058775E+01  1.786059E-05  1.530175E-05
  1.352721E+00  4.000000E+01     6  8.642695E-12  8.641566E+01  5.403213E-13  8.625789E-12
  1.352721E+00  5.000000E+01     1  2.271619E-05  4.229206E+01  1.680372E-05  1.528595E-05
  1.352721E+00  5.000000E+01     2  2.712692E-05  4.222704E+01  2.008714E-05  1.823119E-05
  1.352721E+00  5.000000E+01     3  6.216108E-06  1.355527E+00  6.214368E-06  1.470496E-07
  1.352721E+00  5.000000E+01     4  2.346480E-05 -1.395203E+02 -1.784818E-05 -1.523283E-05
  1.352721E+00  5.000000E+01     5  1.975395E-05  4.094408E+01  1.492114E-05  1.294520E-05
  1.352721E+00  5.000000E+01     6  8.209750E-12 -8.876195E+01  1.773826E-13 -8.207833E-12
  1.352721E+00  6.000000E+01     1  1.762846E-05  4.232965E+01  1.303241E-05  1.187092E-05
  1.352721E+00  6.000000E+01     2  3.071719E-05  4.217725E+01  2.276363E-05  2.062434E-05
  1.352721E+00  6.000000E+01     3  6.240515E-06  1.235428E+00  6.239065E-06  1.345493E-07
  1.352721E+00  6.000000E+01     4  2.650033E-05 -1.398046E+02 -2.024222E-05 -1.710321E-05
  1.352721E+00  6.000000E+01     5  1.537342E-05  4.125947E+01  1.155668E-05  1.013831E-05
  1.352721E+00  6.000000E+01     6  2.117129E-11 -9.033044E+01 -1.220987E-13 -2.117094E-11
  1.352721E+00  7.000000E+01     1  1.202595E-05  4.232046E+01  8.891879E-06  8.096793E-06
  1.352721E+00  7.000000E+01     2  3.337142E-05  4.214136E+01  2.474463E-05  2.239095E-05
  1.352721E+00  7.000000E+01     3  6.267380E-06  1.004714E+00  6.266416E-06  1.098965E-07
  1.352721E+00  7.000000E+01     4  2.874163E-05 -1.400342E+02 -2.202840E-05 -1.846161E-05
  1.352721E+00  7.000000E+01     5  1.050265E-05  4.142109E+01  7.875599E-06  6.948429E-06
  1.352721E+00  7.000000E+01     6  2.423130E-11 -9.052785E+01 -2.232352E-13 -2.423027E-11
  1.352721E+00  8.000000E+01     1  6.078213E-06  4.214029E+01  4.507021E-06  4.078166E-06
  1.352721E+00  8.000000E+01     2  3.500313E-05  4.212392E+01  2.596168E-05  2.347787E-05
  1.352721E+00  8.000000E+01     3  6.282491E-06  7.207165E-01  6.281994E-06  7.902460E-08
  1.352721E+00  8.000000E+01     4  3.012885E-05 -1.401940E+02 -2.314549E-05 -1.928819E-05
  1.352721E+00  8.000000E+01     5  5.288520E-06  4.109921E+01  3.985283E-06  3.476488E-06
  1.352721E+00  8.000000E+01     6  1.584308E-11 -9.032361E+01 -8.948175E-14 -1.584282E-11
  1.352721E+00  9.000000E+01     1  6.378718E-08 -8.915142E+01  9.446844E-10 -6.378018E-08
  1.352721E+00  9.000000E+01     2  3.555952E-05  4.212723E+01  2.637298E-05  2.385259E-05
  1.352721E+00  9.000000E+01     3  6.274475E-06  4.343752E-01  6.274295E-06  4.756808E-08
  1.352721E+00  9.000000E+01     4  3.062360E-05 -1.402752E+02 -2.355331E-05 -1.957157E-05
  1.352721E+00  9.000000E+01     5  1.436324E-07 -9.480700E+01 -1.203635E-08 -1.431272E-07
  1.352721E+00  9.000000E+01     6  2.279331E-13  2.840054E+01  2.005000E-13  1.084124E-13
  1.352721E+00  1.000000E+02     1  6.162759E-06 -1.369796E+02 -4.505656E-06 -4.204600E-06
  1.352721E+00  1.000000E+02     2  3.502219E-05  4.215215E+01  2.596424E-05  2.350345E-05
  1.352721E+00  1.000000E+02     3  6.240605E-06  1.748048E-01  6.240576E-06  1.903955E-08
  1.352721E+00  1.000000E+02     4  3.020866E-05 -1.402674E+02 -2.323153E-05 -1.930956E-05
  1.352721E+00  1.000000E+02     5  5.499465E-06 -1.369371E+02 -4.017936E-06 -3.755037E-06
  1.352721E+00  1.000000E+02     6  1.602746E-11  8.824424E+01  4.910644E-13  1.601994E-11
  1.352721E+00  1.100000E+02     1  1.210916E-05 -1.372497E+02 -8.891982E-06 -8.219759E-06
  1.352721E+00  1.100000E+02     2  3.340739E-05  4.219851E+01  2.474893E-05  2.243979E-05
  1.352721E+00  1.100000E+02     3  6.189055E-06 -5.051319E-02  6.189052E-06 -5.456402E-09
  1.352721E+00  1.100000E+02     4  2.888884E-05 -1.401564E+02 -2.218073E-05 -1.850893E-05
  1.352721E+00  1.100000E+02     5  1.071581E-05 -1.377525E+02 -7.932352E-06 -7.204609E-06
  1.352721E+00  1.100000E+02     6  2.431294E-11  8.852649E+01  6.251997E-13  2.430490E-11
  1.352721E+00  1.200000E+02     1  1.770897E-05 -1.373956E+02 -1.303461E-05 -1.198777E-05
  1.352721E+00  1.200000E+02     2  3.076633E-05  4.226518E+01  2.276831E-05  2.069229E-05
  1.352721E+00  1.200000E+02     3  6.136207E-06 -2.422768E-01  6.136153E-06 -2.594704E-08
  1.352721E+00  1.200000E+02     4  2.669327E-05 -1.399289E+02 -2.042691E-05 -1.718348E-05
  1.352721E+00  1.200000E+02     5  1.558825E-05 -1.383495E+02 -1.164774E-05 -1.035971E-05
  1.352721E+00  1.200000E+02     6  2.112958E-11  8.858600E+01  5.214016E-13  2.112315E-11
  1.352721E+00  1.300000E+02     1  2.279197E-05 -1.375155E+02 -1.680817E-05 -1.539349E-05
  1.352721E+00  1.300000E+02     2  2.718474E-05  4.234991E+01  2.009074E-05  1.831318E-05
  1.352721E+00  1.300000E+02     3  6.100116E-06 -3.941257E-01  6.099972E-06 -4.196110E-08
  1.352721E+00  1.300000E+02     4  2.367796E-05 -1.395811E+02 -1.802663E-05 -1.535209E-05
  1.352721E+00  1.300000E+02     5  1.996588E-05 -1.389077E+02 -1.504731E-05 -1.312306E-05
  1.352721E+00  1.300000E+02     6  8.071149E-12  8.847599E+01  2.146590E-13  8.068294E-12
  1.352721E+00  1.400000E+02     1  2.719690E-05 -1.376205E+02 -2.009026E-05 -1.833175E-05
  1.352721E+00  1.400000E+02     2  2.278032E-05  4.244939E+01  1.680900E-05  1.537532E-05
  1.352721E+00  1.400000E+02     3  6.093048E-06 -4.876912E-01  6.092828E-06 -5.186229E-08
  1.352721E+00  1.400000E+02     4  1.992652E-05 -1.391273E+02 -1.506775E-05 -1.303952E-05
  1.352721E+00  1.400000E+02     5  2.371730E-05 -1.394088E+02 -1.801023E-05 -1.543185E-05
  1.352721E+00  1.400000E+02     6  8.791883E-12 -9.103221E+01 -1.583815E-13 -8.790456E-12
  1.352721E+00  1.500000E+02     1  3.077987E-05 -1.377096E+02 -2.276923E-05 -2.071141E-05
  1.352721E+00  1.500000E+02     2  1.769687E-05  4.256091E+01  1.303479E-05  1.196970E-05
  1.352721E+00  1.500000E+02     3  6.116403E-06 -5.000727E-01  6.116170E-06 -5.338277E-08
  1.352721E+00  1.500000E+02     4  1.554827E-05 -1.385983E+02 -1.166262E-05 -1.028260E-05
  1.352721E+00  1.500000E+02     5  2.673239E-05 -1.398163E+02 -2.042301E-05 -1.724880E-05
  1.352721E+00  1.500000E+02     6  2.171187E-11 -9.111676E+01 -4.231614E-13 -2.170774E-11
  1.352721E+00  1.600000E+02     1  3.342265E-05 -1.377804E+02 -2.475198E-05 -2.245914E-05
  1.352721E+00  1.600000E+02     2  1.209607E-05  4.269122E+01  8.890835E-06  8.201705E-06
  1.352721E+00  1.600000E+02     3  6.160157E-06 -4.150097E-01  6.159995E-06 -4.461939E-08
  1.352721E+00  1.600000E+02     4  1.067535E-05 -1.380148E+02 -7.935172E-06 -7.141157E-06
  1.352721E+00  1.600000E+02     5  2.892534E-05 -1.401065E+02 -2.219261E-05 -1.855164E-05
  1.352721E+00  1.600000E+02     6  2.466123E-11 -9.104472E+01 -4.496441E-13 -2.465713E-11
  1.352721E+00  1.700000E+02     1  3.503869E-05 -1.378311E+02 -2.596958E-05 -2.352212E-05
  1.352721E+00  1.700000E+02     2  6.148769E-06  4.291677E+01  4.503012E-06  4.186914E-06
  1.352721E+00  1.700000E+02     3  6.207155E-06 -2.293442E-01  6.207105E-06 -2.484600E-08
  1.352721E+00  1.700000E+02     4  5.460108E-06 -1.372205E+02 -4.007571E-06 -3.708390E-06
  1.352721E+00  1.700000E+02     5  3.023780E-05 -1.402723E+02 -2.325562E-05 -1.932617E-05
  1.352721E+00  1.700000E+02     6  1.611296E-11 -9.076251E+01 -2.144286E-13 -1.611153E-11
  1.352721E+00  1.800000E+02     1  3.557606E-05 -1.378606E+02 -2.638017E-05 -2.386928E-05
  1.352721E+00  1.800000E+02     2  4.746315E-08  9.586854E+01 -4.852934E-09  4.721440E-08
  1.352721E+00  1.800000E+02     3  6.240471E-06  4.489600E-02  6.240469E-06  4.889927E-09
  1.352721E+00  1.800000E+02     4  1.132596E-07 -8.615841E+01  7.588186E-09 -1.130051E-07
  1.352721E+00  1.800000E+02     5  3.063973E-05 -1.403186E+02 -2.358055E-05 -1.956401E-05
  1.352721E+00  1.800000E+02     6  1.886946E-13  7.992219E+00  1.868618E-13  2.623583E-14
  1.352721E+00  1.900000E+02     1  3.501814E-05 -1.378688E+02 -2.596981E-05 -2.349126E-05
  1.352721E+00  1.900000E+02     2  6.091458E-06 -1.377889E+02 -4.511784E-06 -4.092635E-06
  1.352721E+00  1.900000E+02     3  6.250576E-06  3.787556E-01  6.250440E-06  4.131933E-08
  1.352721E+00  1.900000E+02     4  5.315198E-06  4.106857E+01  4.007255E-06  3.491882E-06
  1.352721E+00  1.900000E+02     5  3.012767E-05 -1.402544E+02 -2.316490E-05 -1.926301E-05
  1.352721E+00  1.900000E+02     6  1.614325E-11  8.793061E+01  5.829308E-13  1.613272E-11
  1.352721E+00  2.000000E+02     1  3.338342E-05 -1.378562E+02 -2.475259E-05 -2.240004E-05
  1.352721E+00  2.000000E+02     2  1.203751E-05 -1.376565E+02 -8.897158E-06 -8.108161E-06
  1.352721E+00  2.000000E+02     3  6.238890E-06  7.255345E-01  6.238390E-06  7.900074E-08
  1.352721E+00  2.000000E+02     4  1.051648E-05  4.136916E+01  7.892274E-06  6.950429E-06
  1.352721E+00  2.000000E+02     5  2.872188E-05 -1.400890E+02 -2.203088E-05 -1.842788E-05
  1.352721E+00  2.000000E+02     6  2.461460E-11  8.812441E+01  8.056219E-13  2.460141E-11
  1.352721E+00  2.100000E+02     1  3.072517E-05 -1.378253E+02 -2.277045E-05 -2.062869E-05
  1.352721E+00  2.100000E+02     2  1.763760E-05 -1.376650E+02 -1.303806E-05 -1.187830E-05
  1.352721E+00  2.100000E+02     3  6.216085E-06  1.025841E+00  6.215089E-06  1.112887E-07
  1.352721E+00  2.100000E+02     4  1.536927E-05  4.121638E+01  1.156117E-05  1.012688E-05
  1.352721E+00  2.100000E+02     5  2.646422E-05 -1.398333E+02 -2.022319E-05 -1.706979E-05
  1.352721E+00  2.100000E+02     6  2.158548E-11  8.796340E+01  7.671015E-13  2.157184E-11
  1.352721E+00  2.200000E+02     1  2.713054E-05 -1.377806E+02 -2.009227E-05 -1.823093E-05
  1.352721E+00  2.200000E+02     2  2.272247E-05 -1.377131E+02 -1.680974E-05 -1.528866E-05
  1.352721E+00  2.200000E+02     3  6.196192E-06  1.221411E+00  6.194784E-06  1.320782E-07
  1.352721E+00  2.200000E+02     4  1.972728E-05  4.091257E+01  1.490810E-05  1.291952E-05
  1.352721E+00  2.200000E+02     5  2.341698E-05 -1.395071E+02 -1.780828E-05 -1.520592E-05
  1.352721E+00  2.200000E+02     6  8.632141E-12  8.668514E+01  4.991361E-13  8.617698E-12
  1.352721E+00  2.300000E+02     1  2.271757E-05 -1.377313E+02 -1.681096E-05 -1.528003E-05
  1.352721E+00  2.300000E+02     2  2.713198E-05 -1.377713E+02 -2.009036E-05 -1.823517E-05
  1.352721E+00  2.300000E+02     3  6.189551E-06  1.273943E+00  6.188021E-06  1.376103E-07
  1.352721E+00  2.300000E+02     4  2.346743E-05  4.056734E+01  1.782685E-05  1.526184E-05
  1.352721E+00  2.300000E+02     5  1.966233E-05 -1.391477E+02 -1.487256E-05 -1.286136E-05
  1.352721E+00  2.300000E+02     6  8.208152E-12 -8.904829E+01  1.363353E-13 -8.207020E-12
  1.352721E+00  2.400000E+02     1  1.762949E-05 -1.376933E+02 -1.303793E-05 -1.186639E-05
  1.352721E+00  2.400000E+02     2  3.072317E-05 -1.378242E+02 -2.276859E-05 -2.062777E-05
  1.352721E+00  2.400000E+02     3  6.197940E-06  1.179437E+00  6.196627E-06  1.275759E-07
  1.352721E+00  2.400000E+02     4  2.648997E-05  4.024607E+01  2.021918E-05  1.711442E-05
  1.352721E+00  2.400000E+02     5  1.530230E-05 -1.388188E+02 -1.151699E-05 -1.007569E-05
  1.352721E+00  2.400000E+02     6  2.116269E-11 -9.040106E+01 -1.481344E-13 -2.116217E-11
  1.352721E+00  2.500000E+02     1  1.202673E-05 -1.376994E+02 -8.895263E-06 -8.094235E-06
  1.352721E+00  2.500000E+02     2  3.337829E-05 -1.378628E+02 -2.475137E-05 -2.239376E-05
  1.352721E+00  2.500000E+02     3  6.214000E-06  9.687402E-01  6.213111E-06  1.050595E-07
  1.352721E+00  2.500000E+02     4  2.871762E-05  3.998727E+01  2.200307E-05  1.845444E-05
  1.352721E+00  2.500000E+02     5  1.045941E-05 -1.386265E+02 -7.848923E-06 -6.913295E-06
  1.352721E+00  2.500000E+02     6  2.421553E-11 -9.052924E+01 -2.236748E-13 -2.421450E-11
  1.352721E+00  2.600000E+02     1  6.078830E-06 -1.378682E+02 -4.508081E-06 -4.077914E-06
  1.352721E+00  2.600000E+02     2  3.501052E-05 -1.378821E+02 -2.596963E-05 -2.348010E-05
  1.352721E+00  2.600000E+02     3  6.225197E-06  6.926193E-01  6.224743E-06  7.525138E-08
  1.352721E+00  2.600000E+02     4  3.009447E-05  3.981082E+01  2.311744E-05  1.926813E-05
  1.352721E+00  2.600000E+02     5  5.277354E-06 -1.388564E+02 -3.974177E-06 -3.472230E-06
  1.352721E+00  2.600000E+02     6  1.582091E-11 -9.022533E+01 -6.222064E-14 -1.582079E-11
  1.352721E+00  2.700000E+02     1  6.165139E-08  8.968141E+01  3.428060E-10  6.165044E-08
  1.352721E+00  2.700000E+02     2  3.556685E-05 -1.378795E+02 -2.638123E-05 -2.385439E-05
  1.352721E+00  2.700000E+02     3  6.220510E-06  3.998593E-01  6.220358E-06  4.341172E-08
  1.352721E+00  2.700000E+02     4  3.058440E-05  3.972706E+01  2.352239E-05  1.954744E-05
  1.352721E+00  2.700000E+02     5  1.159043E-07  8.657221E+01  6.929982E-09  1.156970E-07
  1.352721E+00  2.700000E+02     6  2.850664E-13  2.853907E+01  2.504284E-13  1.361927E-13
  1.352721E+00  2.800000E+02     1  6.162366E-06  4.296897E+01  4.509144E-06  4.200282E-06
  1.352721E+00  2.800000E+02     2  3.502897E-05 -1.378545E+02 -2.597197E-05 -2.350500E-05
  1.352721E+00  2.800000E+02     3  6.196531E-06  1.217211E-01  6.196517E-06  1.316411E-08
  1.352721E+00  2.800000E+02     4  3.017017E-05  3.974427E+01  2.319802E-05  1.928967E-05
  1.352721E+00  2.800000E+02     5  5.445886E-06  4.276636E+01  3.997981E-06  3.697814E-06
  1.352721E+00  2.800000E+02     6  1.606279E-11  8.801481E+01  5.564339E-13  1.605315E-11
  1.352721E+00  2.900000E+02     1  1.210895E-05  4.271225E+01  8.897289E-06  8.213704E-06
  1.352721E+00  2.900000E+02     2  3.341341E-05 -1.378075E+02 -2.475573E-05 -2.244125E-05
  1.352721E+00  2.900000E+02     3  6.159765E-06 -1.285955E-01  6.159749E-06 -1.382506E-08
  1.352721E+00  2.900000E+02     4  2.885458E-05  3.987159E+01  2.214540E-05  1.849778E-05
  1.352721E+00  2.900000E+02     5  1.063748E-05  4.203584E+01  7.900733E-06  7.122806E-06
  1.352721E+00  2.900000E+02     6  2.435336E-11  8.835080E+01  7.008887E-13  2.434328E-11
  1.352721E+00  3.000000E+02     1  1.770890E-05  4.257327E+01  1.304106E-05  1.198065E-05
  1.352721E+00  3.000000E+02     2  3.077175E-05 -1.377402E+02 -2.277428E-05 -2.069378E-05
  1.352721E+00  3.000000E+02     3  6.123830E-06 -3.437776E-01  6.123720E-06 -3.674307E-08
  1.352721E+00  3.000000E+02     4  2.666383E-05  4.011600E+01  2.039094E-05  1.718050E-05
  1.352721E+00  3.000000E+02     5  1.549465E-05  4.147642E+01  1.160903E-05  1.026229E-05
  1.352721E+00  3.000000E+02     6  2.117497E-11  8.836285E+01  6.049634E-13  2.116632E-11
  1.352721E+00  3.100000E+02     1  2.279190E-05  4.245951E+01  1.681483E-05  1.538610E-05
  1.352721E+00  3.100000E+02     2  2.719000E-05 -1.376556E+02 -2.009639E-05 -1.831478E-05
  1.352721E+00  3.100000E+02     3  6.103103E-06 -5.092970E-01  6.102862E-06 -5.424921E-08
  1.352721E+00  3.100000E+02     4  2.365152E-05  4.047534E+01  1.799137E-05  1.535269E-05
  1.352721E+00  3.100000E+02     5  1.986912E-05  4.094956E+01  1.500689E-05  1.302211E-05
  1.352721E+00  3.100000E+02     6  8.121324E-12  8.785829E+01  3.035039E-13  8.115651E-12
  1.352721E+00  3.200000E+02     1  2.719662E-05  4.236066E+01  2.009608E-05  1.832496E-05
  1.352721E+00  3.200000E+02     2  2.278591E-05 -1.375574E+02 -1.681496E-05 -1.537709E-05
  1.352721E+00  3.200000E+02     3  6.106107E-06 -6.010242E-01  6.105771E-06 -6.405099E-08
  1.352721E+00  3.200000E+02     4  1.990043E-05  4.093230E+01  1.503446E-05  1.303810E-05
  1.352721E+00  3.200000E+02     5  2.363030E-05  4.048128E+01  1.797363E-05  1.534078E-05
  1.352721E+00  3.200000E+02     6  8.740231E-12 -9.045945E+01 -7.008667E-14 -8.739950E-12
  1.352721E+00  3.300000E+02     1  3.077921E-05  4.227784E+01  2.277327E-05  2.070599E-05
  1.352721E+00  3.300000E+02     2  1.770310E-05 -1.374488E+02 -1.304140E-05 -1.197170E-05
  1.352721E+00  3.300000E+02     3  6.131759E-06 -5.943641E-01  6.131429E-06 -6.360733E-08
  1.352721E+00  3.300000E+02     4  1.552103E-05  4.145760E+01  1.163217E-05  1.027594E-05
  1.352721E+00  3.300000E+02     5  2.666671E-05  4.010878E+01  2.039531E-05  1.717979E-05
  1.352721E+00  3.300000E+02     6  2.165836E-11 -9.091191E+01 -3.446970E-13 -2.165562E-11
  1.352721E+00  3.400000E+02     1  3.342152E-05  4.221338E+01  2.475357E-05  2.245570E-05
  1.352721E+00  3.400000E+02     2  1.210289E-05 -1.373236E+02 -8.897973E-06 -8.204031E-06
  1.352721E+00  3.400000E+02     3  6.169995E-06 -4.753516E-01  6.169782E-06 -5.118847E-08
  1.352721E+00  3.400000E+02     4  1.064798E-05  4.204100E+01  7.907894E-06  7.130553E-06
  1.352721E+00  3.400000E+02     5  2.888955E-05  3.985430E+01  2.217783E-05  1.851351E-05
  1.352721E+00  3.400000E+02     6  2.460853E-11 -9.090866E+01 -3.902525E-13 -2.460543E-11
  1.352721E+00  3.500000E+02     1  3.503710E-05  4.216888E+01  2.596842E-05  2.352104E-05
  1.352721E+00  3.500000E+02     2  6.155818E-06 -1.371092E+02 -4.510076E-06 -4.189667E-06
  1.352721E+00  3.500000E+02     3  6.206378E-06 -2.459656E-01  6.206321E-06 -2.664334E-08
  1.352721E+00  3.500000E+02     4  5.436244E-06  4.288476E+01  3.983266E-06  3.699506E-06
  1.352721E+00  3.500000E+02     5  3.023644E-05  3.972268E+01  2.325625E-05  1.932327E-05
  1.352721E+00  3.500000E+02     6  1.606364E-11 -9.063569E+01 -1.782218E-13 -1.606265E-11
  1.322987E+00  0.000000E+00     1  3.272875E-05  4.539590E+01  2.298226E-05  2.330207E-05
  1.322987E+00  0.000000E+00     2  4.453754E-08 -8.645605E+01  2.753054E-09 -4.445237E-08
  1.322987E+00  0.000000E+00     3  5.098570E-06  4.491024E+00  5.082915E-06  3.992329E-07
  1.322987E+00  0.000000E+00     4  1.096651E-07  1.101805E+02 -3.783218E-08  1.029328E-07
  1.322987E+00  0.000000E+00     5  2.680553E-05  4.285797E+01  1.964958E-05  1.823268E-05
  1.322987E+00  0.000000E+00     6  2.087095E-13  2.544846E+01  1.884589E-13  8.968227E-14
  1.322987E+00  1.000000E+01     1  3.221673E-05  4.539519E+01  2.262301E-05  2.293725E-05
  1.322987E+00  1.000000E+01     2  5.603147E-06  4.553334E+01  3.924971E-06  3.998731E-06
  1.322987E+00  1.000000E+01     3  5.102832E-06  4.918216E+00  5.084044E-06  4.374846E-07
  1.322987E+00  1.000000E+01     4  4.688592E-06 -1.361386E+02 -3.380561E-06 -3.248800E-06
  1.322987E+00  1.000000E+01     5  2.639211E-05  4.295220E+01  1.931698E-05  1.798327E-05
  1.322987E+00  1.000000E+01     6  1.791025E-11  8.761340E+01  7.458186E-13  1.789472E-11
  1.322987E+00  2.000000E+01     1  3.071521E-05  4.541685E+01  2.156034E-05  2.187637E-05
  1.322987E+00  2.000000E+01     2  1.107643E-05  4.564856E+01  7.743062E-06  7.920371E-06
  1.322987E+00  2.000000E+01     3  5.093016E-06  5.406076E+00  5.070362E-06  4.798328E-07
  1.322987E+00  2.000000E+01     4  9.253403E-06 -1.357175E+02 -6.624568E-06 -6.460693E-06
  1.322987E+00  2.000000E+01     5  2.519981E-05  4.313595E+01  1.838915E-05  1.722991E-05
  1.322987E+00  2.000000E+01     6  2.724414E-11  8.777023E+01  1.059986E-12  2.722351E-11
  1.322987E+00  3.000000E+01     1  2.827230E-05  4.545865E+01  1.983086E-05  2.015092E-05
  1.322987E+00  3.000000E+01     2  1.623081E-05  4.562796E+01  1.135044E-05  1.160201E-05
  1.322987E+00  3.000000E+01     3  5.080234E-06  5.836775E+00  5.053896E-06  5.166335E-07
  1.322987E+00  3.000000E+01     4  1.350274E-05 -1.358210E+02 -9.683716E-06 -9.410085E-06
  1.322987E+00  3.000000E+01     5  2.325950E-05  4.339954E+01  1.689989E-05  1.598117E-05
  1.322987E+00  3.000000E+01     6  2.385147E-11  8.760787E+01  9.955207E-13  2.383069E-11
  1.322987E+00  4.000000E+01     1  2.496724E-05  4.551566E+01  1.749490E-05  1.781268E-05
  1.322987E+00  4.000000E+01     2  2.090989E-05  4.556965E+01  1.463779E-05  1.493179E-05
  1.322987E+00  4.000000E+01     3  5.076045E-06  6.092304E+00  5.047376E-06  5.387232E-07
  1.322987E+00  4.000000E+01     4  1.731048E-05 -1.360811E+02 -1.246913E-05 -1.200722E-05
  1.322987E+00  4.000000E+01     5  2.061915E-05  4.372584E+01  1.490054E-05  1.425213E-05
  1.322987E+00  4.000000E+01     6  9.515428E-12  8.643955E+01  5.909232E-13  9.497061E-12
  1.322987E+00  5.000000E+01     1  2.090809E-05  4.557843E+01  1.463425E-05  1.493275E-05
  1.322987E+00  5.000000E+01     2  2.496589E-05  4.550338E+01  1.749778E-05  1.780797E-05
  1.322987E+00  5.000000E+01     3  5.086685E-06  6.103642E+00  5.057849E-06  5.408534E-07
  1.322987E+00  5.000000E+01     4  2.057287E-05 -1.363783E+02 -1.489291E-05 -1.419310E-05
  1.322987E+00  5.000000E+01     5  1.734427E-05  4.407909E+01  1.245978E-05  1.206555E-05
  1.322987E+00  5.000000E+01     6  9.090803E-12 -8.974917E+01  3.979710E-14 -9.090716E-12
  1.322987E+00  6.000000E+01     1  1.622660E-05  4.562972E+01  1.134714E-05  1.159935E-05
  1.322987E+00  6.000000E+01     2  2.826747E-05  4.544458E+01  1.983242E-05  2.014261E-05
  1.322987E+00  6.000000E+01     3  5.109980E-06  5.882417E+00  5.083072E-06  5.237079E-07
  1.322987E+00  6.000000E+01     4  2.320623E-05 -1.366512E+02 -1.687531E-05 -1.592963E-05
  1.322987E+00  6.000000E+01     5  1.351909E-05  4.439366E+01  9.660070E-06  9.457746E-06
  1.322987E+00  6.000000E+01     6  2.342060E-11 -9.097831E+01 -3.998794E-13 -2.341719E-11
  1.322987E+00  7.000000E+01     1  1.107069E-05  4.563495E+01  7.740929E-06  7.914429E-06
  1.322987E+00  7.000000E+01     2  3.070710E-05  4.540181E+01  2.156039E-05  2.186493E-05
  1.322987E+00  7.000000E+01     3  5.135927E-06  5.515251E+00  5.112151E-06  4.936175E-07
  1.322987E+00  7.000000E+01     4  2.514519E-05 -1.368712E+02 -1.835142E-05 -1.719029E-05
  1.322987E+00  7.000000E+01     5  9.249021E-06  4.455130E+01  6.591061E-06  6.488629E-06
  1.322987E+00  7.000000E+01     6  2.682429E-11 -9.112467E+01 -5.265067E-13 -2.681912E-11
  1.322987E+00  8.000000E+01     1  5.596770E-06  4.547308E+01  3.924703E-06  3.990055E-06
  1.322987E+00  8.000000E+01     2  3.220614E-05  4.537955E+01  2.262182E-05  2.292354E-05
  1.322987E+00  8.000000E+01     3  5.150751E-06  5.123041E+00  5.130175E-06  4.599355E-07
  1.322987E+00  8.000000E+01     4  2.634209E-05 -1.370279E+02 -1.927413E-05 -1.795588E-05
  1.322987E+00  8.000000E+01     5  4.663147E-06  4.420382E+01  3.342843E-06  3.251206E-06
  1.322987E+00  8.000000E+01     6  1.755285E-11 -9.094525E+01 -2.895694E-13 -1.755046E-11
  1.322987E+00  9.000000E+01     1  5.535169E-08 -8.515707E+01  4.673039E-09 -5.515408E-08
  1.322987E+00  9.000000E+01     2  3.271686E-05  4.537995E+01  2.298040E-05  2.328722E-05
  1.322987E+00  9.000000E+01     3  5.143127E-06  4.807895E+00  5.125030E-06  4.310721E-07
  1.322987E+00  9.000000E+01     4  2.676655E-05 -1.371161E+02 -1.961275E-05 -1.821505E-05
  1.322987E+00  9.000000E+01     5  1.273934E-07 -8.900884E+01  2.203667E-09 -1.273744E-07
  1.322987E+00  9.000000E+01     6  2.201153E-13  3.208696E+01  1.864911E-13  1.169266E-13
  1.322987E+00  1.000000E+02     1  5.669168E-06 -1.336897E+02 -3.915989E-06 -4.099328E-06
  1.322987E+00  1.000000E+02     2  3.222272E-05  4.540389E+01  2.262372E-05  2.294495E-05
  1.322987E+00  1.000000E+02     3  5.110034E-06  4.614965E+00  5.093467E-06  4.111496E-07
  1.322987E+00  1.000000E+02     4  2.640512E-05 -1.371250E+02 -1.935072E-05 -1.796607E-05
  1.322987E+00  1.000000E+02     5  4.841259E-06 -1.337326E+02 -3.346732E-06 -3.498167E-06
  1.322987E+00  1.000000E+02     6  1.775587E-11  8.786517E+01  6.614263E-13  1.774354E-11
  1.322987E+00  1.100000E+02     1  1.114199E-05 -1.339580E+02 -7.733998E-06 -8.020554E-06
  1.322987E+00  1.100000E+02     2  3.073832E-05  4.545147E+01  2.156334E-05  2.190586E-05
  1.322987E+00  1.100000E+02     3  5.059235E-06  4.525579E+00  5.043461E-06  3.991946E-07
  1.322987E+00  1.100000E+02     4  2.526177E-05 -1.370358E+02 -1.848606E-05 -1.721692E-05
  1.322987E+00  1.100000E+02     5  9.427115E-06 -1.345933E+02 -6.618494E-06 -6.713124E-06
  1.322987E+00  1.100000E+02     6  2.692215E-11  8.809687E+01  8.940802E-13  2.690730E-11
  1.322987E+00  1.200000E+02     1  1.629570E-05 -1.341118E+02 -1.134280E-05 -1.170003E-05
  1.322987E+00  1.200000E+02     2  2.830995E-05  4.552198E+01  1.983496E-05  2.019970E-05
  1.322987E+00  1.200000E+02     3  5.006799E-06  4.481346E+00  4.991492E-06  3.912038E-07
  1.322987E+00  1.200000E+02     4  2.335978E-05 -1.368274E+02 -1.703618E-05 -1.598273E-05
  1.322987E+00  1.200000E+02     5  1.369640E-05 -1.352187E+02 -9.721711E-06 -9.647782E-06
  1.322987E+00  1.200000E+02     6  2.339342E-11  8.814195E+01  7.584964E-13  2.338112E-11
  1.322987E+00  1.300000E+02     1  2.097327E-05 -1.342418E+02 -1.463281E-05 -1.502528E-05
  1.322987E+00  1.300000E+02     2  2.501564E-05  4.561349E+01  1.749832E-05  1.787711E-05
  1.322987E+00  1.300000E+02     3  4.970673E-06  4.424351E+00  4.955860E-06  3.834515E-07
  1.322987E+00  1.300000E+02     4  2.074390E-05 -1.364879E+02 -1.504406E-05 -1.428235E-05
  1.322987E+00  1.300000E+02     5  1.751752E-05 -1.357963E+02 -1.255770E-05 -1.221342E-05
  1.322987E+00  1.300000E+02     6  8.969131E-12  8.804732E+01  3.056153E-13  8.963923E-12
  1.322987E+00  1.400000E+02     1  2.502598E-05 -1.343562E+02 -1.749609E-05 -1.789375E-05
  1.322987E+00  1.400000E+02     2  2.096321E-05  4.572243E+01  1.463515E-05  1.500895E-05
  1.322987E+00  1.400000E+02     3  4.963251E-06  4.331678E+00  4.949074E-06  3.748746E-07
  1.322987E+00  1.400000E+02     4  1.748126E-05 -1.360261E+02 -1.258050E-05 -1.213777E-05
  1.322987E+00  1.400000E+02     5  2.078037E-05 -1.363056E+02 -1.502493E-05 -1.435532E-05
  1.322987E+00  1.400000E+02     6  9.647268E-12 -9.153879E+01 -2.590648E-13 -9.643789E-12
  1.322987E+00  1.500000E+02     1  2.832135E-05 -1.344525E+02 -1.983392E-05 -2.021668E-05
  1.322987E+00  1.500000E+02     2  1.628508E-05  4.584493E+01  1.134423E-05  1.168385E-05
  1.322987E+00  1.500000E+02     3  4.986177E-06  4.227506E+00  4.972611E-06  3.675659E-07
  1.322987E+00  1.500000E+02     4  1.366084E-05 -1.354718E+02 -9.738884E-06 -9.579810E-06
  1.322987E+00  1.500000E+02     5  2.339521E-05 -1.367092E+02 -1.702896E-05 -1.604214E-05
  1.322987E+00  1.500000E+02     6  2.393154E-11 -9.160757E+01 -6.713675E-13 -2.392212E-11
  1.322987E+00  1.600000E+02     1  3.075106E-05 -1.345276E+02 -2.156425E-05 -2.192284E-05
  1.322987E+00  1.600000E+02     2  1.113041E-05  4.598529E+01  7.733888E-06  8.004562E-06
  1.322987E+00  1.600000E+02     3  5.029605E-06  4.170490E+00  5.016287E-06  3.657757E-07
  1.322987E+00  1.600000E+02     4  9.393031E-06 -1.348450E+02 -6.623884E-06 -6.659819E-06
  1.322987E+00  1.600000E+02     5  2.529319E-05 -1.369856E+02 -1.849395E-05 -1.725455E-05
  1.322987E+00  1.600000E+02     6  2.722486E-11 -9.154201E+01 -7.326185E-13 -2.721500E-11
  1.322987E+00  1.700000E+02     1  3.223635E-05 -1.345798E+02 -2.262675E-05 -2.296110E-05
  1.322987E+00  1.700000E+02     2  5.656803E-06  4.621498E+01  3.914250E-06  4.083878E-06
  1.322987E+00  1.700000E+02     3  5.076395E-06  4.226222E+00  5.062592E-06  3.741030E-07
  1.322987E+00  1.700000E+02     4  4.810063E-06 -1.339687E+02 -3.339457E-06 -3.461897E-06
  1.322987E+00  1.700000E+02     5  2.642798E-05 -1.371337E+02 -1.937020E-05 -1.797869E-05
  1.322987E+00  1.700000E+02     6  1.779698E-11 -9.129980E+01 -4.037042E-13 -1.779240E-11
  1.322987E+00  1.800000E+02     1  3.273030E-05 -1.346084E+02 -2.298511E-05 -2.330144E-05
  1.322987E+00  1.800000E+02     2  4.159279E-08  1.006421E+02 -7.681071E-09  4.087740E-08
  1.322987E+00  1.800000E+02     3  5.109571E-06  4.436727E+00  5.094260E-06  3.952669E-07
  1.322987E+00  1.800000E+02     4  1.082201E-07 -8.026793E+01  1.829364E-08 -1.066627E-07
  1.322987E+00  1.800000E+02     5  2.677616E-05 -1.371642E+02 -1.963509E-05 -1.820510E-05
  1.322987E+00  1.800000E+02     6  1.835078E-13  1.722470E+01  1.752776E-13  5.434031E-14
  1.322987E+00  1.900000E+02     1  3.221800E-05 -1.346134E+02 -2.262734E-05 -2.293476E-05
  1.322987E+00  1.900000E+02     2  5.608197E-06 -1.344656E+02 -3.928434E-06 -4.002409E-06
  1.322987E+00  1.900000E+02     3  5.119636E-06  4.796233E+00  5.101709E-06  4.280647E-07
  1.322987E+00  1.900000E+02     4  4.682158E-06  4.411856E+01  3.361325E-06  3.259463E-06
  1.322987E+00  1.900000E+02     5  2.633560E-05 -1.370903E+02 -1.928892E-05 -1.793046E-05
  1.322987E+00  1.900000E+02     6  1.788241E-11  8.759871E+01  7.492406E-13  1.786670E-11
  1.322987E+00  2.000000E+02     1  3.071612E-05 -1.345954E+02 -2.156567E-05 -2.187239E-05
  1.322987E+00  2.000000E+02     2  1.108043E-05 -1.343447E+02 -7.744929E-06 -7.924134E-06
  1.322987E+00  2.000000E+02     3  5.108136E-06  5.241419E+00  5.086777E-06  4.666408E-07
  1.322987E+00  2.000000E+02     4  9.257757E-06  4.448247E+01  6.605085E-06  6.486827E-06
  1.322987E+00  2.000000E+02     5  2.512289E-05 -1.369218E+02 -1.835032E-05 -1.715882E-05
  1.322987E+00  2.000000E+02     6  2.722523E-11  8.775558E+01  1.066209E-12  2.720434E-11
  1.322987E+00  2.100000E+02     1  2.827284E-05 -1.345566E+02 -1.983659E-05 -2.014604E-05
  1.322987E+00  2.100000E+02     2  1.623402E-05 -1.343647E+02 -1.135119E-05 -1.160577E-05
  1.322987E+00  2.100000E+02     3  5.085790E-06  5.663562E+00  5.060964E-06  5.019009E-07
  1.322987E+00  2.100000E+02     4  1.351367E-05  4.434897E+01  9.663562E-06  9.446415E-06
  1.322987E+00  2.100000E+02     5  2.317137E-05 -1.366672E+02 -1.685440E-05 -1.590099E-05
  1.322987E+00  2.100000E+02     6  2.384206E-11  8.761116E+01  9.937623E-13  2.382134E-11
  1.322987E+00  2.200000E+02     1  2.496743E-05 -1.345015E+02 -1.750037E-05 -1.780757E-05
  1.322987E+00  2.200000E+02     2  2.091285E-05 -1.344246E+02 -1.463836E-05 -1.493539E-05
  1.322987E+00  2.200000E+02     3  5.066486E-06  5.944059E+00  5.039246E-06  5.246722E-07
  1.322987E+00  2.200000E+02     4  1.732066E-05  4.405484E+01  1.244792E-05  1.204386E-05
  1.322987E+00  2.200000E+02     5  2.053031E-05 -1.363425E+02 -1.485326E-05 -1.417301E-05
  1.322987E+00  2.200000E+02     6  9.515480E-12  8.651082E+01  5.791124E-13  9.497842E-12
  1.322987E+00  2.300000E+02     1  2.090802E-05 -1.344396E+02 -1.463889E-05 -1.492810E-05
  1.322987E+00  2.300000E+02     2  2.496916E-05 -1.344936E+02 -1.749913E-05 -1.781121E-05
  1.322987E+00  2.300000E+02     3  5.060354E-06  6.002204E+00  5.032612E-06  5.291446E-07
  1.322987E+00  2.300000E+02     4  2.057472E-05  4.371858E+01  1.487024E-05  1.421953E-05
  1.322987E+00  2.300000E+02     5  1.726492E-05 -1.359827E+02 -1.241571E-05 -1.199698E-05
  1.322987E+00  2.300000E+02     6  9.080185E-12 -8.984234E+01  2.498578E-14 -9.080150E-12
  1.322987E+00  2.400000E+02     1  1.622640E-05 -1.343877E+02 -1.135054E-05 -1.159575E-05
  1.322987E+00  2.400000E+02     2  2.827139E-05 -1.345555E+02 -1.983522E-05 -2.014536E-05
  1.322987E+00  2.400000E+02     3  5.069112E-06  5.831589E+00  5.042878E-06  5.150460E-07
  1.322987E+00  2.400000E+02     4  2.319484E-05  4.340739E+01  1.685073E-05  1.593906E-05
  1.322987E+00  2.400000E+02     5  1.345774E-05 -1.356524E+02 -9.623795E-06 -9.407093E-06
  1.322987E+00  2.400000E+02     6  2.340121E-11 -9.099556E+01 -4.065957E-13 -2.339767E-11
  1.322987E+00  2.500000E+02     1  1.107053E-05 -1.343798E+02 -7.742859E-06 -7.912325E-06
  1.322987E+00  2.500000E+02     2  3.071169E-05 -1.346010E+02 -2.156469E-05 -2.186715E-05
  1.322987E+00  2.500000E+02     3  5.085509E-06  5.502267E+00  5.062077E-06  4.876248E-07
  1.322987E+00  2.500000E+02     4  2.512010E-05  4.315732E+01  1.832457E-05  1.718224E-05
  1.322987E+00  2.500000E+02     5  9.211683E-06 -1.354643E+02 -6.566216E-06 -6.460644E-06
  1.322987E+00  2.500000E+02     6  2.679678E-11 -9.110538E+01 -5.169447E-13 -2.679180E-11
  1.322987E+00  2.600000E+02     1  5.596801E-06 -1.345321E+02 -3.925087E-06 -3.989721E-06
  1.322987E+00  2.600000E+02     2  3.221112E-05 -1.346250E+02 -2.262713E-05 -2.292530E-05
  1.322987E+00  2.600000E+02     3  5.097078E-06  5.125220E+00  5.076699E-06  4.553358E-07
  1.322987E+00  2.600000E+02     4  2.630709E-05  4.298390E+01  1.924483E-05  1.793599E-05
  1.322987E+00  2.600000E+02     5  4.653163E-06 -1.357259E+02 -3.331703E-06 -3.248335E-06
  1.322987E+00  2.600000E+02     6  1.751855E-11 -9.085814E+01 -2.623713E-13 -1.751659E-11
  1.322987E+00  2.700000E+02     1  5.375017E-08  9.375295E+01 -3.518194E-09  5.363490E-08
  1.322987E+00  2.700000E+02     2  3.272182E-05 -1.346251E+02 -2.298594E-05 -2.328872E-05
  1.322987E+00  2.700000E+02     3  5.092660E-06  4.799906E+00  5.074800E-06  4.261345E-07
  1.322987E+00  2.700000E+02     4  2.672790E-05  4.289403E+01  1.958123E-05  1.819220E-05
  1.322987E+00  2.700000E+02     5  1.046304E-07  9.296752E+01 -5.416702E-09  1.044901E-07
  1.322987E+00  2.700000E+02     6  2.757597E-13  3.446393E+01  2.273590E-13  1.560489E-13
  1.322987E+00  2.800000E+02     1  5.668606E-06  4.626853E+01  3.918591E-06  4.096064E-06
  1.322987E+00  2.800000E+02     2  3.222734E-05 -1.346007E+02 -2.262881E-05 -2.294642E-05
  1.322987E+00  2.800000E+02     3  5.068620E-06  4.574637E+00  5.052472E-06  4.042613E-07
  1.322987E+00  2.800000E+02     4  2.636891E-05  4.289588E+01  1.931765E-05  1.794848E-05
  1.322987E+00  2.800000E+02     5  4.795654E-06  4.601849E+01  3.330228E-06  3.450780E-06
  1.322987E+00  2.800000E+02     6  1.780087E-11  8.770895E+01  7.116013E-13  1.778664E-11
  1.322987E+00  2.900000E+02     1  1.114124E-05  4.601112E+01  7.737802E-06  8.015842E-06
  1.322987E+00  2.900000E+02     2  3.074256E-05 -1.345521E+02 -2.156767E-05 -2.190754E-05
  1.322987E+00  2.900000E+02     3  5.031327E-06  4.438748E+00  5.016236E-06  3.893910E-07
  1.322987E+00  2.900000E+02     4  2.523169E-05  4.300259E+01  1.845251E-05  1.720881E-05
  1.322987E+00  2.900000E+02     5  9.359674E-06  4.523289E+01  6.591333E-06  6.645136E-06
  1.322987E+00  2.900000E+02     6  2.696999E-11  8.797575E+01  9.526457E-13  2.695316E-11
  1.322987E+00  3.000000E+02     1  1.629478E-05  4.586277E+01  1.134735E-05  1.169434E-05
  1.322987E+00  3.000000E+02     2  2.831404E-05 -1.344806E+02 -1.983872E-05 -2.020174E-05
  1.322987E+00  3.000000E+02     3  4.994466E-06  4.346286E+00  4.980104E-06  3.785020E-07
  1.322987E+00  3.000000E+02     4  2.333609E-05  4.322808E+01  1.700344E-05  1.598299E-05
  1.322987E+00  3.000000E+02     5  1.361505E-05  4.463885E+01  9.687783E-06  9.566419E-06
  1.322987E+00  3.000000E+02     6  2.344326E-11  8.797711E+01  8.275179E-13  2.342865E-11
  1.322987E+00  3.100000E+02     1  2.097216E-05  4.573758E+01  1.463743E-05  1.501922E-05
  1.322987E+00  3.100000E+02     2  2.502002E-05 -1.343886E+02 -1.750204E-05 -1.787959E-05
  1.322987E+00  3.100000E+02     3  4.972670E-06  4.254460E+00  4.958967E-06  3.689031E-07
  1.322987E+00  3.100000E+02     4  2.072396E-05  4.357747E+01  1.501333E-05  1.428575E-05
  1.322987E+00  3.100000E+02     5  1.743280E-05  4.408704E+01  1.252170E-05  1.212888E-05
  1.322987E+00  3.100000E+02     6  9.020416E-12  8.754789E+01  3.859327E-13  9.012156E-12
  1.322987E+00  3.200000E+02     1  2.502462E-05  4.562813E+01  1.750003E-05  1.788800E-05
  1.322987E+00  3.200000E+02     2  2.096826E-05 -1.342804E+02 -1.463943E-05 -1.501183E-05
  1.322987E+00  3.200000E+02     3  4.974812E-06  4.153724E+00  4.961745E-06  3.603389E-07
  1.322987E+00  3.200000E+02     4  1.746137E-05  4.403831E+01  1.255255E-05  1.213808E-05
  1.322987E+00  3.200000E+02     5  2.070380E-05  4.360519E+01  1.499182E-05  1.427911E-05
  1.322987E+00  3.200000E+02     6  9.597266E-12 -9.102771E+01 -1.721359E-13 -9.595722E-12
  1.322987E+00  3.300000E+02     1  2.831975E-05  4.553702E+01  1.983652E-05  2.021190E-05
  1.322987E+00  3.300000E+02     2  1.629093E-05 -1.341602E+02 -1.134935E-05 -1.168703E-05
  1.322987E+00  3.300000E+02     3  5.000101E-06  4.074528E+00  4.987463E-06  3.552773E-07
  1.322987E+00  3.300000E+02     4  1.363850E-05  4.458252E+01  9.713889E-06  9.573352E-06
  1.322987E+00  3.300000E+02     5  2.333725E-05  4.323116E+01  1.700343E-05  1.598470E-05
  1.322987E+00  3.300000E+02     6  2.388242E-11 -9.141247E+01 -5.886942E-13 -2.387516E-11
  1.322987E+00  3.400000E+02     1  3.074932E-05  4.546706E+01  2.156509E-05  2.191957E-05
  1.322987E+00  3.400000E+02     2  1.113683E-05 -1.340240E+02 -7.739644E-06 -8.007931E-06
  1.322987E+00  3.400000E+02     3  5.038548E-06  4.072325E+00  5.025827E-06  3.578158E-07
  1.322987E+00  3.400000E+02     4  9.368653E-06  4.520001E+01  6.601473E-06  6.647723E-06
  1.322987E+00  3.400000E+02     5  2.526156E-05  4.298432E+01  1.847985E-05  1.722329E-05
  1.322987E+00  3.400000E+02     6  2.717852E-11 -9.140680E+01 -6.672530E-13 -2.717033E-11
  1.322987E+00  3.500000E+02     1  3.223462E-05  4.541983E+01  2.262569E-05  2.295972E-05
  1.322987E+00  3.500000E+02     2  5.663300E-06 -1.338027E+02 -3.920006E-06 -4.087360E-06
  1.322987E+00  3.500000E+02     3  5.075546E-06  4.201981E+00  5.061903E-06  3.718988E-07
  1.322987E+00  3.500000E+02     4  4.787229E-06  4.610959E+01  3.318896E-06  3.449999E-06
  1.322987E+00  3.500000E+02     5  2.642675E-05  4.286400E+01  1.937002E-05  1.797707E-05
  1.322987E+00  3.500000E+02     6  1.775526E-11 -9.117635E+01 -3.645109E-13 -1.775151E-11
  1.295132E+00  0.000000E+00     1  3.017802E-05  4.882261E+01  1.986898E-05  2.271423E-05
  1.295132E+00  0.000000E+00     2  3.901856E-08 -8.282210E+01  4.875392E-09 -3.871277E-08
  1.295132E+00  0.000000E+00     3  4.175413E-06  8.865319E+00  4.125531E-06  6.434827E-07
  1.295132E+00  0.000000E+00     4  1.009189E-07  1.152897E+02 -4.311216E-08  9.124676E-08
  1.295132E+00  0.000000E+00     5  2.353955E-05  4.619641E+01  1.629380E-05  1.698889E-05
  1.295132E+00  0.000000E+00     6  2.004150E-13  3.364570E+01  1.668414E-13  1.110411E-13
  1.295132E+00  1.000000E+01     1  2.970724E-05  4.882360E+01  1.955864E-05  2.236023E-05
  1.295132E+00  1.000000E+01     2  5.170526E-06  4.902729E+01  3.390311E-06  3.903861E-06
  1.295132E+00  1.000000E+01     3  4.180185E-06  9.378224E+00  4.124313E-06  6.811653E-07
  1.295132E+00  1.000000E+01     4  4.154296E-06 -1.329912E+02 -2.832756E-06 -3.038695E-06
  1.295132E+00  1.000000E+01     5  2.318306E-05  4.629038E+01  1.601958E-05  1.675790E-05
  1.295132E+00  1.000000E+01     6  1.966215E-11  8.717740E+01  9.682365E-13  1.963830E-11
  1.295132E+00  2.000000E+01     1  2.832536E-05  4.884834E+01  1.863963E-05  2.132816E-05
  1.295132E+00  2.000000E+01     2  1.021966E-05  4.912734E+01  6.687541E-06  7.727757E-06
  1.295132E+00  2.000000E+01     3  4.172053E-06  1.004838E+01  4.108057E-06  7.279386E-07
  1.295132E+00  2.000000E+01     4  8.189372E-06 -1.325270E+02 -5.535508E-06 -6.035228E-06
  1.295132E+00  2.000000E+01     5  2.214985E-05  4.645857E+01  1.525857E-05  1.605591E-05
  1.295132E+00  2.000000E+01     6  2.986516E-11  8.729067E+01  1.411701E-12  2.983178E-11
  1.295132E+00  3.000000E+01     1  2.607578E-05  4.889502E+01  1.714328E-05  1.964826E-05
  1.295132E+00  3.000000E+01     2  1.497415E-05  4.909432E+01  9.805311E-06  1.131729E-05
  1.295132E+00  3.000000E+01     3  4.161215E-06  1.067472E+01  4.089204E-06  7.707948E-07
  1.295132E+00  3.000000E+01     4  1.193256E-05 -1.326044E+02 -8.077547E-06 -8.782898E-06
  1.295132E+00  3.000000E+01     5  2.046466E-05  4.669594E+01  1.403610E-05  1.489263E-05
  1.295132E+00  3.000000E+01     6  2.609689E-11  8.714365E+01  1.300464E-12  2.606447E-11
  1.295132E+00  4.000000E+01     1  2.303048E-05  4.895920E+01  1.512173E-05  1.737056E-05
  1.295132E+00  4.000000E+01     2  1.928933E-05  4.902453E+01  1.264871E-05  1.456326E-05
  1.295132E+00  4.000000E+01     3  4.157915E-06  1.104673E+01  4.080874E-06  7.966958E-07
  1.295132E+00  4.000000E+01     4  1.527318E-05 -1.328365E+02 -1.038438E-05 -1.119977E-05
  1.295132E+00  4.000000E+01     5  1.816554E-05  4.699215E+01  1.239069E-05  1.328374E-05
  1.295132E+00  4.000000E+01     6  1.036461E-11  8.615939E+01  6.942339E-13  1.034134E-11
  1.295132E+00  5.000000E+01     1  1.928844E-05  4.903153E+01  1.264634E-05  1.456413E-05
  1.295132E+00  5.000000E+01     2  2.302857E-05  4.894867E+01  1.512367E-05  1.736634E-05
  1.295132E+00  5.000000E+01     3  4.167504E-06  1.103860E+01  4.090399E-06  7.979535E-07
  1.295132E+00  5.000000E+01     4  1.812453E-05 -1.331007E+02 -1.238417E-05 -1.323370E-05
  1.295132E+00  5.000000E+01     5  1.530426E-05  4.731754E+01  1.037529E-05  1.125050E-05
  1.295132E+00  5.000000E+01     6  1.001365E-11 -9.068385E+01 -1.195150E-13 -1.001294E-11
  1.295132E+00  6.000000E+01     1  1.497104E-05  4.909424E+01  9.803286E-06  1.131492E-05
  1.295132E+00  6.000000E+01     2  2.607080E-05  4.888267E+01  1.714424E-05  1.964082E-05
  1.295132E+00  6.000000E+01     3  4.188114E-06  1.067035E+01  4.115697E-06  7.754630E-07
  1.295132E+00  6.000000E+01     4  2.041891E-05 -1.333385E+02 -1.401366E-05 -1.485090E-05
  1.295132E+00  6.000000E+01     5  1.194845E-05  4.760955E+01  8.055396E-06  8.824736E-06
  1.295132E+00  6.000000E+01     6  2.572414E-11 -9.169296E+01 -7.599795E-13 -2.571291E-11
  1.295132E+00  7.000000E+01     1  1.021499E-05  4.911181E+01  6.686581E-06  7.722415E-06
  1.295132E+00  7.000000E+01     2  2.831749E-05  4.883493E+01  1.863944E-05  2.131787E-05
  1.295132E+00  7.000000E+01     3  4.211125E-06  1.009858E+01  4.145884E-06  7.383884E-07
  1.295132E+00  7.000000E+01     4  2.210402E-05 -1.335283E+02 -1.522332E-05 -1.602618E-05
  1.295132E+00  7.000000E+01     5  8.186143E-06  4.774875E+01  5.504223E-06  6.059412E-06
  1.295132E+00  7.000000E+01     6  2.947480E-11 -9.181012E+01 -9.310276E-13 -2.946010E-11
  1.295132E+00  8.000000E+01     1  5.164990E-06  4.896526E+01  3.390901E-06  3.896013E-06
  1.295132E+00  8.000000E+01     2  2.969715E-05  4.880946E+01  1.955751E-05  2.234780E-05
  1.295132E+00  8.000000E+01     3  4.224316E-06  9.541711E+00  4.165873E-06  7.002461E-07
  1.295132E+00  8.000000E+01     4  2.314164E-05 -1.336677E+02 -1.597871E-05 -1.673967E-05
  1.295132E+00  8.000000E+01     5  4.130990E-06  4.737727E+01  2.797374E-06  3.039700E-06
  1.295132E+00  8.000000E+01     6  1.929765E-11 -9.166337E+01 -5.601552E-13 -1.928952E-11
  1.295132E+00  9.000000E+01     1  4.893566E-08 -8.159062E+01  7.156598E-09 -4.840952E-08
  1.295132E+00  9.000000E+01     2  3.016677E-05  4.880795E+01  1.986739E-05  2.270068E-05
  1.295132E+00  9.000000E+01     3  4.217243E-06  9.181128E+00  4.163215E-06  6.728866E-07
  1.295132E+00  9.000000E+01     4  2.350746E-05 -1.337572E+02 -1.625784E-05 -1.697891E-05
  1.295132E+00  9.000000E+01     5  1.148785E-07 -8.522884E+01  9.555160E-09 -1.144804E-07
  1.295132E+00  9.000000E+01     6  2.171118E-13  3.966542E+01  1.671294E-13  1.385832E-13
  1.295132E+00  1.000000E+02     1  5.228818E-06 -1.302336E+02 -3.377321E-06 -3.991772E-06
  1.295132E+00  1.000000E+02     2  2.971157E-05  4.883120E+01  1.955852E-05  2.236608E-05
  1.295132E+00  1.000000E+02     3  4.186829E-06  9.087776E+00  4.134274E-06  6.612987E-07
  1.295132E+00  1.000000E+02     4  2.319105E-05 -1.337869E+02 -1.604769E-05 -1.674206E-05
  1.295132E+00  1.000000E+02     5  4.288547E-06 -1.305092E+02 -2.785714E-06 -3.260587E-06
  1.295132E+00  1.000000E+02     6  1.954408E-11  8.737562E+01  8.948870E-13  1.952358E-11
  1.295132E+00  1.100000E+02     1  1.027769E-05 -1.305018E+02 -6.675062E-06 -7.815009E-06
  1.295132E+00  1.100000E+02     2  2.834473E-05  4.887963E+01  1.864071E-05  2.135292E-05
  1.295132E+00  1.100000E+02     3  4.139996E-06  9.203569E+00  4.086699E-06  6.621621E-07
  1.295132E+00  1.100000E+02     4  2.219623E-05 -1.337329E+02 -1.534419E-05 -1.603835E-05
  1.295132E+00  1.100000E+02     5  8.340021E-06 -1.313873E+02 -5.513964E-06 -6.257168E-06
  1.295132E+00  1.100000E+02     6  2.961023E-11  8.754989E+01  1.265819E-12  2.958317E-11
  1.295132E+00  1.200000E+02     1  1.503157E-05 -1.306633E+02 -9.794772E-06 -1.140222E-05
  1.295132E+00  1.200000E+02     2  2.610803E-05  4.895312E+01  1.714452E-05  1.968996E-05
  1.295132E+00  1.200000E+02     3  4.091450E-06  9.380666E+00  4.036736E-06  6.668778E-07
  1.295132E+00  1.200000E+02     4  2.054219E-05 -1.335646E+02 -1.415711E-05 -1.488482E-05
  1.295132E+00  1.200000E+02     5  1.209695E-05 -1.320159E+02 -8.096936E-06 -8.987535E-06
  1.295132E+00  1.200000E+02     6  2.572752E-11  8.756807E+01  1.091683E-12  2.570434E-11
  1.295132E+00  1.300000E+02     1  1.934533E-05 -1.308023E+02 -1.264121E-05 -1.464382E-05
  1.295132E+00  1.300000E+02     2  2.307241E-05  4.905022E+01  1.512160E-05  1.742623E-05
  1.295132E+00  1.300000E+02     3  4.057701E-06  9.459986E+00  4.002518E-06  6.669187E-07
  1.295132E+00  1.300000E+02     4  1.826473E-05 -1.332602E+02 -1.251705E-05 -1.330127E-05
  1.295132E+00  1.300000E+02     5  1.544506E-05 -1.325863E+02 -1.045166E-05 -1.137157E-05
  1.295132E+00  1.300000E+02     6  9.917960E-12  8.743547E+01  4.437750E-13  9.908027E-12
  1.295132E+00  1.400000E+02     1  2.308156E-05 -1.309240E+02 -1.511974E-05 -1.743995E-05
  1.295132E+00  1.400000E+02     2  1.933662E-05  4.916733E+01  1.264329E-05  1.463052E-05
  1.295132E+00  1.400000E+02     3  4.050287E-06  9.353537E+00  3.996436E-06  6.582764E-07
  1.295132E+00  1.400000E+02     4  1.541699E-05 -1.328207E+02 -1.047904E-05 -1.130811E-05
  1.295132E+00  1.400000E+02     5  1.829345E-05 -1.330767E+02 -1.249401E-05 -1.336226E-05
  1.295132E+00  1.400000E+02     6  1.047452E-11 -9.207621E+01 -3.794784E-13 -1.046765E-11
  1.295132E+00  1.500000E+02     1  2.611828E-05 -1.310249E+02 -1.714370E-05 -1.970426E-05
  1.295132E+00  1.500000E+02     2  1.502255E-05  4.929947E+01  9.796287E-06  1.138902E-05
  1.295132E+00  1.500000E+02     3  4.071018E-06  9.089632E+00  4.019896E-06  6.431368E-07
  1.295132E+00  1.500000E+02     4  1.206992E-05 -1.322726E+02 -8.118935E-06 -8.931180E-06
  1.295132E+00  1.500000E+02     5  2.057031E-05 -1.334512E+02 -1.414696E-05 -1.493322E-05
  1.295132E+00  1.500000E+02     6  2.615116E-11 -9.217464E+01 -9.923179E-13 -2.613233E-11
  1.295132E+00  1.600000E+02     1  2.835628E-05 -1.311021E+02 -1.864148E-05 -2.136759E-05
  1.295132E+00  1.600000E+02     2  1.026792E-05  4.944838E+01  6.675514E-06  7.801778E-06
  1.295132E+00  1.600000E+02     3  4.111062E-06  8.798019E+00  4.062690E-06  6.287938E-07
  1.295132E+00  1.600000E+02     4  8.314492E-06 -1.316352E+02 -5.524032E-06 -6.214166E-06
  1.295132E+00  1.600000E+02     5  2.222085E-05 -1.336938E+02 -1.535026E-05 -1.606660E-05
  1.295132E+00  1.600000E+02     6  2.981416E-11 -9.212003E+01 -1.102916E-12 -2.979375E-11
  1.295132E+00  1.700000E+02     1  2.972397E-05 -1.311542E+02 -1.956099E-05 -2.238039E-05
  1.295132E+00  1.700000E+02     2  5.218395E-06  4.967979E+01  3.376609E-06  3.978714E-06
  1.295132E+00  1.700000E+02     3  4.154546E-06  8.646140E+00  4.107333E-06  6.245593E-07
  1.295132E+00  1.700000E+02     4  4.265376E-06 -1.307207E+02 -2.782615E-06 -3.232722E-06
  1.295132E+00  1.700000E+02     5  2.320789E-05 -1.338112E+02 -1.606645E-05 -1.674740E-05
  1.295132E+00  1.700000E+02     6  1.951189E-11 -9.191224E+01 -6.510859E-13 -1.950102E-11
  1.295132E+00  1.800000E+02     1  3.017901E-05 -1.311813E+02 -1.987118E-05 -2.271362E-05
  1.295132E+00  1.800000E+02     2  3.710350E-08  1.037386E+02 -8.811780E-09  3.604195E-08
  1.295132E+00  1.800000E+02     3  4.185519E-06  8.761261E+00  4.136681E-06  6.375284E-07
  1.295132E+00  1.800000E+02     4  1.023761E-07 -7.740103E+01  2.233086E-08 -9.991100E-08
  1.295132E+00  1.800000E+02     5  2.351245E-05 -1.338222E+02 -1.628055E-05 -1.696404E-05
  1.295132E+00  1.800000E+02     6  1.766096E-13  2.323816E+01  1.622817E-13  6.968200E-14
  1.295132E+00  1.900000E+02     1  2.970798E-05 -1.311835E+02 -1.956191E-05 -2.235836E-05
  1.295132E+00  1.900000E+02     2  5.174764E-06 -1.309737E+02 -3.393158E-06 -3.907002E-06
  1.295132E+00  1.900000E+02     3  4.195082E-06  9.171348E+00  4.141452E-06  6.686437E-07
  1.295132E+00  1.900000E+02     4  4.145436E-06  4.725194E+01  2.813822E-06  3.044183E-06
  1.295132E+00  1.900000E+02     5  2.313275E-05 -1.337448E+02 -1.599507E-05 -1.671173E-05
  1.295132E+00  1.900000E+02     6  1.962758E-11  8.717235E+01  9.682637E-13  1.960369E-11
  1.295132E+00  2.000000E+02     1  2.832583E-05 -1.311615E+02 -1.864361E-05 -2.132531E-05
  1.295132E+00  2.000000E+02     2  1.022342E-05 -1.308666E+02 -6.689183E-06 -7.731314E-06
  1.295132E+00  2.000000E+02     3  4.184818E-06  9.783560E+00  4.123957E-06  7.111125E-07
  1.295132E+00  2.000000E+02     4  8.192887E-06  4.766208E+01  5.517925E-06  6.056064E-06
  1.295132E+00  2.000000E+02     5  2.208227E-05 -1.335886E+02 -1.522518E-05 -1.599440E-05
  1.295132E+00  2.000000E+02     6  2.983854E-11  8.730695E+01  1.401970E-12  2.980559E-11
  1.295132E+00  2.100000E+02     1  2.607598E-05 -1.311169E+02 -1.714751E-05 -1.964484E-05
  1.295132E+00  2.100000E+02     2  1.497757E-05 -1.308986E+02 -9.806159E-06 -1.132108E-05
  1.295132E+00  2.100000E+02     3  4.164763E-06  1.040912E+01  4.096223E-06  7.524717E-07
  1.295132E+00  2.100000E+02     4  1.194385E-05  4.755567E+01  8.060592E-06  8.813769E-06
  1.295132E+00  2.100000E+02     5  2.038788E-05 -1.333575E+02 -1.399727E-05 -1.482370E-05
  1.295132E+00  2.100000E+02     6  2.607848E-11  8.720303E+01  1.272552E-12  2.604742E-11
  1.295132E+00  2.200000E+02     1  2.303047E-05 -1.310541E+02 -1.512574E-05 -1.736705E-05
  1.295132E+00  2.200000E+02     2  1.929272E-05 -1.309700E+02 -1.264955E-05 -1.456702E-05
  1.295132E+00  2.200000E+02     3  4.147542E-06  1.083328E+01  4.073626E-06  7.795379E-07
  1.295132E+00  2.200000E+02     4  1.528421E-05  4.728950E+01  1.036719E-05  1.123069E-05
  1.295132E+00  2.200000E+02     5  1.808868E-05 -1.330609E+02 -1.235050E-05 -1.321611E-05
  1.295132E+00  2.200000E+02     6  1.035366E-11  8.639475E+01  6.510583E-13  1.033317E-11
  1.295132E+00  2.300000E+02     1  1.928831E-05 -1.309821E+02 -1.264973E-05 -1.456101E-05
  1.295132E+00  2.300000E+02     2  2.303229E-05 -1.310488E+02 -1.512534E-05 -1.736982E-05
  1.295132E+00  2.300000E+02     3  4.142156E-06  1.090814E+01  4.067315E-06  7.838404E-07
  1.295132E+00  2.300000E+02     4  1.812699E-05  4.698564E+01  1.236590E-05  1.325414E-05
  1.295132E+00  2.300000E+02     5  1.523608E-05 -1.327279E+02 -1.033795E-05 -1.119218E-05
  1.295132E+00  2.300000E+02     6  1.001457E-11 -9.094217E+01 -1.646720E-13 -1.001321E-11
  1.295132E+00  2.400000E+02     1  1.497092E-05 -1.309188E+02 -9.805786E-06 -1.131261E-05
  1.295132E+00  2.400000E+02     2  2.607506E-05 -1.311179E+02 -1.714725E-05 -1.964384E-05
  1.295132E+00  2.400000E+02     3  4.150123E-06  1.062316E+01  4.078993E-06  7.650693E-07
  1.295132E+00  2.400000E+02     4  2.040760E-05  4.670894E+01  1.399359E-05  1.485428E-05
  1.295132E+00  2.400000E+02     5  1.189603E-05 -1.324213E+02 -8.024783E-06 -8.781710E-06
  1.295132E+00  2.400000E+02     6  2.571873E-11 -9.176166E+01 -7.906456E-13 -2.570658E-11
  1.295132E+00  2.500000E+02     1  1.021507E-05 -1.308990E+02 -6.688087E-06 -7.721214E-06
  1.295132E+00  2.500000E+02     2  2.832226E-05 -1.311683E+02 -1.864377E-05 -2.132041E-05
  1.295132E+00  2.500000E+02     3  4.165007E-06  1.010954E+01  4.100341E-06  7.310866E-07
  1.295132E+00  2.500000E+02     4  2.207868E-05  4.648912E+01  1.520100E-05  1.601242E-05
  1.295132E+00  2.500000E+02     5  8.154313E-06 -1.322570E+02 -5.483427E-06 -6.035300E-06
  1.295132E+00  2.500000E+02     6  2.946320E-11 -9.182118E+01 -9.363469E-13 -2.944832E-11
  1.295132E+00  2.600000E+02     1  5.165386E-06 -1.310383E+02 -3.391400E-06 -3.896103E-06
  1.295132E+00  2.600000E+02     2  2.970216E-05 -1.311953E+02 -1.956265E-05 -2.234996E-05
  1.295132E+00  2.600000E+02     3  4.175485E-06  9.572542E+00  4.117345E-06  6.943673E-07
  1.295132E+00  2.600000E+02     4  2.310665E-05  4.633410E+01  1.595403E-05  1.671484E-05
  1.295132E+00  2.600000E+02     5  4.122352E-06 -1.325626E+02 -2.788338E-06 -3.036274E-06
  1.295132E+00  2.600000E+02     6  1.928055E-11 -9.160340E+01 -5.394866E-13 -1.927300E-11
  1.295132E+00  2.700000E+02     1  4.745676E-08  9.805879E+01 -6.652926E-09  4.698812E-08
  1.295132E+00  2.700000E+02     2  3.017164E-05 -1.311970E+02 -1.987257E-05 -2.270262E-05
  1.295132E+00  2.700000E+02     3  4.171135E-06  9.191485E+00  4.117577E-06  6.662740E-07
  1.295132E+00  2.700000E+02     4  2.346968E-05  4.624514E+01  1.623103E-05  1.695227E-05
  1.295132E+00  2.700000E+02     5  9.749518E-08  9.755546E+01 -1.281924E-08  9.664873E-08
  1.295132E+00  2.700000E+02     6  2.609562E-13  3.770879E+01  2.064502E-13  1.596134E-13
  1.295132E+00  2.800000E+02     1  5.227755E-06  4.973525E+01  3.378805E-06  3.989123E-06
  1.295132E+00  2.800000E+02     2  2.971598E-05 -1.311731E+02 -1.956309E-05 -2.236795E-05
  1.295132E+00  2.800000E+02     3  4.148395E-06  9.042707E+00  4.096837E-06  6.520059E-07
  1.295132E+00  2.800000E+02     4  2.315683E-05  4.622949E+01  1.601924E-05  1.672193E-05
  1.295132E+00  2.800000E+02     5  4.249889E-06  4.930426E+01  2.771106E-06  3.222192E-06
  1.295132E+00  2.800000E+02     6  1.957204E-11  8.723520E+01  9.440795E-13  1.954926E-11
  1.295132E+00  2.900000E+02     1  1.027645E-05  4.947510E+01  6.677417E-06  7.811375E-06
  1.295132E+00  2.900000E+02     2  2.834855E-05 -1.311234E+02 -1.864436E-05 -2.135481E-05
  1.295132E+00  2.900000E+02     3  4.113158E-06  9.079833E+00  4.061618E-06  6.490995E-07
  1.295132E+00  2.900000E+02     4  2.216894E-05  4.630492E+01  1.531476E-05  1.602873E-05
  1.295132E+00  2.900000E+02     5  8.282346E-06  4.847855E+01  5.490370E-06  6.201056E-06
  1.295132E+00  2.900000E+02     6  2.964313E-11  8.744762E+01  1.320087E-12  2.961372E-11
  1.295132E+00  3.000000E+02     1  1.503028E-05  4.931759E+01  9.797720E-06  1.139798E-05
  1.295132E+00  3.000000E+02     2  2.611138E-05 -1.310489E+02 -1.714741E-05 -1.969189E-05
  1.295132E+00  3.000000E+02     3  4.078248E-06  9.174203E+00  4.026079E-06  6.502225E-07
  1.295132E+00  3.000000E+02     4  2.052122E-05  4.649412E+01  1.412740E-05  1.488412E-05
  1.295132E+00  3.000000E+02     5  1.202700E-05  4.787045E+01  8.067823E-06  8.919585E-06
  1.295132E+00  3.000000E+02     6  2.576559E-11  8.744026E+01  1.150717E-12  2.573988E-11
  1.295132E+00  3.100000E+02     1  1.934402E-05  4.918234E+01  1.264429E-05  1.463943E-05
  1.295132E+00  3.100000E+02     2  2.307562E-05 -1.309516E+02 -1.512425E-05 -1.742817E-05
  1.295132E+00  3.100000E+02     3  4.057371E-06  9.192397E+00  4.005264E-06  6.481658E-07
  1.295132E+00  3.100000E+02     4  1.824641E-05  4.681192E+01  1.248776E-05  1.330366E-05
  1.295132E+00  3.100000E+02     5  1.537214E-05  4.731826E+01  1.042117E-05  1.130053E-05
  1.295132E+00  3.100000E+02     6  9.961243E-12  8.707770E+01  5.078400E-13  9.948290E-12
  1.295132E+00  3.200000E+02     1  2.308024E-05  4.906445E+01  1.512240E-05  1.743590E-05
  1.295132E+00  3.200000E+02     2  1.934004E-05 -1.308357E+02 -1.264630E-05 -1.463244E-05
  1.295132E+00  3.200000E+02     3  4.058899E-06  9.070992E+00  4.008138E-06  6.399185E-07
  1.295132E+00  3.200000E+02     4  1.539681E-05  4.725314E+01  1.045075E-05  1.130680E-05
  1.295132E+00  3.200000E+02     5  1.822786E-05  4.684914E+01  1.246642E-05  1.329823E-05
  1.295132E+00  3.200000E+02     6  1.042813E-11 -9.172527E+01 -3.139606E-13 -1.042340E-11
  1.295132E+00  3.300000E+02     1  2.611696E-05  4.896753E+01  1.714544E-05  1.970101E-05
  1.295132E+00  3.300000E+02     2  1.502643E-05 -1.307065E+02 -9.800000E-06 -1.139094E-05
  1.295132E+00  3.300000E+02     3  4.082271E-06  8.850168E+00  4.033667E-06  6.280617E-07
  1.295132E+00  3.300000E+02     4  1.204521E-05  4.779276E+01  8.092146E-06  8.922126E-06
  1.295132E+00  3.300000E+02     5  2.052129E-05  4.649893E+01  1.412620E-05  1.488535E-05
  1.295132E+00  3.300000E+02     6  2.610216E-11 -9.204992E+01 -9.336805E-13 -2.608545E-11
  1.295132E+00  3.400000E+02     1  2.835500E-05  4.889441E+01  1.864196E-05  2.136547E-05
  1.295132E+00  3.400000E+02     2  1.027228E-05 -1.305627E+02 -6.679857E-06 -7.803798E-06
  1.295132E+00  3.400000E+02     3  4.118297E-06  8.652606E+00  4.071425E-06  6.195693E-07
  1.295132E+00  3.400000E+02     4  8.286195E-06  4.842146E+01  5.499101E-06  6.198461E-06
  1.295132E+00  3.400000E+02     5  2.219504E-05  4.628125E+01  1.533941E-05  1.604127E-05
  1.295132E+00  3.400000E+02     6  2.976511E-11 -9.204199E+01 -1.060589E-12 -2.974621E-11
  1.295132E+00  3.500000E+02     1  2.972280E-05  4.884609E+01  1.956009E-05  2.237962E-05
  1.295132E+00  3.500000E+02     2  5.223027E-06 -1.303416E+02 -3.381090E-06 -3.980986E-06
  1.295132E+00  3.500000E+02     3  4.153290E-06  8.624166E+00  4.106329E-06  6.227956E-07
  1.295132E+00  3.500000E+02     4  4.238095E-06  4.936954E+01  2.759753E-06  3.216397E-06
  1.295132E+00  3.500000E+02     5  2.320859E-05  4.618715E+01  1.606742E-05  1.674743E-05
  1.295132E+00  3.500000E+02     6  1.946546E-11 -9.185390E+01 -6.297288E-13 -1.945527E-11
  1.268965E+00  0.000000E+00     1  2.788095E-05  5.242333E+01  1.700243E-05  2.209671E-05
  1.268965E+00  0.000000E+00     2  3.495048E-08 -7.858045E+01  6.919907E-09 -3.425859E-08
  1.268965E+00  0.000000E+00     3  3.440625E-06  1.335166E+01  3.347628E-06  7.945336E-07
  1.268965E+00  0.000000E+00     4  9.452111E-08  1.183780E+02 -4.492467E-08  8.316258E-08
  1.268965E+00  0.000000E+00     5  2.080513E-05  4.975168E+01  1.344222E-05  1.587954E-05
  1.268965E+00  0.000000E+00     6  1.930654E-13  4.057974E+01  1.466334E-13  1.255901E-13
  1.268965E+00  1.000000E+01     1  2.744734E-05  5.242525E+01  1.673728E-05  2.175362E-05
  1.268965E+00  1.000000E+01     2  4.780218E-06  5.266914E+01  2.898805E-06  3.800976E-06
  1.268965E+00  1.000000E+01     3  3.446793E-06  1.397068E+01  3.344835E-06  8.321431E-07
  1.268965E+00  1.000000E+01     4  3.697248E-06 -1.297133E+02 -2.362343E-06 -2.844112E-06
  1.268965E+00  1.000000E+01     5  2.049507E-05  4.984129E+01  1.321742E-05  1.566358E-05
  1.268965E+00  1.000000E+01     6  2.152448E-11  8.659248E+01  1.279358E-12  2.148642E-11
  1.268965E+00  2.000000E+01     1  2.617300E-05  5.245122E+01  1.595078E-05  2.075086E-05
  1.268965E+00  2.000000E+01     2  9.447159E-06  5.276043E+01  5.716940E-06  7.520998E-06
  1.268965E+00  2.000000E+01     3  3.442801E-06  1.487739E+01  3.327390E-06  8.839439E-07
  1.268965E+00  2.000000E+01     4  7.283867E-06 -1.291992E+02 -4.603534E-06 -5.644661E-06
  1.268965E+00  2.000000E+01     5  1.959093E-05  4.998590E+01  1.259650E-05  1.500443E-05
  1.268965E+00  2.000000E+01     6  3.265201E-11  8.667045E+01  1.896390E-12  3.259689E-11
  1.268965E+00  3.000000E+01     1  2.409711E-05  5.250011E+01  1.466935E-05  1.911755E-05
  1.268965E+00  3.000000E+01     2  1.384147E-05  5.271897E+01  8.384122E-06  1.101330E-05
  1.268965E+00  3.000000E+01     3  3.436738E-06  1.575926E+01  3.307556E-06  9.334041E-07
  1.268965E+00  3.000000E+01     4  1.060039E-05 -1.292395E+02 -6.705423E-06 -8.210092E-06
  1.268965E+00  3.000000E+01     5  1.811395E-05  5.018580E+01  1.159837E-05  1.391378E-05
  1.268965E+00  3.000000E+01     6  2.848476E-11  8.654199E+01  1.718117E-12  2.843290E-11
  1.268965E+00  4.000000E+01     1  2.128531E-05  5.256835E+01  1.293752E-05  1.690221E-05
  1.268965E+00  4.000000E+01     2  1.782909E-05  5.264146E+01  1.081871E-05  1.417152E-05
  1.268965E+00  4.000000E+01     3  3.436051E-06  1.628336E+01  3.298220E-06  9.634273E-07
  1.268965E+00  4.000000E+01     4  1.354990E-05 -1.294305E+02 -8.606100E-06 -1.046588E-05
  1.268965E+00  4.000000E+01     5  1.609595E-05  5.043846E+01  1.025162E-05  1.240902E-05
  1.268965E+00  4.000000E+01     6  1.127909E-11  8.575732E+01  8.344383E-13  1.124818E-11
  1.268965E+00  5.000000E+01     1  1.782854E-05  5.264713E+01  1.081697E-05  1.417216E-05
  1.268965E+00  5.000000E+01     2  2.128346E-05  5.255972E+01  1.293894E-05  1.689880E-05
  1.268965E+00  5.000000E+01     3  3.444211E-06  1.624920E+01  3.306628E-06  9.637438E-07
  1.268965E+00  5.000000E+01     4  1.606021E-05 -1.296480E+02 -1.024751E-05 -1.236603E-05
  1.268965E+00  5.000000E+01     5  1.357883E-05  5.072161E+01  8.596607E-06  1.051109E-05
  1.268965E+00  5.000000E+01     6  1.096738E-11 -9.176620E+01 -3.380267E-13 -1.096217E-11
  1.268965E+00  6.000000E+01     1  1.383895E-05  5.271851E+01  8.382688E-06  1.101123E-05
  1.268965E+00  6.000000E+01     2  2.409265E-05  5.248994E+01  1.467003E-05  1.911141E-05
  1.268965E+00  6.000000E+01     3  3.459764E-06  1.568598E+01  3.330916E-06  9.353984E-07
  1.268965E+00  6.000000E+01     4  1.807628E-05 -1.298380E+02 -1.158002E-05 -1.388002E-05
  1.268965E+00  6.000000E+01     5  1.061695E-05  5.097751E+01  6.684702E-06  8.248299E-06
  1.268965E+00  6.000000E+01     6  2.814206E-11 -9.254693E+01 -1.250568E-12 -2.811426E-11
  1.268965E+00  7.000000E+01     1  9.443202E-06  5.274627E+01  5.716403E-06  7.516436E-06
  1.268965E+00  7.000000E+01     2  2.616608E-05  5.244002E+01  1.595062E-05  2.074226E-05
  1.268965E+00  7.000000E+01     3  3.476638E-06  1.483986E+01  3.360676E-06  8.904306E-07
  1.268965E+00  7.000000E+01     4  1.955487E-05 -1.299869E+02 -1.256621E-05 -1.498276E-05
  1.268965E+00  7.000000E+01     5  7.283439E-06  5.108776E+01  4.574942E-06  5.667310E-06
  1.268965E+00  7.000000E+01     6  3.227516E-11 -9.262595E+01 -1.478703E-12 -3.224127E-11
  1.268965E+00  8.000000E+01     1  4.775370E-06  5.261327E+01  2.899565E-06  3.794295E-06
  1.268965E+00  8.000000E+01     2  2.743854E-05  5.241308E+01  1.673653E-05  2.174309E-05
  1.268965E+00  8.000000E+01     3  3.485705E-06  1.405757E+01  3.381315E-06  8.466663E-07
  1.268965E+00  8.000000E+01     4  2.046336E-05 -1.301015E+02 -1.318134E-05 -1.565253E-05
  1.268965E+00  8.000000E+01     5  3.678057E-06  5.068758E+01  2.330228E-06  2.845723E-06
  1.268965E+00  8.000000E+01     6  2.115316E-11 -9.249633E+01 -9.213335E-13 -2.113308E-11
  1.268965E+00  9.000000E+01     1  4.346515E-08 -7.792174E+01  9.094975E-09 -4.250295E-08
  1.268965E+00  9.000000E+01     2  2.787117E-05  5.241014E+01  1.700155E-05  2.208505E-05
  1.268965E+00  9.000000E+01     3  3.478547E-06  1.362811E+01  3.380611E-06  8.196115E-07
  1.268965E+00  9.000000E+01     4  2.078074E-05 -1.301886E+02 -1.340992E-05 -1.587493E-05
  1.268965E+00  9.000000E+01     5  1.048048E-07 -8.192635E+01  1.471941E-08 -1.037660E-07
  1.268965E+00  9.000000E+01     6  2.119192E-13  4.457303E+01  1.509620E-13  1.487286E-13
  1.268965E+00  1.000000E+02     1  4.831898E-06 -1.266181E+02 -2.882122E-06 -3.878222E-06
  1.268965E+00  1.000000E+02     2  2.745074E-05  5.243179E+01  1.673687E-05  2.175823E-05
  1.268965E+00  1.000000E+02     3  3.452393E-06  1.366039E+01  3.354734E-06  8.153395E-07
  1.268965E+00  1.000000E+02     4  2.049862E-05 -1.302395E+02 -1.324179E-05 -1.564764E-05
  1.268965E+00  1.000000E+02     5  3.820439E-06 -1.271506E+02 -2.307208E-06 -3.045085E-06
  1.268965E+00  1.000000E+02     6  2.142094E-11  8.672724E+01  1.222907E-12  2.138601E-11
  1.268965E+00  1.100000E+02     1  9.498392E-06 -1.268852E+02 -5.701070E-06 -7.597187E-06
  1.268965E+00  1.100000E+02     2  2.618920E-05  5.247888E+01  1.595063E-05  2.077141E-05
  1.268965E+00  1.100000E+02     3  3.412795E-06  1.404699E+01  3.310742E-06  8.283451E-07
  1.268965E+00  1.100000E+02     4  1.962178E-05 -1.302254E+02 -1.267166E-05 -1.498143E-05
  1.268965E+00  1.100000E+02     5  7.418623E-06 -1.280325E+02 -4.570676E-06 -5.843363E-06
  1.268965E+00  1.100000E+02     6  3.242839E-11  8.685675E+01  1.778131E-12  3.237960E-11
  1.268965E+00  1.200000E+02     1  1.389180E-05 -1.270525E+02 -8.370460E-06 -1.108682E-05
  1.268965E+00  1.200000E+02     2  2.412442E-05  5.255220E+01  1.466858E-05  1.915257E-05
  1.268965E+00  1.200000E+02     3  3.371785E-06  1.452267E+01  3.264052E-06  8.455194E-07
  1.268965E+00  1.200000E+02     4  1.816821E-05 -1.301057E+02 -1.170395E-05 -1.389609E-05
  1.268965E+00  1.200000E+02     5  1.074221E-05 -1.286496E+02 -6.709116E-06 -8.389454E-06
  1.268965E+00  1.200000E+02     6  2.815945E-11  8.685672E+01  1.544071E-12  2.811708E-11
  1.268965E+00  1.300000E+02     1  1.787777E-05 -1.271977E+02 -1.080830E-05 -1.424062E-05
  1.268965E+00  1.300000E+02     2  2.132116E-05  5.265131E+01  1.293478E-05  1.694943E-05
  1.268965E+00  1.300000E+02     3  3.342802E-06  1.479367E+01  3.231993E-06  8.535474E-07
  1.268965E+00  1.300000E+02     4  1.616883E-05 -1.298473E+02 -1.036007E-05 -1.241371E-05
  1.268965E+00  1.300000E+02     5  1.369251E-05 -1.291977E+02 -8.653644E-06 -1.061128E-05
  1.268965E+00  1.300000E+02     6  1.088457E-11  8.672561E+01  6.217032E-13  1.086680E-11
  1.268965E+00  1.400000E+02     1  2.132917E-05 -1.273238E+02 -1.293229E-05 -1.696141E-05
  1.268965E+00  1.400000E+02     2  1.787013E-05  5.277315E+01  1.081093E-05  1.422903E-05
  1.268965E+00  1.400000E+02     3  3.335383E-06  1.468305E+01  3.226458E-06  8.454257E-07
  1.268965E+00  1.400000E+02     4  1.366685E-05 -1.294423E+02 -8.682563E-06 -1.055442E-05
  1.268965E+00  1.400000E+02     5  1.619532E-05 -1.296557E+02 -1.033541E-05 -1.246867E-05
  1.268965E+00  1.400000E+02     6  1.137698E-11 -9.282703E+01 -5.611243E-13 -1.136314E-11
  1.268965E+00  1.500000E+02     1  2.413337E-05 -1.274267E+02 -1.466696E-05 -1.916507E-05
  1.268965E+00  1.500000E+02     2  1.388389E-05  5.291224E+01  8.372509E-06  1.107536E-05
  1.268965E+00  1.500000E+02     3  3.351545E-06  1.422068E+01  3.248842E-06  8.233316E-07
  1.268965E+00  1.500000E+02     4  1.071859E-05 -1.289126E+02 -6.732707E-06 -8.340187E-06
  1.268965E+00  1.500000E+02     5  1.819342E-05 -1.299898E+02 -1.169204E-05 -1.393904E-05
  1.268965E+00  1.500000E+02     6  2.852086E-11 -9.291454E+01 -1.450182E-12 -2.848397E-11
  1.268965E+00  1.600000E+02     1  2.619923E-05 -1.275037E+02 -1.595042E-05 -2.078422E-05
  1.268965E+00  1.600000E+02     2  9.489852E-06  5.306833E+01  5.702093E-06  7.585739E-06
  1.268965E+00  1.600000E+02     3  3.384668E-06  1.362792E+01  3.289377E-06  7.974811E-07
  1.268965E+00  1.600000E+02     4  7.397914E-06 -1.282752E+02 -4.582558E-06 -5.807692E-06
  1.268965E+00  1.600000E+02     5  1.964234E-05 -1.301903E+02 -1.267575E-05 -1.500490E-05
  1.268965E+00  1.600000E+02     6  3.257554E-11 -9.285906E+01 -1.624843E-12 -3.253499E-11
  1.268965E+00  1.700000E+02     1  2.746142E-05 -1.275545E+02 -1.673815E-05 -2.177071E-05
  1.268965E+00  1.700000E+02     2  4.822826E-06  5.330285E+01  2.882050E-06  3.866968E-06
  1.268965E+00  1.700000E+02     3  3.421765E-06  1.320747E+01  3.331256E-06  7.817974E-07
  1.268965E+00  1.700000E+02     4  3.803320E-06 -1.273286E+02 -2.306278E-06 -3.024289E-06
  1.268965E+00  1.700000E+02     5  2.051047E-05 -1.302723E+02 -1.325840E-05 -1.564911E-05
  1.268965E+00  1.700000E+02     6  2.134283E-11 -9.267473E+01 -9.959805E-13 -2.131958E-11
  1.268965E+00  1.800000E+02     1  2.788161E-05 -1.275797E+02 -1.700401E-05 -2.209633E-05
  1.268965E+00  1.800000E+02     2  3.341537E-08  1.074621E+02 -1.002714E-08  3.187544E-08
  1.268965E+00  1.800000E+02     3  3.449151E-06  1.320105E+01  3.358006E-06  7.876782E-07
  1.268965E+00  1.800000E+02     4  9.857065E-08 -7.527008E+01  2.506287E-08 -9.533114E-08
  1.268965E+00  1.800000E+02     5  2.078067E-05 -1.302632E+02 -1.343054E-05 -1.585740E-05
  1.268965E+00  1.800000E+02     6  1.739856E-13  2.977855E+01  1.510110E-13  8.640977E-14
  1.268965E+00  1.900000E+02     1  2.744768E-05 -1.275801E+02 -1.673952E-05 -2.175232E-05
  1.268965E+00  1.900000E+02     2  4.783755E-06 -1.273318E+02 -2.901014E-06 -3.803738E-06
  1.268965E+00  1.900000E+02     3  3.458968E-06  1.368160E+01  3.360820E-06  8.181361E-07
  1.268965E+00  1.900000E+02     4  3.687012E-06  5.051671E+01  2.344399E-06  2.845673E-06
  1.268965E+00  1.900000E+02     5  2.045066E-05 -1.301858E+02 -1.319615E-05 -1.562341E-05
  1.268965E+00  1.900000E+02     6  2.149209E-11  8.656179E+01  1.288924E-12  2.145340E-11
  1.268965E+00  2.000000E+02     1  2.617302E-05 -1.275561E+02 -1.595345E-05 -2.074885E-05
  1.268965E+00  2.000000E+02     2  9.450361E-06 -1.272338E+02 -5.718115E-06 -7.524127E-06
  1.268965E+00  2.000000E+02     3  3.452410E-06  1.451580E+01  3.342204E-06  8.653361E-07
  1.268965E+00  2.000000E+02     4  7.286632E-06  5.098420E+01  4.587187E-06  5.661512E-06
  1.268965E+00  2.000000E+02     5  1.953183E-05 -1.300494E+02 -1.256772E-05 -1.495141E-05
  1.268965E+00  2.000000E+02     6  3.262723E-11  8.666987E+01  1.895286E-12  3.257214E-11
  1.268965E+00  2.100000E+02     1  2.409687E-05 -1.275086E+02 -1.467212E-05 -1.911513E-05
  1.268965E+00  2.100000E+02     2  1.384442E-05 -1.272742E+02 -8.384593E-06 -1.101665E-05
  1.268965E+00  2.100000E+02     3  3.437651E-06  1.540752E+01  3.314104E-06  9.133245E-07
  1.268965E+00  2.100000E+02     4  1.061159E-05  5.091764E+01  6.689937E-06  8.237146E-06
  1.268965E+00  2.100000E+02     5  1.804727E-05 -1.298528E+02 -1.156500E-05 -1.385478E-05
  1.268965E+00  2.100000E+02     6  2.846812E-11  8.658350E+01  1.696526E-12  2.841752E-11
  1.268965E+00  2.200000E+02     1  2.128489E-05 -1.274411E+02 -1.294007E-05 -1.689975E-05
  1.268965E+00  2.200000E+02     2  1.783201E-05 -1.273531E+02 -1.081914E-05 -1.417486E-05
  1.268965E+00  2.200000E+02     3  3.424559E-06  1.601522E+01  3.291646E-06  9.448107E-07
  1.268965E+00  2.200000E+02     4  1.356112E-05  5.069394E+01  8.590466E-06  1.049324E-05
  1.268965E+00  2.200000E+02     5  1.602969E-05 -1.295973E+02 -1.021712E-05 -1.235157E-05
  1.268965E+00  2.200000E+02     6  1.127015E-11  8.595682E+01  7.946388E-13  1.124210E-11
  1.268965E+00  2.300000E+02     1  1.782807E-05 -1.273624E+02 -1.081904E-05 -1.416999E-05
  1.268965E+00  2.300000E+02     2  2.128660E-05 -1.274376E+02 -1.294006E-05 -1.690189E-05
  1.268965E+00  2.300000E+02     3  3.419934E-06  1.610405E+01  3.285734E-06  9.486302E-07
  1.268965E+00  2.300000E+02     4  1.606270E-05  5.043726E+01  1.023070E-05  1.238318E-05
  1.268965E+00  2.300000E+02     5  1.352050E-05 -1.293050E+02 -8.564533E-06 -1.046197E-05
  1.268965E+00  2.300000E+02     6  1.096672E-11 -9.199875E+01 -3.824947E-13 -1.096005E-11
  1.268965E+00  2.400000E+02     1  1.383858E-05 -1.272903E+02 -8.384149E-06 -1.100965E-05
  1.268965E+00  2.400000E+02     2  2.409616E-05 -1.275104E+02 -1.467227E-05 -1.911411E-05
  1.268965E+00  2.400000E+02     3  3.425105E-06  1.565911E+01  3.297981E-06  9.244815E-07
  1.268965E+00  2.400000E+02     4  1.806458E-05  5.020857E+01  1.156124E-05  1.388045E-05
  1.268965E+00  2.400000E+02     5  1.057236E-05 -1.290340E+02 -6.658277E-06 -8.212322E-06
  1.268965E+00  2.400000E+02     6  2.813480E-11 -9.261274E+01 -1.282530E-12 -2.810555E-11
  1.268965E+00  2.500000E+02     1  9.443090E-06 -1.272607E+02 -5.717244E-06 -7.515655E-06
  1.268965E+00  2.500000E+02     2  2.616994E-05 -1.275627E+02 -1.595396E-05 -2.074456E-05
  1.268965E+00  2.500000E+02     3  3.435547E-06  1.489269E+01  3.320143E-06  8.829683E-07
  1.268965E+00  2.500000E+02     4  1.952891E-05  5.002997E+01  1.254511E-05  1.496658E-05
  1.268965E+00  2.500000E+02     5  7.256286E-06 -1.289006E+02 -4.556740E-06 -5.647106E-06
  1.268965E+00  2.500000E+02     6  3.226186E-11 -9.264149E+01 -1.486832E-12 -3.222758E-11
  1.268965E+00  2.600000E+02     1  4.775633E-06 -1.273882E+02 -2.899823E-06 -3.794429E-06
  1.268965E+00  2.600000E+02     2  2.744256E-05 -1.275909E+02 -1.674051E-05 -2.174510E-05
  1.268965E+00  2.600000E+02     3  3.442589E-06  1.413626E+01  3.338340E-06  8.407793E-07
  1.268965E+00  2.600000E+02     4  2.042811E-05  4.990063E+01  1.315806E-05  1.562605E-05
  1.268965E+00  2.600000E+02     5  3.670243E-06 -1.292441E+02 -2.321890E-06 -2.842448E-06
  1.268965E+00  2.600000E+02     6  2.113495E-11 -9.245436E+01 -9.050736E-13 -2.111556E-11
  1.268965E+00  2.700000E+02     1  4.235056E-08  1.019740E+02 -8.786403E-09  4.142908E-08
  1.268965E+00  2.700000E+02     2  2.787509E-05 -1.275939E+02 -1.700551E-05 -2.208694E-05
  1.268965E+00  2.700000E+02     3  3.437689E-06  1.367801E+01  3.340196E-06  8.128940E-07
  1.268965E+00  2.700000E+02     4  2.074375E-05  4.981531E+01  1.338498E-05  1.584757E-05
  1.268965E+00  2.700000E+02     5  9.117341E-08  1.005842E+02 -1.674673E-08  8.962220E-08
  1.268965E+00  2.700000E+02     6  2.501722E-13  4.266804E+01  1.839498E-13  1.695541E-13
  1.268965E+00  2.800000E+02     1  4.830864E-06  5.335967E+01  2.883010E-06  3.876274E-06
  1.268965E+00  2.800000E+02     2  2.745432E-05 -1.275713E+02 -1.674021E-05 -2.176017E-05
  1.268965E+00  2.800000E+02     3  3.417724E-06  1.363404E+01  3.321416E-06  8.056241E-07
  1.268965E+00  2.800000E+02     4  2.046670E-05  4.977991E+01  1.321587E-05  1.562775E-05
  1.268965E+00  2.800000E+02     5  3.788426E-06  5.270367E+01  2.295550E-06  3.013740E-06
  1.268965E+00  2.800000E+02     6  2.144739E-11  8.662156E+01  1.263909E-12  2.141011E-11
  1.268965E+00  2.900000E+02     1  9.497130E-06  5.309817E+01  5.702512E-06  7.594527E-06
  1.268965E+00  2.900000E+02     2  2.619235E-05 -1.275227E+02 -1.595312E-05 -2.077348E-05
  1.268965E+00  2.900000E+02     3  3.387586E-06  1.391080E+01  3.288232E-06  8.144130E-07
  1.268965E+00  2.900000E+02     4  1.959826E-05  4.981703E+01  1.264540E-05  1.497284E-05
  1.268965E+00  2.900000E+02     5  7.369984E-06  5.186280E+01  4.551309E-06  5.796745E-06
  1.268965E+00  2.900000E+02     6  3.245849E-11  8.678005E+01  1.823165E-12  3.240725E-11
  1.268965E+00  3.000000E+02     1  1.389043E-05  5.293368E+01  8.372305E-06  1.108371E-05
  1.268965E+00  3.000000E+02     2  2.412724E-05 -1.274480E+02 -1.467037E-05 -1.915473E-05
  1.268965E+00  3.000000E+02     3  3.357974E-06  1.426726E+01  3.254403E-06  8.275569E-07
  1.268965E+00  3.000000E+02     4  1.815196E-05  4.995888E+01  1.167783E-05  1.389683E-05
  1.268965E+00  3.000000E+02     5  1.068248E-05  5.126014E+01  6.684944E-06  8.332287E-06
  1.268965E+00  3.000000E+02     6  2.819368E-11  8.675865E+01  1.594129E-12  2.814857E-11
  1.268965E+00  3.100000E+02     1  1.787637E-05  5.279111E+01  1.081025E-05  1.423739E-05
  1.268965E+00  3.100000E+02     2  2.132386E-05 -1.273485E+02 -1.293637E-05 -1.695162E-05
  1.268965E+00  3.100000E+02     3  3.340130E-06  1.444524E+01  3.234536E-06  8.332109E-07
  1.268965E+00  3.100000E+02     4  1.615523E-05  5.023118E+01  1.033436E-05  1.241742E-05
  1.268965E+00  3.100000E+02     5  1.362980E-05  5.072538E+01  8.628183E-06  1.055111E-05
  1.268965E+00  3.100000E+02     6  1.092333E-11  8.644087E+01  6.781059E-13  1.090226E-11
  1.268965E+00  3.200000E+02     1  2.132779E-05  5.266773E+01  1.293395E-05  1.695841E-05
  1.268965E+00  3.200000E+02     2  1.787300E-05 -1.272277E+02 -1.081287E-05 -1.423115E-05
  1.268965E+00  3.200000E+02     3  3.340896E-06  1.430514E+01  3.237307E-06  8.254887E-07
  1.268965E+00  3.200000E+02     4  1.365042E-05  5.063740E+01  8.657448E-06  1.055379E-05
  1.268965E+00  3.200000E+02     5  1.613883E-05  5.028443E+01  1.031234E-05  1.241441E-05
  1.268965E+00  3.200000E+02     6  1.133506E-11 -9.253715E+01 -5.017701E-13 -1.132395E-11
  1.268965E+00  3.300000E+02     1  2.413207E-05  5.256785E+01  1.466799E-05  1.916264E-05
  1.268965E+00  3.300000E+02     2  1.388710E-05 -1.270914E+02 -8.375144E-06 -1.107739E-05
  1.268965E+00  3.300000E+02     3  3.360048E-06  1.389705E+01  3.261696E-06  8.070100E-07
  1.268965E+00  3.300000E+02     4  1.069600E-05  5.115711E+01  6.708393E-06  8.330779E-06
  1.268965E+00  3.300000E+02     5  1.815147E-05  4.997031E+01  1.167475E-05  1.389879E-05
  1.268965E+00  3.300000E+02     6  2.847615E-11 -9.281195E+01 -1.396987E-12 -2.844186E-11
  1.268965E+00  3.400000E+02     1  2.619807E-05  5.249388E+01  1.595059E-05  2.078262E-05
  1.268965E+00  3.400000E+02     2  9.493422E-06 -1.269402E+02 -5.705374E-06 -7.587739E-06
  1.268965E+00  3.400000E+02     3  3.390351E-06  1.343334E+01  3.297594E-06  7.876256E-07
  1.268965E+00  3.400000E+02     4  7.369989E-06  5.178325E+01  4.559356E-06  5.790424E-06
  1.268965E+00  3.400000E+02     5  1.962078E-05  4.979037E+01  1.266690E-05  1.498414E-05
  1.268965E+00  3.400000E+02     6  3.253030E-11 -9.279890E+01 -1.588474E-12 -3.249149E-11
  1.268965E+00  3.500000E+02     1  2.746048E-05  5.244597E+01  1.673742E-05  2.177009E-05
  1.268965E+00  3.500000E+02     2  4.826610E-06 -1.267155E+02 -2.885550E-06 -3.869078E-06
  1.268965E+00  3.500000E+02     3  3.420546E-06  1.318435E+01  3.330385E-06  7.801749E-07
  1.268965E+00  3.500000E+02     4  3.775052E-06  5.275832E+01  2.284580E-06  3.005281E-06
  1.268965E+00  3.500000E+02     5  2.051205E-05  4.972695E+01  1.325962E-05  1.565013E-05
  1.268965E+00  3.500000E+02     6  2.129955E-11 -9.264262E+01 -9.820383E-13 -2.127690E-11
  1.244322E+00  0.000000E+00     1  2.580553E-05  5.617293E+01  1.436563E-05  2.143721E-05
  1.244322E+00  0.000000E+00     2  3.100612E-08 -7.528961E+01  7.873489E-09 -2.998979E-08
  1.244322E+00  0.000000E+00     3  2.829193E-06  1.781805E+01  2.693485E-06  8.657195E-07
  1.244322E+00  0.000000E+00     4  8.620854E-08  1.211638E+02 -4.461169E-08  7.376794E-08
  1.244322E+00  0.000000E+00     5  1.846095E-05  5.348399E+01  1.098514E-05  1.483689E-05
  1.244322E+00  0.000000E+00     6  1.903220E-13  4.518021E+01  1.341541E-13  1.350006E-13
  1.244322E+00  1.000000E+01     1  2.540546E-05  5.617547E+01  1.414199E-05  2.110549E-05
  1.244322E+00  1.000000E+01     2  4.427066E-06  5.644893E+01  2.446751E-06  3.689488E-06
  1.244322E+00  1.000000E+01     3  2.837515E-06  1.858101E+01  2.689607E-06  9.041605E-07
  1.244322E+00  1.000000E+01     4  3.301106E-06 -1.263486E+02 -1.956552E-06 -2.658797E-06
  1.244322E+00  1.000000E+01     5  1.818999E-05  5.356495E+01  1.080324E-05  1.463440E-05
  1.244322E+00  1.000000E+01     6  2.336626E-11  8.581476E+01  1.705297E-12  2.330394E-11
  1.244322E+00  2.000000E+01     1  2.422811E-05  5.620123E+01  1.347756E-05  2.013347E-05
  1.244322E+00  2.000000E+01     2  8.748496E-06  5.652769E+01  4.825092E-06  7.297580E-06
  1.244322E+00  2.000000E+01     3  2.840237E-06  1.980348E+01  2.672266E-06  9.622585E-07
  1.244322E+00  2.000000E+01     4  6.498357E-06 -1.257960E+02 -3.800899E-06 -5.270846E-06
  1.244322E+00  2.000000E+01     5  1.739343E-05  5.367560E+01  1.030311E-05  1.401347E-05
  1.244322E+00  2.000000E+01     6  3.539936E-11  8.586735E+01  2.551081E-12  3.530731E-11
  1.244322E+00  3.000000E+01     1  2.230892E-05  5.624998E+01  1.239418E-05  1.854919E-05
  1.244322E+00  3.000000E+01     2  1.281722E-05  5.647799E+01  7.078402E-06  1.068538E-05
  1.244322E+00  3.000000E+01     3  2.842131E-06  2.102123E+01  2.652981E-06  1.019512E-06
  1.244322E+00  3.000000E+01     4  9.445020E-06 -1.257894E+02 -5.523523E-06 -7.661534E-06
  1.244322E+00  3.000000E+01     5  1.609083E-05  5.382214E+01  9.498321E-06  1.298834E-05
  1.244322E+00  3.000000E+01     6  3.082942E-11  8.575201E+01  2.283643E-12  3.074472E-11
  1.244322E+00  4.000000E+01     1  1.970787E-05  5.631924E+01  1.092930E-05  1.639971E-05
  1.244322E+00  4.000000E+01     2  1.650884E-05  5.639465E+01  9.137135E-06  1.374971E-05
  1.244322E+00  4.000000E+01     3  2.846202E-06  2.174270E+01  2.643714E-06  1.054344E-06
  1.244322E+00  4.000000E+01     4  1.205719E-05 -1.259216E+02 -7.073681E-06 -9.764166E-06
  1.244322E+00  4.000000E+01     5  1.431031E-05  5.401085E+01  8.409200E-06  1.157888E-05
  1.244322E+00  4.000000E+01     6  1.217995E-11  8.513280E+01  1.033428E-12  1.213603E-11
  1.244322E+00  5.000000E+01     1  1.650872E-05  5.640104E+01  9.135536E-06  1.375063E-05
  1.244322E+00  5.000000E+01     2  1.970591E-05  5.630985E+01  1.093090E-05  1.639629E-05
  1.244322E+00  5.000000E+01     3  2.852849E-06  2.167516E+01  2.651132E-06  1.053682E-06
  1.244322E+00  5.000000E+01     4  1.427599E-05 -1.260723E+02 -8.405791E-06 -1.153891E-05
  1.244322E+00  5.000000E+01     5  1.208655E-05  5.422870E+01  7.065208E-06  9.806503E-06
  1.244322E+00  5.000000E+01     6  1.188825E-11 -9.295363E+01 -6.125735E-13 -1.187246E-11
  1.244322E+00  6.000000E+01     1  1.281532E-05  5.647754E+01  7.077435E-06  1.068374E-05
  1.244322E+00  6.000000E+01     2  2.230477E-05  5.623946E+01  1.239528E-05  1.854346E-05
  1.244322E+00  6.000000E+01     3  2.861047E-06  2.085983E+01  2.673518E-06  1.018770E-06
  1.244322E+00  6.000000E+01     4  1.605697E-05 -1.261955E+02 -9.482327E-06 -1.295808E-05
  1.244322E+00  6.000000E+01     5  9.462862E-06  5.442576E+01  5.505089E-06  7.696737E-06
  1.244322E+00  6.000000E+01     6  3.049911E-11 -9.354289E+01 -1.884716E-12 -3.044082E-11
  1.244322E+00  7.000000E+01     1  8.745177E-06  5.651187E+01  4.825275E-06  7.293479E-06
  1.244322E+00  7.000000E+01     2  2.422191E-05  5.619029E+01  1.347795E-05  2.012575E-05
  1.244322E+00  7.000000E+01     3  2.868457E-06  1.965478E+01  2.701330E-06  9.648117E-07
  1.244322E+00  7.000000E+01     4  1.736334E-05 -1.262875E+02 -1.027629E-05 -1.399584E-05
  1.244322E+00  7.000000E+01     5  6.499191E-06  5.448902E+01  3.775114E-06  5.290369E-06
  1.244322E+00  7.000000E+01     6  3.502197E-11 -9.358483E+01 -2.189796E-12 -3.495344E-11
  1.244322E+00  8.000000E+01     1  4.422755E-06  5.638754E+01  2.448316E-06  3.683274E-06
  1.244322E+00  8.000000E+01     2  2.539772E-05  5.616416E+01  1.414184E-05  2.109627E-05
  1.244322E+00  8.000000E+01     3  2.870651E-06  1.857343E+01  2.721137E-06  9.143592E-07
  1.244322E+00  8.000000E+01     4  1.816536E-05 -1.263655E+02 -1.077087E-05 -1.462767E-05
  1.244322E+00  8.000000E+01     5  3.282749E-06  5.405414E+01  1.927041E-06  2.657621E-06
  1.244322E+00  8.000000E+01     6  2.298002E-11 -9.346562E+01 -1.389134E-12 -2.293799E-11
  1.244322E+00  9.000000E+01     1  3.920120E-08 -7.413488E+01  1.071658E-08 -3.770795E-08
  1.244322E+00  9.000000E+01     2  2.579701E-05  5.616108E+01  1.436532E-05  2.142716E-05
  1.244322E+00  9.000000E+01     3  2.862456E-06  1.805022E+01  2.721581E-06  8.869337E-07
  1.244322E+00  9.000000E+01     4  1.844316E-05 -1.264437E+02 -1.095585E-05 -1.483643E-05
  1.244322E+00  9.000000E+01     5  9.741263E-08 -8.028606E+01  1.643635E-08 -9.601598E-08
  1.244322E+00  9.000000E+01     6  2.121705E-13  5.050064E+01  1.349552E-13  1.637175E-13
  1.244322E+00  1.000000E+02     1  4.473540E-06 -1.228665E+02 -2.427713E-06 -3.757495E-06
  1.244322E+00  1.000000E+02     2  2.540793E-05  5.618131E+01  1.414121E-05  2.110898E-05
  1.244322E+00  1.000000E+02     3  2.841865E-06  1.824705E+01  2.698962E-06  8.898304E-07
  1.244322E+00  1.000000E+02     4  1.818949E-05 -1.265154E+02 -1.082344E-05 -1.461885E-05
  1.244322E+00  1.000000E+02     5  3.417393E-06 -1.237622E+02 -1.899209E-06 -2.841053E-06
  1.244322E+00  1.000000E+02     6  2.327733E-11  8.591575E+01  1.657885E-12  2.321821E-11
  1.244322E+00  1.100000E+02     1  8.794286E-06 -1.231345E+02 -4.807008E-06 -7.364247E-06
  1.244322E+00  1.100000E+02     2  2.424137E-05  5.622613E+01  1.347618E-05  2.015035E-05
  1.244322E+00  1.100000E+02     3  2.812672E-06  1.898925E+01  2.659605E-06  9.152176E-07
  1.244322E+00  1.100000E+02     4  1.741056E-05 -1.265469E+02 -1.036766E-05 -1.398712E-05
  1.244322E+00  1.100000E+02     5  6.622081E-06 -1.246222E+02 -3.762422E-06 -5.449416E-06
  1.244322E+00  1.100000E+02     6  3.519769E-11  8.600162E+01  2.454273E-12  3.511202E-11
  1.244322E+00  1.200000E+02     1  1.286170E-05 -1.233064E+02 -7.062574E-06 -1.074911E-05
  1.244322E+00  1.200000E+02     2  2.233174E-05  5.629732E+01  1.239151E-05  1.857841E-05
  1.244322E+00  1.200000E+02     3  2.782988E-06  1.985374E+01  2.617574E-06  9.451590E-07
  1.244322E+00  1.200000E+02     4  1.612491E-05 -1.264885E+02 -9.588861E-06 -1.296405E-05
  1.244322E+00  1.200000E+02     5  9.569821E-06 -1.252017E+02 -5.516592E-06 -7.819762E-06
  1.244322E+00  1.200000E+02     6  3.053032E-11  8.597945E+01  2.140613E-12  3.045518E-11
  1.244322E+00  1.300000E+02     1  1.655127E-05 -1.234555E+02 -9.124547E-06 -1.380895E-05
  1.244322E+00  1.300000E+02     2  1.973831E-05  5.639563E+01  1.092427E-05  1.643963E-05
  1.244322E+00  1.300000E+02     3  2.761437E-06  2.037108E+01  2.588730E-06  9.612531E-07
  1.244322E+00  1.300000E+02     4  1.436092E-05 -1.262954E+02 -8.500935E-06 -1.157455E-05
  1.244322E+00  1.300000E+02     5  1.217648E-05 -1.257010E+02 -7.105645E-06 -9.888195E-06
  1.244322E+00  1.300000E+02     6  1.181295E-11  8.584220E+01  8.564825E-13  1.178186E-11
  1.244322E+00  1.400000E+02     1  1.974524E-05 -1.235832E+02 -1.092203E-05 -1.644942E-05
  1.244322E+00  1.400000E+02     2  1.654464E-05  5.651879E+01  9.127077E-06  1.379934E-05
  1.244322E+00  1.400000E+02     3  2.754242E-06  2.025200E+01  2.583972E-06  9.533805E-07
  1.244322E+00  1.400000E+02     4  1.215440E-05 -1.259503E+02 -7.135648E-06 -9.839312E-06
  1.244322E+00  1.400000E+02     5  1.438312E-05 -1.261020E+02 -8.474890E-06 -1.162112E-05
  1.244322E+00  1.400000E+02     6  1.227425E-11 -9.374007E+01 -8.006521E-13 -1.224811E-11
  1.244322E+00  1.500000E+02     1  2.233946E-05 -1.236850E+02 -1.239005E-05 -1.858865E-05
  1.244322E+00  1.500000E+02     2  1.285482E-05  5.666096E+01  7.064908E-06  1.073934E-05
  1.244322E+00  1.500000E+02     3  2.763574E-06  1.952904E+01  2.604592E-06  9.238203E-07
  1.244322E+00  1.500000E+02     4  9.549275E-06 -1.254687E+02 -5.541049E-06 -7.777238E-06
  1.244322E+00  1.500000E+02     5  1.614509E-05 -1.263757E+02 -9.575290E-06 -1.299914E-05
  1.244322E+00  1.500000E+02     6  3.085789E-11 -9.381893E+01 -2.055243E-12 -3.078937E-11
  1.244322E+00  1.600000E+02     1  2.425000E-05 -1.237591E+02 -1.347578E-05 -2.016099E-05
  1.244322E+00  1.600000E+02     2  8.786846E-06  5.681987E+01  4.808804E-06  7.354187E-06
  1.244322E+00  1.600000E+02     3  2.786241E-06  1.854158E+01  2.641616E-06  8.860043E-07
  1.244322E+00  1.600000E+02     4  6.604127E-06 -1.248645E+02 -3.775163E-06 -5.418730E-06
  1.244322E+00  1.600000E+02     5  1.742559E-05 -1.265196E+02 -1.036992E-05 -1.400414E-05
  1.244322E+00  1.600000E+02     6  3.530837E-11 -9.376217E+01 -2.316759E-12 -3.523228E-11
  1.244322E+00  1.700000E+02     1  2.541711E-05 -1.238067E+02 -1.414188E-05 -2.111957E-05
  1.244322E+00  1.700000E+02     2  4.465636E-06  5.705088E+01  2.428833E-06  3.747356E-06
  1.244322E+00  1.700000E+02     3  2.813816E-06  1.777108E+01  2.679551E-06  8.588178E-07
  1.244322E+00  1.700000E+02     4  3.402800E-06 -1.239300E+02 -1.899371E-06 -2.823373E-06
  1.244322E+00  1.700000E+02     5  1.819597E-05 -1.265583E+02 -1.083826E-05 -1.461593E-05
  1.244322E+00  1.700000E+02     6  2.316400E-11 -9.360600E+01 -1.456900E-12 -2.311814E-11
  1.244322E+00  1.800000E+02     1  2.580598E-05 -1.238294E+02 -1.436676E-05 -2.143700E-05
  1.244322E+00  1.800000E+02     2  2.981493E-08  1.100999E+02 -1.024612E-08  2.799906E-08
  1.244322E+00  1.800000E+02     3  2.836161E-06  1.761330E+01  2.703203E-06  8.581971E-07
  1.244322E+00  1.800000E+02     4  9.265271E-08 -7.410682E+01  2.537246E-08 -8.911096E-08
  1.244322E+00  1.800000E+02     5  1.843896E-05 -1.265278E+02 -1.097510E-05 -1.481697E-05
  1.244322E+00  1.800000E+02     6  1.614377E-13  3.702809E+01  1.288823E-13  9.721886E-14
  1.244322E+00  1.900000E+02     1  2.540561E-05 -1.238285E+02 -1.414351E-05 -2.110465E-05
  1.244322E+00  1.900000E+02     2  4.430004E-06 -1.235517E+02 -2.448415E-06 -3.691910E-06
  1.244322E+00  1.900000E+02     3  2.846956E-06  1.819981E+01  2.704532E-06  8.891950E-07
  1.244322E+00  1.900000E+02     4  3.289772E-06  5.387008E+01  1.939710E-06  2.657090E-06
  1.244322E+00  1.900000E+02     5  1.815099E-05 -1.264557E+02 -1.078533E-05 -1.459915E-05
  1.244322E+00  1.900000E+02     6  2.333256E-11  8.580781E+01  1.705665E-12  2.327014E-11
  1.244322E+00  2.000000E+02     1  2.422799E-05 -1.238040E+02 -1.347932E-05 -2.013215E-05
  1.244322E+00  2.000000E+02     2  8.751316E-06 -1.234665E+02 -4.825907E-06 -7.300421E-06
  1.244322E+00  2.000000E+02     3  2.846665E-06  1.933725E+01  2.686073E-06  9.426104E-07
  1.244322E+00  2.000000E+02     4  6.500948E-06  5.437934E+01  3.786257E-06  5.284560E-06
  1.244322E+00  2.000000E+02     5  1.734204E-05 -1.263506E+02 -1.027906E-05 -1.396737E-05
  1.244322E+00  2.000000E+02     6  3.537045E-11  8.587643E+01  2.543409E-12  3.527889E-11
  1.244322E+00  2.100000E+02     1  2.230859E-05 -1.237561E+02 -1.239596E-05 -1.854759E-05
  1.244322E+00  2.100000E+02     2  1.281993E-05 -1.235152E+02 -7.078631E-06 -1.068848E-05
  1.244322E+00  2.100000E+02     3  2.840436E-06  2.058126E+01  2.659144E-06  9.985140E-07
  1.244322E+00  2.100000E+02     4  9.456829E-06  5.436146E+01  5.510208E-06  7.685650E-06
  1.244322E+00  2.100000E+02     5  1.603330E-05 -1.262054E+02 -9.470573E-06 -1.293735E-05
  1.244322E+00  2.100000E+02     6  3.080542E-11  8.579492E+01  2.258855E-12  3.072250E-11
  1.244322E+00  2.200000E+02     1  1.970740E-05 -1.236872E+02 -1.093088E-05 -1.639810E-05
  1.244322E+00  2.200000E+02     2  1.651153E-05 -1.236000E+02 -9.137341E-06 -1.375281E-05
  1.244322E+00  2.200000E+02     3  2.833740E-06  2.142421E+01  2.637933E-06  1.035081E-06
  1.244322E+00  2.200000E+02     4  1.206931E-05  5.419791E+01  7.060391E-06  9.788720E-06
  1.244322E+00  2.200000E+02     5  1.425361E-05 -1.260126E+02 -8.380590E-06 -1.152957E-05
  1.244322E+00  2.200000E+02     6  1.216080E-11  8.531389E+01  9.934990E-13  1.212015E-11
  1.244322E+00  2.300000E+02     1  1.650824E-05 -1.236052E+02 -9.136769E-06 -1.374924E-05
  1.244322E+00  2.300000E+02     2  1.970872E-05 -1.236875E+02 -1.093168E-05 -1.639914E-05
  1.244322E+00  2.300000E+02     3  2.829940E-06  2.152353E+01  2.632599E-06  1.038257E-06
  1.244322E+00  2.300000E+02     4  1.427908E-05  5.400903E+01  8.391212E-06  1.155334E-05
  1.244322E+00  2.300000E+02     5  1.203707E-05 -1.257849E+02 -7.038611E-06 -9.764686E-06
  1.244322E+00  2.300000E+02     6  1.190044E-11 -9.315502E+01 -6.549716E-13 -1.188240E-11
  1.244322E+00  2.400000E+02     1  1.281496E-05 -1.235280E+02 -7.078265E-06 -1.068276E-05
  1.244322E+00  2.400000E+02     2  2.230778E-05 -1.237607E+02 -1.239702E-05 -1.854592E-05
  1.244322E+00  2.400000E+02     3  2.830119E-06  2.086189E+01  2.644581E-06  1.007852E-06
  1.244322E+00  2.400000E+02     4  1.604531E-05  5.384820E+01  9.465555E-06  1.295590E-05
  1.244322E+00  2.400000E+02     5  9.425320E-06 -1.255732E+02 -5.483106E-06 -7.666302E-06
  1.244322E+00  2.400000E+02     6  3.050548E-11 -9.359674E+01 -1.913720E-12 -3.044539E-11
  1.244322E+00  2.500000E+02     1  8.745090E-06 -1.234922E+02 -4.825746E-06 -7.293063E-06
  1.244322E+00  2.500000E+02     2  2.422513E-05 -1.238122E+02 -1.348062E-05 -2.012783E-05
  1.244322E+00  2.500000E+02     3  2.832832E-06  1.975640E+01  2.666087E-06  9.575590E-07
  1.244322E+00  2.500000E+02     4  1.733706E-05  5.372744E+01  1.025708E-05  1.397734E-05
  1.244322E+00  2.500000E+02     5  6.476306E-06 -1.254892E+02 -3.759819E-06 -5.273168E-06
  1.244322E+00  2.500000E+02     6  3.502191E-11 -9.359493E+01 -2.195952E-12 -3.495300E-11
  1.244322E+00  2.600000E+02     1  4.423032E-06 -1.236128E+02 -2.448492E-06 -3.683490E-06
  1.244322E+00  2.600000E+02     2  2.540102E-05 -1.238395E+02 -1.414502E-05 -2.109811E-05
  1.244322E+00  2.600000E+02     3  2.833686E-06  1.870478E+01  2.684020E-06  9.087405E-07
  1.244322E+00  2.600000E+02     4  1.813002E-05  5.363557E+01  1.074963E-05  1.459941E-05
  1.244322E+00  2.600000E+02     5  3.275829E-06 -1.258768E+02 -1.919782E-06 -2.654335E-06
  1.244322E+00  2.600000E+02     6  2.297363E-11 -9.342927E+01 -1.374198E-12 -2.293249E-11
  1.244322E+00  2.700000E+02     1  3.834183E-08  1.060748E+02 -1.061653E-08  3.684271E-08
  1.244322E+00  2.700000E+02     2  2.580023E-05 -1.238424E+02 -1.436843E-05 -2.142895E-05
  1.244322E+00  2.700000E+02     3  2.827258E-06  1.814293E+01  2.686694E-06  8.803756E-07
  1.244322E+00  2.700000E+02     4  1.840699E-05  5.355993E+01  1.093342E-05  1.480803E-05
  1.244322E+00  2.700000E+02     5  8.676481E-08  1.017549E+02 -1.767613E-08  8.494520E-08
  1.244322E+00  2.700000E+02     6  2.376528E-13  4.729339E+01  1.611867E-13  1.746359E-13
  1.244322E+00  2.800000E+02     1  4.472526E-06  5.711887E+01  2.428126E-06  3.756022E-06
  1.244322E+00  2.800000E+02     2  2.541092E-05 -1.238210E+02 -1.414373E-05 -2.111089E-05
  1.244322E+00  2.800000E+02     3  2.811322E-06  1.824173E+01  2.670037E-06  8.800190E-07
  1.244322E+00  2.800000E+02     4  1.815973E-05  5.350458E+01  1.080066E-05  1.459869E-05
  1.244322E+00  2.800000E+02     5  3.390988E-06  5.612669E+01  1.889996E-06  2.815443E-06
  1.244322E+00  2.800000E+02     6  2.329601E-11  8.585053E+01  1.685669E-12  2.323494E-11
  1.244322E+00  2.900000E+02     1  8.793048E-06  5.685441E+01  4.807760E-06  7.362277E-06
  1.244322E+00  2.900000E+02     2  2.424404E-05 -1.237746E+02 -1.347791E-05 -2.015240E-05
  1.244322E+00  2.900000E+02     3  2.789362E-06  1.884198E+01  2.639888E-06  9.008503E-07
  1.244322E+00  2.900000E+02     4  1.739047E-05  5.349670E+01  1.034505E-05  1.397885E-05
  1.244322E+00  2.900000E+02     5  6.581131E-06  5.529730E+01  3.746758E-06  5.410461E-06
  1.244322E+00  2.900000E+02     6  3.522211E-11  8.596174E+01  2.480430E-12  3.513467E-11
  1.244322E+00  3.000000E+02     1  1.286036E-05  5.668415E+01  7.063602E-06  1.074683E-05
  1.244322E+00  3.000000E+02     2  2.233413E-05 -1.237019E+02 -1.239260E-05 -1.858055E-05
  1.244322E+00  3.000000E+02     3  2.768686E-06  1.954896E+01  2.609087E-06  9.264359E-07
  1.244322E+00  3.000000E+02     4  1.611270E-05  5.357810E+01  9.566540E-06  1.296536E-05
  1.244322E+00  3.000000E+02     5  9.518842E-06  5.472711E+01  5.496859E-06  7.771287E-06
  1.244322E+00  3.000000E+02     6  3.056046E-11  8.593032E+01  2.168862E-12  3.048340E-11
  1.244322E+00  3.100000E+02     1  1.654992E-05  5.653673E+01  9.125665E-06  1.380660E-05
  1.244322E+00  3.100000E+02     2  1.974053E-05 -1.236031E+02 -1.092514E-05 -1.644172E-05
  1.244322E+00  3.100000E+02     3  2.756366E-06  1.993857E+01  2.591146E-06  9.399553E-07
  1.244322E+00  3.100000E+02     4  1.435105E-05  5.378584E+01  8.478673E-06  1.157863E-05
  1.244322E+00  3.100000E+02     5  1.212258E-05  5.423734E+01  7.084788E-06  9.836808E-06
  1.244322E+00  3.100000E+02     6  1.184855E-11  8.568172E+01  8.921591E-13  1.181491E-11
  1.244322E+00  3.200000E+02     1  1.974395E-05  5.641101E+01  1.092298E-05  1.644726E-05
  1.244322E+00  3.200000E+02     2  1.654688E-05 -1.234809E+02 -9.128237E-06 -1.380125E-05
  1.244322E+00  3.200000E+02     3  2.756483E-06  1.977275E+01  2.593965E-06  9.324915E-07
  1.244322E+00  3.200000E+02     4  1.214052E-05  5.413302E+01  7.113194E-06  9.838425E-06
  1.244322E+00  3.200000E+02     5  1.433460E-05  5.384990E+01  8.456020E-06  1.157482E-05
  1.244322E+00  3.200000E+02     6  1.223470E-11 -9.354678E+01 -7.568815E-13 -1.221127E-11
  1.244322E+00  3.300000E+02     1  2.233829E-05  5.631139E+01  1.239058E-05  1.858690E-05
  1.244322E+00  3.300000E+02     2  1.285722E-05 -1.233415E+02 -7.066683E-06 -1.074105E-05
  1.244322E+00  3.300000E+02     3  2.769138E-06  1.911486E+01  2.616459E-06  9.067901E-07
  1.244322E+00  3.300000E+02     4  9.527578E-06  5.460524E+01  5.518437E-06  7.766699E-06
  1.244322E+00  3.300000E+02     5  1.610939E-05  5.359276E+01  9.561255E-06  1.296514E-05
  1.244322E+00  3.300000E+02     6  3.081559E-11 -9.373946E+01 -2.009780E-12 -3.074998E-11
  1.244322E+00  3.400000E+02     1  2.424901E-05  5.623939E+01  1.347576E-05  2.015982E-05
  1.244322E+00  3.400000E+02     2  8.789488E-06 -1.231874E+02 -4.811181E-06 -7.355790E-06
  1.244322E+00  3.400000E+02     3  2.790239E-06  1.829465E+01  2.649205E-06  8.758666E-07
  1.244322E+00  3.400000E+02     4  6.575544E-06  5.519884E+01  3.752862E-06  5.399426E-06
  1.244322E+00  3.400000E+02     5  1.740779E-05  5.346567E+01  1.036293E-05  1.398717E-05
  1.244322E+00  3.400000E+02     6  3.526554E-11 -9.370671E+01 -2.279885E-12 -3.519176E-11
  1.244322E+00  3.500000E+02     1  2.541637E-05  5.619385E+01  1.414128E-05  2.111909E-05
  1.244322E+00  3.500000E+02     2  4.468490E-06 -1.229657E+02 -2.431469E-06 -3.749048E-06
  1.244322E+00  3.500000E+02     3  2.812568E-06  1.774920E+01  2.678690E-06  8.574141E-07
  1.244322E+00  3.500000E+02     4  3.372920E-06  5.616222E+01  1.878188E-06  2.801606E-06
  1.244322E+00  3.500000E+02     5  1.819828E-05  5.344165E+01  1.083964E-05  1.461778E-05
  1.244322E+00  3.500000E+02     6  2.312275E-11 -9.356103E+01 -1.436192E-12 -2.307811E-11
  1.221062E+00  0.000000E+00     1  2.392680E-05  6.005913E+01  1.194201E-05  2.073355E-05
  1.221062E+00  0.000000E+00     2  2.833282E-08 -7.100008E+01  9.224224E-09 -2.678922E-08
  1.221062E+00  0.000000E+00     3  2.321093E-06  2.224921E+01  2.148277E-06  8.788489E-07
  1.221062E+00  0.000000E+00     4  8.107097E-08  1.214975E+02 -4.235647E-08  6.912620E-08
  1.221062E+00  0.000000E+00     5  1.644769E-05  5.736341E+01  8.870383E-06  1.385073E-05
  1.221062E+00  0.000000E+00     6  1.934916E-13  5.333753E+01  1.155338E-13  1.552126E-13
  1.221062E+00  1.000000E+01     1  2.355692E-05  6.006103E+01  1.175672E-05  2.041343E-05
  1.221062E+00  1.000000E+01     2  4.106659E-06  6.034330E+01  2.031984E-06  3.568711E-06
  1.221062E+00  1.000000E+01     3  2.332884E-06  2.317880E+01  2.144576E-06  9.182274E-07
  1.221062E+00  1.000000E+01     4  2.953801E-06 -1.229366E+02 -1.606014E-06 -2.479045E-06
  1.221062E+00  1.000000E+01     5  1.620793E-05  5.743103E+01  8.724963E-06  1.365914E-05
  1.221062E+00  1.000000E+01     6  2.524257E-11  8.488669E+01  2.249760E-12  2.514211E-11
  1.221062E+00  2.000000E+01     1  2.246696E-05  6.008479E+01  1.120468E-05  1.947356E-05
  1.221062E+00  2.000000E+01     2  8.114936E-06  6.041813E+01  4.006074E-06  7.057163E-06
  1.221062E+00  2.000000E+01     3  2.345282E-06  2.479132E+01  2.129143E-06  9.834109E-07
  1.221062E+00  2.000000E+01     4  5.814302E-06 -1.223268E+02 -3.109181E-06 -4.913155E-06
  1.221062E+00  2.000000E+01     5  1.549942E-05  5.750133E+01  8.327529E-06  1.307227E-05
  1.221062E+00  2.000000E+01     6  3.817708E-11  8.489948E+01  3.394070E-12  3.802591E-11
  1.221062E+00  3.000000E+01     1  2.068914E-05  6.013126E+01  1.030350E-05  1.794097E-05
  1.221062E+00  3.000000E+01     2  1.188871E-05  6.036459E+01  5.878719E-06  1.033354E-05
  1.221062E+00  3.000000E+01     3  2.358471E-06  2.642610E+01  2.112032E-06  1.049621E-06
  1.221062E+00  3.000000E+01     4  8.441881E-06 -1.222540E+02 -4.505209E-06 -7.139219E-06
  1.221062E+00  3.000000E+01     5  1.434203E-05  5.758554E+01  7.687898E-06  1.210743E-05
  1.221062E+00  3.000000E+01     6  3.317895E-11  8.477897E+01  3.019219E-12  3.304129E-11
  1.221062E+00  4.000000E+01     1  1.827844E-05  6.019949E+01  9.084053E-06  1.586132E-05
  1.221062E+00  4.000000E+01     2  1.531242E-05  6.027864E+01  7.591628E-06  1.329802E-05
  1.221062E+00  4.000000E+01     3  2.369395E-06  2.739862E+01  2.103612E-06  1.090344E-06
  1.221062E+00  4.000000E+01     4  1.076438E-05 -1.223091E+02 -5.753410E-06 -9.097808E-06
  1.221062E+00  4.000000E+01     5  1.276259E-05  5.769817E+01  6.820062E-06  1.078751E-05
  1.221062E+00  4.000000E+01     6  1.306440E-11  8.426654E+01  1.305144E-12  1.299905E-11
  1.221062E+00  5.000000E+01     1  1.531233E-05  6.028285E+01  7.590607E-06  1.329850E-05
  1.221062E+00  5.000000E+01     2  1.827689E-05  6.019329E+01  9.084995E-06  1.585899E-05
  1.221062E+00  5.000000E+01     3  2.374271E-06  2.730874E+01  2.109652E-06  1.089280E-06
  1.221062E+00  5.000000E+01     4  1.273476E-05 -1.223784E+02 -6.819563E-06 -1.075489E-05
  1.221062E+00  5.000000E+01     5  1.079079E-05  5.783612E+01  5.744399E-06  9.134717E-06
  1.221062E+00  5.000000E+01     6  1.283921E-11 -9.421758E+01 -9.442500E-13 -1.280444E-11
  1.221062E+00  6.000000E+01     1  1.188718E-05  6.036415E+01  5.878040E-06  1.033217E-05
  1.221062E+00  6.000000E+01     2  2.068583E-05  6.012417E+01  1.030407E-05  1.793683E-05
  1.221062E+00  6.000000E+01     3  2.372597E-06  2.620357E+01  2.128767E-06  1.047648E-06
  1.221062E+00  6.000000E+01     4  1.431741E-05 -1.224243E+02 -7.676779E-06 -1.208534E-05
  1.221062E+00  6.000000E+01     5  8.460457E-06  5.796000E+01  4.488367E-06  7.171743E-06
  1.221062E+00  6.000000E+01     6  3.290339E-11 -9.466530E+01 -2.676195E-12 -3.279438E-11
  1.221062E+00  7.000000E+01     1  8.112196E-06  6.040669E+01  4.006129E-06  7.053981E-06
  1.221062E+00  7.000000E+01     2  2.246199E-05  6.007699E+01  1.120485E-05  1.946772E-05
  1.221062E+00  7.000000E+01     3  2.367054E-06  2.456064E+01  2.152887E-06  9.838806E-07
  1.221062E+00  7.000000E+01     4  1.547985E-05 -1.224528E+02 -8.306554E-06 -1.306243E-05
  1.221062E+00  7.000000E+01     5  5.819046E-06  5.796802E+01  3.086378E-06  4.933110E-06
  1.221062E+00  7.000000E+01     6  3.783284E-11 -9.466996E+01 -3.080196E-12 -3.770725E-11
  1.221062E+00  8.000000E+01     1  4.103001E-06  6.029761E+01  2.033016E-06  3.563911E-06
  1.221062E+00  8.000000E+01     2  2.355059E-05  6.005218E+01  1.175672E-05  2.040613E-05
  1.221062E+00  8.000000E+01     3  2.359606E-06  2.309533E+01  2.170492E-06  9.255840E-07
  1.221062E+00  8.000000E+01     4  1.619310E-05 -1.224898E+02 -8.698105E-06 -1.365868E-05
  1.221062E+00  8.000000E+01     5  2.941512E-06  5.751177E+01  1.579964E-06  2.481171E-06
  1.221062E+00  8.000000E+01     6  2.486166E-11 -9.454077E+01 -1.968257E-12 -2.478363E-11
  1.221062E+00  9.000000E+01     1  3.471517E-08 -7.103977E+01  1.127937E-08 -3.283168E-08
  1.221062E+00  9.000000E+01     2  2.391969E-05  6.004870E+01  1.194223E-05  2.072522E-05
  1.221062E+00  9.000000E+01     3  2.349520E-06  2.243748E+01  2.171653E-06  8.967535E-07
  1.221062E+00  9.000000E+01     4  1.643691E-05 -1.225559E+02 -8.845065E-06 -1.385413E-05
  1.221062E+00  9.000000E+01     5  8.776432E-08 -7.856737E+01  1.739626E-08 -8.602294E-08
  1.221062E+00  9.000000E+01     6  2.128748E-13  5.090236E+01  1.342481E-13  1.652062E-13
  1.221062E+00  1.000000E+02     1  4.148554E-06 -1.189982E+02 -2.011146E-06 -3.628469E-06
  1.221062E+00  1.000000E+02     2  2.355868E-05  6.006647E+01  1.175566E-05  2.041607E-05
  1.221062E+00  1.000000E+02     3  2.335888E-06  2.282878E+01  2.152914E-06  9.062747E-07
  1.221062E+00  1.000000E+02     4  1.620466E-05 -1.226463E+02 -8.741621E-06 -1.364459E-05
  1.221062E+00  1.000000E+02     5  3.065480E-06 -1.203515E+02 -1.548996E-06 -2.645331E-06
  1.221062E+00  1.000000E+02     6  2.516670E-11  8.490850E+01  2.233458E-12  2.506740E-11
  1.221062E+00  1.100000E+02     1  8.155870E-06 -1.192588E+02 -3.986221E-06 -7.115354E-06
  1.221062E+00  1.100000E+02     2  2.247756E-05  6.010730E+01  1.120231E-05  1.948715E-05
  1.221062E+00  1.100000E+02     3  2.320254E-06  2.401007E+01  2.119491E-06  9.441046E-07
  1.221062E+00  1.100000E+02     4  1.550475E-05 -1.227242E+02 -8.381795E-06 -1.304388E-05
  1.221062E+00  1.100000E+02     5  5.929823E-06 -1.211499E+02 -3.067368E-06 -5.074845E-06
  1.221062E+00  1.100000E+02     6  3.801808E-11  8.496746E+01  3.335003E-12  3.787153E-11
  1.221062E+00  1.200000E+02     1  1.192791E-05 -1.194310E+02 -5.861069E-06 -1.038859E-05
  1.221062E+00  1.200000E+02     2  2.070779E-05  6.017425E+01  1.029931E-05  1.796488E-05
  1.221062E+00  1.200000E+02     3  2.305510E-06  2.535614E+01  2.083405E-06  9.873195E-07
  1.221062E+00  1.200000E+02     4  1.435818E-05 -1.227317E+02 -7.763558E-06 -1.207827E-05
  1.221062E+00  1.200000E+02     5  8.553233E-06 -1.216615E+02 -4.489592E-06 -7.280203E-06
  1.221062E+00  1.200000E+02     6  3.294810E-11  8.492695E+01  2.913464E-12  3.281903E-11
  1.221062E+00  1.300000E+02     1  1.534915E-05 -1.195808E+02 -7.577119E-06 -1.334855E-05
  1.221062E+00  1.300000E+02     2  1.830386E-05  6.026971E+01  9.077208E-06  1.589451E-05
  1.221062E+00  1.300000E+02     3  2.293746E-06  2.618335E+01  2.058377E-06  1.012104E-06
  1.221062E+00  1.300000E+02     4  1.279330E-05 -1.226140E+02 -6.895291E-06 -1.077606E-05
  1.221062E+00  1.300000E+02     5  1.086452E-05 -1.220869E+02 -5.771287E-06 -9.204892E-06
  1.221062E+00  1.300000E+02     6  1.278422E-11  8.479343E+01  1.160127E-12  1.273148E-11
  1.221062E+00  1.400000E+02     1  1.831034E-05 -1.197076E+02 -9.074133E-06 -1.590373E-05
  1.221062E+00  1.400000E+02     2  1.534301E-05  6.039270E+01  7.580253E-06  1.333970E-05
  1.221062E+00  1.400000E+02     3  2.286632E-06  2.606967E+01  2.053991E-06  1.004892E-06
  1.221062E+00  1.400000E+02     4  1.084081E-05 -1.223438E+02 -5.799811E-06 -9.158890E-06
  1.221062E+00  1.400000E+02     5  1.281827E-05 -1.224130E+02 -6.870822E-06 -1.082127E-05
  1.221062E+00  1.400000E+02     6  1.313115E-11 -9.483570E+01 -1.106939E-12 -1.308441E-11
  1.221062E+00  1.500000E+02     1  2.071490E-05 -1.198067E+02 -1.029686E-05 -1.797448E-05
  1.221062E+00  1.500000E+02     2  1.192171E-05  6.053766E+01  5.863712E-06  1.037999E-05
  1.221062E+00  1.500000E+02     3  2.286557E-06  2.504258E+01  2.071606E-06  9.678808E-07
  1.221062E+00  1.500000E+02     4  8.533757E-06 -1.219290E+02 -4.513234E-06 -7.242633E-06
  1.221062E+00  1.500000E+02     5  1.438040E-05 -1.226156E+02 -7.751044E-06 -1.211268E-05
  1.221062E+00  1.500000E+02     6  3.317111E-11 -9.488753E+01 -2.826183E-12 -3.305049E-11
  1.221062E+00  1.600000E+02     1  2.248528E-05 -1.198772E+02 -1.120088E-05 -1.949688E-05
  1.221062E+00  1.600000E+02     2  8.149409E-06  6.070110E+01  3.988042E-06  7.106926E-06
  1.221062E+00  1.600000E+02     3  2.295117E-06  2.357079E+01  2.103628E-06  9.177752E-07
  1.221062E+00  1.600000E+02     4  5.916239E-06 -1.213769E+02 -3.080382E-06 -5.051053E-06
  1.221062E+00  1.600000E+02     5  1.551972E-05 -1.226985E+02 -8.384044E-06 -1.306023E-05
  1.221062E+00  1.600000E+02     6  3.804338E-11 -9.480897E+01 -3.189325E-12 -3.790946E-11
  1.221062E+00  1.700000E+02     1  2.356661E-05 -1.199214E+02 -1.175530E-05 -2.042542E-05
  1.221062E+00  1.700000E+02     2  4.141885E-06  6.093538E+01  2.012110E-06  3.620308E-06
  1.221062E+00  1.700000E+02     3  2.310231E-06  2.235567E+01  2.136595E-06  8.787077E-07
  1.221062E+00  1.700000E+02     4  3.057867E-06 -1.204707E+02 -1.550637E-06 -2.635541E-06
  1.221062E+00  1.700000E+02     5  1.620865E-05 -1.226937E+02 -8.755055E-06 -1.364072E-05
  1.221062E+00  1.700000E+02     6  2.499514E-11 -9.463669E+01 -2.020536E-12 -2.491334E-11
  1.221062E+00  1.800000E+02     1  2.392716E-05 -1.199422E+02 -1.194268E-05 -2.073358E-05
  1.221062E+00  1.800000E+02     2  2.745657E-08  1.135686E+02 -1.097844E-08  2.516619E-08
  1.221062E+00  1.800000E+02     3  2.326516E-06  2.199980E+01  2.157111E-06  8.715206E-07
  1.221062E+00  1.800000E+02     4  8.976568E-08 -7.449747E+01  2.399265E-08 -8.649989E-08
  1.221062E+00  1.800000E+02     5  1.642849E-05 -1.226437E+02 -8.861750E-06 -1.383346E-05
  1.221062E+00  1.800000E+02     6  1.816966E-13  3.993729E+01  1.393154E-13  1.166399E-13
  1.221062E+00  1.900000E+02     1  2.355692E-05 -1.199412E+02 -1.175751E-05 -2.041297E-05
  1.221062E+00  1.900000E+02     2  4.109019E-06 -1.196561E+02 -2.033117E-06 -3.570781E-06
  1.221062E+00  1.900000E+02     3  2.339509E-06  2.271896E+01  2.157987E-06  9.035449E-07
  1.221062E+00  1.900000E+02     4  2.942114E-06  5.728203E+01  1.590225E-06  2.475322E-06
  1.221062E+00  1.900000E+02     5  1.617415E-05 -1.225805E+02 -8.709511E-06 -1.362892E-05
  1.221062E+00  1.900000E+02     6  2.520707E-11  8.479947E+01  2.284816E-12  2.510331E-11
  1.221062E+00  2.000000E+02     1  2.246665E-05 -1.199181E+02 -1.120549E-05 -1.947274E-05
  1.221062E+00  2.000000E+02     2  8.117355E-06 -1.195753E+02 -4.006453E-06 -7.059730E-06
  1.221062E+00  2.000000E+02     3  2.348444E-06  2.423994E+01  2.141392E-06  9.641743E-07
  1.221062E+00  2.000000E+02     4  5.817439E-06  5.784566E+01  3.096051E-06  4.925146E-06
  1.221062E+00  2.000000E+02     5  1.545515E-05 -1.225121E+02 -8.306807E-06 -1.303299E-05
  1.221062E+00  2.000000E+02     6  3.814486E-11  8.485980E+01  3.417514E-12  3.799146E-11
  1.221062E+00  2.100000E+02     1  2.068861E-05 -1.198719E+02 -1.030422E-05 -1.793995E-05
  1.221062E+00  2.100000E+02     2  1.189116E-05 -1.196278E+02 -5.878554E-06 -1.033646E-05
  1.221062E+00  2.100000E+02     3  2.354195E-06  2.592383E+01  2.117307E-06  1.029197E-06
  1.221062E+00  2.100000E+02     4  8.455086E-06  5.789377E+01  4.493799E-06  7.162001E-06
  1.221062E+00  2.100000E+02     5  1.429279E-05 -1.224266E+02 -7.664057E-06 -1.206425E-05
  1.221062E+00  2.100000E+02     6  3.315231E-11  8.478374E+01  3.014047E-12  3.301501E-11
  1.221062E+00  2.200000E+02     1  1.827782E-05 -1.198036E+02 -9.084594E-06 -1.586029E-05
  1.221062E+00  2.200000E+02     2  1.531488E-05 -1.197150E+02 -7.591383E-06 -1.330100E-05
  1.221062E+00  2.200000E+02     3  2.356190E-06  2.705828E+01  2.098292E-06  1.071823E-06
  1.221062E+00  2.200000E+02     4  1.077824E-05  5.780883E+01  5.742065E-06  9.121360E-06
  1.221062E+00  2.200000E+02     5  1.271452E-05 -1.223081E+02 -6.795543E-06 -1.074614E-05
  1.221062E+00  2.200000E+02     6  1.304492E-11  8.441484E+01  1.269598E-12  1.298299E-11
  1.221062E+00  2.300000E+02     1  1.531173E-05 -1.197197E+02 -7.590914E-06 -1.329764E-05
  1.221062E+00  2.300000E+02     2  1.827936E-05 -1.198029E+02 -9.085176E-06 -1.586173E-05
  1.221062E+00  2.300000E+02     3  2.353159E-06  2.717579E+01  2.093392E-06  1.074740E-06
  1.221062E+00  2.300000E+02     4  1.273933E-05  5.770400E+01  6.806540E-06  1.076854E-05
  1.221062E+00  2.300000E+02     5  1.074935E-05 -1.221594E+02 -5.721618E-06 -9.100084E-06
  1.221062E+00  2.300000E+02     6  1.284903E-11 -9.444661E+01 -9.961873E-13 -1.281035E-11
  1.221062E+00  2.400000E+02     1  1.188674E-05 -1.196376E+02 -5.878148E-06 -1.033160E-05
  1.221062E+00  2.400000E+02     2  2.068830E-05 -1.198748E+02 -1.030499E-05 -1.793915E-05
  1.221062E+00  2.400000E+02     3  2.345982E-06  2.625294E+01  2.103994E-06  1.037709E-06
  1.221062E+00  2.400000E+02     4  1.430659E-05  5.762337E+01  7.660927E-06  1.208258E-05
  1.221062E+00  2.400000E+02     5  8.429345E-06 -1.220207E+02 -4.469460E-06 -7.146872E-06
  1.221062E+00  2.400000E+02     6  3.290492E-11 -9.474845E+01 -2.723909E-12 -3.279198E-11
  1.221062E+00  2.500000E+02     1  8.112035E-06 -1.195940E+02 -4.006140E-06 -7.053790E-06
  1.221062E+00  2.500000E+02     2  2.246444E-05 -1.199242E+02 -1.120648E-05 -1.946961E-05
  1.221062E+00  2.500000E+02     3  2.337564E-06  2.472323E+01  2.123299E-06  9.776518E-07
  1.221062E+00  2.500000E+02     4  1.545389E-05  5.756873E+01  8.287727E-06  1.304363E-05
  1.221062E+00  2.500000E+02     5  5.800085E-06 -1.219937E+02 -3.073035E-06 -4.919090E-06
  1.221062E+00  2.500000E+02     6  3.782731E-11 -9.471421E+01 -3.108861E-12 -3.769934E-11
  1.221062E+00  2.600000E+02     1  4.103200E-06 -1.197010E+02 -2.033026E-06 -3.564135E-06
  1.221062E+00  2.600000E+02     2  2.355303E-05 -1.199501E+02 -1.175875E-05 -2.040776E-05
  1.221062E+00  2.600000E+02     3  2.329496E-06  2.328861E+01  2.139701E-06  9.209964E-07
  1.221062E+00  2.600000E+02     4  1.615810E-05  5.751935E+01  8.677141E-06  1.363054E-05
  1.221062E+00  2.600000E+02     5  2.935439E-06 -1.224100E+02 -1.573321E-06 -2.478198E-06
  1.221062E+00  2.600000E+02     6  2.485172E-11 -9.455978E+01 -1.975691E-12 -2.477306E-11
  1.221062E+00  2.700000E+02     1  3.410436E-08  1.093782E+02 -1.131592E-08  3.217230E-08
  1.221062E+00  2.700000E+02     2  2.392208E-05 -1.199534E+02 -1.194418E-05 -2.072685E-05
  1.221062E+00  2.700000E+02     3  2.320672E-06  2.258336E+01  2.142727E-06  8.912011E-07
  1.221062E+00  2.700000E+02     4  1.640185E-05  5.745586E+01  8.823362E-06  1.382639E-05
  1.221062E+00  2.700000E+02     5  7.960187E-08  1.030225E+02 -1.793702E-08  7.755464E-08
  1.221062E+00  2.700000E+02     6  2.254144E-13  5.139566E+01  1.406448E-13  1.761553E-13
  1.221062E+00  2.800000E+02     1  4.147591E-06  6.099450E+01  2.011140E-06  3.627372E-06
  1.221062E+00  2.800000E+02     2  2.356101E-05 -1.199344E+02 -1.175713E-05 -2.041791E-05
  1.221062E+00  2.800000E+02     3  2.310080E-06  2.285952E+01  2.128646E-06  8.974034E-07
  1.221062E+00  2.800000E+02     4  1.617730E-05  5.738047E+01  8.720504E-06  1.362564E-05
  1.221062E+00  2.800000E+02     5  3.044021E-06  5.957410E+01  1.541564E-06  2.624813E-06
  1.221062E+00  2.800000E+02     6  2.517776E-11  8.488212E+01  2.245985E-12  2.507738E-11
  1.221062E+00  2.900000E+02     1  8.154618E-06  6.073544E+01  3.986328E-06  7.113859E-06
  1.221062E+00  2.900000E+02     2  2.247981E-05 -1.198919E+02 -1.120314E-05 -1.948926E-05
  1.221062E+00  2.900000E+02     3  2.299283E-06  2.387338E+01  2.102561E-06  9.305583E-07
  1.221062E+00  2.900000E+02     4  1.548844E-05  5.732420E+01  8.361974E-06  1.303722E-05
  1.221062E+00  2.900000E+02     5  5.895489E-06  5.879806E+01  3.054193E-06  5.042687E-06
  1.221062E+00  2.900000E+02     6  3.802836E-11  8.494174E+01  3.352909E-12  3.788026E-11
  1.221062E+00  3.000000E+02     1  1.192647E-05  6.056379E+01  5.861316E-06  1.038681E-05
  1.221062E+00  3.000000E+02     2  2.070996E-05 -1.198234E+02 -1.029966E-05 -1.796717E-05
  1.221062E+00  3.000000E+02     3  2.290913E-06  2.502930E+01  2.075777E-06  9.692435E-07
  1.221062E+00  3.000000E+02     4  1.435068E-05  5.733749E+01  7.744913E-06  1.208132E-05
  1.221062E+00  3.000000E+02     5  8.509525E-06  5.829104E+01  4.472646E-06  7.239299E-06
  1.221062E+00  3.000000E+02     6  3.295896E-11  8.487817E+01  2.942369E-12  3.282736E-11
  1.221062E+00  3.100000E+02     1  1.534765E-05  6.041466E+01  7.577434E-06  1.334665E-05
  1.221062E+00  3.100000E+02     2  1.830595E-05 -1.197274E+02 -9.077458E-06 -1.589678E-05
  1.221062E+00  3.100000E+02     3  2.286198E-06  2.569486E+01  2.060130E-06  9.912456E-07
  1.221062E+00  3.100000E+02     4  1.278818E-05  5.746823E+01  6.877064E-06  1.078163E-05
  1.221062E+00  3.100000E+02     5  1.081765E-05  5.787089E+01  5.753138E-06  9.160945E-06
  1.221062E+00  3.100000E+02     6  1.279806E-11  8.459868E+01  1.204697E-12  1.274124E-11
  1.221062E+00  3.200000E+02     1  1.830888E-05  6.028889E+01  9.074378E-06  1.590192E-05
  1.221062E+00  3.200000E+02     2  1.534507E-05 -1.196054E+02 -7.580833E-06 -1.334174E-05
  1.221062E+00  3.200000E+02     3  2.285300E-06  2.551086E+01  2.062491E-06  9.842378E-07
  1.221062E+00  3.200000E+02     4  1.083078E-05  5.773970E+01  5.781105E-06  9.158850E-06
  1.221062E+00  3.200000E+02     5  1.277580E-05  5.755409E+01  6.854257E-06  1.078148E-05
  1.221062E+00  3.200000E+02     6  1.311291E-11 -9.459532E+01 -1.050573E-12 -1.307076E-11
  1.221062E+00  3.300000E+02     1  2.071360E-05  6.019111E+01  1.029691E-05  1.797295E-05
  1.221062E+00  3.300000E+02     2  1.192378E-05 -1.194632E+02 -5.864885E-06 -1.038169E-05
  1.221062E+00  3.300000E+02     3  2.288800E-06  2.454865E+01  2.081912E-06  9.509179E-07
  1.221062E+00  3.300000E+02     4  8.514387E-06  5.814560E+01  4.493575E-06  7.232052E-06
  1.221062E+00  3.300000E+02     5  1.434917E-05  5.736337E+01  7.738642E-06  1.208355E-05
  1.221062E+00  3.300000E+02     6  3.314674E-11 -9.479685E+01 -2.771833E-12 -3.303064E-11
  1.221062E+00  3.400000E+02     1  2.248423E-05  6.012193E+01  1.120065E-05  1.949579E-05
  1.221062E+00  3.400000E+02     2  8.151514E-06 -1.193046E+02 -3.989777E-06 -7.108365E-06
  1.221062E+00  3.400000E+02     3  2.297118E-06  2.327212E+01  2.110221E-06  9.075880E-07
  1.221062E+00  3.400000E+02     4  5.888363E-06  5.868932E+01  3.060055E-06  5.030794E-06
  1.221062E+00  3.400000E+02     5  1.550430E-05  5.729228E+01  8.377803E-06  1.304590E-05
  1.221062E+00  3.400000E+02     6  3.801325E-11 -9.476009E+01 -3.154481E-12 -3.788214E-11
  1.221062E+00  3.500000E+02     1  2.356589E-05  6.007890E+01  1.175483E-05  2.042486E-05
  1.221062E+00  3.500000E+02     2  4.144063E-06 -1.190792E+02 -2.014088E-06 -3.621699E-06
  1.221062E+00  3.500000E+02     3  2.308791E-06  2.232929E+01  2.135668E-06  8.771770E-07
  1.221062E+00  3.500000E+02     4  3.027536E-06  5.963046E+01  1.530647E-06  2.612105E-06
  1.221062E+00  3.500000E+02     5  1.621081E-05  5.730669E+01  8.756141E-06  1.364260E-05
  1.221062E+00  3.500000E+02     6  2.496069E-11 -9.463344E+01 -2.016343E-12 -2.487911E-11
  1.199059E+00  0.000000E+00     1  2.222180E-05  6.407350E+01  9.715768E-06  1.998530E-05
  1.199059E+00  0.000000E+00     2  2.569564E-08 -6.766795E+01  9.763664E-09 -2.376840E-08
  1.199059E+00  0.000000E+00     3  1.897568E-06  2.676681E+01  1.694238E-06  8.545896E-07
  1.199059E+00  0.000000E+00     4  7.376501E-08  1.219510E+02 -3.903599E-08  6.258968E-08
  1.199059E+00  0.000000E+00     5  1.471317E-05  6.138687E+01  7.046033E-06  1.291630E-05
  1.199059E+00  0.000000E+00     6  1.942731E-13  5.724264E+01  1.051178E-13  1.633778E-13
  1.199059E+00  1.000000E+01     1  2.187903E-05  6.407440E+01  9.565592E-06  1.967718E-05
  1.199059E+00  1.000000E+01     2  3.814595E-06  6.435633E+01  1.650854E-06  3.438869E-06
  1.199059E+00  1.000000E+01     3  1.913640E-06  2.788982E+01  1.691368E-06  8.951484E-07
  1.199059E+00  1.000000E+01     4  2.649748E-06 -1.193966E+02 -1.300634E-06 -2.308574E-06
  1.199059E+00  1.000000E+01     5  1.449856E-05  6.144188E+01  6.931035E-06  1.273456E-05
  1.199059E+00  1.000000E+01     6  2.707555E-11  8.373652E+01  2.953963E-12  2.691393E-11
  1.199059E+00  2.000000E+01     1  2.086780E-05  6.409509E+01  9.116698E-06  1.877101E-05
  1.199059E+00  2.000000E+01     2  7.537824E-06  6.442467E+01  3.254059E-06  6.799257E-06
  1.199059E+00  2.000000E+01     3  1.938319E-06  2.993363E+01  1.679755E-06  9.672145E-07
  1.199059E+00  2.000000E+01     4  5.214280E-06 -1.187460E+02 -2.507692E-06 -4.571673E-06
  1.199059E+00  2.000000E+01     5  1.386187E-05  6.147407E+01  6.619826E-06  1.217906E-05
  1.199059E+00  2.000000E+01     6  4.088511E-11  8.371559E+01  4.475442E-12  4.063942E-11
  1.199059E+00  3.000000E+01     1  1.921751E-05  6.413759E+01  8.382899E-06  1.729276E-05
  1.199059E+00  3.000000E+01     2  1.104342E-05  6.436818E+01  4.777235E-06  9.956666E-06
  1.199059E+00  3.000000E+01     3  1.965993E-06  3.200647E+01  1.667139E-06  1.042006E-06
  1.199059E+00  3.000000E+01     4  7.562502E-06 -1.186001E+02 -3.620120E-06 -6.639741E-06
  1.199059E+00  3.000000E+01     5  1.282468E-05  6.149673E+01  6.120050E-06  1.127019E-05
  1.199059E+00  3.000000E+01     6  3.546414E-11  8.358316E+01  3.963511E-12  3.524196E-11
  1.199059E+00  4.000000E+01     1  1.697889E-05  6.420247E+01  7.389082E-06  1.528673E-05
  1.199059E+00  4.000000E+01     2  1.422394E-05  6.428162E+01  6.172450E-06  1.281488E-05
  1.199059E+00  4.000000E+01     3  1.986071E-06  3.323113E+01  1.661282E-06  1.088402E-06
  1.199059E+00  4.000000E+01     4  9.633467E-06 -1.185672E+02 -4.606618E-06 -8.460660E-06
  1.199059E+00  4.000000E+01     5  1.141450E-05  6.152911E+01  5.441432E-06  1.003402E-05
  1.199059E+00  4.000000E+01     6  1.394118E-11  8.315214E+01  1.662253E-12  1.384173E-11
  1.199059E+00  5.000000E+01     1  1.422388E-05  6.428459E+01  6.171762E-06  1.281515E-05
  1.199059E+00  5.000000E+01     2  1.697769E-05  6.419803E+01  7.389743E-06  1.528508E-05
  1.199059E+00  5.000000E+01     3  1.989586E-06  3.311975E+01  1.666339E-06  1.087091E-06
  1.199059E+00  5.000000E+01     4  1.139091E-05 -1.185472E+02 -5.443515E-06 -1.000605E-05
  1.199059E+00  5.000000E+01     5  9.658160E-06  6.157610E+01  4.597197E-06  8.493870E-06
  1.199059E+00  5.000000E+01     6  1.371847E-11 -9.564835E+01 -1.350208E-12 -1.365187E-11
  1.199059E+00  6.000000E+01     1  1.104224E-05  6.436768E+01  4.776811E-06  9.955555E-06
  1.199059E+00  6.000000E+01     2  1.921494E-05  6.413235E+01  8.383359E-06  1.728968E-05
  1.199059E+00  6.000000E+01     3  1.976429E-06  3.172302E+01  1.681151E-06  1.039233E-06
  1.199059E+00  6.000000E+01     4  1.280637E-05 -1.185131E+02 -6.113241E-06 -1.125306E-05
  1.199059E+00  6.000000E+01     5  7.581803E-06  6.161039E+01  3.604879E-06  6.669976E-06
  1.199059E+00  6.000000E+01     6  3.518986E-11 -9.597820E+01 -3.665026E-12 -3.499848E-11
  1.199059E+00  7.000000E+01     1  7.535637E-06  6.441558E+01  3.254193E-06  6.796768E-06
  1.199059E+00  7.000000E+01     2  2.086385E-05  6.408898E+01  9.116978E-06  1.876648E-05
  1.199059E+00  7.000000E+01     3  1.955088E-06  2.961753E+01  1.699644E-06  9.662200E-07
  1.199059E+00  7.000000E+01     4  1.384970E-05 -1.184785E+02 -6.603941E-06 -1.217383E-05
  1.199059E+00  7.000000E+01     5  5.221710E-06  6.154684E+01  2.487833E-06  4.590963E-06
  1.199059E+00  7.000000E+01     6  4.053911E-11 -9.594598E+01 -4.199475E-12 -4.032101E-11
  1.199059E+00  8.000000E+01     1  3.811569E-06  6.431930E+01  1.651764E-06  3.435074E-06
  1.199059E+00  8.000000E+01     2  2.187389E-05  6.406692E+01  9.565913E-06  1.967130E-05
  1.199059E+00  8.000000E+01     3  1.935297E-06  2.772513E+01  1.713105E-06  9.003586E-07
  1.199059E+00  8.000000E+01     4  1.449083E-05 -1.184749E+02 -6.908848E-06 -1.273781E-05
  1.199059E+00  8.000000E+01     5  2.641335E-06  6.106353E+01  1.277982E-06  2.311583E-06
  1.199059E+00  8.000000E+01     6  2.668781E-11 -9.581579E+01 -2.704287E-12 -2.655044E-11
  1.199059E+00  9.000000E+01     1  3.089127E-08 -6.806450E+01  1.153982E-08 -2.865489E-08
  1.199059E+00  9.000000E+01     2  2.221586E-05  6.406403E+01  9.716468E-06  1.997835E-05
  1.199059E+00  9.000000E+01     3  1.921981E-06  2.690941E+01  1.713875E-06  8.698522E-07
  1.199059E+00  9.000000E+01     4  1.470765E-05 -1.185264E+02 -7.023850E-06 -1.292210E-05
  1.199059E+00  9.000000E+01     5  7.926833E-08 -7.747917E+01  1.718494E-08 -7.738311E-08
  1.199059E+00  9.000000E+01     6  2.045401E-13  5.536985E+01  1.162354E-13  1.683033E-13
  1.199059E+00  1.000000E+02     1  3.852764E-06 -1.150166E+02 -1.629260E-06 -3.491319E-06
  1.199059E+00  1.000000E+02     2  2.188023E-05  6.407983E+01  9.564251E-06  1.967917E-05
  1.199059E+00  1.000000E+02     3  1.915865E-06  2.751571E+01  1.699151E-06  8.851141E-07
  1.199059E+00  1.000000E+02     4  1.449336E-05 -1.186296E+02 -6.944434E-06 -1.272134E-05
  1.199059E+00  1.000000E+02     5  2.756798E-06 -1.168754E+02 -1.246214E-06 -2.459042E-06
  1.199059E+00  1.000000E+02     6  2.700002E-11  8.376440E+01  2.932663E-12  2.684028E-11
  1.199059E+00  1.100000E+02     1  7.574731E-06 -1.152684E+02 -3.233348E-06 -6.849964E-06
  1.199059E+00  1.100000E+02     2  2.087622E-05  6.411649E+01  9.113363E-06  1.878199E-05
  1.199059E+00  1.100000E+02     3  1.915965E-06  2.917750E+01  1.672855E-06  9.340654E-07
  1.199059E+00  1.100000E+02     4  1.385860E-05 -1.187466E+02 -6.665105E-06 -1.215060E-05
  1.199059E+00  1.100000E+02     5  5.322689E-06 -1.175859E+02 -2.464816E-06 -4.717595E-06
  1.199059E+00  1.100000E+02     6  4.073093E-11  8.377554E+01  4.416200E-12  4.049081E-11
  1.199059E+00  1.200000E+02     1  1.107814E-05 -1.154384E+02 -4.758514E-06 -1.000408E-05
  1.199059E+00  1.200000E+02     2  1.923274E-05  6.417817E+01  8.377284E-06  1.731240E-05
  1.199059E+00  1.200000E+02     3  1.918897E-06  3.103017E+01  1.644295E-06  9.891711E-07
  1.199059E+00  1.200000E+02     4  1.282766E-05 -1.188159E+02 -6.182892E-06 -1.123925E-05
  1.199059E+00  1.200000E+02     5  7.662894E-06 -1.180051E+02 -3.598119E-06 -6.765611E-06
  1.199059E+00  1.200000E+02     6  3.524005E-11  8.370334E+01  3.865000E-12  3.502746E-11
  1.199059E+00  1.300000E+02     1  1.425575E-05 -1.155862E+02 -6.156606E-06 -1.285779E-05
  1.199059E+00  1.300000E+02     2  1.700016E-05  6.426867E+01  7.380646E-06  1.531442E-05
  1.199059E+00  1.300000E+02     3  1.918829E-06  3.217029E+01  1.624230E-06  1.021656E-06
  1.199059E+00  1.300000E+02     4  1.143051E-05 -1.187771E+02 -5.502690E-06 -1.001883E-05
  1.199059E+00  1.300000E+02     5  9.718302E-06 -1.183365E+02 -4.612787E-06 -8.553805E-06
  1.199059E+00  1.300000E+02     6  1.366801E-11  8.355832E+01  1.533438E-12  1.358171E-11
  1.199059E+00  1.400000E+02     1  1.700601E-05 -1.157094E+02 -7.377323E-06 -1.532252E-05
  1.199059E+00  1.400000E+02     2  1.425022E-05  6.438826E+01  6.159952E-06  1.285005E-05
  1.199059E+00  1.400000E+02     3  1.911914E-06  3.205959E+01  1.620341E-06  1.014846E-06
  1.199059E+00  1.400000E+02     4  9.694811E-06 -1.185966E+02 -4.640316E-06 -8.512157E-06
  1.199059E+00  1.400000E+02     5  1.145559E-05 -1.185755E+02 -5.479391E-06 -1.006016E-05
  1.199059E+00  1.400000E+02     6  1.400439E-11 -9.610212E+01 -1.488679E-12 -1.392504E-11
  1.199059E+00  1.500000E+02     1  1.923909E-05 -1.158035E+02 -8.374504E-06 -1.732081E-05
  1.199059E+00  1.500000E+02     2  1.107267E-05  6.453168E+01  4.761382E-06  9.996664E-06
  1.199059E+00  1.500000E+02     3  1.900681E-06  3.071869E+01  1.633988E-06  9.709122E-07
  1.199059E+00  1.500000E+02     4  7.644917E-06 -1.182748E+02 -3.621402E-06 -6.732770E-06
  1.199059E+00  1.500000E+02     5  1.284927E-05 -1.187036E+02 -6.171230E-06 -1.127029E-05
  1.199059E+00  1.500000E+02     6  3.545089E-11 -9.613156E+01 -3.786574E-12 -3.524808E-11
  1.199059E+00  1.600000E+02     1  2.088297E-05 -1.158688E+02 -9.111472E-06 -1.879040E-05
  1.199059E+00  1.600000E+02     2  7.569175E-06  6.469419E+01  3.235440E-06  6.842831E-06
  1.199059E+00  1.600000E+02     3  1.892378E-06  2.872822E+01  1.659444E-06  9.095817E-07
  1.199059E+00  1.600000E+02     4  5.312247E-06 -1.178111E+02 -2.478470E-06 -4.698633E-06
  1.199059E+00  1.600000E+02     5  1.387156E-05 -1.187282E+02 -6.667443E-06 -1.216411E-05
  1.199059E+00  1.600000E+02     6  4.074247E-11 -9.603223E+01 -4.281543E-12 -4.051688E-11
  1.199059E+00  1.700000E+02     1  2.188697E-05 -1.159089E+02 -9.563310E-06 -1.968712E-05
  1.199059E+00  1.700000E+02     2  3.847162E-06  6.492312E+01  1.630558E-06  3.484528E-06
  1.199059E+00  1.700000E+02     3  1.892660E-06  2.701906E+01  1.686087E-06  8.598106E-07
  1.199059E+00  1.700000E+02     4  2.753595E-06 -1.169886E+02 -1.249616E-06 -2.453720E-06
  1.199059E+00  1.700000E+02     5  1.449397E-05 -1.186848E+02 -6.956972E-06 -1.271518E-05
  1.199059E+00  1.700000E+02     6  2.681502E-11 -9.585700E+01 -2.736365E-12 -2.667504E-11
  1.199059E+00  1.800000E+02     1  2.222202E-05 -1.159277E+02 -9.716270E-06 -1.998530E-05
  1.199059E+00  1.800000E+02     2  2.484106E-08  1.158754E+02 -1.084104E-08  2.235062E-08
  1.199059E+00  1.800000E+02     3  1.902023E-06  2.644180E+01  1.703047E-06  8.469488E-07
  1.199059E+00  1.800000E+02     4  8.412863E-08 -7.542435E+01  2.117165E-08 -8.142105E-08
  1.199059E+00  1.800000E+02     5  1.469515E-05 -1.186195E+02 -7.038841E-06 -1.289970E-05
  1.199059E+00  1.800000E+02     6  1.791167E-13  4.300168E+01  1.309941E-13  1.221611E-13
  1.199059E+00  1.900000E+02     1  2.187894E-05 -1.159271E+02 -9.566087E-06 -1.967684E-05
  1.199059E+00  1.900000E+02     2  3.816494E-06 -1.156392E+02 -1.651409E-06 -3.440709E-06
  1.199059E+00  1.900000E+02     3  1.918236E-06  2.731959E+01  1.704277E-06  8.803811E-07
  1.199059E+00  1.900000E+02     4  2.637938E-06  6.083615E+01  1.285490E-06  2.303525E-06
  1.199059E+00  1.900000E+02     5  1.446813E-05 -1.185667E+02 -6.918385E-06 -1.270680E-05
  1.199059E+00  1.900000E+02     6  2.704036E-11  8.366841E+01  2.982076E-12  2.687542E-11
  1.199059E+00  2.000000E+02     1  2.086747E-05 -1.159067E+02 -9.117133E-06 -1.877043E-05
  1.199059E+00  2.000000E+02     2  7.539851E-06 -1.155676E+02 -3.254013E-06 -6.801526E-06
  1.199059E+00  2.000000E+02     3  1.938896E-06  2.927455E+01  1.691273E-06  9.481104E-07
  1.199059E+00  2.000000E+02     4  5.217800E-06  6.142708E+01  2.495553E-06  4.582319E-06
  1.199059E+00  2.000000E+02     5  1.382266E-05 -1.185351E+02 -6.603037E-06 -1.214355E-05
  1.199059E+00  2.000000E+02     6  4.085490E-11  8.369579E+01  4.486169E-12  4.060785E-11
  1.199059E+00  2.100000E+02     1  1.921702E-05 -1.158642E+02 -8.383218E-06 -1.729207E-05
  1.199059E+00  2.100000E+02     2  1.104550E-05 -1.156241E+02 -4.776788E-06 -9.959187E-06
  1.199059E+00  2.100000E+02     3  1.959464E-06  3.143335E+01  1.671908E-06  1.021873E-06
  1.199059E+00  2.100000E+02     4  7.576291E-06  6.154373E+01  3.610011E-06  6.660931E-06
  1.199059E+00  2.100000E+02     5  1.278155E-05 -1.185105E+02 -6.100895E-06 -1.123152E-05
  1.199059E+00  2.100000E+02     6  3.544036E-11  8.360922E+01  3.944831E-12  3.522013E-11
  1.199059E+00  2.200000E+02     1  1.697835E-05 -1.157990E+02 -7.389234E-06 -1.528606E-05
  1.199059E+00  2.200000E+02     2  1.422597E-05 -1.157124E+02 -6.171995E-06 -1.281736E-05
  1.199059E+00  2.200000E+02     3  1.971927E-06  3.287015E+01  1.656227E-06  1.070238E-06
  1.199059E+00  2.200000E+02     4  9.647639E-06  6.154591E+01  4.596660E-06  8.482196E-06
  1.199059E+00  2.200000E+02     5  1.137290E-05 -1.184723E+02 -5.421845E-06 -9.997325E-06
  1.199059E+00  2.200000E+02     6  1.392451E-11  8.333127E+01  1.617034E-12  1.383030E-11
  1.199059E+00  2.300000E+02     1  1.422339E-05 -1.157162E+02 -6.171734E-06 -1.281462E-05
  1.199059E+00  2.300000E+02     2  1.697961E-05 -1.157986E+02 -7.389688E-06 -1.528724E-05
  1.199059E+00  2.300000E+02     3  1.969463E-06  3.300795E+01  1.651582E-06  1.072876E-06
  1.199059E+00  2.300000E+02     4  1.139514E-05  6.153193E+01  5.431708E-06  1.001727E-05
  1.199059E+00  2.300000E+02     5  9.622810E-06 -1.184147E+02 -4.579006E-06 -8.463521E-06
  1.199059E+00  2.300000E+02     6  1.372650E-11 -9.587664E+01 -1.405416E-12 -1.365436E-11
  1.199059E+00  2.400000E+02     1  1.104189E-05 -1.156323E+02 -4.776651E-06 -9.955251E-06
  1.199059E+00  2.400000E+02     2  1.921672E-05 -1.158670E+02 -8.383934E-06 -1.729139E-05
  1.199059E+00  2.400000E+02     3  1.952746E-06  3.181733E+01  1.659313E-06  1.029513E-06
  1.199059E+00  2.400000E+02     4  1.279453E-05  6.153421E+01  6.098305E-06  1.124769E-05
  1.199059E+00  2.400000E+02     5  7.555652E-06 -1.183654E+02 -3.589631E-06 -6.648490E-06
  1.199059E+00  2.400000E+02     6  3.519093E-11 -9.605095E+01 -3.709572E-12 -3.499486E-11
  1.199059E+00  2.500000E+02     1  7.535523E-06 -1.155832E+02 -3.253999E-06 -6.796735E-06
  1.199059E+00  2.500000E+02     2  2.086552E-05 -1.159123E+02 -9.118138E-06 -1.876778E-05
  1.199059E+00  2.500000E+02     3  1.929970E-06  2.983180E+01  1.674229E-06  9.600744E-07
  1.199059E+00  2.500000E+02     4  1.382243E-05  6.154557E+01  6.585828E-06  1.215263E-05
  1.199059E+00  2.500000E+02     5  5.205902E-06 -1.184084E+02 -2.476728E-06 -4.578999E-06
  1.199059E+00  2.500000E+02     6  4.053461E-11 -9.597616E+01 -4.220244E-12 -4.031432E-11
  1.199059E+00  2.600000E+02     1  3.811740E-06 -1.156771E+02 -1.651624E-06 -3.435331E-06
  1.199059E+00  2.600000E+02     2  2.187551E-05 -1.159353E+02 -9.567369E-06 -1.967240E-05
  1.199059E+00  2.600000E+02     3  1.910212E-06  2.796454E+01  1.687172E-06  8.957461E-07
  1.199059E+00  2.600000E+02     4  1.445485E-05  6.153860E+01  6.888698E-06  1.270781E-05
  1.199059E+00  2.600000E+02     5  2.636167E-06 -1.188467E+02 -1.271865E-06 -2.309055E-06
  1.199059E+00  2.600000E+02     6  2.668006E-11 -9.581088E+01 -2.701229E-12 -2.654296E-11
  1.199059E+00  2.700000E+02     1  3.035397E-08  1.122319E+02 -1.148462E-08  2.809745E-08
  1.199059E+00  2.700000E+02     2  2.221749E-05 -1.159378E+02 -9.717825E-06 -1.997951E-05
  1.199059E+00  2.700000E+02     3  1.897945E-06  2.708768E+01  1.689761E-06  8.642359E-07
  1.199059E+00  2.700000E+02     4  1.467252E-05  6.148971E+01  7.003435E-06  1.289320E-05
  1.199059E+00  2.700000E+02     5  7.206863E-08  1.032365E+02 -1.650167E-08  7.015399E-08
  1.199059E+00  2.700000E+02     6  2.207642E-13  5.264240E+01  1.339570E-13  1.754775E-13
  1.199059E+00  2.800000E+02     1  3.851994E-06  6.497795E+01  1.629267E-06  3.490465E-06
  1.199059E+00  2.800000E+02     2  2.188192E-05 -1.159207E+02 -9.565188E-06 -1.968059E-05
  1.199059E+00  2.800000E+02     3  1.893868E-06  2.755915E+01  1.678978E-06  8.762245E-07
  1.199059E+00  2.800000E+02     4  1.446712E-05  6.139976E+01  6.925347E-06  1.270186E-05
  1.199059E+00  2.800000E+02     5  2.738874E-06  6.304457E+01  1.241524E-06  2.441321E-06
  1.199059E+00  2.800000E+02     6  2.700946E-11  8.371733E+01  2.955744E-12  2.684724E-11
  1.199059E+00  2.900000E+02     1  7.573730E-06  6.472785E+01  3.233365E-06  6.848850E-06
  1.199059E+00  2.900000E+02     2  2.087796E-05 -1.158824E+02 -9.113770E-06 -1.878372E-05
  1.199059E+00  2.900000E+02     3  1.897210E-06  2.902875E+01  1.658876E-06  9.206183E-07
  1.199059E+00  2.900000E+02     4  1.384445E-05  6.130167E+01  6.648077E-06  1.214380E-05
  1.199059E+00  2.900000E+02     5  5.293480E-06  6.236323E+01  2.455459E-06  4.689526E-06
  1.199059E+00  2.900000E+02     6  4.074138E-11  8.374095E+01  4.441782E-12  4.049853E-11
  1.199059E+00  3.000000E+02     1  1.107699E-05  6.455846E+01  4.758562E-06  1.000279E-05
  1.199059E+00  3.000000E+02     2  1.923449E-05 -1.158194E+02 -8.377304E-06 -1.731434E-05
  1.199059E+00  3.000000E+02     3  1.904660E-06  3.066301E+01  1.638354E-06  9.713530E-07
  1.199059E+00  3.000000E+02     4  1.282284E-05  6.125053E+01  6.167539E-06  1.124219E-05
  1.199059E+00  3.000000E+02     5  7.625289E-06  6.195197E+01  3.585499E-06  6.729727E-06
  1.199059E+00  3.000000E+02     6  3.525342E-11  8.365497E+01  3.896051E-12  3.503747E-11
  1.199059E+00  3.100000E+02     1  1.425455E-05  6.441133E+01  6.156645E-06  1.285644E-05
  1.199059E+00  3.100000E+02     2  1.700187E-05 -1.157284E+02 -7.380601E-06 -1.531634E-05
  1.199059E+00  3.100000E+02     3  1.909996E-06  3.161440E+01  1.626544E-06  1.001220E-06
  1.199059E+00  3.100000E+02     4  1.142787E-05  6.130077E+01  5.487797E-06  1.002398E-05
  1.199059E+00  3.100000E+02     5  9.677870E-06  6.162784E+01  4.598893E-06  8.515360E-06
  1.199059E+00  3.100000E+02     6  1.368654E-11  8.340237E+01  1.572528E-12  1.359590E-11
  1.199059E+00  3.200000E+02     1  1.700485E-05  6.428891E+01  7.377274E-06  1.532125E-05
  1.199059E+00  3.200000E+02     2  1.425186E-05 -1.156096E+02 -6.160186E-06 -1.285176E-05
  1.199059E+00  3.200000E+02     3  1.908349E-06  3.141687E+01  1.628580E-06  9.947476E-07
  1.199059E+00  3.200000E+02     4  9.686458E-06  6.148297E+01  4.624508E-06  8.511252E-06
  1.199059E+00  3.200000E+02     5  1.141923E-05  6.139883E+01  5.466496E-06  1.002578E-05
  1.199059E+00  3.200000E+02     6  1.397981E-11 -9.593439E+01 -1.445365E-12 -1.390489E-11
  1.199059E+00  3.300000E+02     1  1.923806E-05  6.419568E+01  8.374309E-06  1.731976E-05
  1.199059E+00  3.300000E+02     2  1.107424E-05 -1.154685E+02 -4.762092E-06 -9.998069E-06
  1.199059E+00  3.300000E+02     3  1.900688E-06  3.014742E+01  1.643593E-06  9.545760E-07
  1.199059E+00  3.300000E+02     4  7.626158E-06  6.179887E+01  3.603879E-06  6.720889E-06
  1.199059E+00  3.300000E+02     5  1.282313E-05  6.128193E+01  6.161513E-06  1.124581E-05
  1.199059E+00  3.300000E+02     6  3.541986E-11 -9.607723E+01 -3.749862E-12 -3.522080E-11
  1.199059E+00  3.400000E+02     1  2.088215E-05  6.413121E+01  9.111126E-06  1.878967E-05
  1.199059E+00  3.400000E+02     2  7.570729E-06 -1.153098E+02 -3.236580E-06 -6.844011E-06
  1.199059E+00  3.400000E+02     3  1.892933E-06  2.838899E+01  1.665289E-06  9.000051E-07
  1.199059E+00  3.400000E+02     4  5.284088E-06  6.226083E+01  2.459464E-06  4.676817E-06
  1.199059E+00  3.400000E+02     5  1.385952E-05  6.126719E+01  6.662628E-06  1.215301E-05
  1.199059E+00  3.400000E+02     6  4.070649E-11 -9.601243E+01 -4.263772E-12 -4.048257E-11
  1.199059E+00  3.500000E+02     1  2.188644E-05  6.409179E+01  9.562856E-06  1.968674E-05
  1.199059E+00  3.500000E+02     2  3.848773E-06 -1.150870E+02 -1.631855E-06 -3.485700E-06
  1.199059E+00  3.500000E+02     3  1.890955E-06  2.701036E+01  1.684698E-06  8.587804E-07
  1.199059E+00  3.500000E+02     4  2.722561E-06  6.313382E+01  1.230348E-06  2.428700E-06
  1.199059E+00  3.500000E+02     5  1.449733E-05  6.131752E+01  6.958070E-06  1.271841E-05
  1.199059E+00  3.500000E+02     6  2.677644E-11 -9.588056E+01 -2.743383E-12 -2.663553E-11
  1.178204E+00  0.000000E+00     1  2.067179E-05  6.820028E+01  7.676742E-06  1.919350E-05
  1.178204E+00  0.000000E+00     2  2.282750E-08 -6.467801E+01  9.763434E-09 -2.063420E-08
  1.178204E+00  0.000000E+00     3  1.541049E-06  3.132253E+01  1.316448E-06  8.011223E-07
  1.178204E+00  0.000000E+00     4  6.579922E-08  1.234121E+02 -3.623280E-08  5.492469E-08
  1.178204E+00  0.000000E+00     5  1.320464E-05  6.551462E+01  5.472807E-06  1.201710E-05
  1.178204E+00  0.000000E+00     6  1.878194E-13  5.852271E+01  9.807191E-14  1.601813E-13
  1.178204E+00  1.000000E+01     1  2.035353E-05  6.820027E+01  7.558558E-06  1.889800E-05
  1.178204E+00  1.000000E+01     2  3.548509E-06  6.848517E+01  1.301387E-06  3.301258E-06
  1.178204E+00  1.000000E+01     3  1.562175E-06  3.266535E+01  1.315097E-06  8.431548E-07
  1.178204E+00  1.000000E+01     4  2.385000E-06 -1.157895E+02 -1.037633E-06 -2.147451E-06
  1.178204E+00  1.000000E+01     5  1.301106E-05  6.555761E+01  5.383692E-06  1.184498E-05
  1.178204E+00  1.000000E+01     6  2.883926E-11  8.242012E+01  3.804139E-12  2.858726E-11
  1.178204E+00  2.000000E+01     1  1.941351E-05  6.821796E+01  7.203903E-06  1.802743E-05
  1.178204E+00  2.000000E+01     2  7.011868E-06  6.854294E+01  2.564968E-06  6.525889E-06
  1.178204E+00  2.000000E+01     3  1.601053E-06  3.517281E+01  1.308730E-06  9.222776E-07
  1.178204E+00  2.000000E+01     4  4.688940E-06 -1.150926E+02 -1.988496E-06 -4.246415E-06
  1.178204E+00  2.000000E+01     5  1.243457E-05  6.555616E+01  5.145439E-06  1.132003E-05
  1.178204E+00  2.000000E+01     6  4.347462E-11  8.236498E+01  5.776135E-12  4.308920E-11
  1.178204E+00  3.000000E+01     1  1.787868E-05  6.825639E+01  6.623225E-06  1.660662E-05
  1.178204E+00  3.000000E+01     2  1.027315E-05  6.848245E+01  3.768051E-06  9.557165E-06
  1.178204E+00  3.000000E+01     3  1.645300E-06  3.767877E+01  1.302173E-06  1.005663E-06
  1.178204E+00  3.000000E+01     4  6.790778E-06 -1.148555E+02 -2.854372E-06 -6.161755E-06
  1.178204E+00  3.000000E+01     5  1.149920E-05  6.552076E+01  4.764850E-06  1.046556E-05
  1.178204E+00  3.000000E+01     6  3.762418E-11  8.221535E+01  5.096198E-12  3.727744E-11
  1.178204E+00  4.000000E+01     1  1.579601E-05  6.831753E+01  5.836033E-06  1.467837E-05
  1.178204E+00  4.000000E+01     2  1.323240E-05  6.839514E+01  4.872217E-06  1.230276E-05
  1.178204E+00  4.000000E+01     3  1.675778E-06  3.913348E+01  1.299864E-06  1.057633E-06
  1.178204E+00  4.000000E+01     4  8.640514E-06 -1.147180E+02 -3.613054E-06 -7.848842E-06
  1.178204E+00  4.000000E+01     5  1.023424E-05  6.546980E+01  4.248980E-06  9.310526E-06
  1.178204E+00  4.000000E+01     6  1.475321E-11  8.187001E+01  2.086389E-12  1.460493E-11
  1.178204E+00  5.000000E+01     1  1.323260E-05  6.839758E+01  4.871765E-06  1.230315E-05
  1.178204E+00  5.000000E+01     2  1.579478E-05  6.831351E+01  5.836609E-06  1.467682E-05
  1.178204E+00  5.000000E+01     3  1.677822E-06  3.900326E+01  1.303853E-06  1.055962E-06
  1.178204E+00  5.000000E+01     4  1.021227E-05 -1.146003E+02 -4.251229E-06 -9.285343E-06
  1.178204E+00  5.000000E+01     5  8.664792E-06  6.541302E+01  3.605196E-06  7.879161E-06
  1.178204E+00  5.000000E+01     6  1.456689E-11 -9.727615E+01 -1.844921E-12 -1.444958E-11
  1.178204E+00  6.000000E+01     1  1.027234E-05  6.848124E+01  3.767954E-06  9.556331E-06
  1.178204E+00  6.000000E+01     2  1.787639E-05  6.825160E+01  6.623765E-06  1.660395E-05
  1.178204E+00  6.000000E+01     3  1.651695E-06  3.733987E+01  1.313183E-06  1.001822E-06
  1.178204E+00  6.000000E+01     4  1.148401E-05 -1.144869E+02 -4.759954E-06 -1.045109E-05
  1.178204E+00  6.000000E+01     5  6.810424E-06  6.533720E+01  2.841834E-06  6.189172E-06
  1.178204E+00  6.000000E+01     6  3.738152E-11 -9.747062E+01 -4.860263E-12 -3.706421E-11
  1.178204E+00  7.000000E+01     1  7.010067E-06  6.853306E+01  2.565434E-06  6.523771E-06
  1.178204E+00  7.000000E+01     2  1.941016E-05  6.821243E+01  7.204397E-06  1.802362E-05
  1.178204E+00  7.000000E+01     3  1.612230E-06  3.477597E+01  1.324267E-06  9.195660E-07
  1.178204E+00  7.000000E+01     4  1.242684E-05 -1.143952E+02 -5.132640E-06 -1.131734E-05
  1.178204E+00  7.000000E+01     5  4.697146E-06  6.518214E+01  1.971557E-06  4.263349E-06
  1.178204E+00  7.000000E+01     6  4.315175E-11 -9.738803E+01 -5.548818E-12 -4.279351E-11
  1.178204E+00  8.000000E+01     1  3.545805E-06  6.844805E+01  1.302533E-06  3.297900E-06
  1.178204E+00  8.000000E+01     2  2.034921E-05  6.819356E+01  7.559164E-06  1.889310E-05
  1.178204E+00  8.000000E+01     3  1.578027E-06  3.242577E+01  1.331992E-06  8.461485E-07
  1.178204E+00  8.000000E+01     4  1.300833E-05 -1.143565E+02 -5.364799E-06 -1.185055E-05
  1.178204E+00  8.000000E+01     5  2.377694E-06  6.467008E+01  1.017249E-06  2.149101E-06
  1.178204E+00  8.000000E+01     6  2.846429E-11 -9.723971E+01 -3.587094E-12 -2.823736E-11
  1.178204E+00  9.000000E+01     1  2.757373E-08 -6.511515E+01  1.160291E-08 -2.501365E-08
  1.178204E+00  9.000000E+01     2  2.066676E-05  6.819176E+01  7.677728E-06  1.918769E-05
  1.178204E+00  9.000000E+01     3  1.560728E-06  3.143268E+01  1.331697E-06  8.139140E-07
  1.178204E+00  9.000000E+01     4  1.320356E-05 -1.143937E+02 -5.453120E-06 -1.202487E-05
  1.178204E+00  9.000000E+01     5  7.131010E-08 -7.738879E+01  1.556943E-08 -6.958967E-08
  1.178204E+00  9.000000E+01     6  1.969291E-13  5.793059E+01  1.045588E-13  1.668788E-13
  1.178204E+00  1.000000E+02     1  3.583227E-06 -1.109267E+02 -1.279832E-06 -3.346871E-06
  1.178204E+00  1.000000E+02     2  2.035420E-05  6.820607E+01  7.556894E-06  1.889939E-05
  1.178204E+00  1.000000E+02     3  1.563098E-06  3.227851E+01  1.321540E-06  8.347497E-07
  1.178204E+00  1.000000E+02     4  1.300490E-05 -1.145035E+02 -5.393772E-06 -1.183363E-05
  1.178204E+00  1.000000E+02     5  2.485959E-06 -1.134009E+02 -9.873294E-07 -2.281484E-06
  1.178204E+00  1.000000E+02     6  2.877424E-11  8.243059E+01  3.790347E-12  2.852350E-11
  1.178204E+00  1.100000E+02     1  7.045172E-06 -1.111694E+02 -2.544200E-06 -6.569741E-06
  1.178204E+00  1.100000E+02     2  1.942004E-05  6.823894E+01  7.199723E-06  1.803613E-05
  1.178204E+00  1.100000E+02     3  1.581225E-06  3.445191E+01  1.303880E-06  8.945216E-07
  1.178204E+00  1.100000E+02     4  1.242512E-05 -1.146500E+02 -5.182192E-06 -1.129285E-05
  1.178204E+00  1.100000E+02     5  4.789801E-06 -1.139812E+02 -1.946755E-06 -4.376338E-06
  1.178204E+00  1.100000E+02     6  4.333855E-11  8.239478E+01  5.735715E-12  4.295732E-11
  1.178204E+00  1.200000E+02     1  1.030400E-05 -1.113362E+02 -3.749003E-06 -9.597780E-06
  1.178204E+00  1.200000E+02     2  1.789096E-05  6.829544E+01  6.616447E-06  1.662254E-05
  1.178204E+00  1.200000E+02     3  1.604339E-06  3.680425E+01  1.284573E-06  9.611320E-07
  1.178204E+00  1.200000E+02     4  1.149229E-05 -1.147741E+02 -4.815747E-06 -1.043462E-05
  1.178204E+00  1.200000E+02     5  6.881542E-06 -1.142714E+02 -2.828718E-06 -6.273275E-06
  1.178204E+00  1.200000E+02     6  3.742321E-11  8.228412E+01  5.024471E-12  3.708438E-11
  1.178204E+00  1.300000E+02     1  1.326010E-05 -1.114807E+02 -4.855687E-06 -1.233906E-05
  1.178204E+00  1.300000E+02     2  1.581370E-05  6.838059E+01  5.826392E-06  1.470123E-05
  1.178204E+00  1.300000E+02     3  1.617492E-06  3.823163E+01  1.270565E-06  1.000972E-06
  1.178204E+00  1.300000E+02     4  1.023888E-05 -1.148167E+02 -4.297427E-06 -9.293378E-06
  1.178204E+00  1.300000E+02     5  8.713313E-06 -1.144795E+02 -3.610513E-06 -7.930071E-06
  1.178204E+00  1.300000E+02     6  1.450556E-11  8.212426E+01  1.987627E-12  1.436874E-11
  1.178204E+00  1.400000E+02     1  1.581888E-05 -1.115994E+02 -5.823165E-06 -1.470808E-05
  1.178204E+00  1.400000E+02     2  1.325521E-05  6.849570E+01  4.858976E-06  1.233251E-05
  1.178204E+00  1.400000E+02     3  1.610691E-06  3.812526E+01  1.267071E-06  9.944128E-07
  1.178204E+00  1.400000E+02     4  8.690791E-06 -1.147417E+02 -3.637338E-06 -7.893011E-06
  1.178204E+00  1.400000E+02     5  1.026290E-05 -1.146148E+02 -4.274664E-06 -9.330291E-06
  1.178204E+00  1.400000E+02     6  1.482795E-11 -9.757472E+01 -1.954605E-12 -1.469855E-11
  1.178204E+00  1.500000E+02     1  1.789653E-05 -1.116879E+02 -6.613685E-06 -1.662964E-05
  1.178204E+00  1.500000E+02     2  1.029920E-05  6.863578E+01  3.751953E-06  9.591479E-06
  1.178204E+00  1.500000E+02     3  1.586616E-06  3.649747E+01  1.275454E-06  9.436991E-07
  1.178204E+00  1.500000E+02     4  6.864902E-06 -1.145415E+02 -2.851355E-06 -6.244730E-06
  1.178204E+00  1.500000E+02     5  1.151224E-05 -1.146652E+02 -4.804236E-06 -1.046188E-05
  1.178204E+00  1.500000E+02     6  3.761901E-11 -9.757286E+01 -4.957693E-12 -3.729090E-11
  1.178204E+00  1.600000E+02     1  1.942587E-05 -1.117477E+02 -7.197678E-06 -1.804323E-05
  1.178204E+00  1.600000E+02     2  7.040345E-06  6.879481E+01  2.546557E-06  6.563651E-06
  1.178204E+00  1.600000E+02     3  1.558851E-06  3.399467E+01  1.292427E-06  8.715780E-07
  1.178204E+00  1.600000E+02     4  4.781220E-06 -1.142019E+02 -1.960076E-06 -4.360982E-06
  1.178204E+00  1.600000E+02     5  1.243569E-05 -1.146373E+02 -5.184093E-06 -1.130361E-05
  1.178204E+00  1.600000E+02     6  4.333461E-11 -9.744301E+01 -5.613567E-12 -4.296948E-11
  1.178204E+00  1.700000E+02     1  2.035993E-05 -1.117835E+02 -7.555592E-06 -1.890608E-05
  1.178204E+00  1.700000E+02     2  3.578395E-06  6.901429E+01  1.281549E-06  3.341040E-06
  1.178204E+00  1.700000E+02     3  1.542045E-06  3.176275E+01  1.311101E-06  8.117373E-07
  1.178204E+00  1.700000E+02     4  2.484929E-06 -1.135016E+02 -9.909252E-07 -2.278802E-06
  1.178204E+00  1.700000E+02     5  1.300275E-05 -1.145633E+02 -5.405230E-06 -1.182603E-05
  1.178204E+00  1.700000E+02     6  2.857600E-11 -9.725719E+01 -3.609821E-12 -2.834708E-11
  1.178204E+00  1.800000E+02     1  2.067193E-05 -1.118003E+02 -7.676990E-06 -1.919355E-05
  1.178204E+00  1.800000E+02     2  2.216920E-08  1.180141E+02 -1.041262E-08  1.957168E-08
  1.178204E+00  1.800000E+02     3  1.543714E-06  3.094875E+01  1.323932E-06  7.938878E-07
  1.178204E+00  1.800000E+02     4  7.751571E-08 -7.593710E+01  1.883530E-08 -7.519253E-08
  1.178204E+00  1.800000E+02     5  1.318870E-05 -1.144876E+02 -5.466671E-06 -1.200238E-05
  1.178204E+00  1.800000E+02     6  1.761640E-13  4.695203E+01  1.202514E-13  1.287376E-13
  1.178204E+00  1.900000E+02     1  2.035343E-05 -1.118003E+02 -7.558698E-06 -1.889783E-05
  1.178204E+00  1.900000E+02     2  3.550041E-06 -1.115107E+02 -1.301710E-06 -3.302778E-06
  1.178204E+00  1.900000E+02     3  1.564259E-06  3.201591E+01  1.326337E-06  8.292995E-07
  1.178204E+00  1.900000E+02     4  2.372725E-06  6.443788E+01  1.023806E-06  2.140478E-06
  1.178204E+00  1.900000E+02     5  1.298457E-05 -1.144447E+02 -5.373201E-06 -1.182065E-05
  1.178204E+00  1.900000E+02     6  2.881489E-11  8.235651E+01  3.832629E-12  2.855886E-11
  1.178204E+00  2.000000E+02     1  1.941322E-05 -1.117824E+02 -7.203919E-06 -1.802711E-05
  1.178204E+00  2.000000E+02     2  7.013693E-06 -1.114504E+02 -2.564879E-06 -6.527885E-06
  1.178204E+00  2.000000E+02     3  1.599161E-06  3.444201E+01  1.318826E-06  9.044404E-07
  1.178204E+00  2.000000E+02     4  4.692468E-06  6.506073E+01  1.978614E-06  4.254919E-06
  1.178204E+00  2.000000E+02     5  1.240068E-05 -1.144455E+02 -5.131745E-06 -1.128903E-05
  1.178204E+00  2.000000E+02     6  4.345508E-11  8.234059E+01  5.791872E-12  4.306737E-11
  1.178204E+00  2.100000E+02     1  1.787828E-05 -1.117437E+02 -6.623102E-06 -1.660625E-05
  1.178204E+00  2.100000E+02     2  1.027514E-05 -1.115109E+02 -3.767663E-06 -9.559452E-06
  1.178204E+00  2.100000E+02     3  1.637270E-06  3.707042E+01  1.306370E-06  9.869401E-07
  1.178204E+00  2.100000E+02     4  6.805077E-06  6.526751E+01  2.847122E-06  6.180854E-06
  1.178204E+00  2.100000E+02     5  1.146222E-05 -1.144787E+02 -4.749426E-06 -1.043195E-05
  1.178204E+00  2.100000E+02     6  3.761023E-11  8.222768E+01  5.086289E-12  3.726471E-11
  1.178204E+00  2.200000E+02     1  1.579559E-05 -1.116820E+02 -5.835765E-06 -1.467803E-05
  1.178204E+00  2.200000E+02     2  1.323436E-05 -1.115996E+02 -4.871798E-06 -1.230503E-05
  1.178204E+00  2.200000E+02     3  1.661871E-06  3.877644E+01  1.295587E-06  1.040802E-06
  1.178204E+00  2.200000E+02     4  8.655445E-06  6.537903E+01  3.605976E-06  7.868524E-06
  1.178204E+00  2.200000E+02     5  1.019900E-05 -1.145241E+02 -4.233355E-06 -9.278915E-06
  1.178204E+00  2.200000E+02     6  1.474552E-11  8.199965E+01  2.052268E-12  1.460200E-11
  1.178204E+00  2.300000E+02     1  1.323225E-05 -1.116012E+02 -4.871381E-06 -1.230293E-05
  1.178204E+00  2.300000E+02     2  1.579653E-05 -1.116834E+02 -5.836452E-06 -1.467877E-05
  1.178204E+00  2.300000E+02     3  1.659976E-06  3.891925E+01  1.291515E-06  1.042838E-06
  1.178204E+00  2.300000E+02     4  1.021717E-05  6.547044E+01  4.241787E-06  9.295041E-06
  1.178204E+00  2.300000E+02     5  8.635345E-06 -1.145709E+02 -3.590735E-06 -7.853394E-06
  1.178204E+00  2.300000E+02     6  1.456681E-11 -9.744678E+01 -1.887935E-12 -1.444395E-11
  1.178204E+00  2.400000E+02     1  1.027212E-05 -1.115167E+02 -3.767533E-06 -9.556260E-06
  1.178204E+00  2.400000E+02     2  1.787786E-05 -1.117475E+02 -6.624044E-06 -1.660542E-05
  1.178204E+00  2.400000E+02     3  1.632128E-06  3.746964E+01  1.295381E-06  9.928905E-07
  1.178204E+00  2.400000E+02     4  1.147257E-05  6.556014E+01  4.746637E-06  1.044458E-05
  1.178204E+00  2.400000E+02     5  6.788992E-06 -1.146325E+02 -2.829628E-06 -6.171193E-06
  1.178204E+00  2.400000E+02     6  3.737407E-11 -9.752199E+01 -4.892516E-12 -3.705245E-11
  1.178204E+00  2.500000E+02     1  7.010028E-06 -1.114640E+02 -2.565088E-06 -6.523865E-06
  1.178204E+00  2.500000E+02     2  1.941140E-05 -1.117883E+02 -7.205090E-06 -1.802468E-05
  1.178204E+00  2.500000E+02     3  1.592478E-06  3.502471E+01  1.304087E-06  9.139703E-07
  1.178204E+00  2.500000E+02     4  1.239981E-05  6.563466E+01  5.115583E-06  1.129540E-05
  1.178204E+00  2.500000E+02     5  4.684169E-06 -1.147685E+02 -1.962444E-06 -4.253263E-06
  1.178204E+00  2.500000E+02     6  4.313785E-11 -9.740340E+01 -5.558505E-12 -4.277823E-11
  1.178204E+00  2.600000E+02     1  3.545980E-06 -1.115478E+02 -1.302360E-06 -3.298156E-06
  1.178204E+00  2.600000E+02     2  2.035036E-05 -1.118079E+02 -7.560067E-06 -1.889398E-05
  1.178204E+00  2.600000E+02     3  1.558716E-06  3.269673E+01  1.311724E-06  8.420063E-07
  1.178204E+00  2.600000E+02     4  1.297280E-05  6.566531E+01  5.345652E-06  1.182022E-05
  1.178204E+00  2.600000E+02     5  2.372996E-06 -1.152401E+02 -1.011874E-06 -2.146444E-06
  1.178204E+00  2.600000E+02     6  2.844615E-11 -9.722211E+01 -3.576136E-12 -2.822047E-11
  1.178204E+00  2.700000E+02     1  2.720552E-08  1.153259E+02 -1.163761E-08  2.459078E-08
  1.178204E+00  2.700000E+02     2  2.066798E-05 -1.118094E+02 -7.678557E-06 -1.918868E-05
  1.178204E+00  2.700000E+02     3  1.541939E-06  3.164035E+01  1.312742E-06  8.088793E-07
  1.178204E+00  2.700000E+02     4  1.316948E-05  6.562923E+01  5.434250E-06  1.199600E-05
  1.178204E+00  2.700000E+02     5  6.613173E-08  1.025584E+02 -1.437932E-08  6.454952E-08
  1.178204E+00  2.700000E+02     6  2.227249E-13  5.590225E+01  1.248610E-13  1.844346E-13
  1.178204E+00  2.800000E+02     1  3.582595E-06  6.907288E+01  1.279632E-06  3.346271E-06
  1.178204E+00  2.800000E+02     2  2.035561E-05 -1.117939E+02 -7.557406E-06 -1.890070E-05
  1.178204E+00  2.800000E+02     3  1.544988E-06  3.234962E+01  1.305204E-06  8.266990E-07
  1.178204E+00  2.800000E+02     4  1.298059E-05  6.552815E+01  5.377160E-06  1.181448E-05
  1.178204E+00  2.800000E+02     5  2.472059E-06  6.653834E+01  9.842142E-07  2.267686E-06
  1.178204E+00  2.800000E+02     6  2.879459E-11  8.239738E+01  3.809571E-12  2.854147E-11
  1.178204E+00  2.900000E+02     1  7.044348E-06  6.883049E+01  2.543914E-06  6.568968E-06
  1.178204E+00  2.900000E+02     2  1.942164E-05 -1.117595E+02 -7.199826E-06 -1.803781E-05
  1.178204E+00  2.900000E+02     3  1.564449E-06  3.432705E+01  1.291973E-06  8.822181E-07
  1.178204E+00  2.900000E+02     4  1.241376E-05  6.539527E+01  5.168544E-06  1.128661E-05
  1.178204E+00  2.900000E+02     5  4.765920E-06  6.598339E+01  1.939737E-06  4.353323E-06
  1.178204E+00  2.900000E+02     6  4.335899E-11  8.237677E+01  5.751930E-12  4.297578E-11
  1.178204E+00  3.000000E+02     1  1.030304E-05  6.866357E+01  3.748696E-06  9.596875E-06
  1.178204E+00  3.000000E+02     2  1.789263E-05 -1.117017E+02 -6.616234E-06 -1.662443E-05
  1.178204E+00  3.000000E+02     3  1.590054E-06  3.645069E+01  1.278990E-06  9.447001E-07
  1.178204E+00  3.000000E+02     4  1.149079E-05  6.528576E+01  4.804218E-06  1.043828E-05
  1.178204E+00  3.000000E+02     5  6.849783E-06  6.569941E+01  2.818848E-06  6.242886E-06
  1.178204E+00  3.000000E+02     6  3.744480E-11  8.225898E+01  5.043652E-12  3.710356E-11
  1.178204E+00  3.100000E+02     1  1.325909E-05  6.851902E+01  4.855377E-06  1.233811E-05
  1.178204E+00  3.100000E+02     2  1.581530E-05 -1.116159E+02 -5.826093E-06 -1.470308E-05
  1.178204E+00  3.100000E+02     3  1.606973E-06  3.766904E+01  1.272006E-06  9.820201E-07
  1.178204E+00  3.100000E+02     4  1.023953E-05  6.525484E+01  4.286095E-06  9.299325E-06
  1.178204E+00  3.100000E+02     5  8.678556E-06  6.549648E+01  3.599424E-06  7.896928E-06
  1.178204E+00  3.100000E+02     6  1.452971E-11  8.202335E+01  2.016281E-12  1.438913E-11
  1.178204E+00  3.200000E+02     1  1.581792E-05  6.840049E+01  5.822838E-06  1.470718E-05
  1.178204E+00  3.200000E+02     2  1.325661E-05 -1.115014E+02 -4.858853E-06 -1.233407E-05
  1.178204E+00  3.200000E+02     3  1.604654E-06  3.744878E+01  1.273930E-06  9.757126E-07
  1.178204E+00  3.200000E+02     4  8.685090E-06  6.533649E+01  3.624188E-06  7.892784E-06
  1.178204E+00  3.200000E+02     5  1.023148E-05  6.536841E+01  4.264298E-06  9.300483E-06
  1.178204E+00  3.200000E+02     6  1.480083E-11 -9.744236E+01 -1.917131E-12 -1.467614E-11
  1.178204E+00  3.300000E+02     1  1.789569E-05  6.831220E+01  6.613331E-06  1.662888E-05
  1.178204E+00  3.300000E+02     2  1.030037E-05 -1.113630E+02 -3.752176E-06 -9.592641E-06
  1.178204E+00  3.300000E+02     3  1.584453E-06  3.587367E+01  1.283900E-06  9.284897E-07
  1.178204E+00  3.300000E+02     4  6.847768E-06  6.554062E+01  2.835305E-06  6.233215E-06
  1.178204E+00  3.300000E+02     5  1.148982E-05  6.532603E+01  4.796472E-06  1.044077E-05
  1.178204E+00  3.300000E+02     6  3.758910E-11 -9.752275E+01 -4.921162E-12 -3.726557E-11
  1.178204E+00  3.400000E+02     1  1.942523E-05  6.825269E+01  7.197316E-06  1.804268E-05
  1.178204E+00  3.400000E+02     2  7.041355E-06 -1.112070E+02 -2.547125E-06 -6.564514E-06
  1.178204E+00  3.400000E+02     3  1.558426E-06  3.361229E+01  1.297861E-06  8.626983E-07
  1.178204E+00  3.400000E+02     4  4.753610E-06  6.589305E+01  1.941570E-06  4.339023E-06
  1.178204E+00  3.400000E+02     5  1.242569E-05  6.536035E+01  5.180391E-06  1.129430E-05
  1.178204E+00  3.400000E+02     6  4.330339E-11 -9.741915E+01 -5.591637E-12 -4.294086E-11
  1.178204E+00  3.500000E+02     1  2.035953E-05  6.821700E+01  7.555265E-06  1.890578E-05
  1.178204E+00  3.500000E+02     2  3.579421E-06 -1.109921E+02 -1.282290E-06 -3.341854E-06
  1.178204E+00  3.500000E+02     3  1.540863E-06  3.175193E+01  1.310249E-06  8.108678E-07
  1.178204E+00  3.500000E+02     4  2.453638E-06  6.666803E+01  9.717829E-07  2.252993E-06
  1.178204E+00  3.500000E+02     5  1.300612E-05  6.543776E+01  5.406405E-06  1.182920E-05
  1.178204E+00  3.500000E+02     6  2.854529E-11 -9.726802E+01 -3.611294E-12 -2.831594E-11
  1.158401E+00  0.000000E+00     1  1.925905E-05  7.243193E+01  5.813126E-06  1.836079E-05
  1.158401E+00  0.000000E+00     2  2.038022E-08 -6.173608E+01  9.650723E-09 -1.795040E-08
  1.158401E+00  0.000000E+00     3  1.240892E-06  3.612285E+01  1.002336E-06  7.315287E-07
  1.158401E+00  0.000000E+00     4  5.854989E-08  1.242458E+02 -3.294865E-08  4.839914E-08
  1.158401E+00  0.000000E+00     5  1.188680E-05  6.974449E+01  4.115298E-06  1.115170E-05
  1.158401E+00  0.000000E+00     6  1.854258E-13  6.099852E+01  8.990042E-14  1.621748E-13
  1.158401E+00  1.000000E+01     1  1.896294E-05  7.243088E+01  5.724080E-06  1.807838E-05
  1.158401E+00  1.000000E+01     2  3.305202E-06  7.270645E+01  9.825288E-07  3.155788E-06
  1.158401E+00  1.000000E+01     3  1.267527E-06  3.766197E+01  1.003411E-06  7.744611E-07
  1.158401E+00  1.000000E+01     4  2.150438E-06 -1.121400E+02 -8.104376E-07 -1.991877E-06
  1.158401E+00  1.000000E+01     5  1.171028E-05  6.977989E+01  4.047395E-06  1.098860E-05
  1.158401E+00  1.000000E+01     6  3.049315E-11  8.094214E+01  4.800590E-12  3.011289E-11
  1.158401E+00  2.000000E+01     1  1.808745E-05  7.244542E+01  5.455431E-06  1.724512E-05
  1.158401E+00  2.000000E+01     2  6.531177E-06  7.275663E+01  1.936044E-06  6.237629E-06
  1.158401E+00  2.000000E+01     3  1.321643E-06  4.055402E+01  1.004176E-06  8.592856E-07
  1.158401E+00  2.000000E+01     4  4.223988E-06 -1.113788E+02 -1.539782E-06 -3.933337E-06
  1.158401E+00  2.000000E+01     5  1.118398E-05  6.975677E+01  3.869727E-06  1.049317E-05
  1.158401E+00  2.000000E+01     6  4.587431E-11  8.083988E+01  7.302918E-12  4.528928E-11
  1.158401E+00  3.000000E+01     1  1.665736E-05  7.247936E+01  5.014687E-06  1.588460E-05
  1.158401E+00  3.000000E+01     2  9.569519E-06  7.269529E+01  2.846486E-06  9.136368E-06
  1.158401E+00  3.000000E+01     3  1.383358E-06  4.336156E+01  1.005750E-06  9.498132E-07
  1.158401E+00  3.000000E+01     4  6.108688E-06 -1.110205E+02 -2.191195E-06 -5.702170E-06
  1.158401E+00  3.000000E+01     5  1.033481E-05  6.967507E+01  3.589730E-06  9.691339E-06
  1.158401E+00  3.000000E+01     6  3.959844E-11  8.065411E+01  6.430557E-12  3.907280E-11
  1.158401E+00  4.000000E+01     1  1.471637E-05  7.253575E+01  4.416539E-06  1.403801E-05
  1.158401E+00  4.000000E+01     2  1.232716E-05  7.261002E+01  3.684268E-06  1.176372E-05
  1.158401E+00  4.000000E+01     3  1.424775E-06  4.494806E+01  1.008381E-06  1.006555E-06
  1.158401E+00  4.000000E+01     4  7.764597E-06 -1.107532E+02 -2.751328E-06 -7.260796E-06
  1.158401E+00  4.000000E+01     5  9.194505E-06  6.954298E+01  3.213522E-06  8.614650E-06
  1.158401E+00  4.000000E+01     6  1.548860E-11  8.035148E+01  2.595946E-12  1.526951E-11
  1.158401E+00  5.000000E+01     1  1.232733E-05  7.261200E+01  3.683912E-06  1.176401E-05
  1.158401E+00  5.000000E+01     2  1.471544E-05  7.253229E+01  4.417107E-06  1.403685E-05
  1.158401E+00  5.000000E+01     3  1.425729E-06  4.481117E+01  1.011460E-06  1.004815E-06
  1.158401E+00  5.000000E+01     4  9.175069E-06 -1.105267E+02 -3.217176E-06 -8.592535E-06
  1.158401E+00  5.000000E+01     5  7.787572E-06  6.936893E+01  2.743945E-06  7.288144E-06
  1.158401E+00  5.000000E+01     6  1.533405E-11 -9.903245E+01 -2.407351E-12 -1.514390E-11
  1.158401E+00  6.000000E+01     1  9.568910E-06  7.269392E+01  2.846523E-06  9.135718E-06
  1.158401E+00  6.000000E+01     2  1.665563E-05  7.247517E+01  5.015330E-06  1.588259E-05
  1.158401E+00  6.000000E+01     3  1.386709E-06  4.299659E+01  1.014231E-06  9.456727E-07
  1.158401E+00  6.000000E+01     4  1.032328E-05 -1.103377E+02 -3.587882E-06 -9.679737E-06
  1.158401E+00  6.000000E+01     5  6.128231E-06  6.915496E+01  2.180680E-06  5.727116E-06
  1.158401E+00  6.000000E+01     6  3.938372E-11 -9.911871E+01 -6.241555E-12 -3.888599E-11
  1.158401E+00  7.000000E+01     1  6.529746E-06  7.274746E+01  1.936618E-06  6.235952E-06
  1.158401E+00  7.000000E+01     2  1.808488E-05  7.244055E+01  5.456121E-06  1.724220E-05
  1.158401E+00  7.000000E+01     3  1.328512E-06  4.010590E+01  1.016119E-06  8.558308E-07
  1.158401E+00  7.000000E+01     4  1.118070E-05 -1.102011E+02 -3.860875E-06 -1.049294E-05
  1.158401E+00  7.000000E+01     5  4.233222E-06  6.887510E+01  1.525663E-06  3.948737E-06
  1.158401E+00  7.000000E+01     6  4.557194E-11 -9.897889E+01 -7.112437E-12 -4.501350E-11
  1.158401E+00  8.000000E+01     1  3.302960E-06  7.267289E+01  9.837090E-07  3.153071E-06
  1.158401E+00  8.000000E+01     2  1.895953E-05  7.242493E+01  5.724927E-06  1.807454E-05
  1.158401E+00  8.000000E+01     3  1.278832E-06  3.736354E+01  1.016416E-06  7.760848E-07
  1.158401E+00  8.000000E+01     4  1.171211E-05 -1.101381E+02 -4.032300E-06 -1.099609E-05
  1.158401E+00  8.000000E+01     5  2.145147E-06  6.831037E+01  7.928006E-07  1.993270E-06
  1.158401E+00  8.000000E+01     6  3.012836E-11 -9.879990E+01 -4.609163E-12 -2.977371E-11
  1.158401E+00  9.000000E+01     1  2.440800E-08 -6.207960E+01  1.142891E-08 -2.156688E-08
  1.158401E+00  9.000000E+01     2  1.925495E-05  7.242428E+01  5.814338E-06  1.835611E-05
  1.158401E+00  9.000000E+01     3  1.256804E-06  3.620169E+01  1.014169E-06  7.423055E-07
  1.158401E+00  9.000000E+01     4  1.188945E-05 -1.101632E+02 -4.098242E-06 -1.116080E-05
  1.158401E+00  9.000000E+01     5  6.357608E-08 -7.696452E+01  1.433986E-08 -6.193776E-08
  1.158401E+00  9.000000E+01     6  1.908322E-13  5.973385E+01  9.618276E-14  1.648205E-13
  1.158401E+00  1.000000E+02     1  3.336692E-06 -1.067438E+02 -9.612770E-07 -3.195225E-06
  1.158401E+00  1.000000E+02     2  1.896335E-05  7.243729E+01  5.722183E-06  1.807942E-05
  1.158401E+00  1.000000E+02     3  1.267695E-06  3.727144E+01  1.008801E-06  7.677058E-07
  1.158401E+00  1.000000E+02     4  1.170411E-05 -1.102707E+02 -4.054953E-06 -1.097923E-05
  1.158401E+00  1.000000E+02     5  2.245173E-06 -1.099011E+02 -7.642513E-07 -2.111095E-06
  1.158401E+00  1.000000E+02     6  3.043601E-11  8.093831E+01  4.793603E-12  3.005615E-11
  1.158401E+00  1.100000E+02     1  6.561144E-06 -1.069739E+02 -1.915436E-06 -6.275326E-06
  1.158401E+00  1.100000E+02     2  1.809259E-05  7.246653E+01  5.450624E-06  1.725202E-05
  1.158401E+00  1.100000E+02     3  1.304392E-06  3.988723E+01  1.000870E-06  8.364786E-07
  1.158401E+00  1.100000E+02     4  1.117077E-05 -1.104298E+02 -3.899264E-06 -1.046813E-05
  1.158401E+00  1.100000E+02     5  4.317896E-06 -1.103191E+02 -1.499379E-06 -4.049208E-06
  1.158401E+00  1.100000E+02     6  4.575677E-11  8.085120E+01  7.275278E-12  4.517469E-11
  1.158401E+00  1.200000E+02     1  9.596867E-06 -1.071341E+02 -2.827331E-06 -9.170936E-06
  1.158401E+00  1.200000E+02     2  1.666731E-05  7.251767E+01  5.007055E-06  1.589744E-05
  1.158401E+00  1.200000E+02     3  1.348124E-06  4.261203E+01  9.921586E-07  9.127210E-07
  1.158401E+00  1.200000E+02     4  1.032133E-05 -1.105927E+02 -3.630234E-06 -9.661843E-06
  1.158401E+00  1.200000E+02     5  6.191484E-06 -1.104430E+02 -2.162534E-06 -5.801545E-06
  1.158401E+00  1.200000E+02     6  3.942392E-11  8.069314E+01  6.375711E-12  3.890496E-11
  1.158401E+00  1.300000E+02     1  1.235121E-05 -1.072726E+02 -3.667309E-06 -1.179421E-05
  1.158401E+00  1.300000E+02     2  1.473113E-05  7.259659E+01  4.406046E-06  1.405678E-05
  1.158401E+00  1.300000E+02     3  1.374658E-06  4.422543E+01  9.850814E-07  9.588010E-07
  1.158401E+00  1.300000E+02     4  9.191328E-06 -1.107117E+02 -3.250654E-06 -8.597311E-06
  1.158401E+00  1.300000E+02     5  7.828114E-06 -1.104984E+02 -2.741253E-06 -7.332455E-06
  1.158401E+00  1.300000E+02     6  1.527214E-11  8.051704E+01  2.516151E-12  1.506344E-11
  1.158401E+00  1.400000E+02     1  1.473589E-05 -1.073850E+02 -4.402946E-06 -1.406273E-05
  1.158401E+00  1.400000E+02     2  1.234677E-05  7.270540E+01  3.670507E-06  1.178855E-05
  1.158401E+00  1.400000E+02     3  1.368093E-06  4.413180E+01  9.819352E-07  9.526188E-07
  1.158401E+00  1.400000E+02     4  7.805941E-06 -1.107558E+02 -2.766315E-06 -7.299330E-06
  1.158401E+00  1.400000E+02     5  9.215179E-06 -1.105168E+02 -3.229759E-06 -8.630653E-06
  1.158401E+00  1.400000E+02     6  1.556269E-11 -9.923548E+01 -2.497694E-12 -1.536095E-11
  1.158401E+00  1.500000E+02     1  1.667235E-05 -1.074672E+02 -5.004362E-06 -1.590357E-05
  1.158401E+00  1.500000E+02     2  9.592632E-06  7.283947E+01  2.830305E-06  9.165585E-06
  1.158401E+00  1.500000E+02     3  1.331170E-06  4.233020E+01  9.841026E-07  8.964130E-07
  1.158401E+00  1.500000E+02     4  6.176001E-06 -1.107094E+02 -2.184006E-06 -5.776946E-06
  1.158401E+00  1.500000E+02     5  1.034060E-05 -1.104929E+02 -3.620158E-06 -9.686200E-06
  1.158401E+00  1.500000E+02     6  3.959002E-11 -9.918688E+01 -6.320751E-12 -3.908219E-11
  1.158401E+00  1.600000E+02     1  1.809771E-05 -1.075213E+02 -5.448513E-06 -1.725806E-05
  1.158401E+00  1.600000E+02     2  6.557036E-06  7.299195E+01  1.917972E-06  6.270256E-06
  1.158401E+00  1.600000E+02     3  1.283469E-06  3.943984E+01  9.912128E-07  8.153464E-07
  1.158401E+00  1.600000E+02     4  4.311416E-06 -1.105373E+02 -1.512515E-06 -4.037401E-06
  1.158401E+00  1.600000E+02     5  1.117985E-05 -1.104257E+02 -3.901679E-06 -1.047692E-05
  1.158401E+00  1.600000E+02     6  4.572820E-11 -9.901038E+01 -7.161646E-12 -4.516391E-11
  1.158401E+00  1.700000E+02     1  1.896821E-05 -1.075532E+02 -5.720643E-06 -1.808500E-05
  1.158401E+00  1.700000E+02     2  3.332699E-06  7.319895E+01  9.633144E-07  3.190440E-06
  1.158401E+00  1.700000E+02     3  1.248865E-06  3.673815E+01  1.000812E-06  7.470195E-07
  1.158401E+00  1.700000E+02     4  2.246759E-06 -1.100089E+02 -7.687649E-07 -2.111143E-06
  1.158401E+00  1.700000E+02     5  1.169989E-05 -1.103347E+02 -4.065758E-06 -1.097074E-05
  1.158401E+00  1.700000E+02     6  3.022164E-11 -9.879499E+01 -4.620872E-12 -2.986629E-11
  1.158401E+00  1.800000E+02     1  1.925917E-05 -1.075682E+02 -5.813203E-06 -1.836089E-05
  1.158401E+00  1.800000E+02     2  1.974234E-08  1.198954E+02 -9.839928E-09  1.711537E-08
  1.158401E+00  1.800000E+02     3  1.242602E-06  3.568556E+01  1.009279E-06  7.248551E-07
  1.158401E+00  1.800000E+02     4  7.093681E-08 -7.707523E+01  1.586654E-08 -6.913959E-08
  1.158401E+00  1.800000E+02     5  1.187261E-05 -1.102544E+02 -4.110164E-06 -1.113846E-05
  1.158401E+00  1.800000E+02     6  1.767831E-13  4.871360E+01  1.166456E-13  1.328385E-13
  1.158401E+00  1.900000E+02     1  1.896284E-05 -1.075689E+02 -5.723966E-06 -1.807832E-05
  1.158401E+00  1.900000E+02     2  3.306447E-06 -1.072862E+02 -9.824930E-07 -3.157104E-06
  1.158401E+00  1.900000E+02     3  1.268032E-06  3.692536E+01  1.013689E-06  7.618006E-07
  1.158401E+00  1.900000E+02     4  2.138532E-06  6.810506E+01  7.974712E-07  1.984278E-06
  1.158401E+00  1.900000E+02     5  1.168715E-05 -1.102167E+02 -4.038752E-06 -1.096713E-05
  1.158401E+00  1.900000E+02     6  3.047176E-11  8.087327E+01  4.833391E-12  3.008598E-11
  1.158401E+00  2.000000E+02     1  1.808721E-05 -1.075539E+02 -5.455139E-06 -1.724496E-05
  1.158401E+00  2.000000E+02     2  6.532807E-06 -1.072361E+02 -1.935740E-06 -6.239430E-06
  1.158401E+00  2.000000E+02     3  1.318140E-06  3.976253E+01  1.013257E-06  8.430917E-07
  1.158401E+00  2.000000E+02     4  4.228137E-06  6.876333E+01  1.531521E-06  3.941014E-06
  1.158401E+00  2.000000E+02     5  1.115463E-05 -1.102380E+02 -3.858623E-06 -1.046598E-05
  1.158401E+00  2.000000E+02     6  4.585719E-11  8.081251E+01  7.321817E-12  4.526889E-11
  1.158401E+00  2.100000E+02     1  1.665705E-05 -1.075194E+02 -5.014239E-06 -1.588442E-05
  1.158401E+00  2.100000E+02     2  9.571354E-06 -1.072982E+02 -2.845999E-06 -9.138442E-06
  1.158401E+00  2.100000E+02     3  1.374465E-06  4.274649E+01  1.009358E-06  9.329262E-07
  1.158401E+00  2.100000E+02     4  6.123753E-06  6.908456E+01  2.186117E-06  5.720248E-06
  1.158401E+00  2.100000E+02     5  1.030301E-05 -1.103174E+02 -3.577424E-06 -9.661994E-06
  1.158401E+00  2.100000E+02     6  3.958633E-11  8.066357E+01  6.422141E-12  3.906192E-11
  1.158401E+00  2.200000E+02     1  1.471608E-05 -1.074623E+02 -4.415966E-06 -1.403788E-05
  1.158401E+00  2.200000E+02     2  1.232893E-05 -1.073850E+02 -3.683775E-06 -1.176573E-05
  1.158401E+00  2.200000E+02     3  1.411352E-06  4.462833E+01  1.004430E-06  9.914823E-07
  1.158401E+00  2.200000E+02     4  7.780233E-06  6.932875E+01  2.746464E-06  7.279351E-06
  1.158401E+00  2.200000E+02     5  9.164598E-06 -1.104447E+02 -3.201228E-06 -8.587316E-06
  1.158401E+00  2.200000E+02     6  1.548238E-11  8.047540E+01  2.561886E-12  1.526895E-11
  1.158401E+00  2.300000E+02     1  1.232712E-05 -1.073852E+02 -3.683272E-06 -1.176399E-05
  1.158401E+00  2.300000E+02     2  1.471691E-05 -1.074646E+02 -4.416792E-06 -1.403850E-05
  1.158401E+00  2.300000E+02     3  1.409897E-06  4.478245E+01  1.000726E-06  9.931551E-07
  1.158401E+00  2.300000E+02     4  9.180458E-06  6.953737E+01  3.209456E-06  8.601175E-06
  1.158401E+00  2.300000E+02     5  7.763094E-06 -1.106099E+02 -2.732631E-06 -7.266248E-06
  1.158401E+00  2.300000E+02     6  1.533273E-11 -9.919778E+01 -2.450829E-12 -1.513559E-11
  1.158401E+00  2.400000E+02     1  9.568815E-06 -1.073024E+02 -2.845908E-06 -9.135810E-06
  1.158401E+00  2.400000E+02     2  1.665670E-05 -1.075235E+02 -5.015297E-06 -1.588372E-05
  1.158401E+00  2.400000E+02     3  1.370514E-06  4.317879E+01  9.994086E-07  9.378112E-07
  1.158401E+00  2.400000E+02     4  1.031217E-05  6.971266E+01  3.575521E-06  9.672456E-06
  1.158401E+00  2.400000E+02     5  6.110841E-06 -1.108103E+02 -2.171030E-06 -5.712180E-06
  1.158401E+00  2.400000E+02     6  3.937473E-11 -9.916842E+01 -6.273853E-12 -3.887169E-11
  1.158401E+00  2.500000E+02     1  6.529785E-06 -1.072481E+02 -1.936142E-06 -6.236140E-06
  1.158401E+00  2.500000E+02     2  1.808562E-05 -1.075595E+02 -5.456348E-06 -1.724291E-05
  1.158401E+00  2.500000E+02     3  1.313088E-06  4.039536E+01  1.000036E-06  8.509573E-07
  1.158401E+00  2.500000E+02     4  1.115405E-05  6.984008E+01  3.844149E-06  1.047069E-05
  1.158401E+00  2.500000E+02     5  4.222809E-06 -1.110706E+02 -1.518173E-06 -3.940465E-06
  1.158401E+00  2.500000E+02     6  4.555629E-11 -9.899356E+01 -7.121512E-12 -4.499622E-11
  1.158401E+00  2.600000E+02     1  3.303139E-06 -1.073217E+02 -9.834663E-07 -3.153335E-06
  1.158401E+00  2.600000E+02     2  1.896015E-05 -1.075756E+02 -5.725282E-06 -1.807508E-05
  1.158401E+00  2.600000E+02     3  1.264234E-06  3.766440E+01  1.000772E-06  7.724914E-07
  1.158401E+00  2.600000E+02     4  1.167728E-05  6.989814E+01  4.013365E-06  1.096593E-05
  1.158401E+00  2.600000E+02     5  2.141156E-06 -1.115918E+02 -7.879286E-07 -1.990909E-06
  1.158401E+00  2.600000E+02     6  3.010872E-11 -9.878348E+01 -4.597628E-12 -2.975562E-11
  1.158401E+00  2.700000E+02     1  2.412135E-08  1.183547E+02 -1.145593E-08  2.122737E-08
  1.158401E+00  2.700000E+02     2  1.925570E-05 -1.075760E+02 -5.814644E-06 -1.835679E-05
  1.158401E+00  2.700000E+02     3  1.242456E-06  3.643354E+01  9.996135E-07  7.378824E-07
  1.158401E+00  2.700000E+02     4  1.185659E-05  6.987186E+01  4.080101E-06  1.113246E-05
  1.158401E+00  2.700000E+02     5  5.951346E-08  1.021686E+02 -1.254479E-08  5.817628E-08
  1.158401E+00  2.700000E+02     6  2.163294E-13  5.759257E+01  1.159387E-13  1.826379E-13
  1.158401E+00  2.800000E+02     1  3.336198E-06  7.325838E+01  9.610123E-07  3.194788E-06
  1.158401E+00  2.800000E+02     2  1.896439E-05 -1.075621E+02 -5.722291E-06 -1.808047E-05
  1.158401E+00  2.800000E+02     3  1.253140E-06  3.736602E+01  9.959636E-07  7.605362E-07
  1.158401E+00  2.800000E+02     4  1.168159E-05  6.976638E+01  4.040064E-06  1.096072E-05
  1.158401E+00  2.800000E+02     5  2.234152E-06  7.004022E+01  7.626509E-07  2.099952E-06
  1.158401E+00  2.800000E+02     6  3.045567E-11  8.091198E+01  4.810522E-12  3.007335E-11
  1.158401E+00  2.900000E+02     1  6.560490E-06  7.302824E+01  1.915009E-06  6.274773E-06
  1.158401E+00  2.900000E+02     2  1.809392E-05 -1.075317E+02 -5.450482E-06 -1.725347E-05
  1.158401E+00  2.900000E+02     3  1.289858E-06  3.978701E+01  9.911638E-07  8.254259E-07
  1.158401E+00  2.900000E+02     4  1.116166E-05  6.961215E+01  3.888422E-06  1.046244E-05
  1.158401E+00  2.900000E+02     5  4.298027E-06  6.965271E+01  1.494465E-06  4.029840E-06
  1.158401E+00  2.900000E+02     6  4.577507E-11  8.083912E+01  7.287716E-12  4.519122E-11
  1.158401E+00  3.000000E+02     1  9.596085E-06  7.286762E+01  2.826819E-06  9.170275E-06
  1.158401E+00  3.000000E+02     2  1.666882E-05 -1.074795E+02 -5.006726E-06 -1.589912E-05
  1.158401E+00  3.000000E+02     3  1.334619E-06  4.228000E+01  9.874395E-07  8.978709E-07
  1.158401E+00  3.000000E+02     4  1.032225E-05  6.945665E+01  3.622243E-06  9.665831E-06
  1.158401E+00  3.000000E+02     5  6.164294E-06  6.953750E+01  2.155002E-06  5.775335E-06
  1.158401E+00  3.000000E+02     6  3.944215E-11  8.067556E+01  6.390602E-12  3.892099E-11
  1.158401E+00  3.100000E+02     1  1.235036E-05  7.272877E+01  3.666767E-06  1.179349E-05
  1.158401E+00  3.100000E+02     2  1.473258E-05 -1.074001E+02 -4.405678E-06 -1.405841E-05
  1.158401E+00  3.100000E+02     3  1.363615E-06  4.367110E+01  9.863243E-07  9.416005E-07
  1.158401E+00  3.100000E+02     4  9.194227E-06  6.934657E+01  3.242936E-06  8.603323E-06
  1.158401E+00  3.100000E+02     5  7.797957E-06  6.948816E+01  2.732412E-06  7.303564E-06
  1.158401E+00  3.100000E+02     6  1.529216E-11  8.043547E+01  2.540920E-12  1.507958E-11
  1.158401E+00  3.200000E+02     1  1.473505E-05  7.261618E+01  4.402410E-06  1.406202E-05
  1.158401E+00  3.200000E+02     2  1.234796E-05 -1.072917E+02 -3.670261E-06 -1.178988E-05
  1.158401E+00  3.200000E+02     3  1.360691E-06  4.344010E+01  9.879889E-07  9.356053E-07
  1.158401E+00  3.200000E+02     4  7.801997E-06  6.931288E+01  2.756170E-06  7.298951E-06
  1.158401E+00  3.200000E+02     5  9.187919E-06  6.947593E+01  3.221292E-06  8.604715E-06
  1.158401E+00  3.200000E+02     6  1.553996E-11 -9.912111E+01 -2.463424E-12 -1.534346E-11
  1.158401E+00  3.300000E+02     1  1.667161E-05  7.253381E+01  5.003868E-06  1.590296E-05
  1.158401E+00  3.300000E+02     2  9.593500E-06 -1.071588E+02 -2.830280E-06 -9.166502E-06
  1.158401E+00  3.300000E+02     3  1.327501E-06  4.166983E+01  9.916281E-07  8.825722E-07
  1.158401E+00  3.300000E+02     4  6.159991E-06  6.937430E+01  2.169928E-06  5.765145E-06
  1.158401E+00  3.300000E+02     5  1.032141E-05  6.950527E+01  3.613746E-06  9.668112E-06
  1.158401E+00  3.300000E+02     6  3.956452E-11 -9.914357E+01 -6.287154E-12 -3.906178E-11
  1.158401E+00  3.400000E+02     1  1.809714E-05  7.247944E+01  5.448110E-06  1.725760E-05
  1.158401E+00  3.400000E+02     2  6.557669E-06 -1.070080E+02 -1.918155E-06 -6.270862E-06
  1.158401E+00  3.400000E+02     3  1.282109E-06  3.902538E+01  9.960281E-07  8.072986E-07
  1.158401E+00  3.400000E+02     4  4.284372E-06  6.957810E+01  1.494947E-06  4.015094E-06
  1.158401E+00  3.400000E+02     5  1.117168E-05  6.957537E+01  3.898635E-06  1.046934E-05
  1.158401E+00  3.400000E+02     6  4.570120E-11 -9.899213E+01 -7.143040E-12 -4.513952E-11
  1.158401E+00  3.500000E+02     1  1.896786E-05  7.244730E+01  5.720384E-06  1.808472E-05
  1.158401E+00  3.500000E+02     2  3.333318E-06 -1.068027E+02 -9.635858E-07 -3.191004E-06
  1.158401E+00  3.500000E+02     3  1.247705E-06  3.673686E+01  9.998996E-07  7.463034E-07
  1.158401E+00  3.500000E+02     4  2.215718E-06  7.021677E+01  7.499375E-07  2.084946E-06
  1.158401E+00  3.500000E+02     5  1.170336E-05  6.966618E+01  4.066790E-06  1.097405E-05
  1.158401E+00  3.500000E+02     6  3.019483E-11 -9.881350E+01 -4.626411E-12 -2.983830E-11
