  6.344823E+00  0.000000E+00     1  2.666234E-01  9.022042E+01 -1.025728E-03  2.666214E-01
  6.344823E+00  0.000000E+00     2  5.923973E-03 -1.658307E+02 -5.743746E-03 -1.450117E-03
  6.344823E+00  0.000000E+00     3  2.748262E+00  7.826328E-01  2.748006E+00  3.753877E-02
  6.344823E+00  0.000000E+00     4  4.070314E-03 -1.660013E+02 -3.949431E-03 -9.846058E-04
  6.344823E+00  0.000000E+00     5  3.545226E-02  8.858241E+01  8.770589E-04  3.544141E-02
  6.344823E+00  0.000000E+00     6  7.972118E-08  2.072569E+00  7.966903E-08  2.883137E-09
  6.344823E+00  1.000000E+01     1  2.622755E-01  9.022337E+01 -1.022495E-03  2.622735E-01
  6.344823E+00  1.000000E+01     2  4.518481E-02  9.726056E+01 -5.710535E-03  4.482250E-02
  6.344823E+00  1.000000E+01     3  2.748241E+00  7.846591E-01  2.747983E+00  3.763567E-02
  6.344823E+00  1.000000E+01     4  8.176027E-03 -1.189300E+02 -3.955076E-03 -7.155752E-03
  6.344823E+00  1.000000E+01     5  3.511471E-02  8.857681E+01  8.721400E-04  3.510388E-02
  6.344823E+00  1.000000E+01     6  7.966024E-08  2.149447E+00  7.960419E-08  2.987747E-09
  6.344823E+00  2.000000E+01     1  2.499583E-01  9.023535E+01 -1.026747E-03  2.499562E-01
  6.344823E+00  2.000000E+01     2  8.991050E-02  9.362064E+01 -5.677853E-03  8.973104E-02
  6.344823E+00  2.000000E+01     3  2.748221E+00  7.865644E-01  2.747962E+00  3.772677E-02
  6.344823E+00  2.000000E+01     4  1.369621E-02 -1.068070E+02 -3.960250E-03 -1.311116E-02
  6.344823E+00  2.000000E+01     5  3.371096E-02  8.852549E+01  8.674596E-04  3.369980E-02
  6.344823E+00  2.000000E+01     6  7.960457E-08  2.184747E+00  7.954671E-08  3.034668E-09
  6.344823E+00  3.000000E+01     1  2.300460E-01  9.025873E+01 -1.038815E-03  2.300437E-01
  6.344823E+00  3.000000E+01     2  1.320316E-01  9.245113E+01 -5.646636E-03  1.319108E-01
  6.344823E+00  3.000000E+01     3  2.748205E+00  7.882910E-01  2.747945E+00  3.780936E-02
  6.344823E+00  3.000000E+01     4  1.908638E-02 -1.019892E+02 -3.964757E-03 -1.867005E-02
  6.344823E+00  3.000000E+01     5  3.128394E-02  8.841836E+01  8.634778E-04  3.127202E-02
  6.344823E+00  3.000000E+01     6  7.956218E-08  2.177108E+00  7.950475E-08  3.022453E-09
  6.344823E+00  4.000000E+01     1  2.031435E-01  9.029857E+01 -1.058597E-03  2.031408E-01
  6.344823E+00  4.000000E+01     2  1.701728E-01  9.189182E+01 -5.617821E-03  1.700801E-01
  6.344823E+00  4.000000E+01     3  2.748194E+00  7.897860E-01  2.747933E+00  3.788091E-02
  6.344823E+00  4.000000E+01     4  2.399408E-02 -9.952007E+01 -3.968453E-03 -2.366363E-02
  6.344823E+00  4.000000E+01     5  2.790780E-02  8.823309E+01  8.604968E-04  2.789453E-02
  6.344823E+00  4.000000E+01     6  7.953769E-08  2.126592E+00  7.948291E-08  2.951445E-09
  6.344823E+00  5.000000E+01     1  1.700682E-01  9.036571E+01 -1.085524E-03  1.700647E-01
  6.344823E+00  5.000000E+01     2  2.031559E-01  9.157739E+01 -5.592322E-03  2.030790E-01
  6.344823E+00  5.000000E+01     3  2.748190E+00  7.910038E-01  2.747928E+00  3.793926E-02
  6.344823E+00  5.000000E+01     4  2.822101E-02 -9.808949E+01 -3.971252E-03 -2.794020E-02
  6.344823E+00  5.000000E+01     5  2.368570E-02  8.792252E+01  8.586302E-04  2.367013E-02
  6.344823E+00  5.000000E+01     6  7.953207E-08  2.034709E+00  7.948193E-08  2.823779E-09
  6.344823E+00  6.000000E+01     1  1.318252E-01  9.048618E+01 -1.118577E-03  1.318205E-01
  6.344823E+00  6.000000E+01     2  2.299724E-01  9.138811E+01 -5.570998E-03  2.299049E-01
  6.344823E+00  6.000000E+01     3  2.748194E+00  7.919064E-01  2.747931E+00  3.798261E-02
  6.344823E+00  6.000000E+01     4  3.162036E-02 -9.721835E+01 -3.973127E-03 -3.136976E-02
  6.344823E+00  6.000000E+01     5  1.874692E-02  8.737742E+01  8.577963E-04  1.872728E-02
  6.344823E+00  6.000000E+01     6  7.954338E-08  1.904357E+00  7.949945E-08  2.643320E-09
  6.344823E+00  7.000000E+01     1  8.957760E-02  9.073964E+01 -1.156342E-03  8.957014E-02
  6.344823E+00  7.000000E+01     2  2.498045E-01  9.127413E+01 -5.554615E-03  2.497428E-01
  6.344823E+00  7.000000E+01     3  2.748204E+00  7.924659E-01  2.747942E+00  3.800958E-02
  6.344823E+00  7.000000E+01     4  3.408045E-02 -9.669646E+01 -3.974101E-03 -3.384795E-02
  6.344823E+00  7.000000E+01     5  1.324398E-02  8.628667E+01  8.577381E-04  1.321617E-02
  6.344823E+00  7.000000E+01     6  7.956814E-08  1.739668E+00  7.953147E-08  2.415551E-09
  6.344823E+00  8.000000E+01     1  4.461359E-02  9.153758E+01 -1.197098E-03  4.459753E-02
  6.344823E+00  8.000000E+01     2  2.620487E-01  9.121222E+01 -5.543808E-03  2.619901E-01
  6.344823E+00  8.000000E+01     3  2.748221E+00  7.926647E-01  2.747958E+00  3.801935E-02
  6.344823E+00  8.000000E+01     4  3.552232E-02 -9.642370E+01 -3.974239E-03 -3.529930E-02
  6.344823E+00  8.000000E+01     5  7.354367E-03  8.329980E+01  8.580643E-04  7.304138E-03
  6.344823E+00  8.000000E+01     6  7.960267E-08  1.545830E+00  7.957369E-08  2.147405E-09
  6.344823E+00  9.000000E+01     1  2.128422E-03 -1.255981E+02 -1.238946E-03 -1.730662E-03
  6.344823E+00  9.000000E+01     2  2.663324E-01  9.119169E+01 -5.539045E-03  2.662748E-01
  6.344823E+00  9.000000E+01     3  2.748241E+00  7.924967E-01  2.747978E+00  3.801157E-02
  6.344823E+00  9.000000E+01     4  3.590013E-02 -9.635484E+01 -3.973630E-03 -3.567954E-02
  6.344823E+00  9.000000E+01     5  1.451576E-03  5.375107E+01  8.583091E-04  1.170632E-03
  6.344823E+00  9.000000E+01     6  7.964369E-08  1.328892E+00  7.962227E-08  1.847053E-09
  6.344823E+00  1.000000E+02     1  4.802364E-02 -9.152724E+01 -1.279939E-03 -4.800658E-02
  6.344823E+00  1.000000E+02     2  2.625254E-01  9.120932E+01 -5.540597E-03  2.624670E-01
  6.344823E+00  1.000000E+02     3  2.748262E+00  7.919672E-01  2.748000E+00  3.798647E-02
  6.344823E+00  1.000000E+02     4  3.520185E-02 -9.647939E+01 -3.972379E-03 -3.497700E-02
  6.344823E+00  1.000000E+02     5  5.071307E-03 -8.025942E+01  8.580013E-04 -4.998199E-03
  6.344823E+00  1.000000E+02     6  7.968819E-08  1.095568E+00  7.967363E-08  1.523647E-09
  6.344823E+00  1.100000E+02     1  9.283337E-02 -9.081362E+01 -1.318227E-03 -9.282401E-02
  6.344823E+00  1.100000E+02     2  2.507436E-01  9.126796E+01 -5.548511E-03  2.506822E-01
  6.344823E+00  1.100000E+02     3  2.748282E+00  7.910929E-01  2.748020E+00  3.794481E-02
  6.344823E+00  1.100000E+02     4  3.344949E-02 -9.681731E+01 -3.970586E-03 -3.321299E-02
  6.344823E+00  1.100000E+02     5  1.104837E-02 -8.555260E+01  8.567338E-04 -1.101510E-02
  6.344823E+00  1.100000E+02     6  7.973270E-08  8.530339E-01  7.972386E-08  1.187036E-09
  6.344823E+00  1.200000E+02     1  1.348279E-01 -9.057463E+01 -1.352184E-03 -1.348211E-01
  6.344823E+00  1.200000E+02     2  2.313456E-01  9.137778E+01 -5.562603E-03  2.312787E-01
  6.344823E+00  1.200000E+02     3  2.748299E+00  7.899011E-01  2.748038E+00  3.788788E-02
  6.344823E+00  1.200000E+02     4  3.069875E-02 -9.742725E+01 -3.968344E-03 -3.044118E-02
  6.344823E+00  1.200000E+02     5  1.671920E-02 -8.707133E+01  8.542272E-04 -1.669736E-02
  6.344823E+00  1.200000E+02     6  7.977260E-08  6.086917E-01  7.976810E-08  8.474622E-10
  6.344823E+00  1.300000E+02     1  1.727274E-01 -9.045794E+01 -1.380516E-03 -1.727219E-01
  6.344823E+00  1.300000E+02     2  2.049220E-01  9.156104E+01 -5.582451E-03  2.048459E-01
  6.344823E+00  1.300000E+02     3  2.748309E+00  7.884287E-01  2.748049E+00  3.781740E-02
  6.344823E+00  1.300000E+02     4  2.703834E-02 -9.843402E+01 -3.965725E-03 -2.674593E-02
  6.344823E+00  1.300000E+02     5  2.188884E-02 -8.777351E+01  8.503759E-04 -2.187232E-02
  6.344823E+00  1.300000E+02     6  7.980222E-08  3.699320E-01  7.980055E-08  5.152419E-10
  6.344823E+00  1.400000E+02     1  2.053797E-01 -9.039122E+01 -1.402327E-03 -2.053749E-01
  6.344823E+00  1.400000E+02     2  1.722781E-01  9.186523E+01 -5.607415E-03  1.721868E-01
  6.344823E+00  1.400000E+02     3  2.748313E+00  7.867211E-01  2.748054E+00  3.773555E-02
  6.344823E+00  1.400000E+02     4  2.259000E-02 -1.001032E+02 -3.962782E-03 -2.223970E-02
  6.344823E+00  1.400000E+02     5  2.639617E-02 -8.816493E+01  8.452736E-04 -2.638263E-02
  6.344823E+00  1.400000E+02     6  7.981564E-08  1.438983E-01  7.981538E-08  2.004567E-10
  6.344823E+00  1.500000E+02     1  2.317924E-01 -9.035030E+01 -1.417156E-03 -2.317881E-01
  6.344823E+00  1.500000E+02     2  1.344118E-01  9.240344E+01 -5.636653E-03  1.342935E-01
  6.344823E+00  1.500000E+02     3  2.748309E+00  7.848303E-01  2.748051E+00  3.764481E-02
  6.344823E+00  1.500000E+02     4  1.751307E-02 -1.030670E+02 -3.959548E-03 -1.705959E-02
  6.344823E+00  1.500000E+02     5  3.010276E-02 -8.840248E+01  8.392133E-04 -3.009106E-02
  6.344823E+00  1.500000E+02     6  7.980837E-08 -6.271143E-02  7.980832E-08 -8.735191E-11
  6.344823E+00  1.600000E+02     1  2.511632E-01 -9.032507E+01 -1.424965E-03 -2.511592E-01
  6.344823E+00  1.600000E+02     2  9.249126E-02  9.351409E+01 -5.669164E-03  9.231735E-02
  6.344823E+00  1.600000E+02     3  2.748298E+00  7.828137E-01  2.748042E+00  3.754794E-02
  6.344823E+00  1.600000E+02     4  1.203205E-02 -1.091955E+02 -3.956042E-03 -1.136310E-02
  6.344823E+00  1.600000E+02     5  3.289526E-02 -8.854954E+01  8.326621E-04 -3.288472E-02
  6.344823E+00  1.600000E+02     6  7.977905E-08 -2.437986E-01  7.977832E-08 -3.394659E-10
  6.344823E+00  1.700000E+02     1  2.629036E-01 -9.031080E+01 -1.426087E-03 -2.628997E-01
  6.344823E+00  1.700000E+02     2  4.787460E-02  9.684253E+01 -5.703824E-03  4.753360E-02
  6.344823E+00  1.700000E+02     3  2.748282E+00  7.807320E-01  2.748027E+00  3.744787E-02
  6.344823E+00  1.700000E+02     4  6.630128E-03 -1.265918E+02 -3.952282E-03 -5.323351E-03
  6.344823E+00  1.700000E+02     5  3.468839E-02 -8.863519E+01  8.262122E-04 -3.467855E-02
  6.344823E+00  1.700000E+02     6  7.973048E-08 -3.939843E-01  7.972859E-08 -5.482482E-10
  6.344823E+00  1.800000E+02     1  2.666568E-01 -9.030536E+01 -1.421152E-03 -2.666530E-01
  6.344823E+00  1.800000E+02     2  5.885497E-03  1.672089E+02 -5.739443E-03  1.303027E-03
  6.344823E+00  1.800000E+02     3  2.748261E+00  7.786477E-01  2.748008E+00  3.734763E-02
  6.344823E+00  1.800000E+02     4  4.044343E-03  1.674876E+02 -3.948286E-03  8.762112E-04
  6.344823E+00  1.800000E+02     5  3.542743E-02 -8.867288E+01  8.205160E-04 -3.541792E-02
  6.344823E+00  1.800000E+02     6  7.966949E-08 -5.087239E-01  7.966635E-08 -7.073687E-10
  6.344823E+00  1.900000E+02     1  2.623089E-01 -9.030820E+01 -1.410984E-03 -2.623051E-01
  6.344823E+00  1.900000E+02     2  4.533886E-02 -9.731764E+01 -5.774811E-03 -4.496959E-02
  6.344823E+00  1.900000E+02     3  2.748240E+00  7.766234E-01  2.747987E+00  3.725025E-02
  6.344823E+00  1.900000E+02     4  8.075959E-03  1.192338E+02 -3.944092E-03  7.047358E-03
  6.344823E+00  1.900000E+02     5  3.508988E-02 -8.866715E+01  8.162108E-04 -3.508039E-02
  6.344823E+00  1.900000E+02     6  7.960557E-08 -5.844384E-01  7.960143E-08 -8.119925E-10
  6.344823E+00  2.000000E+02     1  2.499917E-01 -9.032007E+01 -1.396497E-03 -2.499878E-01
  6.344823E+00  2.000000E+02     2  9.006564E-02 -9.369784E+01 -5.808756E-03 -8.987813E-02
  6.344823E+00  2.000000E+02     3  2.748219E+00  7.747200E-01  2.747968E+00  3.715868E-02
  6.344823E+00  2.000000E+02     4  1.358652E-02  1.068565E+02 -3.939760E-03  1.300277E-02
  6.344823E+00  2.000000E+02     5  3.368614E-02 -8.861562E+01  8.138438E-04 -3.367631E-02
  6.344823E+00  2.000000E+02     6  7.954859E-08 -6.186640E-01  7.954395E-08 -8.589270E-10
  6.344823E+00  2.100000E+02     1  2.300795E-01 -9.034331E+01 -1.378593E-03 -2.300753E-01
  6.344823E+00  2.100000E+02     2  1.321870E-01 -9.253222E+01 -5.840188E-03 -1.320579E-01
  6.344823E+00  2.100000E+02     3  2.748202E+00  7.729950E-01  2.747952E+00  3.707572E-02
  6.344823E+00  2.100000E+02     4  1.897425E-02  1.019704E+02 -3.935383E-03  1.856165E-02
  6.344823E+00  2.100000E+02     5  3.125913E-02 -8.850819E+01  8.138045E-04 -3.124853E-02
  6.344823E+00  2.100000E+02     6  7.950658E-08 -6.101952E-01  7.950207E-08 -8.467223E-10
  6.344823E+00  2.200000E+02     1  2.031769E-01 -9.038298E+01 -1.358078E-03 -2.031724E-01
  6.344823E+00  2.200000E+02     2  1.703283E-01 -9.197434E+01 -5.868140E-03 -1.702271E-01
  6.344823E+00  2.200000E+02     3  2.748191E+00  7.715009E-01  2.747942E+00  3.700391E-02
  6.344823E+00  2.200000E+02     4  2.388101E-02  9.947467E+01 -3.931088E-03  2.355523E-02
  6.344823E+00  2.200000E+02     5  2.788299E-02 -8.832242E+01  8.162754E-04 -2.787104E-02
  6.344823E+00  2.200000E+02     6  7.948418E-08 -5.591839E-01  7.948040E-08 -7.757216E-10
  6.344823E+00  2.300000E+02     1  1.701016E-01 -9.044988E+01 -1.335608E-03 -1.700964E-01
  6.344823E+00  2.300000E+02     2  2.033114E-01 -9.166062E+01 -5.891802E-03 -2.032260E-01
  6.344823E+00  2.300000E+02     3  2.748187E+00  7.702835E-01  2.747939E+00  3.694547E-02
  6.344823E+00  2.300000E+02     4  2.810749E-02  9.803134E+01 -3.927031E-03  2.783181E-02
  6.344823E+00  2.300000E+02     5  2.366090E-02 -8.801102E+01  8.212041E-04 -2.364664E-02
  6.344823E+00  2.300000E+02     6  7.948230E-08 -4.671657E-01  7.947966E-08 -6.480581E-10
  6.344823E+00  2.400000E+02     1  1.318586E-01 -9.056996E+01 -1.311665E-03 -1.318521E-01
  6.344823E+00  2.400000E+02     2  2.301279E-01 -9.147173E+01 -5.910538E-03 -2.300520E-01
  6.344823E+00  2.400000E+02     3  2.748191E+00  7.693806E-01  2.747943E+00  3.690221E-02
  6.344823E+00  2.400000E+02     4  3.150660E-02  9.715339E+01 -3.923394E-03  3.126136E-02
  6.344823E+00  2.400000E+02     5  1.872213E-02 -8.746430E+01  8.283028E-04 -1.870379E-02
  6.344823E+00  2.400000E+02     6  7.949886E-08 -3.370045E-01  7.949749E-08 -4.675968E-10
  6.344823E+00  2.500000E+02     1  8.961098E-02 -9.082264E+01 -1.286565E-03 -8.960174E-02
  6.344823E+00  2.500000E+02     2  2.499601E-01 -9.135800E+01 -5.923898E-03 -2.498899E-01
  6.344823E+00  2.500000E+02     3  2.748201E+00  7.688201E-01  2.747954E+00  3.687547E-02
  6.344823E+00  2.500000E+02     4  3.396656E-02  9.662776E+01 -3.920367E-03  3.373956E-02
  6.344823E+00  2.500000E+02     5  1.321921E-02 -8.636946E+01  8.370729E-04 -1.319268E-02
  6.344823E+00  2.500000E+02     6  7.953024E-08 -1.727737E-01  7.952988E-08 -2.398207E-10
  6.344823E+00  2.600000E+02     1  4.464692E-02 -9.161783E+01 -1.260500E-03 -4.462912E-02
  6.344823E+00  2.600000E+02     2  2.622043E-01 -9.129626E+01 -5.931614E-03 -2.621372E-01
  6.344823E+00  2.600000E+02     3  2.748217E+00  7.686198E-01  2.747970E+00  3.686608E-02
  6.344823E+00  2.600000E+02     4  3.540836E-02  9.635311E+01 -3.918136E-03  3.519091E-02
  6.344823E+00  2.600000E+02     5  7.329733E-03 -8.336540E+01  8.468553E-04 -7.280647E-03
  6.344823E+00  2.600000E+02     6  7.957253E-08  2.040298E-02  7.957253E-08  2.833572E-11
  6.344823E+00  2.700000E+02     1  2.099676E-03  1.259811E+02 -1.233599E-03  1.699080E-03
  6.344823E+00  2.700000E+02     2  2.664880E-01 -9.127585E+01 -5.933591E-03 -2.664219E-01
  6.344823E+00  2.700000E+02     3  2.748237E+00  7.687860E-01  2.747990E+00  3.687432E-02
  6.344823E+00  2.700000E+02     4  3.578615E-02  9.628372E+01 -3.916864E-03  3.557115E-02
  6.344823E+00  2.700000E+02     5  1.431852E-03 -5.324079E+01  8.568968E-04 -1.147139E-03
  6.344823E+00  2.700000E+02     6  7.962223E-08  2.365323E-01  7.962155E-08  3.287010E-10
  6.344823E+00  2.800000E+02     1  4.799017E-02  9.144001E+01 -1.206006E-03  4.797501E-02
  6.344823E+00  2.800000E+02     2  2.626810E-01 -9.129353E+01 -5.929895E-03 -2.626141E-01
  6.344823E+00  2.800000E+02     3  2.748259E+00  7.693134E-01  2.748011E+00  3.689991E-02
  6.344823E+00  2.800000E+02     4  3.508789E-02  9.640898E+01 -3.916673E-03  3.486860E-02
  6.344823E+00  2.800000E+02     5  5.095890E-03  8.021073E+01  8.664284E-04  5.021693E-03
  6.344823E+00  2.800000E+02     6  7.967606E-08  4.689515E-01  7.967339E-08  6.521211E-10
  6.344823E+00  2.900000E+02     1  9.279992E-02  9.072730E+01 -1.177956E-03  9.279245E-02
  6.344823E+00  2.900000E+02     2  2.508992E-01 -9.135219E+01 -5.920734E-03 -2.508293E-01
  6.344823E+00  2.900000E+02     3  2.748279E+00  7.701859E-01  2.748031E+00  3.694203E-02
  6.344823E+00  2.900000E+02     4  3.333560E-02  9.674906E+01 -3.917635E-03  3.310459E-02
  6.344823E+00  2.900000E+02     5  1.107320E-02  8.546911E+01  8.747445E-04  1.103860E-02
  6.344823E+00  2.900000E+02     6  7.973023E-08  7.105506E-01  7.972410E-08  9.887449E-10
  6.344823E+00  3.000000E+02     1  1.347945E-01  9.048876E+01 -1.149837E-03  1.347896E-01
  6.344823E+00  3.000000E+02     2  2.315012E-01 -9.146198E+01 -5.906441E-03 -2.314258E-01
  6.344823E+00  3.000000E+02     3  2.748296E+00  7.713762E-01  2.748047E+00  3.699934E-02
  6.344823E+00  3.000000E+02     4  3.058500E-02  9.736325E+01 -3.919756E-03  3.033278E-02
  6.344823E+00  3.000000E+02     5  1.674406E-02  8.698301E+01  8.812743E-04  1.672086E-02
  6.344823E+00  3.000000E+02     6  7.977988E-08  9.540153E-01  7.976882E-08  1.328330E-09
  6.344823E+00  3.100000E+02     1  1.726940E-01  9.037234E+01 -1.122242E-03  1.726903E-01
  6.344823E+00  3.100000E+02     2  2.050775E-01 -9.164510E+01 -5.887458E-03 -2.049930E-01
  6.344823E+00  3.100000E+02     3  2.748307E+00  7.728475E-01  2.748057E+00  3.707006E-02
  6.344823E+00  3.100000E+02     4  2.692486E-02  9.837787E+01 -3.922977E-03  2.663753E-02
  6.344823E+00  3.100000E+02     5  2.191372E-02  8.768377E+01  8.856378E-04  2.189581E-02
  6.344823E+00  3.100000E+02     6  7.981900E-08  1.192069E+00  7.980173E-08  1.660557E-09
  6.344823E+00  3.200000E+02     1  2.053462E-01  9.030580E+01 -1.095975E-03  2.053433E-01
  6.344823E+00  3.200000E+02     2  1.724336E-01 -9.194896E+01 -5.864323E-03 -1.723339E-01
  6.344823E+00  3.200000E+02     3  2.748311E+00  7.745548E-01  2.748060E+00  3.715200E-02
  6.344823E+00  3.200000E+02     4  2.247704E-02  1.000623E+02 -3.927172E-03  2.213131E-02
  6.344823E+00  3.200000E+02     5  2.642104E-02  8.807465E+01  8.876790E-04  2.640612E-02
  6.344823E+00  3.200000E+02     6  7.984141E-08  1.417691E+00  7.981697E-08  1.975345E-09
  6.344823E+00  3.300000E+02     1  2.317590E-01  9.026503E+01 -1.072035E-03  2.317565E-01
  6.344823E+00  3.300000E+02     2  1.345673E-01 -9.248632E+01 -5.837656E-03 -1.344406E-01
  6.344823E+00  3.300000E+02     3  2.748308E+00  7.764459E-01  2.748056E+00  3.724266E-02
  6.344823E+00  3.300000E+02     4  1.740129E-02  1.030599E+02 -3.932157E-03  1.695119E-02
  6.344823E+00  3.300000E+02     5  3.012763E-02  8.831199E+01  8.874739E-04  3.011456E-02
  6.344823E+00  3.300000E+02     6  7.984236E-08  1.624281E+00  7.981028E-08  2.263151E-09
  6.344823E+00  3.400000E+02     1  2.511298E-01  9.023992E+01 -1.051559E-03  2.511276E-01
  6.344823E+00  3.400000E+02     2  9.264669E-02 -9.359431E+01 -5.808152E-03 -9.246445E-02
  6.344823E+00  3.400000E+02     3  2.748298E+00  7.784635E-01  2.748044E+00  3.733929E-02
  6.344823E+00  3.400000E+02     4  1.192367E-02  1.092835E+02 -3.937704E-03  1.125470E-02
  6.344823E+00  3.400000E+02     5  3.292012E-02  8.845898E+01  8.853115E-04  3.290822E-02
  6.344823E+00  3.400000E+02     6  7.982024E-08  1.805777E+00  7.978060E-08  2.515259E-09
  6.344823E+00  3.500000E+02     1  2.628702E-01  9.022575E+01 -1.035742E-03  2.628681E-01
  6.344823E+00  3.500000E+02     2  4.802934E-02 -9.690779E+01 -5.776575E-03 -4.768069E-02
  6.344823E+00  3.500000E+02     3  2.748282E+00  7.805467E-01  2.748027E+00  3.743899E-02
  6.344823E+00  3.500000E+02     4  6.538147E-03  1.270966E+02 -3.943552E-03  5.214956E-03
  6.344823E+00  3.500000E+02     5  3.471324E-02  8.854464E+01  8.816506E-04  3.470204E-02
  6.344823E+00  3.500000E+02     6  7.977762E-08  1.956761E+00  7.973110E-08  2.724030E-09
  4.486468E+00  0.000000E+00     1  4.517965E-01  8.991986E+01  6.319114E-04  4.517961E-01
  4.486468E+00  0.000000E+00     2  5.738759E-03 -1.543963E+02 -5.175238E-03 -2.479973E-03
  4.486468E+00  0.000000E+00     3  2.389107E+00  2.572428E+00  2.386699E+00  1.072285E-01
  4.486468E+00  0.000000E+00     4  3.868879E-03 -1.544538E+02 -3.490650E-03 -1.668409E-03
  4.486468E+00  0.000000E+00     5  5.249073E-02  8.895282E+01  9.593034E-04  5.248197E-02
  4.486468E+00  0.000000E+00     6  7.063757E-08  4.929874E+00  7.037625E-08  6.070338E-09
  4.486468E+00  1.000000E+01     1  4.444441E-01  8.991997E+01  6.208225E-04  4.444436E-01
  4.486468E+00  1.000000E+01     2  7.609412E-02  9.367753E+01 -4.880744E-03  7.593743E-02
  4.486468E+00  1.000000E+01     3  2.389050E+00  2.576192E+00  2.386635E+00  1.073827E-01
  4.486468E+00  1.000000E+01     4  1.136524E-02 -1.081007E+02 -3.531042E-03 -1.080280E-02
  4.486468E+00  1.000000E+01     5  5.201762E-02  8.896001E+01  9.441325E-04  5.200905E-02
  4.486468E+00  1.000000E+01     6  7.043435E-08  5.082656E+00  7.015740E-08  6.239975E-09
  4.486468E+00  2.000000E+01     1  4.235871E-01  8.992506E+01  5.540315E-04  4.235868E-01
  4.486468E+00  2.000000E+01     2  1.521108E-01  9.173049E+01 -4.593456E-03  1.520415E-01
  4.486468E+00  2.000000E+01     3  2.388996E+00  2.579735E+00  2.386575E+00  1.075279E-01
  4.486468E+00  2.000000E+01     4  1.993609E-02 -1.003136E+02 -3.569276E-03 -1.961397E-02
  4.486468E+00  2.000000E+01     5  4.996405E-02  8.893877E+01  9.253748E-04  4.995548E-02
  4.486468E+00  2.000000E+01     6  7.026152E-08  5.157693E+00  6.997703E-08  6.316314E-09
  4.486468E+00  3.000000E+01     1  3.898585E-01  8.993647E+01  4.322530E-04  3.898583E-01
  4.486468E+00  3.000000E+01     2  2.235607E-01  9.110773E+01 -4.321933E-03  2.235189E-01
  4.486468E+00  3.000000E+01     3  2.388952E+00  2.582950E+00  2.386525E+00  1.076599E-01
  4.486468E+00  3.000000E+01     4  2.806740E-02 -9.737760E+01 -3.604076E-03 -2.783505E-02
  4.486468E+00  3.000000E+01     5  4.639337E-02  8.888289E+01  9.044872E-04  4.638456E-02
  4.486468E+00  3.000000E+01     6  7.015055E-08  5.149974E+00  6.986736E-08  6.296925E-09
  4.486468E+00  4.000000E+01     1  3.442820E-01  8.995699E+01  2.584358E-04  3.442819E-01
  4.486468E+00  4.000000E+01     2  2.882261E-01  9.080996E+01 -4.074388E-03  2.881973E-01
  4.486468E+00  4.000000E+01     3  2.388924E+00  2.585738E+00  2.386492E+00  1.077747E-01
  4.486468E+00  4.000000E+01     4  3.540384E-02 -9.589204E+01 -3.634358E-03 -3.521680E-02
  4.486468E+00  4.000000E+01     5  4.141525E-02  8.877886E+01  8.826098E-04  4.140585E-02
  4.486468E+00  4.000000E+01     6  7.011089E-08  5.058822E+00  6.983778E-08  6.182267E-09
  4.486468E+00  5.000000E+01     1  2.882419E-01  8.999249E+01  3.776413E-05  2.882419E-01
  4.486468E+00  5.000000E+01     2  3.441327E-01  9.064242E+01 -3.858454E-03  3.441111E-01
  4.486468E+00  5.000000E+01     3  2.388914E+00  2.588010E+00  2.386478E+00  1.078689E-01
  4.486468E+00  5.000000E+01     4  4.169595E-02 -9.503481E+01 -3.659275E-03 -4.153507E-02
  4.486468E+00  5.000000E+01     5  3.518206E-02  8.859854E+01  8.604710E-04  3.517154E-02
  4.486468E+00  5.000000E+01     6  7.013058E-08  4.888007E+00  6.987552E-08  5.975712E-09
  4.486468E+00  6.000000E+01     1  2.234406E-01  9.005705E+01 -2.224885E-04  2.234405E-01
  4.486468E+00  6.000000E+01     2  3.895788E-01  9.054137E+01 -3.680931E-03  3.895614E-01
  4.486468E+00  6.000000E+01     3  2.388925E+00  2.589694E+00  2.386485E+00  1.079395E-01
  4.486468E+00  6.000000E+01     4  4.674248E-02 -9.451335E+01 -3.678233E-03 -4.659753E-02
  4.486468E+00  6.000000E+01     5  2.788418E-02  8.827710E+01  8.383581E-04  2.787158E-02
  4.486468E+00  6.000000E+01     6  7.018530E-08  4.644786E+00  6.995481E-08  5.683468E-09
  4.486468E+00  7.000000E+01     1  1.518478E-01  9.019366E+01 -5.132486E-04  1.518469E-01
  4.486468E+00  7.000000E+01     2  4.231825E-01  9.048032E+01 -3.547555E-03  4.231676E-01
  4.486468E+00  7.000000E+01     3  2.388955E+00  2.590734E+00  2.386513E+00  1.079842E-01
  4.486468E+00  7.000000E+01     4  5.038502E-02 -9.420088E+01 -3.690884E-03 -5.024965E-02
  4.486468E+00  7.000000E+01     5  1.974464E-02  8.763097E+01  8.161551E-04  1.972777E-02
  4.486468E+00  7.000000E+01     6  7.025117E-08  4.338503E+00  7.004987E-08  5.314418E-09
  4.486468E+00  8.000000E+01     1  7.564159E-02  9.062421E+01 -8.240591E-04  7.563710E-02
  4.486468E+00  8.000000E+01     2  4.439230E-01  9.044693E+01 -3.462776E-03  4.439095E-01
  4.486468E+00  8.000000E+01     3  2.389000E+00  2.591097E+00  2.386558E+00  1.080013E-01
  4.486468E+00  8.000000E+01     4  5.250988E-02 -9.403742E+01 -3.697111E-03 -5.237956E-02
  4.486468E+00  8.000000E+01     5  1.101563E-02  8.586949E+01  7.934410E-04  1.098702E-02
  4.486468E+00  8.000000E+01     6  7.031510E-08  3.979502E+00  7.014557E-08  4.879839E-09
  4.486468E+00  9.000000E+01     1  3.091735E-03 -1.117086E+02 -1.143592E-03 -2.872459E-03
  4.486468E+00  9.000000E+01     2  4.511706E-01  9.043554E+01 -3.429565E-03  4.511576E-01
  4.486468E+00  9.000000E+01     3  2.389056E+00  2.590772E+00  2.386614E+00  1.079903E-01
  4.486468E+00  9.000000E+01     4  5.305068E-02 -9.399606E+01 -3.696992E-03 -5.292170E-02
  4.486468E+00  9.000000E+01     5  2.062940E-03  6.809453E+01  7.696342E-04  1.913997E-03
  4.486468E+00  9.000000E+01     6  7.037814E-08  3.578765E+00  7.024090E-08  4.393047E-09
  4.486468E+00  1.000000E+02     1  8.130841E-02 -9.102903E+01 -1.460221E-03 -8.129530E-02
  4.486468E+00  1.000000E+02     2  4.447058E-01  9.044441E+01 -3.449285E-03  4.446924E-01
  4.486468E+00  1.000000E+02     3  2.389115E+00  2.589770E+00  2.386674E+00  1.079512E-01
  4.486468E+00  1.000000E+02     4  5.199020E-02 -9.407083E+01 -3.690768E-03 -5.185903E-02
  4.486468E+00  1.000000E+02     5  7.254944E-03 -8.411263E+01  7.441631E-04 -7.216677E-03
  4.486468E+00  1.000000E+02     6  7.045041E-08  3.148124E+00  7.034410E-08  3.868960E-09
  4.486468E+00  1.100000E+02     1  1.572577E-01 -9.064221E+01 -1.762603E-03 -1.572478E-01
  4.486468E+00  1.100000E+02     2  4.247253E-01  9.047507E+01 -3.521598E-03  4.247107E-01
  4.486468E+00  1.100000E+02     3  2.389170E+00  2.588127E+00  2.386733E+00  1.078853E-01
  4.486468E+00  1.100000E+02     4  4.936098E-02 -9.427413E+01 -3.678802E-03 -4.922370E-02
  4.486468E+00  1.100000E+02     5  1.614440E-02 -8.745584E+01  7.166393E-04 -1.612849E-02
  4.486468E+00  1.100000E+02     6  7.054069E-08  2.700558E+00  7.046235E-08  3.323608E-09
  4.486468E+00  1.200000E+02     1  2.284310E-01 -9.051174E+01 -2.040235E-03 -2.284219E-01
  4.486468E+00  1.200000E+02     2  3.918364E-01  9.053291E+01 -3.644454E-03  3.918195E-01
  4.486468E+00  1.200000E+02     3  2.389215E+00  2.585897E+00  2.386782E+00  1.077944E-01
  4.486468E+00  1.200000E+02     4  4.524454E-02 -9.464192E+01 -3.661557E-03 -4.509613E-02
  4.486468E+00  1.200000E+02     5  2.456080E-02 -8.839712E+01  6.870097E-04 -2.455119E-02
  4.486468E+00  1.200000E+02     6  7.064612E-08  2.250055E+00  7.059165E-08  2.773621E-09
  4.486468E+00  1.300000E+02     1  2.926641E-01 -9.044714E+01 -2.283932E-03 -2.926552E-01
  4.486468E+00  1.300000E+02     2  3.470388E-01  9.062972E+01 -3.814140E-03  3.470178E-01
  4.486468E+00  1.300000E+02     3  2.389244E+00  2.583152E+00  2.386816E+00  1.076814E-01
  4.486468E+00  1.300000E+02     4  3.976934E-02 -9.525088E+01 -3.639565E-03 -3.960245E-02
  4.486468E+00  1.300000E+02     5  3.223551E-02 -8.883453E+01  6.556661E-04 -3.222884E-02
  4.486468E+00  1.300000E+02     6  7.074775E-08  1.810911E+00  7.071241E-08  2.235707E-09
  4.486468E+00  1.400000E+02     1  3.480054E-01 -9.040933E+01 -2.486195E-03 -3.479965E-01
  4.486468E+00  1.400000E+02     2  2.916939E-01  9.079071E+01 -4.025392E-03  2.916661E-01
  4.486468E+00  1.400000E+02     3  2.389253E+00  2.579981E+00  2.386831E+00  1.075497E-01
  4.486468E+00  1.400000E+02     4  3.310826E-02 -9.626572E+01 -3.613421E-03 -3.291048E-02
  4.486468E+00  1.400000E+02     5  3.893263E-02 -8.908238E+01  6.234954E-04 -3.892764E-02
  4.486468E+00  1.400000E+02     6  7.081464E-08  1.396751E+00  7.079360E-08  1.726142E-09
  4.486468E+00  1.500000E+02     1  3.927743E-01 -9.038532E+01 -2.641454E-03 -3.927654E-01
  4.486468E+00  1.500000E+02     2  2.274856E-01  9.107592E+01 -4.271570E-03  2.274455E-01
  4.486468E+00  1.500000E+02     3  2.389240E+00  2.576481E+00  2.386825E+00  1.074033E-01
  4.486468E+00  1.500000E+02     4  2.547772E-02 -9.808620E+01 -3.583767E-03 -2.522441E-02
  4.486468E+00  1.500000E+02     5  4.444705E-02 -8.923702E+01  5.918609E-04 -4.444311E-02
  4.486468E+00  1.500000E+02     6  7.081534E-08  1.019744E+00  7.080413E-08  1.260297E-09
  4.486468E+00  1.600000E+02     1  4.256114E-01 -9.036969E+01 -2.746165E-03 -4.256025E-01
  4.486468E+00  1.600000E+02     2  1.563725E-01  9.166550E+01 -4.544882E-03  1.563065E-01
  4.486468E+00  1.600000E+02     3  2.389209E+00  2.572756E+00  2.386800E+00  1.072467E-01
  4.486468E+00  1.600000E+02     4  1.715005E-02 -1.019508E+02 -3.551293E-03 -1.677834E-02
  4.486468E+00  1.600000E+02     5  4.860988E-02 -8.933696E+01  5.625148E-04 -4.860663E-02
  4.486468E+00  1.600000E+02     6  7.073161E-08  6.903346E-01  7.072647E-08  8.521970E-10
  4.486468E+00  1.700000E+02     1  4.455196E-01 -9.035994E+01 -2.798776E-03 -4.455108E-01
  4.486468E+00  1.700000E+02     2  8.055558E-02  9.344218E+01 -4.836652E-03  8.041025E-02
  4.486468E+00  1.700000E+02     3  2.389161E+00  2.568917E+00  2.386760E+00  1.070847E-01
  4.486468E+00  1.700000E+02     4  8.582601E-03 -1.141893E+02 -3.516738E-03 -7.829022E-03
  4.486468E+00  1.700000E+02     5  5.129357E-02 -8.939965E+01  5.374489E-04 -5.129076E-02
  4.486468E+00  1.700000E+02     6  7.056823E-08  4.174369E-01  7.056635E-08  5.141308E-10
  4.486468E+00  1.800000E+02     1  4.518945E-01 -9.035496E+01 -2.799576E-03 -4.518858E-01
  4.486468E+00  1.800000E+02     2  5.536330E-03  1.581227E+02 -5.137625E-03  2.062951E-03
  4.486468E+00  1.800000E+02     3  2.389102E+00  2.565076E+00  2.386709E+00  1.069221E-01
  4.486468E+00  1.800000E+02     4  3.734217E-03  1.587742E+02 -3.480891E-03  1.351951E-03
  4.486468E+00  1.800000E+02     5  5.241599E-02 -8.943300E+01  5.187008E-04 -5.241343E-02
  4.486468E+00  1.800000E+02     6  7.035413E-08  2.087334E-01  7.035367E-08  2.563056E-10
  4.486468E+00  1.900000E+02     1  4.445421E-01 -9.035450E+01 -2.750456E-03 -4.445335E-01
  4.486468E+00  1.900000E+02     2  7.654784E-02 -9.407397E+01 -5.438291E-03 -7.635442E-02
  4.486468E+00  1.900000E+02     3  2.389041E+00  2.561344E+00  2.386654E+00  1.067638E-01
  4.486468E+00  1.900000E+02     4  1.103760E-02  1.081845E+02 -3.444600E-03  1.048634E-02
  4.486468E+00  1.900000E+02     5  5.194302E-02 -8.943949E+01  5.081373E-04 -5.194053E-02
  4.486468E+00  1.900000E+02     6  7.013396E-08  7.071298E-02  7.013391E-08  8.655751E-11
  4.486468E+00  2.000000E+02     1  4.236851E-01 -9.035899E+01 -2.654622E-03 -4.236768E-01
  4.486468E+00  2.000000E+02     2  1.525660E-01 -9.215210E+01 -5.729220E-03 -1.524584E-01
  4.486468E+00  2.000000E+02     3  2.388983E+00  2.557830E+00  2.386602E+00  1.066149E-01
  4.486468E+00  2.000000E+02     4  1.959627E-02  1.000176E+02 -3.408773E-03  1.929752E-02
  4.486468E+00  2.000000E+02     5  4.988955E-02 -8.941745E+01  5.072401E-04 -4.988697E-02
  4.486468E+00  2.000000E+02     6  6.995335E-08  8.283887E-03  6.995335E-08  1.011393E-11
  4.486468E+00  2.100000E+02     1  3.899565E-01 -9.036972E+01 -2.516288E-03 -3.899484E-01
  4.486468E+00  2.100000E+02     2  2.240163E-01 -9.153514E+01 -6.001391E-03 -2.239359E-01
  4.486468E+00  2.100000E+02     3  2.388935E+00  2.554639E+00  2.386561E+00  1.064798E-01
  4.486468E+00  2.100000E+02     4  2.772471E-02  9.699082E+01 -3.374382E-03  2.751860E-02
  4.486468E+00  2.100000E+02     5  4.631895E-02 -8.936056E+01  5.169215E-04 -4.631606E-02
  4.486468E+00  2.100000E+02     6  6.984421E-08  2.413196E-02  6.984421E-08  2.941713E-11
  4.486468E+00  2.200000E+02     1  3.443800E-01 -9.038938E+01 -2.340395E-03 -3.443721E-01
  4.486468E+00  2.200000E+02     2  2.886819E-01 -9.123986E+01 -6.246491E-03 -2.886143E-01
  4.486468E+00  2.200000E+02     3  2.388903E+00  2.551867E+00  2.386534E+00  1.063629E-01
  4.486468E+00  2.200000E+02     4  3.506005E-02  9.547060E+01 -3.342446E-03  3.490036E-02
  4.486468E+00  2.200000E+02     5  4.134085E-02 -8.925519E+01  5.373898E-04 -4.133736E-02
  4.486468E+00  2.200000E+02     6  6.981601E-08  1.181913E-01  6.981586E-08  1.440183E-10
  4.486468E+00  2.300000E+02     1  2.883398E-01 -9.042373E+01 -2.132375E-03 -2.883320E-01
  4.486468E+00  2.300000E+02     2  3.445886E-01 -9.107372E+01 -6.457181E-03 -3.445281E-01
  4.486468E+00  2.300000E+02     3  2.388891E+00  2.549600E+00  2.386526E+00  1.062680E-01
  4.486468E+00  2.300000E+02     4  4.135164E-02  9.459674E+01 -3.314010E-03  4.121863E-02
  4.486468E+00  2.300000E+02     5  3.510764E-02 -8.907284E+01  5.680838E-04 -3.510304E-02
  4.486468E+00  2.300000E+02     6  6.985637E-08  2.875233E-01  6.985549E-08  3.505538E-10
  4.486468E+00  2.400000E+02     1  2.235385E-01 -9.048648E+01 -1.897972E-03 -2.235305E-01
  4.486468E+00  2.400000E+02     2  3.900347E-01 -9.097359E+01 -6.627303E-03 -3.899784E-01
  4.486468E+00  2.400000E+02     3  2.388899E+00  2.547912E+00  2.386538E+00  1.061980E-01
  4.486468E+00  2.400000E+02     4  4.639789E-02  9.406629E+01 -3.290102E-03  4.628109E-02
  4.486468E+00  2.400000E+02     5  2.780971E-02 -8.874790E+01  6.076828E-04 -2.780307E-02
  4.486468E+00  2.400000E+02     6  6.994024E-08  5.266084E-01  6.993729E-08  6.428153E-10
  4.486468E+00  2.500000E+02     1  1.519456E-01 -9.061961E+01 -1.643143E-03 -1.519367E-01
  4.486468E+00  2.500000E+02     2  4.236385E-01 -9.091323E+01 -6.752040E-03 -4.235847E-01
  4.486468E+00  2.500000E+02     3  2.388928E+00  2.546857E+00  2.386568E+00  1.061553E-01
  4.486468E+00  2.500000E+02     4  5.004028E-02  9.374873E+01 -3.271681E-03  4.993322E-02
  4.486468E+00  2.500000E+02     5  1.967012E-02 -8.809409E+01  6.541945E-04 -1.965924E-02
  4.486468E+00  2.500000E+02     6  7.004269E-08  8.277919E-01  7.003538E-08  1.011920E-09
  4.486468E+00  2.600000E+02     1  7.573917E-02 -9.103948E+01 -1.374015E-03 -7.572671E-02
  4.486468E+00  2.600000E+02     2  4.443791E-01 -9.088040E+01 -6.828008E-03 -4.443266E-01
  4.486468E+00  2.600000E+02     3  2.388973E+00  2.546470E+00  2.386613E+00  1.061412E-01
  4.486468E+00  2.600000E+02     4  5.216507E-02  9.358251E+01 -3.259578E-03  5.206313E-02
  4.486468E+00  2.600000E+02     5  1.094121E-02 -8.630499E+01  7.051105E-04 -1.091847E-02
  4.486468E+00  2.600000E+02     6  7.014948E-08  1.181605E+00  7.013456E-08  1.446584E-09
  4.486468E+00  2.700000E+02     1  2.991392E-03  1.115112E+02 -1.096893E-03  2.783029E-03
  4.486468E+00  2.700000E+02     2  4.516267E-01 -9.086948E+01 -6.853308E-03 -4.515747E-01
  4.486468E+00  2.700000E+02     3  2.389028E+00  2.546766E+00  2.386669E+00  1.061560E-01
  4.486468E+00  2.700000E+02     4  5.270583E-02  9.354010E+01 -3.254431E-03  5.260526E-02
  4.486468E+00  2.700000E+02     5  1.994887E-03 -6.768007E+01  7.576140E-04 -1.845425E-03
  4.486468E+00  2.700000E+02     6  7.026031E-08  1.576910E+00  7.023370E-08  1.933479E-09
  4.486468E+00  2.800000E+02     1  8.121015E-02  9.057734E+01 -8.182928E-04  8.120603E-02
  4.486468E+00  2.800000E+02     2  4.451619E-01 -9.087879E+01 -6.827529E-03 -4.451096E-01
  4.486468E+00  2.800000E+02     3  2.389089E+00  2.547736E+00  2.386727E+00  1.061991E-01
  4.486468E+00  2.800000E+02     4  5.164537E-02  9.361533E+01 -3.256631E-03  5.154259E-02
  4.486468E+00  2.800000E+02     5  7.330029E-03  8.366491E+01  8.088177E-04  7.285269E-03
  4.486468E+00  2.800000E+02     6  7.038386E-08  2.001073E+00  7.034093E-08  2.457678E-09
  4.486468E+00  2.900000E+02     1  1.571596E-01  9.019868E+01 -5.449691E-04  1.571587E-01
  4.486468E+00  2.900000E+02     2  4.251815E-01 -9.090987E+01 -6.751719E-03 -4.251279E-01
  4.486468E+00  2.900000E+02     3  2.389146E+00  2.549349E+00  2.386781E+00  1.062689E-01
  4.486468E+00  2.900000E+02     4  4.901621E-02  9.382084E+01 -3.266286E-03  4.890726E-02
  4.486468E+00  2.900000E+02     5  1.621970E-02  8.697477E+01  8.560065E-04  1.619710E-02
  4.486468E+00  2.900000E+02     6  7.052728E-08  2.440460E+00  7.046331E-08  3.003135E-09
  4.486468E+00  3.000000E+02     1  2.283330E-01  9.007124E+01 -2.839180E-04  2.283328E-01
  4.486468E+00  3.000000E+02     2  3.922927E-01 -9.096814E+01 -6.628325E-03 -3.922367E-01
  4.486468E+00  3.000000E+02     3  2.389194E+00  2.551554E+00  2.386825E+00  1.063629E-01
  4.486468E+00  3.000000E+02     4  4.489988E-02  9.419336E+01 -3.283197E-03  4.477968E-02
  4.486468E+00  3.000000E+02     5  2.463613E-02  8.791373E+01  8.968599E-04  2.461980E-02
  4.486468E+00  3.000000E+02     6  7.068607E-08  2.881326E+00  7.059671E-08  3.553208E-09
  4.486468E+00  3.100000E+02     1  2.925661E-01  9.000829E+01 -4.232100E-05  2.925661E-01
  4.486468E+00  3.100000E+02     2  3.474951E-01 -9.106538E+01 -6.461106E-03 -3.474350E-01
  4.486468E+00  3.100000E+02     3  2.389226E+00  2.554282E+00  2.386852E+00  1.064779E-01
  4.486468E+00  3.100000E+02     4  3.942493E-02  9.481147E+01 -3.306858E-03  3.928600E-02
  4.486468E+00  3.100000E+02     5  3.231083E-02  8.835129E+01  9.296292E-04  3.229746E-02
  4.486468E+00  3.100000E+02     6  7.083965E-08  3.310827E+00  7.072141E-08  4.091179E-09
  4.486468E+00  3.200000E+02     1  3.479075E-01  8.997158E+01  1.725815E-04  3.479074E-01
  4.486468E+00  3.200000E+02     2  2.921503E-01 -9.122681E+01 -6.255025E-03 -2.920833E-01
  4.486468E+00  3.200000E+02     3  2.389239E+00  2.557448E+00  2.386859E+00  1.066104E-01
  4.486468E+00  3.200000E+02     4  3.276435E-02  9.584470E+01 -3.336471E-03  3.259403E-02
  4.486468E+00  3.200000E+02     5  3.900790E-02  8.859970E+01  9.532528E-04  3.899625E-02
  4.486468E+00  3.200000E+02     6  7.095558E-08  3.717670E+00  7.080627E-08  4.600765E-09
  4.486468E+00  3.300000E+02     1  3.926764E-01  8.994839E+01  3.536964E-04  3.926762E-01
  4.486468E+00  3.300000E+02     2  2.279421E-01 -9.151239E+01 -6.016110E-03 -2.278626E-01
  4.486468E+00  3.300000E+02     3  2.389231E+00  2.560954E+00  2.386845E+00  1.067561E-01
  4.486468E+00  3.300000E+02     4  2.513503E-02  9.770745E+01 -3.370983E-03  2.490795E-02
  4.486468E+00  3.300000E+02     5  4.452222E-02  8.875496E+01  9.673968E-04  4.451171E-02
  4.486468E+00  3.300000E+02     6  7.100109E-08  4.092067E+00  7.082008E-08  5.066591E-09
  4.486468E+00  3.400000E+02     1  4.255134E-01  8.993343E+01  4.943602E-04  4.255131E-01
  4.486468E+00  3.400000E+02     2  1.568291E-01 -9.210165E+01 -5.751302E-03 -1.567236E-01
  4.486468E+00  3.400000E+02     3  2.389204E+00  2.564694E+00  2.386810E+00  1.069107E-01
  4.486468E+00  3.400000E+02     4  1.681117E-02  1.017001E+02 -3.409135E-03  1.646187E-02
  4.486468E+00  3.400000E+02     5  4.868492E-02  8.885551E+01  9.724195E-04  4.867521E-02
  4.486468E+00  3.400000E+02     6  7.095674E-08  4.425028E+00  7.074523E-08  5.474636E-09
  4.486468E+00  3.500000E+02     1  4.454217E-01  8.992428E+01  5.886808E-04  4.454213E-01
  4.486468E+00  3.500000E+02     2  8.101208E-02 -9.387038E+01 -5.468273E-03 -8.082732E-02
  4.486468E+00  3.500000E+02     3  2.389160E+00  2.568557E+00  2.386760E+00  1.070697E-01
  4.486468E+00  3.500000E+02     4  8.266666E-03  1.146630E+02 -3.449519E-03  7.512562E-03
  4.486468E+00  3.500000E+02     5  5.136846E-02  8.891883E+01  9.692652E-04  5.135932E-02
  4.486468E+00  3.500000E+02     6  7.082626E-08  4.707483E+00  7.058734E-08  5.812617E-09
  3.663185E+00  0.000000E+00     1  6.480651E-01  8.942354E+01  6.520194E-03  6.480323E-01
  3.663185E+00  0.000000E+00     2  5.924984E-03 -1.431342E+02 -4.740244E-03 -3.554648E-03
  3.663185E+00  0.000000E+00     3  2.084505E+00  5.316544E+00  2.075538E+00  1.931463E-01
  3.663185E+00  0.000000E+00     4  3.904347E-03 -1.426252E+02 -3.102714E-03 -2.370040E-03
  3.663185E+00  0.000000E+00     5  6.521066E-02  8.868076E+01  1.501348E-03  6.519338E-02
  3.663185E+00  0.000000E+00     6  6.290246E-08  8.940999E+00  6.213812E-08  9.776130E-09
  3.663185E+00  1.000000E+01     1  6.375390E-01  8.942232E+01  6.427819E-03  6.375066E-01
  3.663185E+00  1.000000E+01     2  1.089896E-01  9.181369E+01 -3.449481E-03  1.089350E-01
  3.663185E+00  1.000000E+01     3  2.084395E+00  5.322569E+00  2.075407E+00  1.933543E-01
  3.663185E+00  1.000000E+01     4  1.408945E-02 -1.033655E+02 -3.256949E-03 -1.370784E-02
  3.663185E+00  1.000000E+01     5  6.466181E-02  8.870008E+01  1.466917E-03  6.464517E-02
  3.663185E+00  1.000000E+01     6  6.237028E-08  9.232651E+00  6.156227E-08  1.000692E-08
  3.663185E+00  2.000000E+01     1  6.076423E-01  8.942452E+01  6.103116E-03  6.076117E-01
  3.663185E+00  2.000000E+01     2  2.181153E-01  9.057610E+01 -2.193065E-03  2.181043E-01
  3.663185E+00  2.000000E+01     3  2.084291E+00  5.328252E+00  2.075285E+00  1.935505E-01
  3.663185E+00  2.000000E+01     4  2.487280E-02 -9.786674E+01 -3.404329E-03 -2.463872E-02
  3.663185E+00  2.000000E+01     5  6.214637E-02  8.869753E+01  1.412610E-03  6.213031E-02
  3.663185E+00  2.000000E+01     6  6.195870E-08  9.390986E+00  6.112832E-08  1.010985E-08
  3.663185E+00  3.000000E+01     1  5.592806E-01  8.943109E+01  5.553220E-03  5.592530E-01
  3.663185E+00  3.000000E+01     2  3.206354E-01  9.018027E+01 -1.008831E-03  3.206338E-01
  3.663185E+00  3.000000E+01     3  2.084207E+00  5.333415E+00  2.075184E+00  1.937297E-01
  3.663185E+00  3.000000E+01     4  3.501254E-02 -9.580311E+01 -3.540129E-03 -3.483311E-02
  3.663185E+00  3.000000E+01     5  5.774356E-02  8.866842E+01  1.341863E-03  5.772797E-02
  3.663185E+00  3.000000E+01     6  6.176332E-08  9.394276E+00  6.093498E-08  1.008147E-08
  3.663185E+00  4.000000E+01     1  4.939204E-01  8.944396E+01  4.793251E-03  4.938971E-01
  3.663185E+00  4.000000E+01     2  4.134060E-01  8.999067E+01  6.730976E-05  4.134060E-01
  3.663185E+00  4.000000E+01     3  2.084154E+00  5.337893E+00  2.075116E+00  1.938869E-01
  3.663185E+00  4.000000E+01     4  4.413496E-02 -9.475706E+01 -3.660157E-03 -4.398292E-02
  3.663185E+00  4.000000E+01     5  5.159044E-02  8.860291E+01  1.257850E-03  5.157510E-02
  3.663185E+00  4.000000E+01     6  6.179047E-08  9.240502E+00  6.098861E-08  9.922248E-09
  3.663185E+00  5.000000E+01     1  4.135453E-01  8.946713E+01  3.846062E-03  4.135274E-01
  3.663185E+00  5.000000E+01     2  4.936021E-01  8.988364E+01  1.002436E-03  4.936011E-01
  3.663185E+00  5.000000E+01     3  2.084138E+00  5.341536E+00  2.075087E+00  1.940174E-01
  3.663185E+00  5.000000E+01     4  5.194681E-02 -9.415179E+01 -3.760902E-03 -5.181049E-02
  3.663185E+00  5.000000E+01     5  4.387684E-02  8.848080E+01  1.163261E-03  4.386142E-02
  3.663185E+00  5.000000E+01     6  6.196432E-08  8.946951E+00  6.121039E-08  9.636686E-09
  3.663185E+00  6.000000E+01     1  3.205965E-01  8.951003E+01  2.741568E-03  3.205848E-01
  3.663185E+00  6.000000E+01     2  5.587854E-01  8.981875E+01  1.767643E-03  5.587826E-01
  3.663185E+00  6.000000E+01     3  2.084161E+00  5.344219E+00  2.075102E+00  1.941168E-01
  3.663185E+00  6.000000E+01     4  5.820368E-02 -9.378248E+01 -3.839625E-03 -5.807690E-02
  3.663185E+00  6.000000E+01     5  3.483906E-02  8.825613E+01  1.060209E-03  3.482292E-02
  3.663185E+00  6.000000E+01     6  6.216901E-08  8.541091E+00  6.147953E-08  9.233258E-09
  3.663185E+00  7.000000E+01     1  2.178990E-01  8.960145E+01  1.515713E-03  2.178937E-01
  3.663185E+00  7.000000E+01     2  6.069760E-01  8.977921E+01  2.338987E-03  6.069715E-01
  3.663185E+00  7.000000E+01     3  2.084222E+00  5.345850E+00  2.075157E+00  1.941815E-01
  3.663185E+00  7.000000E+01     4  6.271057E-02 -9.356043E+01 -3.894400E-03 -6.258953E-02
  3.663185E+00  7.000000E+01     5  2.475251E-02  8.779987E+01  9.502508E-04  2.473426E-02
  3.663185E+00  7.000000E+01     6  6.230556E-08  8.049186E+00  6.169174E-08  8.724222E-09
  3.663185E+00  8.000000E+01     1  1.085765E-01  8.988967E+01  2.090831E-04  1.085763E-01
  3.663185E+00  8.000000E+01     2  6.367116E-01  8.975719E+01  2.698314E-03  6.367059E-01
  3.663185E+00  8.000000E+01     3  2.084314E+00  5.346372E+00  2.075246E+00  1.942089E-01
  3.663185E+00  8.000000E+01     4  6.532652E-02 -9.344378E+01 -3.924105E-03 -6.520855E-02
  3.663185E+00  8.000000E+01     5  1.392542E-02  8.656428E+01  8.345317E-04  1.390039E-02
  3.663185E+00  8.000000E+01     6  6.233700E-08  7.489456E+00  6.180519E-08  8.125237E-09
  3.663185E+00  9.000000E+01     1  4.199303E-03 -1.056772E+02 -1.134725E-03 -4.043086E-03
  3.663185E+00  9.000000E+01     2  6.470911E-01  8.974907E+01  2.833918E-03  6.470849E-01
  3.663185E+00  9.000000E+01     3  2.084425E+00  5.345773E+00  2.075359E+00  1.941976E-01
  3.663185E+00  9.000000E+01     4  6.596890E-02 -9.341392E+01 -3.928375E-03 -6.585183E-02
  3.663185E+00  9.000000E+01     5  2.742301E-03  7.490798E+01  7.140129E-04  2.647716E-03
  3.663185E+00  9.000000E+01     6  6.230052E-08  6.872434E+00  6.185289E-08  7.454830E-09
  3.663185E+00  1.000000E+02     1  1.165659E-01 -9.121462E+01 -2.470905E-03 -1.165397E-01
  3.663185E+00  1.000000E+02     2  6.378011E-01  8.975377E+01  2.740999E-03  6.377952E-01
  3.663185E+00  1.000000E+02     3  2.084543E+00  5.344081E+00  2.075483E+00  1.941473E-01
  3.663185E+00  1.000000E+02     4  6.461641E-02 -9.346696E+01 -3.907546E-03 -6.449815E-02
  3.663185E+00  1.000000E+02     5  8.705059E-03 -8.611536E+01  5.897484E-04 -8.685059E-03
  3.663185E+00  1.000000E+02     6  6.228169E-08  6.206808E+00  6.191660E-08  6.733739E-09
  3.663185E+00  1.100000E+02     1  2.255243E-01 -9.095410E+01 -3.755290E-03 -2.254930E-01
  3.663185E+00  1.100000E+02     2  6.091249E-01  8.977219E+01  2.421877E-03  6.091201E-01
  3.663185E+00  1.100000E+02     3  2.084654E+00  5.341368E+00  2.075602E+00  1.940593E-01
  3.663185E+00  1.100000E+02     4  6.131008E-02 -9.361208E+01 -3.862589E-03 -6.118828E-02
  3.663185E+00  1.100000E+02     5  1.976182E-02 -8.865700E+01  4.631691E-04 -1.975639E-02
  3.663185E+00  1.100000E+02     6  6.236345E-08  5.506383E+00  6.207567E-08  5.984187E-09
  3.663185E+00  1.200000E+02     1  3.276289E-01 -9.086501E+01 -4.946131E-03 -3.275916E-01
  3.663185E+00  1.200000E+02     2  5.619338E-01  8.980770E+01  1.885966E-03  5.619306E-01
  3.663185E+00  1.200000E+02     3  2.084742E+00  5.337738E+00  2.075702E+00  1.939361E-01
  3.663185E+00  1.200000E+02     4  5.615223E-02 -9.387530E+01 -3.795055E-03 -5.602384E-02
  3.663185E+00  1.200000E+02     5  3.023338E-02 -8.936261E+01  3.363237E-04 -3.023151E-02
  3.663185E+00  1.200000E+02     6  6.257531E-08  4.793527E+00  6.235644E-08  5.229122E-09
  3.663185E+00  1.300000E+02     1  4.197766E-01 -9.081975E+01 -6.005703E-03 -4.197336E-01
  3.663185E+00  1.300000E+02     2  4.976606E-01  8.986766E+01  1.149498E-03  4.976592E-01
  3.663185E+00  1.300000E+02     3  2.084797E+00  5.333323E+00  2.075772E+00  1.937812E-01
  3.663185E+00  1.300000E+02     4  4.930350E-02 -9.431201E+01 -3.707015E-03 -4.916394E-02
  3.663185E+00  1.300000E+02     5  3.979271E-02 -8.969469E+01  2.120379E-04 -3.979214E-02
  3.663185E+00  1.300000E+02     6  6.286802E-08  4.096874E+00  6.270737E-08  4.491482E-09
  3.663185E+00  1.400000E+02     1  4.991691E-01 -9.079221E+01 -6.901644E-03 -4.991214E-01
  3.663185E+00  1.400000E+02     2  4.182565E-01  8.996780E+01  2.350290E-04  4.182565E-01
  3.663185E+00  1.400000E+02     3  2.084811E+00  5.328272E+00  2.075803E+00  1.935995E-01
  3.663185E+00  1.400000E+02     4  4.097829E-02 -9.504142E+01 -3.601006E-03 -4.081977E-02
  3.663185E+00  1.400000E+02     5  4.814628E-02 -8.988819E+01  9.395579E-05 -4.814619E-02
  3.663185E+00  1.400000E+02     6  6.312732E-08  3.445137E+00  6.301324E-08  3.793494E-09
  3.663185E+00  1.500000E+02     1  5.633970E-01 -9.077373E+01 -7.607952E-03 -5.633456E-01
  3.663185E+00  1.500000E+02     2  3.261334E-01  9.014569E+01 -8.292674E-04  3.261324E-01
  3.663185E+00  1.500000E+02     3  2.084782E+00  5.322745E+00  2.075792E+00  1.933966E-01
  3.663185E+00  1.500000E+02     4  3.144061E-02 -9.635474E+01 -3.479970E-03 -3.124743E-02
  3.663185E+00  1.500000E+02     5  5.503705E-02 -9.001411E+01 -1.355237E-05 -5.503704E-02
  3.663185E+00  1.500000E+02     6  6.322158E-08  2.861419E+00  6.314276E-08  3.156049E-09
  3.663185E+00  1.600000E+02     1  6.105116E-01 -9.076073E+01 -8.105625E-03 -6.104578E-01
  3.663185E+00  1.600000E+02     2  2.240930E-01  9.051404E+01 -2.010478E-03  2.240840E-01
  3.663185E+00  1.600000E+02     3  2.084712E+00  5.316904E+00  2.075742E+00  1.931785E-01
  3.663185E+00  1.600000E+02     4  2.100784E-02 -9.916803E+01 -3.347187E-03 -2.073947E-02
  3.663185E+00  1.600000E+02     5  6.025221E-02 -9.010044E+01 -1.056181E-04 -6.025212E-02
  3.663185E+00  1.600000E+02     6  6.306185E-08  2.361245E+00  6.300830E-08  2.598138E-09
  3.663185E+00  1.700000E+02     1  6.390838E-01 -9.075158E+01 -8.382930E-03 -6.390288E-01
  3.663185E+00  1.700000E+02     2  1.152574E-01  9.162676E+01 -3.271995E-03  1.152110E-01
  3.663185E+00  1.700000E+02     3  2.084610E+00  5.310912E+00  2.075661E+00  1.929519E-01
  3.663185E+00  1.700000E+02     4  1.013599E-02 -1.084405E+02 -3.206212E-03 -9.615534E-03
  3.663185E+00  1.700000E+02     5  6.363043E-02 -9.015958E+01 -1.772192E-04 -6.363019E-02
  3.663185E+00  1.700000E+02     6  6.264631E-08  1.954294E+00  6.260988E-08  2.136381E-09
  3.663185E+00  1.800000E+02     1  6.482463E-01 -9.074559E+01 -8.435337E-03 -6.481915E-01
  3.663185E+00  1.800000E+02     2  5.374860E-03  1.483344E+02 -4.574688E-03  2.821588E-03
  3.663185E+00  1.800000E+02     3  2.084487E+00  5.304930E+00  2.075558E+00  1.927239E-01
  3.663185E+00  1.800000E+02     4  3.544510E-03  1.497157E+02 -3.060803E-03  1.787466E-03
  3.663185E+00  1.800000E+02     5  6.506738E-02 -9.019690E+01 -2.236059E-04 -6.506700E-02
  3.663185E+00  1.800000E+02     6  6.206811E-08  1.647615E+00  6.204245E-08  1.784604E-09
  3.663185E+00  1.900000E+02     1  6.377204E-01 -9.074260E+01 -8.265176E-03 -6.376668E-01
  3.663185E+00  1.900000E+02     2  1.098252E-01 -9.306811E+01 -5.878182E-03 -1.096678E-01
  3.663185E+00  1.900000E+02     3  2.084357E+00  5.299118E+00  2.075449E+00  1.925013E-01
  3.663185E+00  1.900000E+02     4  1.344505E-02  1.025211E+02 -2.914875E-03  1.312528E-02
  3.663185E+00  1.900000E+02     5  6.451935E-02 -9.021381E+01 -2.407604E-04 -6.451890E-02
  3.663185E+00  1.900000E+02     6  6.148201E-08  1.447866E+00  6.146238E-08  1.553487E-09
  3.663185E+00  2.000000E+02     1  6.078238E-01 -9.074292E+01 -7.881094E-03 -6.077727E-01
  3.663185E+00  2.000000E+02     2  2.189535E-01 -9.186930E+01 -7.142196E-03 -2.188370E-01
  3.663185E+00  2.000000E+02     3  2.084236E+00  5.293633E+00  2.075346E+00  1.922914E-01
  3.663185E+00  2.000000E+02     4  2.421540E-02  9.657425E+01 -2.772440E-03  2.405617E-02
  3.663185E+00  2.000000E+02     5  6.200453E-02 -9.020869E+01 -2.258368E-04 -6.200412E-02
  3.663185E+00  2.000000E+02     6  6.104448E-08  1.361318E+00  6.102725E-08  1.450248E-09
  3.663185E+00  2.100000E+02     1  5.594621E-01 -9.074736E+01 -7.297374E-03 -5.594145E-01
  3.663185E+00  2.100000E+02     2  3.214743E-01 -9.148443E+01 -8.327868E-03 -3.213664E-01
  3.663185E+00  2.100000E+02     3  2.084136E+00  5.288630E+00  2.075264E+00  1.921010E-01
  3.663185E+00  2.100000E+02     4  3.435198E-02  9.440352E+01 -2.637552E-03  3.425057E-02
  3.663185E+00  2.100000E+02     5  5.760210E-02 -9.017658E+01 -1.775277E-04 -5.760183E-02
  3.663185E+00  2.100000E+02     6  6.085377E-08  1.392075E+00  6.083581E-08  1.478375E-09
  3.663185E+00  2.200000E+02     1  4.941018E-01 -9.075761E+01 -6.533201E-03 -4.940587E-01
  3.663185E+00  2.200000E+02     2  4.142453E-01 -9.130013E+01 -9.399031E-03 -4.141387E-01
  3.663185E+00  2.200000E+02     3  2.084068E+00  5.284257E+00  2.075211E+00  1.919364E-01
  3.663185E+00  2.200000E+02     4  4.347317E-02  9.331551E+01 -2.514239E-03  4.340040E-02
  3.663185E+00  2.200000E+02     5  5.144905E-02 -9.010726E+01 -9.631285E-05 -5.144896E-02
  3.663185E+00  2.200000E+02     6  6.091637E-08  1.540290E+00  6.089436E-08  1.637426E-09
  3.663185E+00  2.300000E+02     1  4.137266E-01 -9.077720E+01 -5.611912E-03 -4.136886E-01
  3.663185E+00  2.300000E+02     2  4.944417E-01 -9.119635E+01 -1.032335E-02 -4.943339E-01
  3.663185E+00  2.300000E+02     3  2.084041E+00  5.280653E+00  2.075196E+00  1.918033E-01
  3.663185E+00  2.300000E+02     4  5.128448E-02  9.268945E+01 -2.406397E-03  5.122799E-02
  3.663185E+00  2.300000E+02     5  4.373525E-02 -8.997977E+01  1.544142E-05 -4.373525E-02
  3.663185E+00  2.300000E+02     6  6.115415E-08  1.801900E+00  6.112391E-08  1.922925E-09
  3.663185E+00  2.400000E+02     1  3.207776E-01 -9.081457E+01 -4.560292E-03 -3.207452E-01
  3.663185E+00  2.400000E+02     2  5.596252E-01 -9.113378E+01 -1.107327E-02 -5.595157E-01
  3.663185E+00  2.400000E+02     3  2.084055E+00  5.277938E+00  2.075219E+00  1.917064E-01
  3.663185E+00  2.400000E+02     4  5.754110E-02  9.230840E+01 -2.317658E-03  5.749441E-02
  3.663185E+00  2.400000E+02     5  3.469703E-02 -8.974644E+01  1.535474E-04 -3.469669E-02
  3.663185E+00  2.400000E+02     6  6.144752E-08  2.169737E+00  6.140347E-08  2.326403E-09
  3.663185E+00  2.500000E+02     1  2.180798E-01 -9.089539E+01 -3.407909E-03 -2.180531E-01
  3.663185E+00  2.500000E+02     2  6.078161E-01 -9.109607E+01 -1.162681E-02 -6.077049E-01
  3.663185E+00  2.500000E+02     3  2.084111E+00  5.276207E+00  2.075281E+00  1.916488E-01
  3.663185E+00  2.500000E+02     4  6.204791E-02  9.207926E+01 -2.251224E-03  6.200706E-02
  3.663185E+00  2.500000E+02     5  2.460991E-02 -8.927308E+01  3.122223E-04 -2.460793E-02
  3.663185E+00  2.500000E+02     6  6.169360E-08  2.634390E+00  6.162840E-08  2.835597E-09
  3.663185E+00  2.600000E+02     1  1.087565E-01 -9.115199E+01 -2.186507E-03 -1.087345E-01
  3.663185E+00  2.600000E+02     2  6.375519E-01 -9.107561E+01 -1.196805E-02 -6.374396E-01
  3.663185E+00  2.600000E+02     3  2.084201E+00  5.275526E+00  2.075372E+00  1.916323E-01
  3.663185E+00  2.600000E+02     4  6.466384E-02  9.195829E+01 -2.209693E-03  6.462608E-02
  3.663185E+00  2.600000E+02     5  1.378246E-02 -8.798563E+01  4.844558E-04 -1.377394E-02
  3.663185E+00  2.600000E+02     6  6.185194E-08  3.183449E+00  6.175649E-08  3.434829E-09
  3.663185E+00  2.700000E+02     1  3.995669E-03  1.034506E+02 -9.294218E-04  3.886070E-03
  3.663185E+00  2.700000E+02     2  6.479316E-01 -9.106895E+01 -1.208753E-02 -6.478188E-01
  3.663185E+00  2.700000E+02     3  2.084314E+00  5.275926E+00  2.075483E+00  1.916572E-01
  3.663185E+00  2.700000E+02     4  6.530625E-02  9.192603E+01 -2.194889E-03  6.526936E-02
  3.663185E+00  2.700000E+02     5  2.606740E-03 -7.527721E+01  6.624841E-04 -2.521152E-03
  3.663185E+00  2.700000E+02     6  6.195649E-08  3.799485E+00  6.182031E-08  4.105542E-09
  3.663185E+00  2.800000E+02     1  1.163842E-01  8.983804E+01  3.289858E-04  1.163837E-01
  3.663185E+00  2.800000E+02     2  6.386417E-01 -9.107506E+01 -1.198236E-02 -6.385293E-01
  3.663185E+00  2.800000E+02     3  2.084437E+00  5.277401E+00  2.075601E+00  1.917220E-01
  3.663185E+00  2.800000E+02     4  6.395379E-02  9.197829E+01 -2.207735E-03  6.391567E-02
  3.663185E+00  2.800000E+02     5  8.851516E-03  8.456538E+01  8.383264E-04  8.811728E-03
  3.663185E+00  2.800000E+02     6  6.208903E-08  4.458821E+00  6.190112E-08  4.826961E-09
  3.663185E+00  2.900000E+02     1  2.253433E-01  8.960490E+01  1.553926E-03  2.253379E-01
  3.663185E+00  2.900000E+02     2  6.099657E-01 -9.109497E+01 -1.165628E-02 -6.098543E-01
  3.663185E+00  2.900000E+02     3  2.084555E+00  5.279908E+00  2.075711E+00  1.918237E-01
  3.663185E+00  2.900000E+02     4  6.064746E-02  9.212441E+01 -2.248165E-03  6.060578E-02
  3.663185E+00  2.900000E+02     5  1.990849E-02  8.710835E+01  1.004332E-03  1.988314E-02
  3.663185E+00  2.900000E+02     6  6.232775E-08  5.133451E+00  6.207776E-08  5.576825E-09
  3.663185E+00  3.000000E+02     1  3.274481E-01  8.952566E+01  2.710832E-03  3.274369E-01
  3.663185E+00  3.000000E+02     2  5.627748E-01 -9.113213E+01 -1.111940E-02 -5.626649E-01
  3.663185E+00  3.000000E+02     3  2.084655E+00  5.283367E+00  2.075798E+00  1.919582E-01
  3.663185E+00  3.000000E+02     4  5.548964E-02  9.239115E+01 -2.315103E-03  5.544132E-02
  3.663185E+00  3.000000E+02     5  3.038022E-02  8.782367E+01  1.153690E-03  3.035831E-02
  3.663185E+00  3.000000E+02     6  6.269661E-08  5.796565E+00  6.237603E-08  6.332147E-09
  3.663185E+00  3.100000E+02     1  4.195959E-01  8.948573E+01  3.766092E-03  4.195790E-01
  3.663185E+00  3.100000E+02     2  4.985017E-01 -9.119404E+01 -1.038801E-02 -4.983935E-01
  3.663185E+00  3.100000E+02     3  2.084724E+00  5.287669E+00  2.075853E+00  1.921204E-01
  3.663185E+00  3.100000E+02     4  4.864097E-02  9.283585E+01 -2.406494E-03  4.858140E-02
  3.663185E+00  3.100000E+02     5  3.993949E-02  8.816223E+01  1.280846E-03  3.991895E-02
  3.663185E+00  3.100000E+02     6  6.314094E-08  6.428951E+00  6.274388E-08  7.069958E-09
  3.663185E+00  3.200000E+02     1  4.989885E-01  8.946171E+01  4.687882E-03  4.989665E-01
  3.663185E+00  3.200000E+02     2  4.190979E-01 -9.129669E+01 -9.484030E-03 -4.189905E-01
  3.663185E+00  3.200000E+02     3  2.084754E+00  5.292681E+00  2.075866E+00  1.923048E-01
  3.663185E+00  3.200000E+02     4  4.031601E-02  9.358280E+01 -2.519386E-03  4.023721E-02
  3.663185E+00  3.200000E+02     5  4.829274E-02  8.836038E+01  1.381796E-03  4.827297E-02
  3.663185E+00  3.200000E+02     6  6.354215E-08  7.021957E+00  6.306555E-08  7.768009E-09
  3.663185E+00  3.300000E+02     1  5.632163E-01  8.944586E+01  5.447090E-03  5.631899E-01
  3.663185E+00  3.300000E+02     2  3.269750E-01 -9.147813E+01 -8.434421E-03 -3.268662E-01
  3.663185E+00  3.300000E+02     3  2.084743E+00  5.298247E+00  2.075836E+00  1.925054E-01
  3.663185E+00  3.300000E+02     4  3.077916E-02  9.493921E+01 -2.650044E-03  3.066486E-02
  3.663185E+00  3.300000E+02     5  5.518291E-02  8.848991E+01  1.454232E-03  5.516375E-02
  3.663185E+00  3.300000E+02     6  6.376571E-08  7.574601E+00  6.320929E-08  8.405402E-09
  3.663185E+00  3.400000E+02     1  6.103308E-01  8.943501E+01  6.018331E-03  6.103011E-01
  3.663185E+00  3.400000E+02     2  2.249351E-01 -9.185226E+01 -7.270430E-03 -2.248176E-01
  3.663185E+00  3.400000E+02     3  2.084692E+00  5.304199E+00  2.075765E+00  1.927163E-01
  3.663185E+00  3.400000E+02     4  2.034963E-02  9.789190E+01 -2.794095E-03  2.015690E-02
  3.663185E+00  3.400000E+02     5  6.039730E-02  8.857924E+01  1.497518E-03  6.037873E-02
  3.663185E+00  3.400000E+02     6  6.372058E-08  8.086235E+00  6.308704E-08  8.963152E-09
  3.663185E+00  3.500000E+02     1  6.389028E-01  8.942775E+01  6.380981E-03  6.388709E-01
  3.663185E+00  3.500000E+02     2  1.161008E-01 -9.297551E+01 -6.026692E-03 -1.159443E-01
  3.663185E+00  3.500000E+02     3  2.084609E+00  5.310359E+00  2.075662E+00  1.929318E-01
  3.663185E+00  3.500000E+02     4  9.501437E-03  1.080672E+02 -2.946694E-03  9.032956E-03
  3.663185E+00  3.500000E+02     5  6.377462E-02  8.864100E+01  1.512527E-03  6.375668E-02
  3.663185E+00  3.500000E+02     6  6.340281E-08  8.548547E+00  6.269842E-08  9.424660E-09
  3.172412E+00  0.000000E+00     1  8.420342E-01  8.863221E+01  2.009951E-02  8.417943E-01
  3.172412E+00  0.000000E+00     2  6.379406E-03 -1.344014E+02 -4.463550E-03 -4.557799E-03
  3.172412E+00  0.000000E+00     3  1.831528E+00  8.561095E+00  1.811120E+00  2.726484E-01
  3.172412E+00  0.000000E+00     4  4.109039E-03 -1.327376E+02 -2.788563E-03 -3.017965E-03
  3.172412E+00  0.000000E+00     5  7.267418E-02  8.785488E+01  2.720244E-03  7.262325E-02
  3.172412E+00  0.000000E+00     6  5.670777E-08  1.350059E+01  5.514079E-08  1.323873E-08
  3.172412E+00  1.000000E+01     1  8.283846E-01  8.863055E+01  1.979774E-02  8.281480E-01
  3.172412E+00  1.000000E+01     2  1.415861E-01  9.034071E+01 -8.419503E-04  1.415836E-01
  3.172412E+00  1.000000E+01     3  1.831350E+00  8.569974E+00  1.810902E+00  2.729026E-01
  3.172412E+00  1.000000E+01     4  1.595030E-02 -1.014778E+02 -3.173930E-03 -1.563132E-02
  3.172412E+00  1.000000E+01     5  7.211358E-02  8.788871E+01  2.656711E-03  7.206463E-02
  3.172412E+00  1.000000E+01     6  5.551480E-08  1.410413E+01  5.384127E-08  1.352812E-08
  3.172412E+00  2.000000E+01     1  7.895692E-01  8.863157E+01  1.885599E-02  7.893440E-01
  3.172412E+00  2.000000E+01     2  2.834221E-01  8.945810E+01  2.680546E-03  2.834094E-01
  3.172412E+00  2.000000E+01     3  1.831185E+00  8.578367E+00  1.810699E+00  2.731432E-01
  3.172412E+00  2.000000E+01     4  2.800942E-02 -9.726791E+01 -3.543443E-03 -2.778438E-02
  3.172412E+00  2.000000E+01     5  6.935549E-02  8.790317E+01  2.537610E-03  6.930905E-02
  3.172412E+00  2.000000E+01     6  5.467345E-08  1.446753E+01  5.293972E-08  1.365914E-08
  3.172412E+00  3.000000E+01     1  7.267608E-01  8.863614E+01  1.729801E-02  7.265549E-01
  3.172412E+00  3.000000E+01     2  4.166475E-01  8.917524E+01  5.997365E-03  4.166044E-01
  3.172412E+00  3.000000E+01     3  1.831053E+00  8.585998E+00  1.810532E+00  2.733647E-01
  3.172412E+00  3.000000E+01     4  3.930624E-02 -9.567301E+01 -3.885465E-03 -3.911373E-02
  3.172412E+00  3.000000E+01     5  6.449006E-02  8.789430E+01  2.369572E-03  6.444651E-02
  3.172412E+00  3.000000E+01     6  5.441935E-08  1.450170E+01  5.268556E-08  1.362708E-08
  3.172412E+00  4.000000E+01     1  6.418609E-01  8.864588E+01  1.516820E-02  6.416816E-01
  3.172412E+00  4.000000E+01     2  5.371923E-01  8.903920E+01  9.007788E-03  5.371168E-01
  3.172412E+00  4.000000E+01     3  1.830971E+00  8.592604E+00  1.810420E+00  2.735612E-01
  3.172412E+00  4.000000E+01     4  4.945663E-02 -9.485934E+01 -4.189460E-03 -4.927886E-02
  3.172412E+00  4.000000E+01     5  5.767250E-02  8.785413E+01  2.159477E-03  5.763205E-02
  3.172412E+00  4.000000E+01     6  5.473195E-08  1.420635E+01  5.305815E-08  1.343203E-08
  3.172412E+00  5.000000E+01     1  5.374438E-01  8.866401E+01  1.253064E-02  5.372977E-01
  3.172412E+00  5.000000E+01     2  6.413881E-01  8.896192E+01  1.161998E-02  6.412828E-01
  3.172412E+00  5.000000E+01     3  1.830950E+00  8.597948E+00  1.810373E+00  2.737268E-01
  3.172412E+00  5.000000E+01     4  5.814183E-02 -9.438595E+01 -4.446369E-03 -5.797156E-02
  3.172412E+00  5.000000E+01     5  4.911640E-02  8.776667E+01  1.914017E-03  4.907909E-02
  3.172412E+00  5.000000E+01     6  5.536036E-08  1.366562E+01  5.379317E-08  1.307917E-08
  3.172412E+00  6.000000E+01     1  4.166797E-01  8.869809E+01  9.467254E-03  4.165721E-01
  3.172412E+00  6.000000E+01     2  7.260683E-01  8.891459E+01  1.375380E-02  7.259380E-01
  3.172412E+00  6.000000E+01     3  1.830993E+00  8.601827E+00  1.810397E+00  2.738559E-01
  3.172412E+00  6.000000E+01     4  6.509132E-02 -9.409560E+01 -4.648874E-03 -6.492510E-02
  3.172412E+00  6.000000E+01     5  3.908567E-02  8.759602E+01  1.639451E-03  3.905127E-02
  3.172412E+00  6.000000E+01     6  5.594927E-08  1.299260E+01  5.451691E-08  1.257881E-08
  3.172412E+00  7.000000E+01     1  2.832391E-01  8.877098E+01  6.075130E-03  2.831739E-01
  3.172412E+00  7.000000E+01     2  7.886630E-01  8.888524E+01  1.534338E-02  7.885137E-01
  3.172412E+00  7.000000E+01     3  1.831097E+00  8.604093E+00  1.810489E+00  2.739430E-01
  3.172412E+00  7.000000E+01     4  7.008704E-02 -9.392013E+01 -4.791553E-03 -6.992306E-02
  3.172412E+00  7.000000E+01     5  2.788571E-02  8.724251E+01  1.341547E-03  2.785343E-02
  3.172412E+00  7.000000E+01     6  5.620847E-08  1.227088E+01  5.492431E-08  1.194620E-08
  3.172412E+00  8.000000E+01     1  1.411821E-01  8.900035E+01  2.463097E-03  1.411606E-01
  3.172412E+00  8.000000E+01     2  8.272755E-01  8.886830E+01  1.633921E-02  8.271141E-01
  3.172412E+00  8.000000E+01     3  1.831251E+00  8.604667E+00  1.810639E+00  2.739842E-01
  3.172412E+00  8.000000E+01     4  7.297008E-02 -9.382748E+01 -4.870930E-03 -7.280732E-02
  3.172412E+00  8.000000E+01     5  1.585547E-02  8.629087E+01  1.025710E-03  1.582225E-02
  3.172412E+00  8.000000E+01     6  5.604774E-08  1.152809E+01  5.491708E-08  1.120104E-08
  3.172412E+00  9.000000E+01     1  5.296840E-03 -1.036755E+02 -1.252292E-03 -5.146677E-03
  3.172412E+00  9.000000E+01     2  8.407381E-01  8.886116E+01  1.670990E-02  8.405721E-01
  3.172412E+00  9.000000E+01     3  1.831438E+00  8.603544E+00  1.810829E+00  2.739767E-01
  3.172412E+00  9.000000E+01     4  7.364668E-02 -9.380359E+01 -4.885453E-03 -7.348446E-02
  3.172412E+00  9.000000E+01     5  3.389498E-03  7.812893E+01  6.972538E-04  3.317007E-03
  3.172412E+00  9.000000E+01     6  5.561268E-08  1.074332E+01  5.463790E-08  1.036673E-08
  3.172412E+00  1.000000E+02     1  1.513766E-01 -9.187434E+01 -4.951162E-03 -1.512956E-01
  3.172412E+00  1.000000E+02     2  8.286466E-01  8.886298E+01  1.644316E-02  8.284834E-01
  3.172412E+00  1.000000E+02     3  1.831636E+00  8.600799E+00  1.811038E+00  2.739195E-01
  3.172412E+00  1.000000E+02     4  7.209249E-02 -9.384586E+01 -4.835423E-03 -7.193014E-02
  3.172412E+00  1.000000E+02     5  9.296773E-03 -8.776991E+01  3.617609E-04 -9.289732E-03
  3.172412E+00  1.000000E+02     6  5.520434E-08  9.877009E+00  5.438611E-08  9.469409E-09
  3.172412E+00  1.100000E+02     1  2.929639E-01 -9.166551E+01 -8.514842E-03 -2.928402E-01
  3.172412E+00  1.100000E+02     2  7.913706E-01  8.887436E+01  1.554635E-02  7.912179E-01
  3.172412E+00  1.100000E+02     3  1.831819E+00  8.596579E+00  1.811239E+00  2.738136E-01
  3.172412E+00  1.100000E+02     4  6.835421E-02 -9.396199E+01 -4.722907E-03 -6.819085E-02
  3.172412E+00  1.100000E+02     5  2.162139E-02 -8.993256E+01  2.545123E-05 -2.162138E-02
  3.172412E+00  1.100000E+02     6  5.512148E-08  8.909612E+00  5.445638E-08  8.537001E-09
  3.172412E+00  1.200000E+02     1  4.256417E-01 -9.159268E+01 -1.183029E-02 -4.254772E-01
  3.172412E+00  1.200000E+02     2  7.300423E-01  8.889755E+01  1.404619E-02  7.299071E-01
  3.172412E+00  1.200000E+02     3  1.831965E+00  8.591087E+00  1.811409E+00  2.736617E-01
  3.172412E+00  1.200000E+02     4  6.254854E-02 -9.417309E+01 -4.551642E-03 -6.238271E-02
  3.172412E+00  1.200000E+02     5  3.330843E-02 -9.052381E+01 -3.045093E-04 -3.330704E-02
  3.172412E+00  1.200000E+02     6  5.550115E-08  7.868576E+00  5.497859E-08  7.598178E-09
  3.172412E+00  1.300000E+02     1  5.453785E-01 -9.155442E+01 -1.479412E-02 -5.451778E-01
  3.172412E+00  1.300000E+02     2  6.465217E-01  8.893754E+01  1.198807E-02  6.464106E-01
  3.172412E+00  1.300000E+02     3  1.832052E+00  8.584559E+00  1.811527E+00  2.734683E-01
  3.172412E+00  1.300000E+02     4  5.485818E-02 -9.452388E+01 -4.326916E-03 -5.468727E-02
  3.172412E+00  1.300000E+02     5  4.399611E-02 -9.080724E+01 -6.198404E-04 -4.399174E-02
  3.172412E+00  1.300000E+02     6  5.623484E-08  6.823607E+00  5.583651E-08  6.681435E-09
  3.172412E+00  1.400000E+02     1  6.485404E-01 -9.152999E+01 -1.731611E-02 -6.483092E-01
  3.172412E+00  1.400000E+02     2  5.433417E-01  8.900507E+01  9.434566E-03  5.432598E-01
  3.172412E+00  1.400000E+02     3  1.832068E+00  8.577243E+00  1.811577E+00  2.732394E-01
  3.172412E+00  1.400000E+02     4  4.552570E-02 -9.511066E+01 -4.055412E-03 -4.534471E-02
  3.172412E+00  1.400000E+02     5  5.335500E-02 -9.097852E+01 -9.111746E-04 -5.334721E-02
  3.172412E+00  1.400000E+02     6  5.700305E-08  5.854264E+00  5.670576E-08  5.814225E-09
  3.172412E+00  1.500000E+02     1  7.319995E-01 -9.151256E+01 -1.932192E-02 -7.317444E-01
  3.172412E+00  1.500000E+02     2  4.236325E-01  8.912576E+01  6.463665E-03  4.235832E-01
  3.172412E+00  1.500000E+02     3  1.832009E+00  8.569377E+00  1.811556E+00  2.729819E-01
  3.172412E+00  1.500000E+02     4  3.484661E-02 -9.616957E+01 -3.745015E-03 -3.464479E-02
  3.172412E+00  1.500000E+02     5  6.109401E-02 -9.109574E+01 -1.168312E-03 -6.108284E-02
  3.172412E+00  1.500000E+02     6  5.741548E-08  5.018168E+00  5.719540E-08  5.022225E-09
  3.172412E+00  1.600000E+02     1  7.932267E-01 -9.149933E+01 -2.075504E-02 -7.929551E-01
  3.172412E+00  1.600000E+02     2  2.910293E-01  8.937661E+01  3.166380E-03  2.910121E-01
  3.172412E+00  1.600000E+02     3  1.831880E+00  8.561183E+00  1.811468E+00  2.727037E-01
  3.172412E+00  1.600000E+02     4  2.316798E-02 -9.845033E+01 -3.404581E-03 -2.291646E-02
  3.172412E+00  1.600000E+02     5  6.697045E-02 -9.118133E+01 -1.380704E-03 -6.695621E-02
  3.172412E+00  1.600000E+02     6  5.719217E-08  4.340696E+00  5.702812E-08  4.328703E-09
  3.172412E+00  1.700000E+02     1  8.303671E-01 -9.148905E+01 -2.157790E-02 -8.300867E-01
  3.172412E+00  1.700000E+02     2  1.495728E-01  9.013637E+01 -3.559916E-04  1.495724E-01
  3.172412E+00  1.700000E+02     3  1.831697E+00  8.552862E+00  1.811326E+00  2.724133E-01
  3.172412E+00  1.700000E+02     4  1.094840E-02 -1.061411E+02 -3.043687E-03 -1.051681E-02
  3.172412E+00  1.700000E+02     5  7.079921E-02 -9.124485E+01 -1.538116E-03 -7.078250E-02
  3.172412E+00  1.700000E+02     6  5.630027E-08  3.823230E+00  5.617498E-08  3.754014E-09
  3.172412E+00  1.800000E+02     1  8.422948E-01 -9.148119E+01 -2.177227E-02 -8.420134E-01
  3.172412E+00  1.800000E+02     2  5.352512E-03  1.382778E+02 -3.995007E-03  3.562205E-03
  3.172412E+00  1.800000E+02     3  1.831479E+00  8.544598E+00  1.811150E+00  2.721197E-01
  3.172412E+00  1.800000E+02     4  3.448771E-03  1.407945E+02 -2.672397E-03  2.179982E-03
  3.172412E+00  1.800000E+02     5  7.246010E-02 -9.129011E+01 -1.631427E-03 -7.244173E-02
  3.172412E+00  1.800000E+02     6  5.498130E-08  3.456827E+00  5.488126E-08  3.315176E-09
  3.172412E+00  1.900000E+02     1  8.286461E-01 -9.147562E+01 -2.133887E-02 -8.283713E-01
  3.172412E+00  1.900000E+02     2  1.427829E-01 -9.306665E+01 -7.638535E-03 -1.425784E-01
  3.172412E+00  1.900000E+02     3  1.831251E+00  8.536571E+00  1.810963E+00  2.718321E-01
  3.172412E+00  1.900000E+02     4  1.497124E-02  9.884131E+01 -2.301054E-03  1.479335E-02
  3.172412E+00  1.900000E+02     5  7.190243E-02 -9.131767E+01 -1.653445E-03 -7.188342E-02
  3.172412E+00  1.900000E+02     6  5.365510E-08  3.232495E+00  5.356973E-08  3.025491E-09
  3.172412E+00  2.000000E+02     1  7.898313E-01 -9.147252E+01 -2.029666E-02 -7.895705E-01
  3.172412E+00  2.000000E+02     2  2.846231E-01 -9.225003E+01 -1.117441E-02 -2.844037E-01
  3.172412E+00  2.000000E+02     3  1.831038E+00  8.528963E+00  1.810789E+00  2.715601E-01
  3.172412E+00  2.000000E+02     4  2.701618E-02  9.411812E+01 -1.940109E-03  2.694643E-02
  3.172412E+00  2.000000E+02     5  6.914658E-02 -9.132562E+01 -1.599662E-03 -6.912808E-02
  3.172412E+00  2.000000E+02     6  5.274389E-08  3.145532E+00  5.266443E-08  2.894179E-09
  3.172412E+00  2.100000E+02     1  7.270232E-01 -9.147243E+01 -1.868147E-02 -7.267832E-01
  3.172412E+00  2.100000E+02     2  4.178499E-01 -9.198784E+01 -1.449411E-02 -4.175985E-01
  3.172412E+00  2.100000E+02     3  1.830863E+00  8.521965E+00  1.810649E+00  2.713129E-01
  3.172412E+00  2.100000E+02     4  3.830924E-02  9.239361E+01 -1.599954E-03  3.827581E-02
  3.172412E+00  2.100000E+02     5  6.428247E-02 -9.130932E+01 -1.468854E-03 -6.426568E-02
  3.172412E+00  2.100000E+02     6  5.249651E-08  3.195149E+00  5.241491E-08  2.925997E-09
  3.172412E+00  2.200000E+02     1  6.421233E-01 -9.147641E+01 -1.654455E-02 -6.419102E-01
  3.172412E+00  2.200000E+02     2  5.383955E-01 -9.186228E+01 -1.749633E-02 -5.381112E-01
  3.172412E+00  2.200000E+02     3  1.830743E+00  8.515774E+00  1.810559E+00  2.710996E-01
  3.172412E+00  2.200000E+02     4  4.845819E-02  9.152632E+01 -1.290738E-03  4.844099E-02
  3.172412E+00  2.200000E+02     5  5.746514E-02 -9.125982E+01 -1.263446E-03 -5.745124E-02
  3.172412E+00  2.200000E+02     6  5.289253E-08  3.382649E+00  5.280037E-08  3.120874E-09
  3.172412E+00  2.300000E+02     1  5.377058E-01 -9.148671E+01 -1.395078E-02 -5.375248E-01
  3.172412E+00  2.300000E+02     2  6.425918E-01 -9.179160E+01 -2.009017E-02 -6.422777E-01
  3.172412E+00  2.300000E+02     3  1.830691E+00  8.510587E+00  1.810532E+00  2.709279E-01
  3.172412E+00  2.300000E+02     4  5.714288E-02  9.102491E+01 -1.022115E-03  5.713374E-02
  3.172412E+00  2.300000E+02     5  4.890820E-02 -9.115939E+01 -9.896021E-04 -4.889818E-02
  3.172412E+00  2.300000E+02     6  5.366865E-08  3.711014E+00  5.355611E-08  3.473657E-09
  3.172412E+00  2.400000E+02     1  4.169409E-01 -9.150860E+01 -1.097677E-02 -4.167964E-01
  3.172412E+00  2.400000E+02     2  7.272726E-01 -9.174906E+01 -2.219787E-02 -7.269338E-01
  3.172412E+00  2.400000E+02     3  1.830711E+00  8.506585E+00  1.810571E+00  2.708044E-01
  3.172412E+00  2.400000E+02     4  6.409235E-02  9.071780E+01 -8.029267E-04  6.408732E-02
  3.172412E+00  2.400000E+02     5  3.887571E-02 -9.096838E+01 -6.570225E-04 -3.887016E-02
  3.172412E+00  2.400000E+02     6  5.445299E-08  4.185231E+00  5.430778E-08  3.974040E-09
  3.172412E+00  2.500000E+02     1  2.834991E-01 -9.155816E+01 -7.708838E-03 -2.833942E-01
  3.172412E+00  2.500000E+02     2  7.898679E-01 -9.172356E+01 -2.375701E-02 -7.895106E-01
  3.172412E+00  2.500000E+02     3  1.830800E+00  8.503926E+00  1.810672E+00  2.707336E-01
  3.172412E+00  2.500000E+02     4  6.908829E-02  9.053144E+01 -6.408061E-04  6.908532E-02
  3.172412E+00  2.500000E+02     5  2.767343E-02 -9.057655E+01 -2.784635E-04 -2.767203E-02
  3.172412E+00  2.500000E+02     6  5.494292E-08  4.809692E+00  5.474945E-08  4.606767E-09
  3.172412E+00  2.600000E+02     1  1.414399E-01 -9.171820E+01 -4.240892E-03 -1.413763E-01
  3.172412E+00  2.600000E+02     2  8.284809E-01 -9.170998E+01 -2.472209E-02 -8.281120E-01
  3.172412E+00  2.600000E+02     3  1.830949E+00  8.502725E+00  1.810825E+00  2.707176E-01
  3.172412E+00  2.600000E+02     4  7.197164E-02  9.043130E+01 -5.417721E-04  7.196960E-02
  3.172412E+00  2.600000E+02     5  1.564107E-02 -8.952022E+01  1.309731E-04 -1.564052E-02
  3.172412E+00  2.600000E+02     6  5.504262E-08  5.580033E+00  5.478179E-08  5.352127E-09
  3.172412E+00  2.700000E+02     1  4.981217E-03  9.775511E+01 -6.721621E-04  4.935658E-03
  3.172412E+00  2.700000E+02     2  8.419441E-01 -9.170601E+01 -2.506555E-02 -8.415709E-01
  3.172412E+00  2.700000E+02     3  1.831140E+00  8.503053E+00  1.811012E+00  2.707563E-01
  3.172412E+00  2.700000E+02     4  7.264853E-02  9.040211E+01 -5.098525E-04  7.264674E-02
  3.172412E+00  2.700000E+02     5  3.183626E-03 -7.996541E+01  5.547236E-04 -3.134926E-03
  3.172412E+00  2.700000E+02     6  5.489602E-08  6.470907E+00  5.454628E-08  6.186710E-09
  3.172412E+00  2.800000E+02     1  1.511165E-01  8.890225E+01  2.895118E-03  1.510888E-01
  3.172412E+00  2.800000E+02     2  8.298530E-01 -9.171103E+01 -2.477834E-02 -8.294830E-01
  3.172412E+00  2.800000E+02     3  1.831351E+00  8.504926E+00  1.811212E+00  2.708467E-01
  3.172412E+00  2.800000E+02     4  7.109451E-02  9.044068E+01 -5.468049E-04  7.109241E-02
  3.172412E+00  2.800000E+02     5  9.522250E-03  8.411860E+01  9.757421E-04  9.472126E-03
  3.172412E+00  2.800000E+02     6  5.480077E-08  7.427657E+00  5.434093E-08  7.084329E-09
  3.172412E+00  2.900000E+02     1  2.927056E-01  8.875532E+01  6.358145E-03  2.926366E-01
  3.172412E+00  2.900000E+02     2  7.925774E-01 -9.172584E+01 -2.387003E-02 -7.922179E-01
  3.172412E+00  2.900000E+02     3  1.831557E+00  8.508305E+00  1.811400E+00  2.709840E-01
  3.172412E+00  2.900000E+02     4  6.735625E-02  9.055460E+01 -6.519744E-04  6.735309E-02
  3.172412E+00  2.900000E+02     5  2.184748E-02  8.638507E+01  1.377497E-03  2.180401E-02
  3.172412E+00  2.900000E+02     6  5.504593E-08  8.374493E+00  5.445899E-08  8.017032E-09
  3.172412E+00  3.000000E+02     1  4.253841E-01  8.870469E+01  9.616045E-03  4.252754E-01
  3.172412E+00  3.000000E+02     2  7.312495E-01 -9.175291E+01 -2.236842E-02 -7.309073E-01
  3.172412E+00  3.000000E+02     3  1.831733E+00  8.513100E+00  1.811551E+00  2.711616E-01
  3.172412E+00  3.000000E+02     4  6.155040E-02  9.076548E+01 -8.222982E-04  6.154491E-02
  3.172412E+00  3.000000E+02     5  3.353524E-02  8.701744E+01  1.744907E-03  3.348982E-02
  3.172412E+00  3.000000E+02     6  5.575297E-08  9.243995E+00  5.502892E-08  8.956108E-09
  3.172412E+00  3.100000E+02     1  5.451212E-01  8.867844E+01  1.257244E-02  5.449762E-01
  3.172412E+00  3.100000E+02     2  6.477293E-01 -9.179762E+01 -2.031879E-02 -6.474105E-01
  3.172412E+00  3.100000E+02     3  1.831857E+00  8.519170E+00  1.811645E+00  2.713719E-01
  3.172412E+00  3.100000E+02     4  5.385971E-02  9.111966E+01 -1.052442E-03  5.384943E-02
  3.172412E+00  3.100000E+02     5  4.422279E-02  8.732340E+01  2.065135E-03  4.417454E-02
  3.172412E+00  3.100000E+02     6  5.679771E-08  1.001046E+01  5.593303E-08  9.873032E-09
  3.172412E+00  3.200000E+02     1  6.482830E-01  8.866196E+01  1.513807E-02  6.481062E-01
  3.172412E+00  3.200000E+02     2  5.445496E-01 -9.187137E+01 -1.778268E-02 -5.442592E-01
  3.172412E+00  3.200000E+02     3  1.831916E+00  8.526329E+00  1.811669E+00  2.716069E-01
  3.172412E+00  3.200000E+02     4  4.452684E-02  9.171814E+01 -1.335035E-03  4.450682E-02
  3.172412E+00  3.200000E+02     5  5.358052E-02  8.750959E+01  2.328186E-03  5.352992E-02
  3.172412E+00  3.200000E+02     6  5.785128E-08  1.069927E+01  5.684554E-08  1.074032E-08
  3.172412E+00  3.300000E+02     1  7.317415E-01  8.865050E+01  1.723333E-02  7.315386E-01
  3.172412E+00  3.300000E+02     2  4.248408E-01 -9.200127E+01 -1.483612E-02 -4.245817E-01
  3.172412E+00  3.300000E+02     3  1.831904E+00  8.534357E+00  1.811619E+00  2.718590E-01
  3.172412E+00  3.300000E+02     4  3.384764E-02  9.281273E+01 -1.660963E-03  3.380686E-02
  3.172412E+00  3.300000E+02     5  6.131744E-02  8.763783E+01  2.527256E-03  6.126533E-02
  3.172412E+00  3.300000E+02     6  5.852176E-08  1.136509E+01  5.737423E-08  1.153230E-08
  3.172412E+00  3.400000E+02     1  7.929680E-01  8.864214E+01  1.879093E-02  7.927453E-01
  3.172412E+00  3.400000E+02     2  2.922387E-01 -9.226850E+01 -1.156751E-02 -2.920097E-01
  3.172412E+00  3.400000E+02     3  1.831826E+00  8.543007E+00  1.811501E+00  2.721209E-01
  3.172412E+00  3.400000E+02     4  2.217068E-02  9.522675E+01 -2.019696E-03  2.207850E-02
  3.172412E+00  3.400000E+02     5  6.719105E-02  8.773216E+01  2.658808E-03  6.713842E-02
  3.172412E+00  3.400000E+02     6  5.853162E-08  1.205633E+01  5.724057E-08  1.222569E-08
  3.172412E+00  3.500000E+02     1  8.301075E-01  8.863612E+01  1.975823E-02  8.298723E-01
  3.172412E+00  3.500000E+02     2  1.507853E-01 -9.306982E+01 -8.074984E-03 -1.505689E-01
  3.172412E+00  3.500000E+02     3  1.831694E+00  8.552012E+00  1.811328E+00  2.723860E-01
  3.172412E+00  3.500000E+02     4  9.971867E-03  1.039244E+02 -2.399649E-03  9.678834E-03
  3.172412E+00  3.500000E+02     5  7.101657E-02  8.780305E+01  2.722393E-03  7.096437E-02
  3.172412E+00  3.500000E+02     6  5.784853E-08  1.278366E+01  5.641461E-08  1.280017E-08
  2.837491E+00  0.000000E+00     1  1.022358E+00  8.755629E+01  4.359112E-02  1.021428E+00
  2.837491E+00  0.000000E+00     2  6.943107E-03 -1.288654E+02 -4.356748E-03 -5.406060E-03
  2.837491E+00  0.000000E+00     3  1.617454E+00  1.209678E+01  1.581538E+00  3.389594E-01
  2.837491E+00  0.000000E+00     4  4.393721E-03 -1.255750E+02 -2.556124E-03 -3.573655E-03
  2.837491E+00  0.000000E+00     5  7.467854E-02  8.645192E+01  4.621570E-03  7.453540E-02
  2.837491E+00  0.000000E+00     6  5.162225E-08  1.828091E+01  4.901687E-08  1.619266E-08
  2.837491E+00  1.000000E+01     1  1.005823E+00  8.755481E+01  4.291206E-02  1.004907E+00
  2.837491E+00  1.000000E+01     2  1.719803E-01  8.889448E+01  3.318152E-03  1.719483E-01
  2.837491E+00  1.000000E+01     3  1.617202E+00  1.210928E+01  1.581218E+00  3.392518E-01
  2.837491E+00  1.000000E+01     4  1.681433E-02 -1.012830E+02 -3.289810E-03 -1.648935E-02
  2.837491E+00  1.000000E+01     5  7.416543E-02  8.650526E+01  4.520895E-03  7.402751E-02
  2.837491E+00  1.000000E+01     6  4.927621E-08  1.960824E+01  4.641864E-08  1.653645E-08
  2.837491E+00  2.000000E+01     1  9.587378E-01  8.755566E+01  4.088901E-02  9.578654E-01
  2.837491E+00  2.000000E+01     2  3.442309E-01  8.820537E+01  1.078031E-02  3.440621E-01
  2.837491E+00  2.000000E+01     3  1.616970E+00  1.212112E+01  1.580921E+00  3.395298E-01
  2.837491E+00  2.000000E+01     4  2.919890E-02 -9.786257E+01 -3.994334E-03 -2.892440E-02
  2.837491E+00  2.000000E+01     5  7.138457E-02  8.653941E+01  4.308910E-03  7.125440E-02
  2.837491E+00  2.000000E+01     6  4.774502E-08  2.046944E+01  4.473035E-08  1.669680E-08
  2.837491E+00  3.000000E+01     1  8.825204E-01  8.755975E+01  3.757550E-02  8.817201E-01
  2.837491E+00  3.000000E+01     2  5.060078E-01  8.798372E+01  1.780315E-02  5.056945E-01
  2.837491E+00  3.000000E+01     3  1.616787E+00  1.213187E+01  1.580679E+00  3.397880E-01
  2.837491E+00  3.000000E+01     4  4.077791E-02 -9.654469E+01 -4.647793E-03 -4.051217E-02
  2.837491E+00  3.000000E+01     5  6.643254E-02  8.655091E+01  3.996692E-03  6.631221E-02
  2.837491E+00  3.000000E+01     6  4.750945E-08  2.053756E+01  4.448987E-08  1.666733E-08
  2.837491E+00  4.000000E+01     1  7.794735E-01  8.756866E+01  3.306695E-02  7.787718E-01
  2.837491E+00  4.000000E+01     2  6.523736E-01  8.787647E+01  2.417309E-02  6.519256E-01
  2.837491E+00  4.000000E+01     3  1.616677E+00  1.214114E+01  1.580516E+00  3.400205E-01
  2.837491E+00  4.000000E+01     4  5.117546E-02 -9.586585E+01 -5.230111E-03 -5.090750E-02
  2.837491E+00  4.000000E+01     5  5.947385E-02  8.653299E+01  3.596615E-03  5.936500E-02
  2.837491E+00  4.000000E+01     6  4.847975E-08  1.983171E+01  4.560457E-08  1.644717E-08
  2.837491E+00  5.000000E+01     1  6.527175E-01  8.758545E+01  2.749863E-02  6.521380E-01
  2.837491E+00  5.000000E+01     2  7.788745E-01  8.781496E+01  2.969607E-02  7.783082E-01
  2.837491E+00  5.000000E+01     3  1.616654E+00  1.214855E+01  1.580450E+00  3.402201E-01
  2.837491E+00  5.000000E+01     4  6.006880E-02 -9.546781E+01 -5.723746E-03 -5.979549E-02
  2.837491E+00  5.000000E+01     5  5.073224E-02  8.647234E+01  3.121575E-03  5.063611E-02
  2.837491E+00  5.000000E+01     6  5.005918E-08  1.869022E+01  4.741930E-08  1.604153E-08
  2.837491E+00  6.000000E+01     1  5.060988E-01  8.761715E+01  2.104190E-02  5.056612E-01
  2.837491E+00  6.000000E+01     2  8.816677E-01  8.777671E+01  3.420344E-02  8.810040E-01
  2.837491E+00  6.000000E+01     3  1.616724E+00  1.215379E+01  1.580487E+00  3.403793E-01
  2.837491E+00  6.000000E+01     4  6.717961E-02 -9.522191E+01 -6.114245E-03 -6.690079E-02
  2.837491E+00  6.000000E+01     5  4.048073E-02  8.633951E+01  2.584456E-03  4.039814E-02
  2.837491E+00  6.000000E+01     6  5.141836E-08  1.750020E+01  4.903851E-08  1.546197E-08
  2.837491E+00  7.000000E+01     1  3.440740E-01  8.768491E+01  1.389888E-02  3.437932E-01
  2.837491E+00  7.000000E+01     2  9.576366E-01  8.775236E+01  3.755719E-02  9.568999E-01
  2.837491E+00  7.000000E+01     3  1.616882E+00  1.215663E+01  1.580624E+00  3.404910E-01
  2.837491E+00  7.000000E+01     4  7.228062E-02 -9.507238E+01 -6.390626E-03 -7.199755E-02
  2.837491E+00  7.000000E+01     5  2.903148E-02  8.605391E+01  1.997884E-03  2.896265E-02
  2.837491E+00  7.000000E+01     6  5.188375E-08  1.648907E+01  4.974997E-08  1.472629E-08
  2.837491E+00  8.000000E+01     1  1.715756E-01  8.789719E+01  6.295566E-03  1.714601E-01
  2.837491E+00  8.000000E+01     2  1.004483E+00  8.773753E+01  3.965425E-02  1.003700E+00
  2.837491E+00  8.000000E+01     3  1.617112E+00  1.215697E+01  1.580847E+00  3.405488E-01
  2.837491E+00  8.000000E+01     4  7.520425E-02 -9.499318E+01 -6.545570E-03 -7.491886E-02
  2.837491E+00  8.000000E+01     5  1.672703E-02  8.528740E+01  1.374253E-03  1.667048E-02
  2.837491E+00  8.000000E+01     6  5.126021E-08  1.568471E+01  4.935148E-08  1.385786E-08
  2.837491E+00  9.000000E+01     1  6.278298E-03 -1.040685E+02 -1.526137E-03 -6.089986E-03
  2.837491E+00  9.000000E+01     2  1.020795E+00  8.773014E+01  4.042977E-02  1.019994E+00
  2.837491E+00  9.000000E+01     3  1.617390E+00  1.215484E+01  1.581131E+00  3.405485E-01
  2.837491E+00  9.000000E+01     4  7.585054E-02 -9.497322E+01 -6.575487E-03 -7.556498E-02
  2.837491E+00  9.000000E+01     5  3.950419E-03  7.940999E+01  7.260077E-04  3.883133E-03
  2.837491E+00  9.000000E+01     6  4.991980E-08  1.495769E+01  4.822835E-08  1.288458E-08
  2.837491E+00  1.000000E+02     1  1.836858E-01 -9.290751E+01 -9.317244E-03 -1.834494E-01
  2.837491E+00  1.000000E+02     2  1.006086E+00  8.772946E+01  3.985911E-02  1.005296E+00
  2.837491E+00  1.000000E+02     3  1.617683E+00  1.215041E+01  1.581444E+00  3.404878E-01
  2.837491E+00  1.000000E+02     4  7.419283E-02 -9.501097E+01 -6.480481E-03 -7.390927E-02
  2.837491E+00  1.000000E+02     5  9.025294E-03 -8.958053E+01  6.607455E-05 -9.025052E-03
  2.837491E+00  1.000000E+02     6  4.861093E-08  1.409421E+01  4.714758E-08  1.183759E-08
  2.837491E+00  1.100000E+02     1  3.556173E-01 -9.271273E+01 -1.683082E-02 -3.552188E-01
  2.837491E+00  1.100000E+02     2  9.608063E-01  8.773582E+01  3.795861E-02  9.600562E-01
  2.837491E+00  1.100000E+02     3  1.617954E+00  1.214398E+01  1.581747E+00  3.403674E-01
  2.837491E+00  1.100000E+02     4  7.028051E-02 -9.511369E+01 -6.264261E-03 -7.000078E-02
  2.837491E+00  1.100000E+02     5  2.168246E-02 -9.156364E+01 -5.916546E-04 -2.167439E-02
  2.837491E+00  1.100000E+02     6  4.808506E-08  1.291826E+01  4.686803E-08  1.074994E-08
  2.837491E+00  1.200000E+02     1  5.167241E-01 -9.264338E+01 -2.383093E-02 -5.161743E-01
  2.837491E+00  1.200000E+02     2  8.863310E-01  8.775078E+01  3.478506E-02  8.856481E-01
  2.837491E+00  1.200000E+02     3  1.618166E+00  1.213595E+01  1.582002E+00  3.401902E-01
  2.837491E+00  1.200000E+02     4  6.423787E-02 -9.530027E+01 -5.933987E-03 -6.396320E-02
  2.837491E+00  1.200000E+02     5  3.371048E-02 -9.209431E+01 -1.231930E-03 -3.368796E-02
  2.837491E+00  1.200000E+02     6  4.871919E-08  1.143074E+01  4.775284E-08  9.655328E-09
  2.837491E+00  1.300000E+02     1  6.621119E-01 -9.260567E+01 -3.010083E-02 -6.614273E-01
  2.837491E+00  1.300000E+02     2  7.849159E-01  8.777788E+01  3.043402E-02  7.843257E-01
  2.837491E+00  1.300000E+02     3  1.618288E+00  1.212674E+01  1.582176E+00  3.399617E-01
  2.837491E+00  1.300000E+02     4  5.625936E-02 -9.561032E+01 -5.500040E-03 -5.598987E-02
  2.837491E+00  1.300000E+02     5  4.473883E-02 -9.235450E+01 -1.837972E-03 -4.470106E-02
  2.837491E+00  1.300000E+02     6  5.030787E-08  9.827863E+00  4.956960E-08  8.586983E-09
  2.837491E+00  1.400000E+02     1  7.873714E-01 -9.258052E+01 -3.545014E-02 -7.865729E-01
  2.837491E+00  1.400000E+02     2  6.596322E-01  8.782476E+01  2.503702E-02  6.591569E-01
  2.837491E+00  1.400000E+02     3  1.618300E+00  1.211677E+01  1.582247E+00  3.396890E-01
  2.837491E+00  1.400000E+02     4  4.660167E-02 -9.612917E+01 -4.975675E-03 -4.633528E-02
  2.837491E+00  1.400000E+02     5  5.442476E-02 -9.251859E+01 -2.391617E-03 -5.437219E-02
  2.837491E+00  1.400000E+02     6  5.212883E-08  8.357253E+00  5.157528E-08  7.576661E-09
  2.837491E+00  1.500000E+02     1  8.887092E-01 -9.256166E+01 -3.972049E-02 -8.878211E-01
  2.837491E+00  1.500000E+02     2  5.142757E-01  8.790972E+01  1.875782E-02  5.139335E-01
  2.837491E+00  1.500000E+02     3  1.618197E+00  1.210638E+01  1.582208E+00  3.393804E-01
  2.837491E+00  1.500000E+02     4  3.557434E-02 -9.706676E+01 -4.376557E-03 -3.530410E-02
  2.837491E+00  1.500000E+02     5  6.246149E-02 -9.263710E+01 -2.873842E-03 -6.239534E-02
  2.837491E+00  1.500000E+02     6  5.326635E-08  7.175931E+00  5.284912E-08  6.653843E-09
  2.837491E+00  1.600000E+02     1  9.630596E-01 -9.254655E+01 -4.278967E-02 -9.621086E-01
  2.837491E+00  1.600000E+02     2  3.532557E-01  8.808775E+01  1.178775E-02  3.530589E-01
  2.837491E+00  1.600000E+02     3  1.617988E+00  1.209584E+01  1.582066E+00  3.390455E-01
  2.837491E+00  1.600000E+02     4  2.353468E-02 -9.909508E+01 -3.720206E-03 -2.323879E-02
  2.837491E+00  1.600000E+02     5  6.859041E-02 -9.272894E+01 -3.265654E-03 -6.851262E-02
  2.837491E+00  1.600000E+02     6  5.304256E-08  6.326629E+00  5.271952E-08  5.845091E-09
  2.837491E+00  1.700000E+02     1  1.008174E+00 -9.253403E+01 -4.457419E-02 -1.007188E+00
  2.837491E+00  1.700000E+02     2  1.814688E-01  8.862956E+01  4.340089E-03  1.814169E-01
  2.837491E+00  1.700000E+02     3  1.617697E+00  1.208533E+01  1.581844E+00  3.386942E-01
  2.837491E+00  1.700000E+02     4  1.093407E-02 -1.060632E+02 -3.025435E-03 -1.050717E-02
  2.837491E+00  1.700000E+02     5  7.261271E-02 -9.280170E+01 -3.549265E-03 -7.252592E-02
  2.837491E+00  1.700000E+02     6  5.134706E-08  5.782782E+00  5.108575E-08  5.173592E-09
  2.837491E+00  1.800000E+02     1  1.022687E+00 -9.252363E+01 -4.503044E-02 -1.021695E+00
  2.837491E+00  1.800000E+02     2  5.395416E-03  1.284688E+02 -3.356425E-03  4.224325E-03
  2.837491E+00  1.800000E+02     3  1.617355E+00  1.207499E+01  1.581571E+00  3.383373E-01
  2.837491E+00  1.800000E+02     4  3.411782E-03  1.326565E+02 -2.311826E-03  2.509126E-03
  2.837491E+00  1.800000E+02     5  7.439862E-02 -9.285788E+01 -3.709422E-03 -7.430609E-02
  2.837491E+00  1.800000E+02     6  4.870659E-08  5.488778E+00  4.848326E-08  4.658823E-09
  2.837491E+00  1.900000E+02     1  1.006155E+00 -9.251520E+01 -4.415459E-02 -1.005186E+00
  2.837491E+00  1.900000E+02     2  1.734811E-01 -9.365689E+01 -1.106486E-02 -1.731278E-01
  2.837491E+00  1.900000E+02     3  1.617002E+00  1.206494E+01  1.581284E+00  3.379861E-01
  2.837491E+00  1.900000E+02     4  1.550754E-02  9.591959E+01 -1.599332E-03  1.542484E-02
  2.837491E+00  1.900000E+02     5  7.389326E-02 -9.289710E+01 -3.734741E-03 -7.379882E-02
  2.837491E+00  1.900000E+02     6  4.606233E-08  5.376786E+00  4.585965E-08  4.316268E-09
  2.837491E+00  2.000000E+02     1  9.590721E-01 -9.250881E+01 -4.198147E-02 -9.581528E-01
  2.837491E+00  2.000000E+02     2  3.457381E-01 -9.307523E+01 -1.854785E-02 -3.452403E-01
  2.837491E+00  2.000000E+02     3  1.616672E+00  1.205535E+01  1.581019E+00  3.376526E-01
  2.837491E+00  2.000000E+02     4  2.787474E-02  9.186663E+01 -9.079678E-04  2.785995E-02
  2.837491E+00  2.000000E+02     5  7.111832E-02 -9.291677E+01 -3.618868E-03 -7.102618E-02
  2.837491E+00  2.000000E+02     6  4.435822E-08  5.377381E+00  4.416300E-08  4.157043E-09
  2.837491E+00  2.100000E+02     1  8.828560E-01 -9.250474E+01 -3.858262E-02 -8.820125E-01
  2.837491E+00  2.100000E+02     2  5.075171E-01 -9.288856E+01 -2.557555E-02 -5.068722E-01
  2.837491E+00  2.100000E+02     3  1.616401E+00  1.204640E+01  1.580806E+00  3.373488E-01
  2.837491E+00  2.100000E+02     4  3.944862E-02  9.037409E+01 -2.575628E-04  3.944778E-02
  2.837491E+00  2.100000E+02     5  6.616970E-02 -9.291181E+01 -3.361338E-03 -6.608427E-02
  2.837491E+00  2.100000E+02     6  4.413057E-08  5.444782E+00  4.393145E-08  4.187391E-09
  2.837491E+00  2.200000E+02     1  7.798092E-01 -9.250359E+01 -3.406362E-02 -7.790648E-01
  2.837491E+00  2.200000E+02     2  6.538842E-01 -9.279922E+01 -3.193322E-02 -6.531039E-01
  2.837491E+00  2.200000E+02     3  1.616213E+00  1.203831E+01  1.580669E+00  3.370865E-01
  2.837491E+00  2.200000E+02     4  4.984432E-02  8.961774E+01  3.325446E-04  4.984321E-02
  2.837491E+00  2.200000E+02     5  5.921154E-02 -9.287319E+01 -2.968010E-03 -5.913710E-02
  2.837491E+00  2.200000E+02     6  4.528715E-08  5.585788E+00  4.507210E-08  4.408071E-09
  2.837491E+00  2.300000E+02     1  6.530520E-01 -9.250660E+01 -2.856089E-02 -6.524271E-01
  2.837491E+00  2.300000E+02     2  7.803862E-01 -9.274902E+01 -3.742816E-02 -7.794882E-01
  2.837491E+00  2.300000E+02     3  1.616125E+00  1.203135E+01  1.580625E+00  3.368764E-01
  2.837491E+00  2.300000E+02     4  5.873735E-02  8.917674E+01  8.439491E-04  5.873129E-02
  2.837491E+00  2.300000E+02     5  5.046758E-02 -9.278377E+01 -2.451047E-03 -5.040803E-02
  2.837491E+00  2.300000E+02     6  4.717524E-08  5.856719E+00  4.692899E-08  4.813814E-09
  2.837491E+00  2.400000E+02     1  5.064308E-01 -9.251672E+01 -2.223781E-02 -5.059424E-01
  2.837491E+00  2.400000E+02     2  8.831807E-01 -9.271896E+01 -4.189548E-02 -8.821864E-01
  2.837491E+00  2.400000E+02     3  1.616147E+00  1.202578E+01  1.580679E+00  3.367271E-01
  2.837491E+00  2.400000E+02     4  6.584874E-02  8.890376E+01  1.259806E-03  6.583669E-02
  2.837491E+00  2.400000E+02     5  4.021125E-02 -9.260618E+01 -1.828434E-03 -4.016966E-02
  2.837491E+00  2.400000E+02     6  4.890354E-08  6.331399E+00  4.860526E-08  5.393033E-09
  2.837491E+00  2.500000E+02     1  3.444026E-01 -9.254292E+01 -1.528040E-02 -3.440634E-01
  2.837491E+00  2.500000E+02     2  9.591509E-01 -9.270123E+01 -4.520273E-02 -9.580852E-01
  2.837491E+00  2.500000E+02     3  1.616274E+00  1.202183E+01  1.580827E+00  3.366446E-01
  2.837491E+00  2.500000E+02     4  7.095079E-02  8.873560E+01  1.565611E-03  7.093352E-02
  2.837491E+00  2.500000E+02     5  2.875554E-02 -9.223834E+01 -1.123088E-03 -2.873360E-02
  2.837491E+00  2.500000E+02     6  4.976566E-08  7.073167E+00  4.938693E-08  6.127981E-09
  2.837491E+00  2.600000E+02     1  1.718989E-01 -9.263154E+01 -7.892372E-03 -1.717176E-01
  2.837491E+00  2.600000E+02     2  1.005999E+00 -9.269225E+01 -4.725316E-02 -1.004888E+00
  2.837491E+00  2.600000E+02     3  1.616493E+00  1.201970E+01  1.581053E+00  3.366315E-01
  2.837491E+00  2.600000E+02     4  7.387559E-02  8.864259E+01  1.750046E-03  7.385486E-02
  2.837491E+00  2.600000E+02     5  1.644475E-02 -9.126017E+01 -3.616599E-04 -1.644077E-02
  2.837491E+00  2.600000E+02     6  4.956576E-08  8.113431E+00  4.906963E-08  6.995379E-09
  2.837491E+00  2.700000E+02     1  5.852578E-03  9.283851E+01 -2.898258E-04  5.845398E-03
  2.837491E+00  2.700000E+02     2  1.022312E+00 -9.269049E+01 -4.798792E-02 -1.021185E+00
  2.837491E+00  2.700000E+02     3  1.616780E+00  1.201954E+01  1.581334E+00  3.366866E-01
  2.837491E+00  2.700000E+02     4  7.452287E-02  8.861156E+01  1.805726E-03  7.450099E-02
  2.837491E+00  2.700000E+02     5  3.677605E-03 -8.333434E+01  4.268795E-04 -3.652746E-03
  2.837491E+00  2.700000E+02     6  4.869249E-08  9.417544E+00  4.803621E-08  7.967456E-09
  2.837491E+00  2.800000E+02     1  1.833619E-01  8.771690E+01  7.304587E-03  1.832164E-01
  2.837491E+00  2.800000E+02     2  1.007604E+00 -9.269559E+01 -4.738713E-02 -1.006489E+00
  2.837491E+00  2.800000E+02     3  1.617101E+00  1.202143E+01  1.581637E+00  3.368056E-01
  2.837491E+00  2.800000E+02     4  7.286577E-02  8.863974E+01  1.729740E-03  7.284523E-02
  2.837491E+00  2.800000E+02     5  9.335165E-03  8.253549E+01  1.212750E-03  9.256054E-03
  2.837491E+00  2.800000E+02     6  4.790647E-08  1.084437E+01  4.705095E-08  9.013217E-09
  2.837491E+00  2.900000E+02     1  3.552976E-01  8.763400E+01  1.466764E-02  3.549947E-01
  2.837491E+00  2.900000E+02     2  9.623249E-01 -9.270825E+01 -4.547017E-02 -9.612501E-01
  2.837491E+00  2.900000E+02     3  1.617418E+00  1.202538E+01  1.581924E+00  3.369809E-01
  2.837491E+00  2.900000E+02     4  6.895352E-02  8.873366E+01  1.523879E-03  6.893668E-02
  2.837491E+00  2.900000E+02     5  2.199399E-02  8.486929E+01  1.966881E-03  2.190587E-02
  2.837491E+00  2.900000E+02     6  4.794564E-08  1.216046E+01  4.686981E-08  1.009976E-08
  2.837491E+00  3.000000E+02     1  5.164064E-01  8.760480E+01  2.158162E-02  5.159552E-01
  2.837491E+00  3.000000E+02     2  8.878503E-01 -9.273047E+01 -4.229508E-02 -8.868423E-01
  2.837491E+00  3.000000E+02     3  1.617692E+00  1.203135E+01  1.582157E+00  3.372029E-01
  2.837491E+00  3.000000E+02     4  6.291036E-02  8.891200E+01  1.194540E-03  6.289902E-02
  2.837491E+00  3.000000E+02     5  3.402404E-02  8.551208E+01  2.662342E-03  3.391972E-02
  2.837491E+00  3.000000E+02     6  4.914470E-08  1.316560E+01  4.785297E-08  1.119351E-08
  2.837491E+00  3.100000E+02     1  6.617948E-01  8.758897E+01  2.784034E-02  6.612089E-01
  2.837491E+00  3.100000E+02     2  7.864357E-01 -9.276643E+01 -3.795700E-02 -7.855191E-01
  2.837491E+00  3.100000E+02     3  1.617890E+00  1.203920E+01  1.582305E+00  3.374610E-01
  2.837491E+00  3.100000E+02     4  5.493074E-02  8.921522E+01  7.523595E-04  5.492559E-02
  2.837491E+00  3.100000E+02     5  4.505211E-02  8.583051E+01  3.275608E-03  4.493287E-02
  2.837491E+00  3.100000E+02     6  5.125331E-08  1.384112E+01  4.976506E-08  1.226135E-08
  2.837491E+00  3.200000E+02     1  7.870535E-01  8.757840E+01  3.325488E-02  7.863507E-01
  2.837491E+00  3.200000E+02     2  6.611523E-01 -9.282504E+01 -3.258579E-02 -6.603488E-01
  2.837491E+00  3.200000E+02     3  1.617990E+00  1.204871E+01  1.582347E+00  3.377446E-01
  2.837491E+00  3.200000E+02     4  4.527141E-02  8.973212E+01  2.116613E-04  4.527091E-02
  2.837491E+00  3.200000E+02     5  5.473501E-02  8.603207E+01  3.787559E-03  5.460381E-02
  2.837491E+00  3.200000E+02     6  5.353140E-08  1.435454E+01  5.186016E-08  1.327158E-08
  2.837491E+00  3.300000E+02     1  8.883894E-01  8.757049E+01  3.765906E-02  8.875909E-01
  2.837491E+00  3.300000E+02     2  5.157964E-01 -9.292745E+01 -2.634249E-02 -5.151233E-01
  2.837491E+00  3.300000E+02     3  1.617984E+00  1.205960E+01  1.582276E+00  3.380438E-01
  2.837491E+00  3.300000E+02     4  3.424211E-02  9.068633E+01 -4.101686E-04  3.423966E-02
  2.837491E+00  3.300000E+02     5  6.276618E-02  8.617767E+01  4.184166E-03  6.262656E-02
  2.837491E+00  3.300000E+02     6  5.507547E-08  1.493555E+01  5.321482E-08  1.419473E-08
  2.837491E+00  3.400000E+02     1  9.627372E-01  8.756430E+01  4.091450E-02  9.618674E-01
  2.837491E+00  3.400000E+02     2  3.547777E-01 -9.313702E+01 -1.941483E-02 -3.542461E-01
  2.837491E+00  3.400000E+02     3  1.617877E+00  1.207151E+01  1.582101E+00  3.383503E-01
  2.837491E+00  3.400000E+02     4  2.220123E-02  9.282274E+01 -1.093327E-03  2.217429E-02
  2.837491E+00  3.400000E+02     5  6.888760E-02  8.629057E+01  4.456787E-03  6.874327E-02
  2.837491E+00  3.400000E+02     6  5.523203E-08  1.576292E+01  5.315497E-08  1.500419E-08
  2.837491E+00  3.500000E+02     1  1.007849E+00  8.755955E+01  4.291512E-02  1.006934E+00
  2.837491E+00  3.500000E+02     2  1.829959E-01 -9.376354E+01 -1.201167E-02 -1.826013E-01
  2.837491E+00  3.500000E+02     3  1.617690E+00  1.208404E+01  1.581845E+00  3.386574E-01
  2.837491E+00  3.500000E+02     4  9.615732E-03  1.008875E+02 -1.816225E-03  9.442649E-03
  2.837491E+00  3.500000E+02     5  7.290131E-02  8.638065E+01  4.602081E-03  7.275590E-02
  2.837491E+00  3.500000E+02     6  5.390755E-08  1.690629E+01  5.157775E-08  1.567670E-08
  2.590263E+00  0.000000E+00     1  1.181475E+00  8.626885E+01  7.688426E-02  1.178970E+00
  2.590263E+00  0.000000E+00     2  7.468132E-03 -1.260082E+02 -4.390520E-03 -6.041220E-03
  2.590263E+00  0.000000E+00     3  1.433873E+00  1.584679E+01  1.379379E+00  3.915418E-01
  2.590263E+00  0.000000E+00     4  4.676003E-03 -1.206258E+02 -2.382090E-03 -4.023762E-03
  2.590263E+00  0.000000E+00     5  7.169163E-02  8.439825E+01  6.998054E-03  7.134926E-02
  2.590263E+00  0.000000E+00     6  4.744675E-08  2.307104E+01  4.365194E-08  1.859306E-08
  2.590263E+00  1.000000E+01     1  1.162419E+00  8.626798E+01  7.566181E-02  1.159954E+00
  2.590263E+00  1.000000E+01     2  1.989145E-01  8.739305E+01  9.047464E-03  1.987087E-01
  2.590263E+00  1.000000E+01     3  1.433544E+00  1.586381E+01  1.378946E+00  3.918615E-01
  2.590263E+00  1.000000E+01     4  1.671837E-02 -1.022311E+02 -3.541872E-03 -1.633888E-02
  2.590263E+00  1.000000E+01     5  7.127476E-02  8.448021E+01  6.855886E-03  7.094426E-02
  2.590263E+00  1.000000E+01     6  4.329323E-08  2.597587E+01  3.891969E-08  1.896212E-08
  2.590263E+00  2.000000E+01     1  1.108065E+00  8.626922E+01  7.210007E-02  1.105717E+00
  2.590263E+00  2.000000E+01     2  3.980179E-01  8.681560E+01  2.210974E-02  3.974033E-01
  2.590263E+00  2.000000E+01     3  1.433243E+00  1.587991E+01  1.378546E+00  3.921668E-01
  2.590263E+00  2.000000E+01     4  2.856668E-02 -9.938156E+01 -4.656609E-03 -2.818459E-02
  2.590263E+00  2.000000E+01     5  6.866599E-02  8.454124E+01  6.532143E-03  6.835459E-02
  2.590263E+00  2.000000E+01     6  4.075795E-08  2.799227E+01  3.598972E-08  1.912984E-08
  2.590263E+00  3.000000E+01     1  1.020045E+00  8.627362E+01  6.629458E-02  1.017889E+00
  2.590263E+00  3.000000E+01     2  5.849985E-01  8.662904E+01  3.439812E-02  5.839864E-01
  2.590263E+00  3.000000E+01     3  1.433010E+00  1.589448E+01  1.378223E+00  3.924535E-01
  2.590263E+00  3.000000E+01     4  3.963086E-02 -9.825799E+01 -5.692204E-03 -3.921994E-02
  2.590263E+00  3.000000E+01     5  6.396501E-02  8.457851E+01  6.043527E-03  6.367886E-02
  2.590263E+00  3.000000E+01     6  4.065091E-08  2.800639E+01  3.589050E-08  1.908845E-08
  2.590263E+00  4.000000E+01     1  9.010109E-01  8.628292E+01  5.841240E-02  8.991155E-01
  2.590263E+00  4.000000E+01     2  7.541500E-01  8.653817E+01  4.553822E-02  7.527739E-01
  2.590263E+00  4.000000E+01     3  1.432875E+00  1.590691E+01  1.378008E+00  3.927156E-01
  2.590263E+00  4.000000E+01     4  4.956477E-02 -9.767197E+01 -6.616967E-03 -4.912110E-02
  2.590263E+00  4.000000E+01     5  5.733838E-02  8.458638E+01  5.409584E-03  5.708262E-02
  2.590263E+00  4.000000E+01     6  4.276068E-08  2.613570E+01  3.838854E-08  1.883602E-08
  2.590263E+00  5.000000E+01     1  7.545602E-01  8.630037E+01  4.868865E-02  7.529877E-01
  2.590263E+00  5.000000E+01     2  9.003245E-01  8.648550E+01  5.519097E-02  8.986313E-01
  2.590263E+00  5.000000E+01     3  1.432855E+00  1.591667E+01  1.377922E+00  3.929450E-01
  2.590263E+00  5.000000E+01     4  5.806214E-02 -9.732495E+01 -7.402724E-03 -5.758829E-02
  2.590263E+00  5.000000E+01     5  4.900842E-02  8.455387E+01  4.651382E-03  4.878719E-02
  2.590263E+00  5.000000E+01     6  4.596497E-08  2.356666E+01  4.213129E-08  1.837751E-08
  2.590263E+00  6.000000E+01     1  5.851339E-01  8.633332E+01  3.742047E-02  5.839361E-01
  2.590263E+00  6.000000E+01     2  1.019084E+00  8.645216E+01  6.306289E-02  1.017130E+00
  2.590263E+00  6.000000E+01     3  1.432958E+00  1.592330E+01  1.377975E+00  3.931323E-01
  2.590263E+00  6.000000E+01     4  6.485338E-02 -9.710875E+01 -8.025797E-03 -6.435486E-02
  2.590263E+00  6.000000E+01     5  3.924092E-02  8.445689E+01  3.790467E-03  3.905742E-02
  2.590263E+00  6.000000E+01     6  4.864554E-08  2.136946E+01  4.530117E-08  1.772548E-08
  2.590263E+00  7.000000E+01     1  3.978826E-01  8.640364E+01  2.495805E-02  3.970991E-01
  2.590263E+00  7.000000E+01     2  1.106831E+00  8.643027E+01  6.891487E-02  1.104683E+00
  2.590263E+00  7.000000E+01     3  1.433176E+00  1.592643E+01  1.378164E+00  3.932678E-01
  2.590263E+00  7.000000E+01     4  6.971415E-02 -9.697662E+01 -8.467780E-03 -6.919798E-02
  2.590263E+00  7.000000E+01     5  2.833367E-02  8.423062E+01  2.848229E-03  2.819014E-02
  2.590263E+00  7.000000E+01     6  4.944986E-08  1.998420E+01  4.647233E-08  1.690003E-08
  2.590263E+00  8.000000E+01     1  1.985106E-01  8.662305E+01  1.169323E-02  1.981659E-01
  2.590263E+00  8.000000E+01     2  1.160918E+00  8.641609E+01  7.256925E-02  1.158648E+00
  2.590263E+00  8.000000E+01     3  1.433492E+00  1.592594E+01  1.378471E+00  3.933426E-01
  2.590263E+00  8.000000E+01     4  7.247605E-02 -9.690718E+01 -8.716058E-03 -7.195004E-02
  2.590263E+00  8.000000E+01     5  1.660753E-02  8.361902E+01  1.845745E-03  1.650464E-02
  2.590263E+00  8.000000E+01     6  4.798938E-08  1.938461E+01  4.526896E-08  1.592805E-08
  2.590263E+00  9.000000E+01     1  7.074374E-03 -1.060363E+02 -1.954266E-03 -6.799089E-03
  2.590263E+00  9.000000E+01     2  1.179721E+00  8.640780E+01  7.391502E-02  1.177403E+00
  2.590263E+00  9.000000E+01     3  1.433872E+00  1.592193E+01  1.378864E+00  3.933502E-01
  2.590263E+00  9.000000E+01     4  7.303672E-02 -9.689186E+01 -8.764102E-03 -7.250899E-02
  2.590263E+00  9.000000E+01     5  4.409651E-03  7.949395E+01  8.040527E-04  4.335726E-03
  2.590263E+00  9.000000E+01     6  4.503414E-08  1.924244E+01  4.251820E-08  1.484172E-08
  2.590263E+00  1.000000E+02     1  2.121175E-01 -9.420457E+01 -1.555199E-02 -2.115466E-01
  2.590263E+00  1.000000E+02     2  1.162683E+00  8.640467E+01  7.291087E-02  1.160395E+00
  2.590263E+00  1.000000E+02     3  1.434273E+00  1.591475E+01  1.379298E+00  3.932873E-01
  2.590263E+00  1.000000E+02     4  7.136765E-02 -9.693049E+01 -8.611582E-03 -7.084618E-02
  2.590263E+00  1.000000E+02     5  7.975128E-03 -9.183395E+01 -2.552278E-04 -7.971043E-03
  2.590263E+00  1.000000E+02     6  4.211156E-08  1.895202E+01  3.982873E-08  1.367684E-08
  2.590263E+00  1.100000E+02     1  4.108394E-01 -9.400168E+01 -2.867070E-02 -4.098378E-01
  2.590263E+00  1.100000E+02     2  1.110328E+00  8.640682E+01  6.958615E-02  1.108146E+00
  2.590263E+00  1.100000E+02     3  1.434642E+00  1.590501E+01  1.379720E+00  3.931542E-01
  2.590263E+00  1.100000E+02     4  6.751799E-02 -9.703074E+01 -8.264326E-03 -6.701030E-02
  2.590263E+00  1.100000E+02     5  2.010591E-02 -9.373329E+01 -1.309139E-03 -2.006324E-02
  2.590263E+00  1.100000E+02     6  4.075114E-08  1.782007E+01  3.879599E-08  1.247102E-08
  2.590263E+00  1.200000E+02     1  5.970421E-01 -9.392808E+01 -4.089994E-02 -5.956395E-01
  2.590263E+00  1.200000E+02     2  1.024245E+00  8.641530E+01  6.403990E-02  1.022241E+00
  2.590263E+00  1.200000E+02     3  1.434928E+00  1.589347E+01  1.380075E+00  3.929545E-01
  2.590263E+00  1.200000E+02     4  6.161381E-02 -9.721110E+01 -7.734097E-03 -6.112647E-02
  2.590263E+00  1.200000E+02     5  3.167238E-02 -9.422379E+01 -2.332741E-03 -3.158636E-02
  2.590263E+00  1.200000E+02     6  4.175894E-08  1.564616E+01  4.021158E-08  1.126221E-08
  2.590263E+00  1.300000E+02     1  7.650692E-01 -9.388694E+01 -5.186237E-02 -7.633094E-01
  2.590263E+00  1.300000E+02     2  9.070369E-01  8.643262E+01  5.643790E-02  9.052794E-01
  2.590263E+00  1.300000E+02     3  1.435087E+00  1.588089E+01  1.380313E+00  3.926948E-01
  2.590263E+00  1.300000E+02     4  5.385233E-02 -9.750967E+01 -7.038154E-03 -5.339043E-02
  2.590263E+00  1.300000E+02     5  4.231976E-02 -9.447073E+01 -3.298819E-03 -4.219099E-02
  2.590263E+00  1.300000E+02     6  4.480282E-08  1.301168E+01  4.365247E-08  1.008734E-08
  2.590263E+00  1.400000E+02     1  9.098294E-01 -9.385857E+01 -6.122599E-02 -9.077670E-01
  2.590263E+00  1.400000E+02     2  7.622465E-01  8.646429E+01  4.700822E-02  7.607956E-01
  2.590263E+00  1.400000E+02     3  1.435089E+00  1.586795E+01  1.380404E+00  3.923838E-01
  2.590263E+00  1.400000E+02     4  4.449205E-02 -9.800837E+01 -6.198530E-03 -4.405815E-02
  2.590263E+00  1.400000E+02     5  5.171240E-02 -9.463432E+01 -4.178152E-03 -5.154334E-02
  2.590263E+00  1.400000E+02     6  4.848613E-08  1.067473E+01  4.764705E-08  8.981239E-09
  2.590263E+00  1.500000E+02     1  1.026946E+00 -9.383658E+01 -6.871389E-02 -1.024644E+00
  2.590263E+00  1.500000E+02     2  5.942542E-01  8.652349E+01  3.603514E-02  5.931606E-01
  2.590263E+00  1.500000E+02     3  1.434928E+00  1.585514E+01  1.380337E+00  3.920312E-01
  2.590263E+00  1.500000E+02     4  3.384081E-02 -9.890952E+01 -5.241078E-03 -3.343249E-02
  2.590263E+00  1.500000E+02     5  5.954391E-02 -9.475937E+01 -4.940424E-03 -5.933860E-02
  2.590263E+00  1.500000E+02     6  5.097167E-08  9.002258E+00  5.034381E-08  7.975710E-09
  2.590263E+00  1.600000E+02     1  1.112883E+00 -9.381837E+01 -7.411116E-02 -1.110412E+00
  2.590263E+00  1.600000E+02     2  4.081499E-01  8.664984E+01  2.385149E-02  4.074524E-01
  2.590263E+00  1.600000E+02     3  1.434618E+00  1.584273E+01  1.380124E+00  3.916474E-01
  2.590263E+00  1.600000E+02     4  2.224758E-02 -1.008671E+02 -4.194362E-03 -2.184861E-02
  2.590263E+00  1.600000E+02     5  6.555180E-02 -9.486184E+01 -5.555728E-03 -6.531594E-02
  2.590263E+00  1.600000E+02     6  5.087008E-08  8.021775E+00  5.037232E-08  7.098891E-09
  2.590263E+00  1.700000E+02     1  1.165047E+00 -9.380281E+01 -7.726925E-02 -1.162482E+00
  2.590263E+00  1.700000E+02     2  2.095866E-01  8.703823E+01  1.082926E-02  2.093067E-01
  2.590263E+00  1.700000E+02     3  1.434194E+00  1.583076E+01  1.379798E+00  3.912437E-01
  2.590263E+00  1.700000E+02     4  1.014202E-02 -1.077301E+02 -3.088591E-03 -9.660292E-03
  2.590263E+00  1.700000E+02     5  6.953194E-02 -9.494741E+01 -5.996522E-03 -6.927288E-02
  2.590263E+00  1.700000E+02     6  4.792079E-08  7.644750E+00  4.749487E-08  6.374928E-09
  2.590263E+00  1.800000E+02     1  1.181862E+00 -9.378938E+01 -7.810806E-02 -1.179278E+00
  2.590263E+00  1.800000E+02     2  5.427885E-03  1.190014E+02 -2.631605E-03  4.747272E-03
  2.590263E+00  1.800000E+02     3  1.433704E+00  1.581921E+01  1.379405E+00  3.908318E-01
  2.590263E+00  1.800000E+02     4  3.391436E-03  1.251962E+02 -1.954749E-03  2.771424E-03
  2.590263E+00  1.800000E+02     5  7.135030E-02 -9.501707E+01 -6.239762E-03 -7.107694E-02
  2.590263E+00  1.800000E+02     6  4.313756E-08  7.759074E+00  4.274262E-08  5.823909E-09
  2.590263E+00  1.900000E+02     1  1.162814E+00 -9.377787E+01 -7.661605E-02 -1.160287E+00
  2.590263E+00  1.900000E+02     2  2.006461E-01 -9.460698E+01 -1.611598E-02 -1.999979E-01
  2.590263E+00  1.900000E+02     3  1.433200E+00  1.580799E+01  1.378997E+00  3.904244E-01
  2.590263E+00  1.900000E+02     4  1.510910E-02  9.312643E+01 -8.240426E-04  1.508661E-02
  2.590263E+00  1.900000E+02     5  7.095021E-02 -9.506909E+01 -6.268947E-03 -7.067271E-02
  2.590263E+00  1.900000E+02     6  3.836026E-08  8.185798E+00  3.796943E-08  5.461871E-09
  2.590263E+00  2.000000E+02     1  1.108467E+00 -9.376822E+01 -7.284887E-02 -1.106070E+00
  2.590263E+00  2.000000E+02     2  3.997579E-01 -9.418994E+01 -2.920754E-02 -3.986895E-01
  2.590263E+00  2.000000E+02     3  1.432734E+00  1.579712E+01  1.378622E+00  3.900357E-01
  2.590263E+00  2.000000E+02     4  2.693379E-02  8.942057E+01  2.723770E-04  2.693242E-02
  2.590263E+00  2.000000E+02     5  6.835421E-02 -9.509957E+01 -6.075794E-03 -6.808364E-02
  2.590263E+00  2.000000E+02     6  3.542627E-08  8.605121E+00  3.502748E-08  5.300610E-09
  2.590263E+00  2.100000E+02     1  1.020450E+00 -9.376047E+01 -6.692671E-02 -1.018253E+00
  2.590263E+00  2.100000E+02     2  5.867413E-01 -9.405620E+01 -4.150307E-02 -5.852716E-01
  2.590263E+00  2.100000E+02     3  1.432348E+00  1.578671E+01  1.378322E+00  3.896804E-01
  2.590263E+00  2.100000E+02     4  3.799025E-02  8.803360E+01  1.303572E-03  3.796788E-02
  2.590263E+00  2.100000E+02     5  6.366050E-02 -9.510207E+01 -5.661345E-03 -6.340827E-02
  2.590263E+00  2.100000E+02     6  3.535236E-08  8.699510E+00  3.494564E-08  5.347129E-09
  2.590263E+00  2.200000E+02     1  9.014162E-01 -9.375478E+01 -5.903043E-02 -8.994813E-01
  2.590263E+00  2.200000E+02     2  7.558948E-01 -9.399222E+01 -5.262618E-02 -7.540607E-01
  2.590263E+00  2.200000E+02     3  1.432079E+00  1.577699E+01  1.378128E+00  3.893734E-01
  2.590263E+00  2.200000E+02     4  4.792150E-02  8.732191E+01  2.239103E-03  4.786916E-02
  2.590263E+00  2.200000E+02     5  5.703489E-02 -9.506600E+01 -5.036362E-03 -5.681209E-02
  2.590263E+00  2.200000E+02     6  3.790623E-08  8.499749E+00  3.748988E-08  5.602733E-09
  2.590263E+00  2.300000E+02     1  7.549626E-01 -9.375150E+01 -4.939663E-02 -7.533449E-01
  2.590263E+00  2.300000E+02     2  9.020715E-01 -9.395634E+01 -6.223964E-02 -8.999218E-01
  2.590263E+00  2.300000E+02     3  1.431948E+00  1.576829E+01  1.378061E+00  3.891284E-01
  2.590263E+00  2.300000E+02     4  5.641896E-02  8.690145E+01  3.049646E-03  5.633648E-02
  2.590263E+00  2.300000E+02     5  4.869969E-02 -9.497228E+01 -4.220990E-03 -4.851642E-02
  2.590263E+00  2.300000E+02     6  4.174867E-08  8.349088E+00  4.130620E-08  6.062071E-09
  2.590263E+00  2.400000E+02     1  5.855306E-01 -9.375156E+01 -3.831144E-02 -5.842758E-01
  2.590263E+00  2.400000E+02     2  1.020833E+00 -9.393506E+01 -7.005545E-02 -1.018426E+00
  2.590263E+00  2.400000E+02     3  1.431966E+00  1.576094E+01  1.378129E+00  3.889567E-01
  2.590263E+00  2.400000E+02     4  6.321200E-02  8.663707E+01  3.708047E-03  6.310314E-02
  2.590263E+00  2.400000E+02     5  3.892155E-02 -9.478062E+01 -3.243754E-03 -3.878615E-02
  2.590263E+00  2.400000E+02     6  4.507732E-08  8.563803E+00  4.457474E-08  6.712494E-09
  2.590263E+00  2.500000E+02     1  3.982709E-01 -9.375791E+01 -2.610305E-02 -3.974146E-01
  2.590263E+00  2.500000E+02     2  1.108583E+00 -9.392290E+01 -7.584269E-02 -1.105986E+00
  2.590263E+00  2.500000E+02     3  1.432132E+00  1.575529E+01  1.378327E+00  3.888657E-01
  2.590263E+00  2.500000E+02     4  6.807544E-02  8.647063E+01  4.190742E-03  6.794633E-02
  2.590263E+00  2.500000E+02     5  2.800006E-02 -9.438339E+01 -2.140044E-03 -2.791816E-02
  2.590263E+00  2.500000E+02     6  4.648124E-08  9.328150E+00  4.586658E-08  7.534082E-09
  2.590263E+00  2.600000E+02     1  1.988874E-01 -9.378609E+01 -1.313286E-02 -1.984533E-01
  2.590263E+00  2.600000E+02     2  1.162673E+00 -9.391745E+01 -7.943292E-02 -1.159957E+00
  2.590263E+00  2.600000E+02     3  1.432429E+00  1.575163E+01  1.378637E+00  3.888583E-01
  2.590263E+00  2.600000E+02     4  7.084015E-02  8.637469E+01  4.479319E-03  7.069839E-02
  2.590263E+00  2.600000E+02     5  1.625962E-02 -9.335048E+01 -9.502711E-04 -1.623183E-02
  2.590263E+00  2.600000E+02     6  4.560147E-08  1.074317E+01  4.480219E-08  8.500426E-09
  2.590263E+00  2.700000E+02     1  6.543875E-03  8.812029E+01  2.146472E-04  6.540354E-03
  2.590263E+00  2.700000E+02     2  1.181478E+00 -9.391774E+01 -8.072357E-02 -1.178718E+00
  2.590263E+00  2.700000E+02     3  1.432824E+00  1.575025E+01  1.379027E+00  3.889323E-01
  2.590263E+00  2.700000E+02     4  7.140317E-02  8.633689E+01  4.561929E-03  7.125729E-02
  2.590263E+00  2.700000E+02     5  4.071839E-03 -8.602705E+01  2.821193E-04 -4.062054E-03
  2.590263E+00  2.700000E+02     6  4.327812E-08  1.278888E+01  4.220449E-08  9.580010E-09
  2.590263E+00  2.800000E+02     1  2.117471E-01  8.633295E+01  1.354299E-02  2.113135E-01
  2.590263E+00  2.800000E+02     2  1.164442E+00 -9.392366E+01 -7.967970E-02 -1.161713E+00
  2.590263E+00  2.800000E+02     3  1.433274E+00  1.575136E+01  1.379453E+00  3.890812E-01
  2.590263E+00  2.800000E+02     4  6.973551E-02  8.635429E+01  4.434253E-03  6.959438E-02
  2.590263E+00  2.800000E+02     5  8.383093E-03  7.960463E+01  1.512642E-03  8.245493E-03
  2.590263E+00  2.800000E+02     6  4.110482E-08  1.514314E+01  3.967751E-08  1.073787E-08
  2.590263E+00  2.900000E+02     1  4.104779E-01  8.630471E+01  2.645538E-02  4.096244E-01
  2.590263E+00  2.900000E+02     2  1.112089E+00 -9.393590E+01 -7.633431E-02 -1.109466E+00
  2.590263E+00  2.900000E+02     3  1.433724E+00  1.575515E+01  1.379860E+00  3.892947E-01
  2.590263E+00  2.900000E+02     4  6.588605E-02  8.643238E+01  4.099856E-03  6.575836E-02
  2.590263E+00  2.900000E+02     5  2.051643E-02  8.244429E+01  2.697709E-03  2.033830E-02
  2.590263E+00  2.900000E+02     6  4.060606E-08  1.709619E+01  3.881178E-08  1.193723E-08
  2.590263E+00  3.000000E+02     1  5.966850E-01  8.629413E+01  3.856642E-02  5.954374E-01
  2.590263E+00  3.000000E+02     2  1.026007E+00 -9.395616E+01 -7.078742E-02 -1.023562E+00
  2.590263E+00  3.000000E+02     3  1.434119E+00  1.576170E+01  1.380196E+00  3.895598E-01
  2.590263E+00  3.000000E+02     4  5.998072E-02  8.658789E+01  3.569896E-03  5.987439E-02
  2.590263E+00  3.000000E+02     5  3.208716E-02  8.320502E+01  3.796453E-03  3.186177E-02
  2.590263E+00  3.000000E+02     6  4.247764E-08  1.802073E+01  4.039389E-08  1.314093E-08
  2.590263E+00  3.100000E+02     1  7.647133E-01  8.628764E+01  4.951329E-02  7.631087E-01
  2.590263E+00  3.100000E+02     2  9.087991E-01 -9.398794E+01 -6.320376E-02 -9.065987E-01
  2.590263E+00  3.100000E+02     3  1.434409E+00  1.577100E+01  1.380412E+00  3.898626E-01
  2.590263E+00  3.100000E+02     4  5.221673E-02  8.685770E+01  2.862315E-03  5.213822E-02
  2.590263E+00  3.100000E+02     5  4.273380E-02  8.358795E+01  4.772421E-03  4.246647E-02
  2.590263E+00  3.100000E+02     6  4.626535E-08  1.802066E+01  4.399580E-08  1.431264E-08
  2.590263E+00  3.200000E+02     1  9.094714E-01  8.628258E+01  5.896614E-02  9.075578E-01
  2.590263E+00  3.200000E+02     2  7.640088E-01 -9.403867E+01 -5.380896E-02 -7.621116E-01
  2.590263E+00  3.200000E+02     3  1.434563E+00  1.578285E+01  1.380479E+00  3.901898E-01
  2.590263E+00  3.200000E+02     4  4.285257E-02  8.732400E+01  2.000702E-03  4.280584E-02
  2.590263E+00  3.200000E+02     5  5.211977E-02  8.383745E+01  5.595033E-03  5.181859E-02
  2.590263E+00  3.200000E+02     6  5.054972E-08  1.775847E+01  4.814107E-08  1.541792E-08
  2.590263E+00  3.300000E+02     1  1.026583E+00  8.627821E+01  6.663741E-02  1.024418E+00
  2.590263E+00  3.300000E+02     2  5.960167E-01 -9.412604E+01 -4.288386E-02 -5.944719E-01
  2.590263E+00  3.300000E+02     3  1.434566E+00  1.579690E+01  1.380386E+00  3.905293E-01
  2.590263E+00  3.300000E+02     4  3.219607E-02  8.819684E+01  1.013077E-03  3.218012E-02
  2.590263E+00  3.300000E+02     5  5.993912E-02  8.402365E+01  6.240742E-03  5.961334E-02
  2.590263E+00  3.300000E+02     6  5.355457E-08  1.786032E+01  5.097361E-08  1.642506E-08
  2.590263E+00  3.400000E+02     1  1.112512E+00  8.627435E+01  7.228998E-02  1.110161E+00
  2.590263E+00  3.400000E+02     2  4.099136E-01 -9.430310E+01 -3.075690E-02 -4.087581E-01
  2.590263E+00  3.400000E+02     3  1.434430E+00  1.581266E+01  1.380148E+00  3.908719E-01
  2.590263E+00  3.400000E+02     4  2.059634E-02  9.019264E+01 -6.924771E-05  2.059622E-02
  2.590263E+00  3.400000E+02     5  6.593065E-02  8.417288E+01  6.693754E-03  6.558997E-02
  2.590263E+00  3.400000E+02     6  5.396878E-08  1.870295E+01  5.111889E-08  1.730572E-08
  2.590263E+00  3.500000E+02     1  1.164668E+00  8.627113E+01  7.574430E-02  1.162202E+00
  2.590263E+00  3.500000E+02     2  2.113568E-01 -9.482959E+01 -1.779464E-02 -2.106064E-01
  2.590263E+00  3.500000E+02     3  1.434185E+00  1.582951E+01  1.379797E+00  3.912109E-01
  2.590263E+00  3.500000E+02     4  8.494913E-03  9.820706E+01 -1.212657E-03  8.407913E-03
  2.590263E+00  3.500000E+02     5  6.989210E-02  8.429623E+01  6.946245E-03  6.954607E-02
  2.590263E+00  3.500000E+02     6  5.159070E-08  2.046191E+01  4.833558E-08  1.803531E-08
  2.398118E+00  0.000000E+00     1  1.313320E+00  8.489571E+01  1.168446E-01  1.308112E+00
  2.398118E+00  0.000000E+00     2  7.841370E-03 -1.250975E+02 -4.508549E-03 -6.415611E-03
  2.398118E+00  0.000000E+00     3  1.275038E+00  1.976198E+01  1.199945E+00  4.311076E-01
  2.398118E+00  0.000000E+00     4  4.903838E-03 -1.173438E+02 -2.252470E-03 -4.355916E-03
  2.398118E+00  0.000000E+00     5  6.444193E-02  8.156228E+01  9.455842E-03  6.374441E-02
  2.398118E+00  0.000000E+00     6  4.373576E-08  2.770693E+01  3.872091E-08  2.033490E-08
  2.398118E+00  1.000000E+01     1  1.292209E+00  8.489558E+01  1.149693E-01  1.287084E+00
  2.398118E+00  1.000000E+01     2  2.213854E-01  8.589085E+01  1.586376E-02  2.208163E-01
  2.398118E+00  1.000000E+01     3  1.274629E+00  1.978463E+01  1.199389E+00  4.314434E-01
  2.398118E+00  1.000000E+01     4  1.576021E-02 -1.041265E+02 -3.846506E-03 -1.528361E-02
  2.398118E+00  1.000000E+01     5  6.415502E-02  8.169035E+01  9.271873E-03  6.348149E-02
  2.398118E+00  1.000000E+01     6  3.708213E-08  3.400809E+01  3.073955E-08  2.074040E-08
  2.398118E+00  2.000000E+01     1  1.231873E+00  8.489729E+01  1.095646E-01  1.226991E+00
  2.398118E+00  2.000000E+01     2  4.427585E-01  8.538011E+01  3.566197E-02  4.413199E-01
  2.398118E+00  2.000000E+01     3  1.274260E+00  1.980600E+01  1.198882E+00  4.317658E-01
  2.398118E+00  2.000000E+01     4  2.633735E-02 -1.017872E+02 -5.380124E-03 -2.578198E-02
  2.398118E+00  2.000000E+01     5  6.187582E-02  8.179393E+01  8.831767E-03  6.124228E-02
  2.398118E+00  2.000000E+01     6  3.335808E-08  3.886923E+01  2.597194E-08  2.093370E-08
  2.398118E+00  3.000000E+01     1  1.134114E+00  8.490210E+01  1.007748E-01  1.129627E+00
  2.398118E+00  3.000000E+01     2  6.506341E-01  8.521449E+01  5.427965E-02  6.483660E-01
  2.398118E+00  3.000000E+01     3  1.273981E+00  1.982519E+01  1.198474E+00  4.320725E-01
  2.398118E+00  3.000000E+01     4  3.620729E-02 -1.008370E+02 -6.807541E-03 -3.556157E-02
  2.398118E+00  3.000000E+01     5  5.770519E-02  8.187165E+01  8.158994E-03  5.712547E-02
  2.398118E+00  3.000000E+01     6  3.352629E-08  3.857397E+01  2.621098E-08  2.090446E-08
  2.398118E+00  4.000000E+01     1  1.001866E+00  8.491204E+01  8.885057E-02  9.979185E-01
  2.398118E+00  4.000000E+01     2  8.386650E-01  8.513345E+01  7.114831E-02  8.356416E-01
  2.398118E+00  4.000000E+01     3  1.273825E+00  1.984137E+01  1.198205E+00  4.323580E-01
  2.398118E+00  4.000000E+01     4  4.507369E-02 -1.003337E+02 -8.085329E-03 -4.434259E-02
  2.398118E+00  4.000000E+01     5  5.180678E-02  8.191992E+01  7.281809E-03  5.129247E-02
  2.398118E+00  4.000000E+01     6  3.723526E-08  3.367893E+01  3.098562E-08  2.064838E-08
  2.398118E+00  5.000000E+01     1  8.391206E-01  8.493076E+01  7.414437E-02  8.358385E-01
  2.398118E+00  5.000000E+01     2  1.001127E+00  8.508610E+01  8.575516E-02  9.974478E-01
  2.398118E+00  5.000000E+01     3  1.273813E+00  1.985379E+01  1.198100E+00  4.326135E-01
  2.398118E+00  5.000000E+01     4  5.266431E-02 -1.000319E+02 -9.173919E-03 -5.185913E-02
  2.398118E+00  5.000000E+01     5  4.439264E-02  8.193125E+01  6.231009E-03  4.395317E-02
  2.398118E+00  5.000000E+01     6  4.286612E-08  2.806738E+01  3.782485E-08  2.016892E-08
  2.398118E+00  6.000000E+01     1  6.508071E-01  8.496635E+01  5.710231E-02  6.482971E-01
  2.398118E+00  6.000000E+01     2  1.133091E+00  8.505568E+01  9.765839E-02  1.128875E+00
  2.398118E+00  6.000000E+01     3  1.273952E+00  1.986175E+01  1.198171E+00  4.328273E-01
  2.398118E+00  6.000000E+01     4  5.873182E-02 -9.984205E+01 -1.003918E-02 -5.786745E-02
  2.398118E+00  6.000000E+01     5  3.570813E-02  8.188916E+01  5.038007E-03  3.535094E-02
  2.398118E+00  6.000000E+01     6  4.760805E-08  2.415107E+01  4.344091E-08  1.947855E-08
  2.398118E+00  7.000000E+01     1  4.426504E-01  8.504261E+01  3.825154E-02  4.409946E-01
  2.398118E+00  7.000000E+01     2  1.230566E+00  8.503510E+01  1.064999E-01  1.225949E+00
  2.398118E+00  7.000000E+01     3  1.274236E+00  1.986475E+01  1.198415E+00  4.329864E-01
  2.398118E+00  7.000000E+01     4  6.306424E-02 -9.972602E+01 -1.065388E-02 -6.215781E-02
  2.398118E+00  7.000000E+01     5  2.601890E-02  8.175001E+01  3.733514E-03  2.574964E-02
  2.398118E+00  7.000000E+01     6  4.894662E-08  2.233267E+01  4.527529E-08  1.859891E-08
  2.398118E+00  8.000000E+01     1  2.209971E-01  8.528044E+01  1.818338E-02  2.202478E-01
  2.398118E+00  8.000000E+01     2  1.290619E+00  8.502094E+01  1.120150E-01  1.285748E+00
  2.398118E+00  8.000000E+01     3  1.274642E+00  1.986256E+01  1.198814E+00  4.330787E-01
  2.398118E+00  8.000000E+01     4  6.549811E-02 -9.966723E+01 -1.099881E-02 -6.456802E-02
  2.398118E+00  8.000000E+01     5  1.560205E-02  8.134806E+01  2.347042E-03  1.542450E-02
  2.398118E+00  8.000000E+01     6  4.615532E-08  2.236159E+01  4.268450E-08  1.755982E-08
  2.398118E+00  9.000000E+01     1  7.616938E-03 -1.089005E+02 -2.467319E-03 -7.206253E-03
  2.398118E+00  9.000000E+01     2  1.311453E+00  8.501146E+01  1.140394E-01  1.306485E+00
  2.398118E+00  9.000000E+01     3  1.275131E+00  1.985541E+01  1.199328E+00  4.330951E-01
  2.398118E+00  9.000000E+01     4  6.593137E-02 -9.966024E+01 -1.106364E-02 -6.499648E-02
  2.398118E+00  9.000000E+01     5  4.745450E-03  7.897789E+01  9.072724E-04  4.657913E-03
  2.398118E+00  9.000000E+01     6  4.066510E-08  2.377994E+01  3.721267E-08  1.639719E-08
  2.398118E+00  1.000000E+02     1  2.355537E-01 -9.561455E+01 -2.304556E-02 -2.344236E-01
  2.398118E+00  1.000000E+02     2  1.292459E+00  8.500588E+01  1.125130E-01  1.287552E+00
  2.398118E+00  1.000000E+02     3  1.275647E+00  1.984398E+01  1.199899E+00  4.330310E-01
  2.398118E+00  1.000000E+02     4  6.433348E-02 -9.970706E+01 -1.084733E-02 -6.341240E-02
  2.398118E+00  1.000000E+02     5  6.285530E-03 -9.508257E+01 -5.568427E-04 -6.260815E-03
  2.398118E+00  1.000000E+02     6  3.524777E-08  2.545719E+01  3.182545E-08  1.515078E-08
  2.398118E+00  1.100000E+02     1  4.564940E-01 -9.539258E+01 -4.290101E-02 -4.544736E-01
  2.398118E+00  1.100000E+02     2  1.234223E+00  8.500413E+01  1.074810E-01  1.229534E+00
  2.398118E+00  1.100000E+02     3  1.276122E+00  1.982939E+01  1.200457E+00  4.328869E-01
  2.398118E+00  1.100000E+02     4  6.075095E-02 -9.981711E+01 -1.035826E-02 -5.986138E-02
  2.398118E+00  1.100000E+02     5  1.715254E-02 -9.674515E+01 -2.014622E-03 -1.703382E-02
  2.398118E+00  1.100000E+02     6  3.256586E-08  2.519252E+01  2.946828E-08  1.386202E-08
  2.398118E+00  1.200000E+02     1  6.635052E-01 -9.531074E+01 -6.141223E-02 -6.606570E-01
  2.398118E+00  1.200000E+02     2  1.138511E+00  8.500686E+01  9.909194E-02  1.134190E+00
  2.398118E+00  1.200000E+02     3  1.276488E+00  1.981302E+01  1.200925E+00  4.326679E-01
  2.398118E+00  1.200000E+02     4  5.530690E-02 -1.000105E+02 -9.613913E-03 -5.446491E-02
  2.398118E+00  1.200000E+02     5  2.756875E-02 -9.715188E+01 -3.432310E-03 -2.735426E-02
  2.398118E+00  1.200000E+02     6  3.403846E-08  2.167584E+01  3.163154E-08  1.257227E-08
  2.398118E+00  1.300000E+02     1  8.502998E-01 -9.526387E+01 -7.800881E-02 -8.467139E-01
  2.398118E+00  1.300000E+02     2  1.008211E+00  8.501584E+01  8.759374E-02  1.004398E+00
  2.398118E+00  1.300000E+02     3  1.276684E+00  1.979626E+01  1.201236E+00  4.323827E-01
  2.398118E+00  1.300000E+02     4  4.819434E-02 -1.003275E+02 -8.639994E-03 -4.741356E-02
  2.398118E+00  1.300000E+02     5  3.721717E-02 -9.736732E+01 -4.772355E-03 -3.690992E-02
  2.398118E+00  1.300000E+02     6  3.926936E-08  1.675629E+01  3.760197E-08  1.132141E-08
  2.398118E+00  1.400000E+02     1  1.011224E+00 -9.523072E+01 -9.218982E-02 -1.007013E+00
  2.398118E+00  1.400000E+02     2  8.472523E-01  8.503497E+01  7.332780E-02  8.440731E-01
  2.398118E+00  1.400000E+02     3  1.276671E+00  1.978020E+01  1.201345E+00  4.320420E-01
  2.398118E+00  1.400000E+02     4  3.966397E-02 -1.008541E+02 -7.469078E-03 -3.895438E-02
  2.398118E+00  1.400000E+02     5  4.578648E-02 -9.752192E+01 -5.993700E-03 -4.539248E-02
  2.398118E+00  1.400000E+02     6  4.589210E-08  1.277347E+01  4.475635E-08  1.014660E-08
  2.398118E+00  1.500000E+02     1  1.141420E+00 -9.520444E+01 -1.035380E-01 -1.136715E+00
  2.398118E+00  1.500000E+02     2  6.604965E-01  8.507361E+01  5.672072E-02  6.580566E-01
  2.398118E+00  1.500000E+02     3  1.276442E+00  1.976553E+01  1.201239E+00  4.316567E-01
  2.398118E+00  1.500000E+02     4  3.000921E-02 -1.018039E+02 -6.138747E-03 -2.937462E-02
  2.398118E+00  1.500000E+02     5  5.298357E-02 -9.764997E+01 -7.053220E-03 -5.251200E-02
  2.398118E+00  1.500000E+02     6  5.058545E-08  1.034196E+01  4.976363E-08  9.081238E-09
  2.398118E+00  1.600000E+02     1  1.236970E+00 -9.518231E+01 -1.117294E-01 -1.231914E+00
  2.398118E+00  1.600000E+02     2  4.535947E-01  8.515969E+01  3.827379E-02  4.519770E-01
  2.398118E+00  1.600000E+02     3  1.276016E+00  1.975241E+01  1.200938E+00  4.312378E-01
  2.398118E+00  1.600000E+02     4  1.955515E-02 -1.038755E+02 -4.689581E-03 -1.898451E-02
  2.398118E+00  1.600000E+02     5  5.855129E-02 -9.776233E+01 -7.908179E-03 -5.801477E-02
  2.398118E+00  1.600000E+02     6  5.079511E-08  9.237777E+00  5.013633E-08  8.154241E-09
  2.398118E+00  1.700000E+02     1  1.294997E+00 -9.516314E+01 -1.165393E-01 -1.289742E+00
  2.398118E+00  1.700000E+02     2  2.328260E-01  8.543033E+01  1.854954E-02  2.320859E-01
  2.398118E+00  1.700000E+02     3  1.275443E+00  1.974057E+01  1.200487E+00  4.307960E-01
  2.398118E+00  1.700000E+02     4  8.697855E-03 -1.113271E+02 -3.163346E-03 -8.102217E-03
  2.398118E+00  1.700000E+02     5  6.228648E-02 -9.786140E+01 -8.519375E-03 -6.170111E-02
  2.398118E+00  1.700000E+02     6  4.600518E-08  9.243496E+00  4.540779E-08  7.389836E-09
  2.398118E+00  1.800000E+02     1  1.313751E+00 -9.514639E+01 -1.178445E-01 -1.308455E+00
  2.398118E+00  1.800000E+02     2  5.395343E-03  1.099968E+02 -1.845030E-03  5.070068E-03
  2.398118E+00  1.800000E+02     3  1.274787E+00  1.972952E+01  1.199953E+00  4.303430E-01
  2.398118E+00  1.800000E+02     4  3.362701E-03  1.184466E+02 -1.601789E-03  2.956692E-03
  2.398118E+00  1.800000E+02     5  6.405482E-02 -9.794560E+01 -8.854478E-03 -6.343988E-02
  2.398118E+00  1.800000E+02     6  3.799793E-08  1.032106E+01  3.738309E-08  6.807855E-09
  2.398118E+00  1.900000E+02     1  1.292657E+00 -9.513177E+01 -1.156237E-01 -1.287476E+00
  2.398118E+00  1.900000E+02     2  2.232671E-01 -9.572668E+01 -2.227828E-02 -2.221528E-01
  2.398118E+00  1.900000E+02     3  1.274118E+00  1.971875E+01  1.199404E+00  4.298918E-01
  2.398118E+00  1.900000E+02     4  1.388470E-02  9.019057E+01 -4.618142E-05  1.388462E-02
  2.398118E+00  1.900000E+02     5  6.379982E-02 -9.801075E+01 -8.891075E-03 -6.317725E-02
  2.398118E+00  1.900000E+02     6  3.003636E-08  1.234989E+01  2.934131E-08  6.424211E-09
  2.398118E+00  2.000000E+02     1  1.232334E+00 -9.511906E+01 -1.099558E-01 -1.227419E+00
  2.398118E+00  2.000000E+02     2  4.446497E-01 -9.543506E+01 -4.211607E-02 -4.426506E-01
  2.398118E+00  2.000000E+02     3  1.273501E+00  1.970796E+01  1.198904E+00  4.294579E-01
  2.398118E+00  2.000000E+02     4  2.442703E-02  8.656753E+01  1.462495E-03  2.438321E-02
  2.398118E+00  2.000000E+02     5  6.154478E-02 -9.805041E+01 -8.618994E-03 -6.093827E-02
  2.398118E+00  2.000000E+02     6  2.533913E-08  1.428211E+01  2.455597E-08  6.251072E-09
  2.398118E+00  2.100000E+02     1  1.134583E+00 -9.510805E+01 -1.010166E-01 -1.130077E+00
  2.398118E+00  2.100000E+02     2  6.525284E-01 -9.534146E+01 -6.074456E-02 -6.496949E-01
  2.398118E+00  2.100000E+02     3  1.272992E+00  1.969709E+01  1.198506E+00  4.290588E-01
  2.398118E+00  2.100000E+02     4  3.428441E-02  8.517605E+01  2.883125E-03  3.416297E-02
  2.398118E+00  2.100000E+02     5  5.738782E-02 -9.805521E+01 -8.041594E-03 -5.682160E-02
  2.398118E+00  2.100000E+02     6  2.560671E-08  1.423420E+01  2.482055E-08  6.296333E-09
  2.398118E+00  2.200000E+02     1  1.002336E+00 -9.509842E+01 -8.907441E-02 -9.983703E-01
  2.398118E+00  2.200000E+02     2  8.405621E-01 -9.529649E+01 -7.759200E-02 -8.369732E-01
  2.398118E+00  2.200000E+02     3  1.272632E+00  1.968635E+01  1.198248E+00  4.287128E-01
  2.398118E+00  2.200000E+02     4  4.314653E-02  8.444804E+01  4.174357E-03  4.294412E-02
  2.398118E+00  2.200000E+02     5  5.149112E-02 -9.801092E+01 -7.175901E-03 -5.098864E-02
  2.398118E+00  2.200000E+02     6  3.038042E-08  1.247460E+01  2.966319E-08  6.562379E-09
  2.398118E+00  2.300000E+02     1  8.395845E-01 -9.508966E+01 -7.448338E-02 -8.362741E-01
  2.398118E+00  2.300000E+02     2  1.003028E+00 -9.527117E+01 -9.214774E-02 -9.987865E-01
  2.398118E+00  2.300000E+02     3  1.272450E+00  1.967610E+01  1.198153E+00  4.284372E-01
  2.398118E+00  2.300000E+02     4  5.073781E-02  8.400940E+01  5.295264E-03  5.046073E-02
  2.398118E+00  2.300000E+02     5  4.406678E-02 -9.789326E+01 -6.051602E-03 -4.364927E-02
  2.398118E+00  2.300000E+02     6  3.728232E-08  1.089162E+01  3.661073E-08  7.044565E-09
  2.398118E+00  2.400000E+02     1  6.512588E-01 -9.508077E+01 -5.767550E-02 -6.486999E-01
  2.398118E+00  2.400000E+02     2  1.134997E+00 -9.525626E+01 -1.039775E-01 -1.130224E+00
  2.398118E+00  2.400000E+02     3  1.272460E+00  1.966679E+01  1.198232E+00  4.282458E-01
  2.398118E+00  2.400000E+02     4  5.680915E-02  8.372734E+01  6.206967E-03  5.646904E-02
  2.398118E+00  2.400000E+02     5  3.536184E-02 -9.765279E+01 -4.709125E-03 -3.504688E-02
  2.398118E+00  2.400000E+02     6  4.307136E-08  1.033900E+01  4.237201E-08  7.730099E-09
  2.398118E+00  2.500000E+02     1  4.430848E-01 -9.506911E+01 -3.914973E-02 -4.413518E-01
  2.398118E+00  2.500000E+02     2  1.232477E+00 -9.524817E+01 -1.127344E-01 -1.227310E+00
  2.398118E+00  2.500000E+02     3  1.272663E+00  1.965884E+01  1.198483E+00  4.281477E-01
  2.398118E+00  2.500000E+02     4  6.114703E-02  8.354431E+01  6.875057E-03  6.075930E-02
  2.398118E+00  2.500000E+02     5  2.564541E-02 -9.716158E+01 -3.197160E-03 -2.544534E-02
  2.398118E+00  2.500000E+02     6  4.520908E-08  1.096334E+01  4.438397E-08  8.597902E-09
  2.398118E+00  2.600000E+02     1  2.214090E-01 -9.504196E+01 -1.945859E-02 -2.205523E-01
  2.398118E+00  2.600000E+02     2  1.292534E+00 -9.524544E+01 -1.181666E-01 -1.287122E+00
  2.398118E+00  2.600000E+02     3  1.273039E+00  1.965269E+01  1.198883E+00  4.281458E-01
  2.398118E+00  2.600000E+02     4  6.358655E-02  8.343275E+01  7.272351E-03  6.316932E-02
  2.398118E+00  2.600000E+02     5  1.520121E-02 -9.592815E+01 -1.570000E-03 -1.511991E-02
  2.398118E+00  2.600000E+02     6  4.308524E-08  1.290111E+01  4.199763E-08  9.619602E-09
  2.398118E+00  2.700000E+02     1  7.002355E-03  8.337364E+01  8.080308E-04  6.955578E-03
  2.398118E+00  2.700000E+02     2  1.313373E+00 -9.524759E+01 -1.201209E-01 -1.307869E+00
  2.398118E+00  2.700000E+02     3  1.273552E+00  1.964880E+01  1.199395E+00  4.282367E-01
  2.398118E+00  2.700000E+02     4  6.402443E-02  8.337964E+01  7.381387E-03  6.359751E-02
  2.398118E+00  2.700000E+02     5  4.354536E-03 -8.848715E+01  1.149648E-04 -4.353019E-03
  2.398118E+00  2.700000E+02     6  3.829406E-08  1.632103E+01  3.675089E-08  1.076135E-08
  2.398118E+00  2.800000E+02     1  2.351645E-01  8.486666E+01  2.104109E-02  2.342213E-01
  2.398118E+00  2.800000E+02     2  1.294383E+00 -9.525476E+01 -1.185452E-01 -1.288943E+00
  2.398118E+00  2.800000E+02     3  1.274144E+00  1.964766E+01  1.199961E+00  4.284118E-01
  2.398118E+00  2.800000E+02     4  6.242926E-02  8.338090E+01  7.196118E-03  6.201313E-02
  2.398118E+00  2.800000E+02     5  6.808114E-03  7.467403E+01  1.799454E-03  6.566002E-03
  2.398118E+00  2.800000E+02     6  3.379918E-08  2.077025E+01  3.160257E-08  1.198592E-08
  2.398118E+00  2.900000E+02     1  4.561216E-01  8.488925E+01  4.063182E-02  4.543083E-01
  2.398118E+00  2.900000E+02     2  1.236150E+00 -9.526763E+01 -1.134886E-01 -1.230929E+00
  2.398118E+00  2.900000E+02     3  1.274743E+00  1.964978E+01  1.200509E+00  4.286578E-01
  2.398118E+00  2.900000E+02     4  5.884705E-02  8.344043E+01  6.722465E-03  5.846181E-02
  2.398118E+00  2.900000E+02     5  1.767452E-02  7.882232E+01  3.426245E-03  1.733925E-02
  2.398118E+00  2.900000E+02     6  3.233262E-08  2.420118E+01  2.949096E-08  1.325449E-08
  2.398118E+00  3.000000E+02     1  6.631419E-01  8.489640E+01  5.899101E-02  6.605129E-01
  2.398118E+00  3.000000E+02     2  1.140439E+00 -9.528774E+01 -1.051000E-01 -1.135586E+00
  2.398118E+00  3.000000E+02     3  1.275275E+00  1.965563E+01  1.200966E+00  4.289591E-01
  2.398118E+00  3.000000E+02     4  5.340074E-02  8.357283E+01  5.977687E-03  5.306511E-02
  2.398118E+00  3.000000E+02     5  2.809769E-02  7.987181E+01  4.941011E-03  2.765984E-02
  2.398118E+00  3.000000E+02     6  3.505165E-08  2.448649E+01  3.189907E-08  1.452816E-08
  2.398118E+00  3.100000E+02     1  8.499386E-01  8.489916E+01  7.556706E-02  8.465727E-01
  2.398118E+00  3.100000E+02     2  1.010139E+00 -9.531813E+01 -9.362540E-02 -1.005790E+00
  2.398118E+00  3.100000E+02     3  1.275671E+00  1.966546E+01  1.201266E+00  4.292987E-01
  2.398118E+00  3.100000E+02     4  4.628327E-02  8.381216E+01  4.988799E-03  4.601362E-02
  2.398118E+00  3.100000E+02     5  3.774407E-02  8.040055E+01  6.294172E-03  3.721556E-02
  2.398118E+00  3.100000E+02     6  4.124020E-08  2.248054E+01  3.810633E-08  1.576900E-08
  2.398118E+00  3.200000E+02     1  1.010858E+00  8.489986E+01  8.986201E-02  1.006855E+00
  2.398118E+00  3.200000E+02     2  8.491796E-01 -9.536530E+01 -7.940289E-02 -8.454591E-01
  2.398118E+00  3.200000E+02     3  1.275886E+00  1.967927E+01  1.201365E+00  4.296605E-01
  2.398118E+00  3.200000E+02     4  3.774523E-02  8.423654E+01  3.790445E-03  3.755442E-02
  2.398118E+00  3.200000E+02     5  4.630019E-02  8.074951E+01  7.442803E-03  4.569806E-02
  2.398118E+00  3.200000E+02     6  4.853503E-08  2.042910E+01  4.548241E-08  1.694105E-08
  2.398118E+00  3.300000E+02     1  1.141043E+00  8.489936E+01  1.014450E-01  1.136525E+00
  2.398118E+00  3.300000E+02     2  6.624228E-01 -9.544480E+01 -6.285514E-02 -6.594340E-01
  2.398118E+00  3.300000E+02     3  1.275903E+00  1.969666E+01  1.201250E+00  4.300309E-01
  2.398118E+00  3.300000E+02     4  2.807946E-02  8.505041E+01  2.422676E-03  2.797476E-02
  2.398118E+00  3.300000E+02     5  5.347375E-02  8.101379E+01  8.352426E-03  5.281741E-02
  2.398118E+00  3.300000E+02     6  5.379441E-08  1.956139E+01  5.068957E-08  1.801127E-08
  2.398118E+00  3.400000E+02     1  1.236577E+00  8.489818E+01  1.099637E-01  1.231678E+00
  2.398118E+00  3.400000E+02     2  4.555210E-01 -9.560350E+01 -4.447875E-02 -4.533443E-01
  2.398118E+00  3.400000E+02     3  1.275737E+00  1.971691E+01  1.200942E+00  4.303993E-01
  2.398118E+00  3.400000E+02     4  1.760934E-02  8.697581E+01  9.290261E-04  1.758482E-02
  2.398118E+00  3.400000E+02     5  5.901005E-02  8.122871E+01  8.998480E-03  5.831993E-02
  2.398118E+00  3.400000E+02     6  5.462650E-08  2.029805E+01  5.123423E-08  1.895014E-08
  2.398118E+00  3.500000E+02     1  1.294585E+00  8.489679E+01  1.151533E-01  1.289453E+00
  2.398118E+00  3.500000E+02     2  2.347589E-01 -9.607146E+01 -2.483017E-02 -2.334421E-01
  2.398118E+00  3.500000E+02     3  1.275429E+00  1.973905E+01  1.200485E+00  4.307592E-01
  2.398118E+00  3.500000E+02     4  6.733704E-03  9.549591E+01 -6.449181E-04  6.702749E-03
  2.398118E+00  3.500000E+02     5  6.270951E-02  8.140931E+01  9.367217E-03  6.200595E-02
  2.398118E+00  3.500000E+02     6  5.064636E-08  2.292983E+01  4.664442E-08  1.973200E-08
  2.243234E+00  0.000000E+00     1  1.413739E+00  8.359639E+01  1.576765E-01  1.404918E+00
  2.243234E+00  0.000000E+00     2  7.991930E-03 -1.254182E+02 -4.631643E-03 -6.512974E-03
  2.243234E+00  0.000000E+00     3  1.136633E+00  2.380809E+01  1.039909E+00  4.588297E-01
  2.243234E+00  0.000000E+00     4  5.046317E-03 -1.152006E+02 -2.148662E-03 -4.566023E-03
  2.243234E+00  0.000000E+00     5  5.387422E-02  7.760719E+01  1.156210E-02  5.261891E-02
  2.243234E+00  0.000000E+00     6  4.051050E-08  3.175096E+01  3.444784E-08  2.131777E-08
  2.243234E+00  1.000000E+01     1  1.391106E+00  8.359683E+01  1.551417E-01  1.382428E+00
  2.243234E+00  1.000000E+01     2  2.386976E-01  8.450630E+01  2.285202E-02  2.376012E-01
  2.243234E+00  1.000000E+01     3  1.136143E+00  2.383778E+01  1.039223E+00  4.591707E-01
  2.243234E+00  1.000000E+01     4  1.408629E-02 -1.069393E+02 -4.104157E-03 -1.347515E-02
  2.243234E+00  1.000000E+01     5  5.373349E-02  7.781730E+01  1.133936E-02  5.252339E-02
  2.243234E+00  1.000000E+01     6  3.069072E-08  4.485713E+01  2.175567E-08  2.164744E-08
  2.243234E+00  2.000000E+01     1  1.326262E+00  8.359863E+01  1.478686E-01  1.317993E+00
  2.243234E+00  2.000000E+01     2  4.770571E-01  8.403765E+01  4.955429E-02  4.744764E-01
  2.243234E+00  2.000000E+01     3  1.135710E+00  2.386560E+01  1.038603E+00  4.594997E-01
  2.243234E+00  2.000000E+01     4  2.281919E-02 -1.052138E+02 -5.988239E-03 -2.201945E-02
  2.243234E+00  2.000000E+01     5  5.189566E-02  7.799618E+01  1.079310E-02  5.076090E-02
  2.243234E+00  2.000000E+01     6  2.607789E-08  5.659721E+01  1.435644E-08  2.177037E-08
  2.243234E+00  3.000000E+01     1  1.221134E+00  8.360333E+01  1.360479E-01  1.213532E+00
  2.243234E+00  3.000000E+01     2  7.008612E-01  8.388556E+01  7.465201E-02  6.968741E-01
  2.243234E+00  3.000000E+01     3  1.135388E+00  2.389031E+01  1.038110E+00  4.598172E-01
  2.243234E+00  3.000000E+01     4  3.096689E-02 -1.044875E+02 -7.746928E-03 -2.998221E-02
  2.243234E+00  3.000000E+01     5  4.846237E-02  7.814631E+01  9.954812E-03  4.742893E-02
  2.243234E+00  3.000000E+01     6  2.645309E-08  5.502822E+01  1.516220E-08  2.167657E-08
  2.243234E+00  4.000000E+01     1  1.078866E+00  8.361332E+01  1.200108E-01  1.072171E+00
  2.243234E+00  4.000000E+01     2  9.032706E-01  8.381123E+01  9.737659E-02  8.980064E-01
  2.243234E+00  4.000000E+01     3  1.135215E+00  2.391083E+01  1.037788E+00  4.601191E-01
  2.243234E+00  4.000000E+01     4  3.829914E-02 -1.040954E+02 -9.327244E-03 -3.714602E-02
  2.243234E+00  4.000000E+01     5  4.359163E-02  7.826892E+01  8.862983E-03  4.268112E-02
  2.243234E+00  4.000000E+01     6  3.164087E-08  4.246429E+01  2.334141E-08  2.136172E-08
  2.243234E+00  5.000000E+01     1  9.037412E-01  8.363279E+01  1.002250E-01  8.981665E-01
  2.243234E+00  5.000000E+01     2  1.078122E+00  8.376782E+01  1.170384E-01  1.071751E+00
  2.243234E+00  5.000000E+01     3  1.135214E+00  2.392616E+01  1.037664E+00  4.603963E-01
  2.243234E+00  5.000000E+01     4  4.459107E-02 -1.038563E+02 -1.067901E-02 -4.329344E-02
  2.243234E+00  5.000000E+01     5  3.747950E-02  7.836392E+01  7.559421E-03  3.670924E-02
  2.243234E+00  5.000000E+01     6  4.052670E-08  3.092873E+01  3.476410E-08  2.082956E-08
  2.243234E+00  6.000000E+01     1  7.010584E-01  8.367078E+01  7.728552E-02  6.967854E-01
  2.243234E+00  6.000000E+01     2  1.220113E+00  8.373975E+01  1.330469E-01  1.212838E+00
  2.243234E+00  6.000000E+01     3  1.135392E+00  2.393532E+01  1.037753E+00  4.606342E-01
  2.243234E+00  6.000000E+01     4  4.962730E-02 -1.037043E+02 -1.175729E-02 -4.821447E-02
  2.243234E+00  6.000000E+01     5  3.034154E-02  7.842927E+01  6.085831E-03  2.972494E-02
  2.243234E+00  6.000000E+01     6  4.834211E-08  2.456071E+01  4.396818E-08  2.009374E-08
  2.243234E+00  7.000000E+01     1  4.769796E-01  8.375342E+01  5.189900E-02  4.741477E-01
  2.243234E+00  7.000000E+01     2  1.324958E+00  8.372032E+01  1.449264E-01  1.317008E+00
  2.243234E+00  7.000000E+01     3  1.135741E+00  2.393752E+01  1.038054E+00  4.608159E-01
  2.243234E+00  7.000000E+01     4  5.321465E-02 -1.036132E+02 -1.252491E-02 -5.171968E-02
  2.243234E+00  7.000000E+01     5  2.239775E-02  7.845840E+01  4.481328E-03  2.194486E-02
  2.243234E+00  7.000000E+01     6  5.050664E-08  2.231590E+01  4.672391E-08  1.917802E-08
  2.243234E+00  8.000000E+01     1  2.383430E-01  8.401247E+01  2.486202E-02  2.370427E-01
  2.243234E+00  8.000000E+01     2  1.389511E+00  8.370620E+01  1.523276E-01  1.381136E+00
  2.243234E+00  8.000000E+01     3  1.136238E+00  2.393243E+01  1.038549E+00  4.609251E-01
  2.243234E+00  8.000000E+01     4  5.519830E-02 -1.035737E+02 -1.295486E-02 -5.365653E-02
  2.243234E+00  8.000000E+01     5  1.386402E-02  7.842679E+01  2.781399E-03  1.358215E-02
  2.243234E+00  8.000000E+01     6  4.573955E-08  2.333101E+01  4.199953E-08  1.811481E-08
  2.243234E+00  9.000000E+01     1  7.865692E-03 -1.121612E+02 -2.967048E-03 -7.284623E-03
  2.243234E+00  9.000000E+01     2  1.411851E+00  8.369564E+01  1.550353E-01  1.403313E+00
  2.243234E+00  9.000000E+01     3  1.136836E+00  2.392037E+01  1.039193E+00  4.609493E-01
  2.243234E+00  9.000000E+01     4  5.547782E-02 -1.035860E+02 -1.303197E-02 -5.392547E-02
  2.243234E+00  9.000000E+01     5  4.951531E-03  7.812944E+01  1.018537E-03  4.845641E-03
  2.243234E+00  9.000000E+01     6  3.657193E-08  2.759799E+01  3.241077E-08  1.694249E-08
  2.243234E+00  1.000000E+02     1  2.532330E-01 -9.696341E+01 -3.070081E-02 -2.513651E-01
  2.243234E+00  1.000000E+02     2  1.391332E+00  8.368776E+01  1.529724E-01  1.382897E+00
  2.243234E+00  1.000000E+02     3  1.137470E+00  2.390255E+01  1.039916E+00  4.608827E-01
  2.243234E+00  1.000000E+02     4  5.402024E-02 -1.036564E+02 -1.275411E-02 -5.249304E-02
  2.243234E+00  1.000000E+02     5  4.127953E-03 -1.008300E+02 -7.756235E-04 -4.054430E-03
  2.243234E+00  1.000000E+02     6  2.780294E-08  3.438701E+01  2.294414E-08  1.570254E-08
  2.243234E+00  1.100000E+02     1  4.911179E-01 -9.671868E+01 -5.745813E-02 -4.877451E-01
  2.243234E+00  1.100000E+02     2  1.328591E+00  8.368230E+01  1.462000E-01  1.320522E+00
  2.243234E+00  1.100000E+02     3  1.138055E+00  2.388093E+01  1.040624E+00  4.607270E-01
  2.243234E+00  1.100000E+02     4  5.086742E-02 -1.037988E+02 -1.213255E-02 -4.939935E-02
  2.243234E+00  1.100000E+02     5  1.315045E-02 -1.012580E+02 -2.567328E-03 -1.289741E-02
  2.243234E+00  1.100000E+02     6  2.351064E-08  3.788460E+01  1.855575E-08  1.443725E-08
  2.243234E+00  1.200000E+02     1  7.139948E-01 -9.662699E+01 -8.239864E-02 -7.092243E-01
  2.243234E+00  1.200000E+02     2  1.225526E+00  8.367963E+01  1.349154E-01  1.218078E+00
  2.243234E+00  1.200000E+02     3  1.138503E+00  2.385793E+01  1.041219E+00  4.604904E-01
  2.243234E+00  1.200000E+02     4  4.613624E-02 -1.040385E+02 -1.119147E-02 -4.475829E-02
  2.243234E+00  1.200000E+02     5  2.187523E-02 -1.013841E+02 -4.317848E-03 -2.144485E-02
  2.243234E+00  1.200000E+02     6  2.546234E-08  3.119468E+01  2.178080E-08  1.318815E-08
  2.243234E+00  1.300000E+02     1  9.150954E-01 -9.657323E+01 -1.047538E-01 -9.090799E-01
  2.243234E+00  1.300000E+02     2  1.085243E+00  8.368096E+01  1.194468E-01  1.078649E+00
  2.243234E+00  1.300000E+02     3  1.138737E+00  2.383592E+01  1.041610E+00  4.601852E-01
  2.243234E+00  1.300000E+02     4  4.001075E-02 -1.044239E+02 -9.966432E-03 -3.874959E-02
  2.243234E+00  1.300000E+02     5  3.004081E-02 -1.014855E+02 -5.981747E-03 -2.943924E-02
  2.243234E+00  1.300000E+02     6  3.369180E-08  2.085580E+01  3.148429E-08  1.199486E-08
  2.243234E+00  1.400000E+02     1  1.088340E+00 -9.653434E+01 -1.238517E-01 -1.081270E+00
  2.243234E+00  1.400000E+02     2  9.119607E-01  8.368902E+01  1.002471E-01  9.064342E-01
  2.243234E+00  1.400000E+02     3  1.138708E+00  2.381675E+01  1.041738E+00  4.598249E-01
  2.243234E+00  1.400000E+02     4  3.272731E-02 -1.050570E+02 -8.501872E-03 -3.160372E-02
  2.243234E+00  1.400000E+02     5  3.737313E-02 -1.015876E+02 -7.506988E-03 -3.661142E-02
  2.243234E+00  1.400000E+02     6  4.469148E-08  1.410830E+01  4.334344E-08  1.089379E-08
  2.243234E+00  1.500000E+02     1  1.228511E+00 -9.650300E+01 -1.391353E-01 -1.220607E+00
  2.243234E+00  1.500000E+02     2  7.109018E-01  8.371023E+01  7.788417E-02  7.066226E-01
  2.243234E+00  1.500000E+02     3  1.138406E+00  2.380130E+01  1.041585E+00  4.594219E-01
  2.243234E+00  1.500000E+02     4  2.455613E-02 -1.061922E+02 -6.847742E-03 -2.358202E-02
  2.243234E+00  1.500000E+02     5  4.360148E-02 -1.016937E+02 -8.837110E-03 -4.269654E-02
  2.243234E+00  1.500000E+02     6  5.277812E-08  1.083004E+01  5.183808E-08  9.916817E-09
  2.243234E+00  1.600000E+02     1  1.331401E+00 -9.647639E+01 -1.501739E-01 -1.322905E+00
  2.243234E+00  1.600000E+02     2  4.881417E-01  8.376337E+01  5.302922E-02  4.852528E-01
  2.243234E+00  1.600000E+02     3  1.137859E+00  2.378949E+01  1.041179E+00  4.589864E-01
  2.243234E+00  1.600000E+02     4  1.578767E-02 -1.086782E+02 -5.056036E-03 -1.495617E-02
  2.243234E+00  1.600000E+02     5  4.848007E-02 -1.018014E+02 -9.915151E-03 -4.745532E-02
  2.243234E+00  1.600000E+02     6  5.359899E-08  9.764236E+00  5.282255E-08  9.090088E-09
  2.243234E+00  1.700000E+02     1  1.393924E+00 -9.645334E+01 -1.566686E-01 -1.385091E+00
  2.243234E+00  1.700000E+02     2  2.504362E-01  8.393973E+01  2.643970E-02  2.490366E-01
  2.243234E+00  1.700000E+02     3  1.137130E+00  2.378037E+01  1.040585E+00  4.585270E-01
  2.243234E+00  1.700000E+02     4  6.782165E-03 -1.179416E+02 -3.177933E-03 -5.991536E-03
  2.243234E+00  1.700000E+02     5  5.181064E-02 -1.019057E+02 -1.068860E-02 -5.069612E-02
  2.243234E+00  1.700000E+02     6  4.625625E-08  1.050525E+01  4.548091E-08  8.433701E-09
  2.243234E+00  1.800000E+02     1  1.414197E+00 -9.643326E+01 -1.584548E-01 -1.405292E+00
  2.243234E+00  1.800000E+02     2  5.268200E-03  1.016408E+02 -1.062990E-03  5.159844E-03
  2.243234E+00  1.800000E+02     3  1.136304E+00  2.377260E+01  1.039891E+00  4.580527E-01
  2.243234E+00  1.800000E+02     4  3.312137E-03  1.124030E+02 -1.262316E-03  3.062157E-03
  2.243234E+00  1.800000E+02     5  5.346100E-02 -1.019993E+02 -1.111453E-02 -5.229289E-02
  2.243234E+00  1.800000E+02     6  3.370389E-08  1.366492E+01  3.274986E-08  7.962316E-09
  2.243234E+00  1.900000E+02     1  1.391597E+00 -9.641581E+01 -1.555013E-01 -1.382881E+00
  2.243234E+00  1.900000E+02     2  2.406475E-01 -9.683061E+01 -2.862125E-02 -2.389394E-01
  2.243234E+00  1.900000E+02     3  1.135466E+00  2.376489E+01  1.039187E+00  4.575754E-01
  2.243234E+00  1.900000E+02     4  1.198934E-02  8.692060E+01  6.440650E-04  1.197203E-02
  2.243234E+00  1.900000E+02     5  5.337622E-02 -1.020730E+02 -1.116402E-02 -5.219565E-02
  2.243234E+00  1.900000E+02     6  2.142890E-08  2.101991E+01  2.000293E-08  7.686381E-09
  2.243234E+00  2.000000E+02     1  1.326778E+00 -9.640061E+01 -1.479086E-01 -1.318508E+00
  2.243234E+00  2.000000E+02     2  4.790159E-01 -9.663810E+01 -5.537314E-02 -4.758046E-01
  2.243234E+00  2.000000E+02     3  1.134698E+00  2.375634E+01  1.038552E+00  4.571110E-01
  2.243234E+00  2.000000E+02     4  2.066807E-02  8.306617E+01  2.495112E-03  2.051691E-02
  2.243234E+00  2.000000E+02     5  5.158063E-02 -1.021148E+02 -1.082526E-02 -5.043189E-02
  2.243234E+00  2.000000E+02     6  1.472363E-08  3.113584E+01  1.260260E-08  7.613133E-09
  2.243234E+00  2.100000E+02     1  1.221664E+00 -9.638715E+01 -1.359054E-01 -1.214081E+00
  2.243234E+00  2.100000E+02     2  7.028228E-01 -9.657579E+01 -8.048537E-02 -6.981991E-01
  2.243234E+00  2.100000E+02     3  1.134064E+00  2.374663E+01  1.038049E+00  4.566795E-01
  2.243234E+00  2.100000E+02     4  2.879443E-02  8.152532E+01  4.243504E-03  2.848002E-02
  2.243234E+00  2.100000E+02     5  4.817106E-02 -1.021090E+02 -1.010497E-02 -4.709927E-02
  2.243234E+00  2.100000E+02     6  1.553087E-08  2.991976E+01  1.346099E-08  7.746591E-09
  2.243234E+00  2.200000E+02     1  1.079398E+00 -9.637462E+01 -1.198443E-01 -1.072725E+00
  2.243234E+00  2.200000E+02     2  9.052360E-01 -9.654516E+01 -1.031845E-01 -8.993360E-01
  2.243234E+00  2.200000E+02     3  1.133612E+00  2.373590E+01  1.037721E+00  4.563032E-01
  2.243234E+00  2.200000E+02     4  3.611911E-02  8.069591E+01  5.839530E-03  3.564393E-02
  2.243234E+00  2.200000E+02     5  4.330301E-02 -1.020333E+02 -9.027828E-03 -4.235150E-02
  2.243234E+00  2.200000E+02     6  2.319976E-08  2.039884E+01  2.174488E-08  8.086347E-09
  2.243234E+00  2.300000E+02     1  9.042623E-01 -9.636163E+01 -1.001953E-01 -8.986942E-01
  2.243234E+00  2.300000E+02     2  1.080094E+00 -9.652740E+01 -1.227832E-01 -1.073092E+00
  2.243234E+00  2.300000E+02     3  1.133376E+00  2.372458E+01  1.037594E+00  4.560029E-01
  2.243234E+00  2.300000E+02     4  4.241225E-02  8.018275E+01  7.231551E-03  4.179119E-02
  2.243234E+00  2.300000E+02     5  3.717275E-02 -1.018514E+02 -7.634330E-03 -3.638035E-02
  2.243234E+00  2.300000E+02     6  3.441928E-08  1.451341E+01  3.332093E-08  8.625701E-09
  2.243234E+00  2.400000E+02     1  7.015570E-01 -9.634531E+01 -7.753635E-02 -6.972591E-01
  2.243234E+00  2.400000E+02     2  1.222093E+00 -9.651680E+01 -1.387008E-01 -1.214196E+00
  2.243234E+00  2.400000E+02     3  1.133373E+00  2.371318E+01  1.037683E+00  4.557957E-01
  2.243234E+00  2.400000E+02     4  4.745548E-02  7.984323E+01  8.368395E-03  4.671180E-02
  2.243234E+00  2.400000E+02     5  2.999891E-02 -1.014931E+02 -5.977281E-03 -2.939740E-02
  2.243234E+00  2.400000E+02     6  4.373340E-08  1.234514E+01  4.272217E-08  9.350200E-09
  2.243234E+00  2.500000E+02     1  4.774462E-01 -9.631790E+01 -5.254046E-02 -4.745465E-01
  2.243234E+00  2.500000E+02     2  1.326947E+00 -9.651137E+01 -1.504762E-01 -1.318387E+00
  2.243234E+00  2.500000E+02     3  1.133608E+00  2.370223E+01  1.037985E+00  4.556917E-01
  2.243234E+00  2.500000E+02     4  5.105278E-02  7.961446E+01  9.203328E-03  5.021638E-02
  2.243234E+00  2.500000E+02     5  2.200779E-02 -1.007841E+02 -4.117856E-03 -2.161911E-02
  2.243234E+00  2.500000E+02     6  4.684497E-08  1.262323E+01  4.571264E-08  1.023744E-08
  2.243234E+00  2.600000E+02     1  2.387696E-01 -9.624120E+01 -2.595765E-02 -2.373545E-01
  2.243234E+00  2.600000E+02     2  1.391509E+00 -9.651050E+01 -1.577767E-01 -1.382535E+00
  2.243234E+00  2.600000E+02     3  1.134063E+00  2.369224E+01  1.038480E+00  4.556932E-01
  2.243234E+00  2.600000E+02     4  5.304659E-02  7.946514E+01  9.698704E-03  5.215243E-02
  2.243234E+00  2.600000E+02     5  1.342714E-02 -9.909261E+01 -2.121901E-03 -1.325842E-02
  2.243234E+00  2.600000E+02     6  4.276200E-08  1.526484E+01  4.125332E-08  1.125843E-08
  2.243234E+00  2.700000E+02     1  7.200681E-03  7.872683E+01  1.407639E-03  7.061753E-03
  2.243234E+00  2.700000E+02     2  1.413857E+00 -9.651420E+01 -1.604012E-01 -1.404729E+00
  2.243234E+00  2.700000E+02     3  1.134693E+00  2.368391E+01  1.039124E+00  4.557956E-01
  2.243234E+00  2.700000E+02     4  5.333423E-02  7.937892E+01  9.830189E-03  5.242049E-02
  2.243234E+00  2.700000E+02     5  4.524259E-03 -9.072289E+01 -5.708037E-05 -4.523899E-03
  2.243234E+00  2.700000E+02     6  3.426633E-08  2.117893E+01  3.195187E-08  1.237980E-08
  2.243234E+00  2.800000E+02     1  2.528590E-01  8.347745E+01  2.872332E-02  2.512223E-01
  2.243234E+00  2.800000E+02     2  1.393344E+00 -9.652280E+01 -1.582818E-01 -1.384324E+00
  2.243234E+00  2.800000E+02     3  1.135431E+00  2.367817E+01  1.039846E+00  4.559880E-01
  2.243234E+00  2.800000E+02     4  5.188117E-02  7.934833E+01  9.589592E-03  5.098721E-02
  2.243234E+00  2.800000E+02     5  4.813705E-03  6.533312E+01  2.008961E-03  4.374452E-03
  2.243234E+00  2.800000E+02     6  2.651885E-08  3.076827E+01  2.278615E-08  1.356617E-08
  2.243234E+00  2.900000E+02     1  4.907734E-01  8.354683E+01  5.515855E-02  4.876639E-01
  2.243234E+00  2.900000E+02     2  1.330606E+00 -9.653704E+01 -1.514835E-01 -1.321955E+00
  2.243234E+00  2.900000E+02     3  1.136187E+00  2.367618E+01  1.040554E+00  4.562554E-01
  2.243234E+00  2.900000E+02     4  4.872851E-02  7.937360E+01  8.985742E-03  4.789284E-02
  2.243234E+00  2.900000E+02     5  1.381107E-02  7.312237E+01  4.009749E-03  1.321619E-02
  2.243234E+00  2.900000E+02     6  2.383930E-08  3.832020E+01  1.870331E-08  1.478169E-08
  2.243234E+00  3.000000E+02     1  7.136668E-01  8.357087E+01  7.991229E-02  7.091786E-01
  2.243234E+00  3.000000E+02     2  1.227543E+00 -9.655828E+01 -1.402023E-01 -1.219511E+00
  2.243234E+00  3.000000E+02     3  1.136864E+00  2.367911E+01  1.041150E+00  4.565803E-01
  2.243234E+00  3.000000E+02     4  4.399288E-02  7.946521E+01  8.043328E-03  4.325134E-02
  2.243234E+00  3.000000E+02     5  2.254363E-02  7.487812E+01  5.881030E-03  2.176301E-02
  2.243234E+00  3.000000E+02     6  2.738350E-08  3.572947E+01  2.222947E-08  1.599084E-08
  2.243234E+00  3.100000E+02     1  9.147708E-01  8.358293E+01  1.022393E-01  9.090394E-01
  2.243234E+00  3.100000E+02     2  1.087259E+00 -9.658922E+01 -1.247632E-01 -1.080077E+00
  2.243234E+00  3.100000E+02     3  1.137373E+00  2.368788E+01  1.041546E+00  4.569442E-01
  2.243234E+00  3.100000E+02     4  3.785825E-02  7.965238E+01  6.800096E-03  3.724253E-02
  2.243234E+00  3.100000E+02     5  3.070334E-02  7.574125E+01  7.562274E-03  2.975747E-02
  2.243234E+00  3.100000E+02     6  3.650481E-08  2.803717E+01  3.222071E-08  1.715888E-08
  2.243234E+00  3.200000E+02     1  1.088005E+00  8.358977E+01  1.214718E-01  1.081203E+00
  2.243234E+00  3.200000E+02     2  9.139749E-01 -9.663565E+01 -1.056146E-01 -9.078522E-01
  2.243234E+00  3.200000E+02     3  1.137653E+00  2.370287E+01  1.041683E+00  4.573292E-01
  2.243234E+00  3.200000E+02     4  3.056053E-02  8.000701E+01  5.303100E-03  3.009689E-02
  2.243234E+00  3.200000E+02     5  3.801098E-02  7.630554E+01  8.998880E-03  3.693040E-02
  2.243234E+00  3.200000E+02     6  4.795504E-08  2.237188E+01  4.434561E-08  1.825248E-08
  2.243234E+00  3.300000E+02     1  1.228156E+00  8.359362E+01  1.370370E-01  1.220486E+00
  2.243234E+00  3.300000E+02     2  7.129129E-01 -9.671168E+01 -8.332045E-02 -7.080271E-01
  2.243234E+00  3.300000E+02     3  1.137682E+00  2.372369E+01  1.041544E+00  4.577196E-01
  2.243234E+00  3.300000E+02     4  2.236811E-02  8.072572E+01  3.604862E-03  2.207572E-02
  2.243234E+00  3.300000E+02     5  4.419693E-02  7.673012E+01  1.014488E-02  4.301686E-02
  2.243234E+00  3.300000E+02     6  5.645588E-08  1.992625E+01  5.307599E-08  1.924074E-08
  2.243234E+00  3.400000E+02     1  1.331015E+00  8.359554E+01  1.484698E-01  1.322709E+00
  2.243234E+00  3.400000E+02     2  4.901503E-01 -9.686024E+01 -5.854740E-02 -4.866411E-01
  2.243234E+00  3.400000E+02     3  1.137482E+00  2.374927E+01  1.041156E+00  4.581036E-01
  2.243234E+00  3.400000E+02     4  1.356529E-02  8.254445E+01  1.760192E-03  1.345061E-02
  2.243234E+00  3.400000E+02     5  4.901965E-02  7.707356E+01  1.096569E-02  4.777740E-02
  2.243234E+00  3.400000E+02     6  5.786092E-08  2.032337E+01  5.425892E-08  2.009615E-08
  2.243234E+00  3.500000E+02     1  1.393502E+00  8.359624E+01  1.554232E-01  1.384808E+00
  2.243234E+00  3.500000E+02     2  2.524495E-01 -9.729302E+01 -3.204688E-02 -2.504072E-01
  2.243234E+00  3.500000E+02     3  1.137106E+00  2.377800E+01  1.040582E+00  4.584744E-01
  2.243234E+00  3.500000E+02     4  4.490268E-03  9.224421E+01 -1.758339E-04  4.486824E-03
  2.243234E+00  3.500000E+02     5  5.228706E-02  7.736164E+01  1.144023E-02  5.102017E-02
  2.243234E+00  3.500000E+02     6  5.146101E-08  2.383439E+01  4.707228E-08  2.079511E-08
  2.114941E+00  0.000000E+00     1  1.481611E+00  8.253232E+01  1.925603E-01  1.469044E+00
  2.114941E+00  0.000000E+00     2  7.927047E-03 -1.264496E+02 -4.709579E-03 -6.376358E-03
  2.114941E+00  0.000000E+00     3  1.015161E+00  2.796196E+01  8.966499E-01  4.759938E-01
  2.114941E+00  0.000000E+00     4  5.107509E-03 -1.139145E+02 -2.070449E-03 -4.669035E-03
  2.114941E+00  0.000000E+00     5  4.112182E-02  7.157740E+01  1.299546E-02  3.901439E-02
  2.114941E+00  0.000000E+00     6  3.777827E-08  3.613331E+01  3.051151E-08  2.227656E-08
  2.114941E+00  1.000000E+01     1  1.457999E+00  8.253281E+01  1.894793E-01  1.445634E+00
  2.114941E+00  1.000000E+01     2  2.506203E-01  8.338142E+01  2.888631E-02  2.489501E-01
  2.114941E+00  1.000000E+01     3  1.014594E+00  2.800091E+01  8.958254E-01  4.763370E-01
  2.114941E+00  1.000000E+01     4  1.189312E-02 -1.109379E+02 -4.250078E-03 -1.110780E-02
  2.114941E+00  1.000000E+01     5  4.112063E-02  7.195603E+01  1.273698E-02  3.909828E-02
  2.114941E+00  1.000000E+01     6  2.543002E-08  6.340805E+01  1.138333E-08  2.273996E-08
  2.114941E+00  2.000000E+01     1  1.390165E+00  8.253396E+01  1.806360E-01  1.378379E+00
  2.114941E+00  2.000000E+01     2  5.004882E-01  8.293967E+01  6.151723E-02  4.966931E-01
  2.114941E+00  2.000000E+01     3  1.014100E+00  2.803696E+01  8.950894E-01  4.766685E-01
  2.114941E+00  2.000000E+01     4  1.839726E-02 -1.102075E+02 -6.354814E-03 -1.726486E-02
  2.114941E+00  2.000000E+01     5  3.978098E-02  7.228633E+01  1.210377E-02  3.789492E-02
  2.114941E+00  2.000000E+01     6  2.299486E-08  8.883031E+01  4.694067E-10  2.299007E-08
  2.114941E+00  3.000000E+01     1  1.280112E+00  8.253763E+01  1.662546E-01  1.269270E+00
  2.114941E+00  3.000000E+01     2  7.350728E-01  8.279687E+01  9.216884E-02  7.292715E-01
  2.114941E+00  3.000000E+01     3  1.013741E+00  2.806849E+01  8.945105E-01  4.769922E-01
  2.114941E+00  3.000000E+01     4  2.447291E-02 -1.098965E+02 -8.328673E-03 -2.301210E-02
  2.114941E+00  3.000000E+01     5  3.720618E-02  7.258272E+01  1.113687E-02  3.550028E-02
  2.114941E+00  3.000000E+01     6  2.311586E-08  8.445332E+01  2.234301E-09  2.300762E-08
  2.114941E+00  4.000000E+01     1  1.131120E+00  8.254665E+01  1.467276E-01  1.121563E+00
  2.114941E+00  4.000000E+01     2  9.471987E-01  8.272784E+01  1.198990E-01  9.395795E-01
  2.114941E+00  4.000000E+01     3  1.013557E+00  2.809418E+01  8.941345E-01  4.773067E-01
  2.114941E+00  4.000000E+01     4  2.996593E-02 -1.097243E+02 -1.011333E-02 -2.820775E-02
  2.114941E+00  4.000000E+01     5  3.354825E-02  7.286022E+01  9.886798E-03  3.205833E-02
  2.114941E+00  4.000000E+01     6  2.745297E-08  5.607346E+01  1.532232E-08  2.277921E-08
  2.114941E+00  5.000000E+01     1  9.476637E-01  8.256590E+01  1.226143E-01  9.396979E-01
  2.114941E+00  5.000000E+01     2  1.130405E+00  8.268806E+01  1.438682E-01  1.121212E+00
  2.114941E+00  5.000000E+01     3  1.013569E+00  2.811275E+01  8.939905E-01  4.776022E-01
  2.114941E+00  5.000000E+01     4  3.470674E-02 -1.096133E+02 -1.165004E-02 -3.269304E-02
  2.114941E+00  5.000000E+01     5  2.898501E-02  7.313792E+01  8.407649E-03  2.773882E-02
  2.114941E+00  5.000000E+01     6  4.004528E-08  3.384241E+01  3.326051E-08  2.230164E-08
  2.114941E+00  6.000000E+01     1  7.352874E-01  8.260551E+01  9.463171E-02  7.291724E-01
  2.114941E+00  6.000000E+01     2  1.279139E+00  8.266252E+01  1.633632E-01  1.268664E+00
  2.114941E+00  6.000000E+01     3  1.013784E+00  2.812286E+01  8.940957E-01  4.778613E-01
  2.114941E+00  6.000000E+01     4  3.851723E-02 -1.095409E+02 -1.288322E-02 -3.629876E-02
  2.114941E+00  6.000000E+01     5  2.369722E-02  7.344703E+01  6.751378E-03  2.271513E-02
  2.114941E+00  6.000000E+01     6  5.219815E-08  2.442641E+01  4.752606E-08  2.158520E-08
  2.114941E+00  7.000000E+01     1  5.004479E-01  8.269426E+01  6.363897E-02  4.963851E-01
  2.114941E+00  7.000000E+01     2  1.388919E+00  8.264461E+01  1.778142E-01  1.377490E+00
  2.114941E+00  7.000000E+01     3  1.014195E+00  2.812330E+01  8.944541E-01  4.780616E-01
  2.114941E+00  7.000000E+01     4  4.122609E-02 -1.095048E+02 -1.376480E-02 -3.886028E-02
  2.114941E+00  7.000000E+01     5  1.785106E-02  7.385632E+01  4.963434E-03  1.714714E-02
  2.114941E+00  7.000000E+01     6  5.552470E-08  2.183813E+01  5.154017E-08  2.065439E-08
  2.114941E+00  8.000000E+01     1  2.503184E-01  8.297574E+01  3.061132E-02  2.484396E-01
  2.114941E+00  8.000000E+01     2  1.456463E+00  8.263094E+01  1.868060E-01  1.444434E+00
  2.114941E+00  8.000000E+01     3  1.014775E+00  2.811343E+01  8.950484E-01  4.781810E-01
  2.114941E+00  8.000000E+01     4  4.268857E-02 -1.095124E+02 -1.425842E-02 -4.023695E-02
  2.114941E+00  8.000000E+01     5  1.159009E-02  7.458443E+01  3.080855E-03  1.117311E-02
  2.114941E+00  8.000000E+01     6  4.789884E-08  2.408333E+01  4.372939E-08  1.954583E-08
  2.114941E+00  9.000000E+01     1  7.850707E-03 -1.156204E+02 -3.394698E-03 -7.078816E-03
  2.114941E+00  9.000000E+01     2  1.479772E+00  8.261963E+01  1.900853E-01  1.467512E+00
  2.114941E+00  9.000000E+01     3  1.015476E+00  2.809376E+01  8.958305E-01  4.782035E-01
  2.114941E+00  9.000000E+01     4  4.280620E-02 -1.095764E+02 -1.434282E-02 -4.033180E-02
  2.114941E+00  9.000000E+01     5  5.041860E-03  7.700848E+01  1.133445E-03  4.912805E-03
  2.114941E+00  9.000000E+01     6  3.364122E-08  3.296328E+01  2.822563E-08  1.830423E-08
  2.114941E+00  1.000000E+02     1  2.649846E-01 -9.808847E+01 -3.728387E-02 -2.623486E-01
  2.114941E+00  1.000000E+02     2  1.458179E+00  8.260967E+01  1.875631E-01  1.446065E+00
  2.114941E+00  1.000000E+02     3  1.016220E+00  2.806620E+01  8.967168E-01  4.781226E-01
  2.114941E+00  1.000000E+02     4  4.154289E-02 -1.097149E+02 -1.401405E-02 -3.910778E-02
  2.114941E+00  1.000000E+02     5  1.742272E-03 -1.192836E+02 -8.522036E-04 -1.519625E-03
  2.114941E+00  1.000000E+02     6  2.130610E-08  5.283205E+01  1.287216E-08  1.697815E-08
  2.114941E+00  1.100000E+02     1  5.143472E-01 -9.781845E+01 -6.996905E-02 -5.095658E-01
  2.114941E+00  1.100000E+02     2  1.392359E+00  8.260064E+01  1.793142E-01  1.380764E+00
  2.114941E+00  1.100000E+02     3  1.016908E+00  2.803407E+01  8.975924E-01  4.779432E-01
  2.114941E+00  1.100000E+02     4  3.893458E-02 -1.099530E+02 -1.328638E-02 -3.659746E-02
  2.114941E+00  1.100000E+02     5  8.489303E-03 -1.095944E+02 -2.846962E-03 -7.997691E-03
  2.114941E+00  1.100000E+02     6  1.654722E-08  7.069378E+01  5.470790E-09  1.561669E-08
  2.114941E+00  1.200000E+02     1  7.479675E-01 -9.771543E+01 -1.004170E-01 -7.411962E-01
  2.114941E+00  1.200000E+02     2  1.284303E+00  8.259273E+01  1.655741E-01  1.273585E+00
  2.114941E+00  1.200000E+02     3  1.017434E+00  2.800145E+01  8.983291E-01  4.776792E-01
  2.114941E+00  1.200000E+02     4  3.509014E-02 -1.103306E+02 -1.219159E-02 -3.290415E-02
  2.114941E+00  1.200000E+02     5  1.515154E-02 -1.085235E+02 -4.813547E-03 -1.436659E-02
  2.114941E+00  1.200000E+02     6  1.744855E-08  5.485365E+01  1.004455E-08  1.426740E-08
  2.114941E+00  1.300000E+02     1  9.587522E-01 -9.765349E+01 -1.276883E-01 -9.502113E-01
  2.114941E+00  1.300000E+02     2  1.137257E+00  8.258680E+01  1.467335E-01  1.127751E+00
  2.114941E+00  1.300000E+02     3  1.017705E+00  2.797235E+01  8.988103E-01  4.773497E-01
  2.114941E+00  1.300000E+02     4  3.018249E-02 -1.109187E+02 -1.077643E-02 -2.819311E-02
  2.114941E+00  1.300000E+02     5  2.150709E-02 -1.081593E+02 -6.702895E-03 -2.043590E-02
  2.114941E+00  1.300000E+02     6  2.806267E-08  2.753893E+01  2.488308E-08  1.297481E-08
  2.114941E+00  1.400000E+02     1  1.140337E+00 -9.760770E+01 -1.509687E-01 -1.130300E+00
  2.114941E+00  1.400000E+02     2  9.556340E-01  8.258480E+01  1.233329E-01  9.476420E-01
  2.114941E+00  1.400000E+02     3  1.017658E+00  2.794971E+01  8.989580E-01  4.769729E-01
  2.114941E+00  1.400000E+02     4  2.443084E-02 -1.118644E+02 -9.098301E-03 -2.267348E-02
  2.114941E+00  1.400000E+02     5  2.732547E-02 -1.080216E+02 -8.453833E-03 -2.598488E-02
  2.114941E+00  1.400000E+02     6  4.486337E-08  1.522130E+01  4.328952E-08  1.177878E-08
  2.114941E+00  1.500000E+02     1  1.287268E+00 -9.757033E+01 -1.695886E-01 -1.276048E+00
  2.114941E+00  1.500000E+02     2  7.448950E-01  8.259103E+01  9.605479E-02  7.386758E-01
  2.114941E+00  1.500000E+02     3  1.017283E+00  2.793478E+01  8.987505E-01  4.765626E-01
  2.114941E+00  1.500000E+02     4  1.807842E-02 -1.135376E+02 -7.219640E-03 -1.657426E-02
  2.114941E+00  1.500000E+02     5  3.236274E-02 -1.079920E+02 -9.996342E-03 -3.078019E-02
  2.114941E+00  1.500000E+02     6  5.767987E-08  1.070366E+01  5.667629E-08  1.071284E-08
  2.114941E+00  1.600000E+02     1  1.395147E+00 -9.753857E+01 -1.830344E-01 -1.383089E+00
  2.114941E+00  1.600000E+02     2  5.113978E-01  8.261741E+01  6.571164E-02  5.071584E-01
  2.114941E+00  1.600000E+02     3  1.016616E+00  2.792691E+01  8.982267E-01  4.761267E-01
  2.114941E+00  1.600000E+02     4  1.137842E-02 -1.172061E+02 -5.202127E-03 -1.011960E-02
  2.114941E+00  1.600000E+02     5  3.638677E-02 -1.080225E+02 -1.125772E-02 -3.460146E-02
  2.114941E+00  1.600000E+02     6  5.938232E-08  9.501951E+00  5.856759E-08  9.802904E-09
  2.114941E+00  1.700000E+02     1  1.460748E+00 -9.751130E+01 -1.909517E-01 -1.448214E+00
  2.114941E+00  1.700000E+02     2  2.622192E-01  8.271999E+01  3.322805E-02  2.601053E-01
  2.114941E+00  1.700000E+02     3  1.015736E+00  2.792398E+01  8.974738E-01  4.756689E-01
  2.114941E+00  1.700000E+02     4  4.684575E-03 -1.314714E+02 -3.102343E-03 -3.510086E-03
  2.114941E+00  1.700000E+02     5  3.920520E-02 -1.080848E+02 -1.217023E-02 -3.726840E-02
  2.114941E+00  1.700000E+02     6  4.850284E-08  1.077458E+01  4.764775E-08  9.067390E-09
  2.114941E+00  1.800000E+02     1  1.482101E+00 -9.748800E+01 -1.931453E-01 -1.469462E+00
  2.114941E+00  1.800000E+02     2  5.048435E-03  9.438897E+01 -3.863424E-04  5.033631E-03
  2.114941E+00  1.800000E+02     3  1.014746E+00  2.792318E+01  8.966051E-01  4.751925E-01
  2.114941E+00  1.800000E+02     4  3.234268E-03  1.074550E+02 -9.701398E-04  3.085339E-03
  2.114941E+00  1.800000E+02     5  4.068847E-02 -1.081561E+02 -1.267881E-02 -3.866264E-02
  2.114941E+00  1.800000E+02     6  2.967809E-08  1.668106E+01  2.842916E-08  8.518915E-09
  2.114941E+00  1.900000E+02     1  1.458546E+00 -9.746825E+01 -1.895770E-01 -1.446173E+00
  2.114941E+00  1.900000E+02     2  2.525790E-01 -9.775279E+01 -3.407271E-02 -2.502702E-01
  2.114941E+00  1.900000E+02     3  1.013749E+00  2.792191E+01  8.957346E-01  4.747058E-01
  2.114941E+00  1.900000E+02     4  9.594490E-03  8.311720E+01  1.149793E-03  9.525346E-03
  2.114941E+00  1.900000E+02     5  4.078341E-02 -1.082138E+02 -1.274739E-02 -3.874004E-02
  2.114941E+00  1.900000E+02     6  1.231067E-08  4.155928E+01  9.211701E-09  8.166830E-09
  2.114941E+00  2.000000E+02     1  1.390755E+00 -9.745152E+01 -1.803631E-01 -1.379010E+00
  2.114941E+00  2.000000E+02     2  5.024536E-01 -9.763598E+01 -6.676548E-02 -4.979980E-01
  2.114941E+00  2.000000E+02     3  1.012837E+00  2.791838E+01  8.949588E-01  4.742240E-01
  2.114941E+00  2.000000E+02     4  1.600908E-02  7.841885E+01  3.213913E-03  1.568315E-02
  2.114941E+00  2.000000E+02     5  3.951544E-02 -1.082319E+02 -1.236298E-02 -3.753167E-02
  2.114941E+00  2.000000E+02     6  8.202593E-09  1.021384E+02 -1.724792E-09  8.019204E-09
  2.114941E+00  2.100000E+02     1  1.280727E+00 -9.743699E+01 -1.657719E-01 -1.269953E+00
  2.114941E+00  2.100000E+02     2  7.370406E-01 -9.759674E+01 -9.743678E-02 -7.305716E-01
  2.114941E+00  2.100000E+02     3  1.012085E+00  2.791186E+01  8.943480E-01  4.737700E-01
  2.114941E+00  2.100000E+02     4  2.204656E-02  7.642383E+01  5.175161E-03  2.143055E-02
  2.114941E+00  2.100000E+02     5  3.697983E-02 -1.081786E+02 -1.153697E-02 -3.513411E-02
  2.114941E+00  2.100000E+02     6  8.083402E-09  8.939756E+01  8.499130E-11  8.082955E-09
  2.114941E+00  2.200000E+02     1  1.131739E+00 -9.742335E+01 -1.462203E-01 -1.122253E+00
  2.114941E+00  2.200000E+02     2  9.491720E-01 -9.757585E+01 -1.251375E-01 -9.408869E-01
  2.114941E+00  2.200000E+02     3  1.011545E+00  2.790247E+01  8.939484E-01  4.733705E-01
  2.114941E+00  2.200000E+02     4  2.752544E-02  7.531078E+01  6.979789E-03  2.662579E-02
  2.114941E+00  2.200000E+02     5  3.332454E-02 -1.080102E+02 -1.030351E-02 -3.169169E-02
  2.114941E+00  2.200000E+02     6  1.569652E-08  3.218933E+01  1.328385E-08  8.361832E-09
  2.114941E+00  2.300000E+02     1  9.482634E-01 -9.740836E+01 -1.222694E-01 -9.403476E-01
  2.114941E+00  2.300000E+02     2  1.132388E+00 -9.756249E+01 -1.490308E-01 -1.122539E+00
  2.114941E+00  2.300000E+02     3  1.011254E+00  2.789074E+01  8.937883E-01  4.730517E-01
  2.114941E+00  2.300000E+02     4  3.226821E-02  7.460321E+01  8.567278E-03  3.111011E-02
  2.114941E+00  2.300000E+02     5  2.872811E-02 -1.076604E+02 -8.715355E-03 -2.737420E-02
  2.114941E+00  2.300000E+02     6  3.261953E-08  1.574804E+01  3.139515E-08  8.853186E-09
  2.114941E+00  2.400000E+02     1  7.358487E-01 -9.738761E+01 -9.461625E-02 -7.297404E-01
  2.114941E+00  2.400000E+02     2  1.281135E+00 -9.755386E+01 -1.684157E-01 -1.270017E+00
  2.114941E+00  2.400000E+02     3  1.011237E+00  2.787728E+01  8.938837E-01  4.728334E-01
  2.114941E+00  2.400000E+02     4  3.609134E-02  7.412262E+01  9.873849E-03  3.471443E-02
  2.114941E+00  2.400000E+02     5  2.337725E-02 -1.070081E+02 -6.838006E-03 -2.235481E-02
  2.114941E+00  2.400000E+02     6  4.687258E-08  1.175009E+01  4.589038E-08  9.545286E-09
  2.114941E+00  2.500000E+02     1  5.009550E-01 -9.734919E+01 -6.408025E-02 -4.968396E-01
  2.114941E+00  2.500000E+02     2  1.390931E+00 -9.754937E+01 -1.827412E-01 -1.378875E+00
  2.114941E+00  2.500000E+02     3  1.011499E+00  2.786257E+01  8.942367E-01  4.727264E-01
  2.114941E+00  2.500000E+02     4  3.881815E-02  7.378637E+01  1.083878E-02  3.727425E-02
  2.114941E+00  2.500000E+02     5  1.744995E-02 -1.057734E+02 -4.743487E-03 -1.679286E-02
  2.114941E+00  2.500000E+02     6  5.125309E-08  1.172645E+01  5.018339E-08  1.041664E-08
  2.114941E+00  2.600000E+02     1  2.507593E-01 -9.723546E+01 -3.158244E-02 -2.487625E-01
  2.114941E+00  2.600000E+02     2  1.458490E+00 -9.754921E+01 -1.916131E-01 -1.445848E+00
  2.114941E+00  2.600000E+02     3  1.012025E+00  2.784717E+01  8.948291E-01  4.727317E-01
  2.114941E+00  2.600000E+02     4  4.029869E-02  7.354969E+01  1.141193E-02  3.864909E-02
  2.114941E+00  2.600000E+02     5  1.111196E-02 -1.030296E+02 -2.505239E-03 -1.082587E-02
  2.114941E+00  2.600000E+02     6  4.419763E-08  1.499806E+01  4.269202E-08  1.143774E-08
  2.114941E+00  2.700000E+02     1  7.142928E-03  7.471262E+01  1.883308E-03  6.890179E-03
  2.114941E+00  2.700000E+02     2  1.481811E+00 -9.755383E+01 -1.947954E-01 -1.468952E+00
  2.114941E+00  2.700000E+02     3  1.012769E+00  2.783200E+01  8.956123E-01  4.728422E-01
  2.114941E+00  2.700000E+02     4  4.043026E-02  7.338515E+01  1.156050E-02  3.874224E-02
  2.114941E+00  2.700000E+02     5  4.576919E-03 -9.244376E+01 -1.951538E-04 -4.572757E-03
  2.114941E+00  2.700000E+02     6  3.027333E-08  2.454170E+01  2.753842E-08  1.257419E-08
  2.114941E+00  2.800000E+02     1  2.646438E-01  8.233771E+01  3.528602E-02  2.622808E-01
  2.114941E+00  2.800000E+02     2  1.460227E+00 -9.756379E+01 -1.922096E-01 -1.447521E+00
  2.114941E+00  2.800000E+02     3  1.013651E+00  2.781865E+01  8.965028E-01  4.730453E-01
  2.114941E+00  2.800000E+02     4  3.917404E-02  7.327482E+01  1.127356E-02  3.751682E-02
  2.114941E+00  2.800000E+02     5  2.813589E-03  4.119773E+01  2.117060E-03  1.853198E-03
  2.114941E+00  2.800000E+02     6  1.864935E-08  4.768289E+01  1.255537E-08  1.378989E-08
  2.114941E+00  2.900000E+02     1  5.140549E-01  8.244385E+01  6.759703E-02  5.095911E-01
  2.114941E+00  2.900000E+02     2  1.394412E+00 -9.757984E+01 -1.839337E-01 -1.382228E+00
  2.114941E+00  2.900000E+02     3  1.014564E+00  2.780931E+01  8.973873E-01  4.733251E-01
  2.114941E+00  2.900000E+02     4  3.656475E-02  7.320807E+01  1.056344E-02  3.500563E-02
  2.114941E+00  2.900000E+02     5  9.400149E-03  6.234534E+01  4.362997E-03  8.326287E-03
  2.114941E+00  2.900000E+02     6  1.603408E-08  6.981056E+01  5.533763E-09  1.504889E-08
  2.114941E+00  3.000000E+02     1  7.477028E-01  8.248190E+01  9.782893E-02  7.412752E-01
  2.114941E+00  3.000000E+02     2  1.286357E+00 -9.760320E+01 -1.702001E-01 -1.275047E+00
  2.114941E+00  3.000000E+02     3  1.015387E+00  2.780645E+01  8.981388E-01  4.736641E-01
  2.114941E+00  3.000000E+02     4  3.271103E-02  7.318307E+01  9.463783E-03  3.131211E-02
  2.114941E+00  3.000000E+02     5  1.605566E-02  6.621787E+01  6.474605E-03  1.469230E-02
  2.114941E+00  3.000000E+02     6  1.939474E-08  5.727316E+01  1.048546E-08  1.631597E-08
  2.114941E+00  3.100000E+02     1  9.584929E-01  8.250234E+01  1.250697E-01  9.502979E-01
  2.114941E+00  3.100000E+02     2  1.139308E+00 -9.763621E+01 -1.513944E-01 -1.129205E+00
  2.114941E+00  3.100000E+02     3  1.016010E+00  2.781216E+01  8.986424E-01  4.740441E-01
  2.114941E+00  3.100000E+02     4  2.778563E-02  7.321289E+01  8.024944E-03  2.660153E-02
  2.114941E+00  3.100000E+02     5  2.239031E-02  6.800838E+01  8.384520E-03  2.076116E-02
  2.114941E+00  3.100000E+02     6  3.111530E-08  3.435000E+01  2.568899E-08  1.755671E-08
  2.114941E+00  3.200000E+02     1  1.140061E+00  8.251512E+01  1.485096E-01  1.130347E+00
  2.114941E+00  3.200000E+02     2  9.576807E-01 -9.768406E+01 -1.280520E-01 -9.490811E-01
  2.114941E+00  3.200000E+02     3  1.016355E+00  2.782753E+01  8.988207E-01  4.744465E-01
  2.114941E+00  3.200000E+02     4  2.200638E-02  7.334330E+01  6.307836E-03  2.108298E-02
  2.114941E+00  3.200000E+02     5  2.815846E-02  6.913662E+01  1.002838E-02  2.631218E-02
  2.114941E+00  3.200000E+02     6  4.822566E-08  2.286383E+01  4.443661E-08  1.873771E-08
  2.114941E+00  3.300000E+02     1  1.286955E+00  8.252339E+01  1.674604E-01  1.276013E+00
  2.114941E+00  3.300000E+02     2  7.469347E-01 -9.775979E+01 -1.008513E-01 -7.400949E-01
  2.114941E+00  3.300000E+02     3  1.016396E+00  2.785229E+01  8.986519E-01  4.748540E-01
  2.114941E+00  3.300000E+02     4  1.561161E-02  7.371567E+01  4.377560E-03  1.498530E-02
  2.114941E+00  3.300000E+02     5  3.311701E-02  6.995927E+01  1.134880E-02  3.111175E-02
  2.114941E+00  3.300000E+02     6  6.141890E-08  1.883378E+01  5.813048E-08  1.982748E-08
  2.114941E+00  3.400000E+02     1  1.394782E+00  8.252848E+01  1.813681E-01  1.382939E+00
  2.114941E+00  3.400000E+02     2  5.134308E-01 -9.790370E+01 -7.060108E-02 -5.085535E-01
  2.114941E+00  3.400000E+02     3  1.016160E+00  2.788477E+01  8.981733E-01  4.752526E-01
  2.114941E+00  3.400000E+02     4  8.836555E-03  7.492486E+01  2.298260E-03  8.532450E-03
  2.114941E+00  3.400000E+02     5  3.704090E-02  7.060559E+01  1.230014E-02  3.493902E-02
  2.114941E+00  3.400000E+02     6  6.377183E-08  1.903351E+01  6.028530E-08  2.079734E-08
  2.114941E+00  3.500000E+02     1  1.460321E+00  8.253120E+01  1.898217E-01  1.447931E+00
  2.114941E+00  3.500000E+02     2  2.642528E-01 -9.831620E+01 -3.822045E-02 -2.614742E-01
  2.114941E+00  3.500000E+02     3  1.015716E+00  2.792232E+01  8.974694E-01  4.756333E-01
  2.114941E+00  3.500000E+02     4  1.929165E-03  8.612948E+01  1.302224E-04  1.924764E-03
  2.114941E+00  3.500000E+02     5  3.974829E-02  7.113426E+01  1.285268E-02  3.761297E-02
  2.114941E+00  3.500000E+02     6  5.408680E-08  2.356294E+01  4.957712E-08  2.162154E-08
  2.006409E+00  0.000000E+00     1  1.518581E+00  8.184329E+01  2.154580E-01  1.503219E+00
  2.006409E+00  0.000000E+00     2  7.639999E-03 -1.274648E+02 -4.647213E-03 -6.064075E-03
  2.006409E+00  0.000000E+00     3  9.080839E-01  3.220490E+01  7.683730E-01  4.839621E-01
  2.006409E+00  0.000000E+00     4  5.061636E-03 -1.128150E+02 -1.962686E-03 -4.665621E-03
  2.006409E+00  0.000000E+00     5  2.773721E-02  6.044852E+01  1.368014E-02  2.412895E-02
  2.006409E+00  0.000000E+00     6  3.507178E-08  4.012201E+01  2.681847E-08  2.260087E-08
  2.006409E+00  1.000000E+01     1  1.494496E+00  8.184313E+01  2.120448E-01  1.479376E+00
  2.006409E+00  1.000000E+01     2  2.573916E-01  8.263010E+01  3.301681E-02  2.552652E-01
  2.006409E+00  1.000000E+01     3  9.074442E-01  3.225567E+01  7.674029E-01  4.843013E-01
  2.006409E+00  1.000000E+01     4  9.394993E-03 -1.166483E+02 -4.213776E-03 -8.397023E-03
  2.006409E+00  1.000000E+01     5  2.782189E-02  6.123862E+01  1.338686E-02  2.438954E-02
  2.006409E+00  1.000000E+01     6  2.313255E-08  9.219558E+01 -8.862252E-10  2.311557E-08
  2.006409E+00  2.000000E+01     1  1.425098E+00  8.184251E+01  2.022136E-01  1.410679E+00
  2.006409E+00  2.000000E+01     2  5.135584E-01  8.221279E+01  6.958433E-02  5.088225E-01
  2.006409E+00  2.000000E+01     3  9.068957E-01  3.230191E+01  7.665482E-01  4.846274E-01
  2.006409E+00  2.000000E+01     4  1.354685E-02 -1.181778E+02 -6.396945E-03 -1.194137E-02
  2.006409E+00  2.000000E+01     5  2.694911E-02  6.192421E+01  1.268331E-02  2.377789E-02
  2.006409E+00  2.000000E+01     6  2.862462E-08  1.250972E+02 -1.645815E-08  2.342004E-08
  2.006409E+00  3.000000E+01     1  1.312428E+00  8.184365E+01  1.862006E-01  1.299152E+00
  2.006409E+00  3.000000E+01     2  7.540324E-01  8.207942E+01  1.039059E-01  7.468390E-01
  2.006409E+00  3.000000E+01     3  9.065061E-01  3.234158E+01  7.658833E-01  4.849496E-01
  2.006409E+00  3.000000E+01     4  1.745593E-02 -1.189945E+02 -8.461339E-03 -1.526811E-02
  2.006409E+00  3.000000E+01     5  2.522592E-02  6.256606E+01  1.162223E-02  2.238908E-02
  2.006409E+00  3.000000E+01     6  2.701944E-08  1.196275E+02 -1.335729E-08  2.348687E-08
  2.006409E+00  4.000000E+01     1  1.159831E+00  8.184985E+01  1.644265E-01  1.148116E+00
  2.006409E+00  4.000000E+01     2  9.714505E-01  8.201657E+01  1.349216E-01  9.620355E-01
  2.006409E+00  4.000000E+01     3  9.063149E-01  3.237324E+01  7.654537E-01  4.852704E-01
  2.006409E+00  4.000000E+01     4  2.103877E-02 -1.194614E+02 -1.034766E-02 -1.831818E-02
  2.006409E+00  4.000000E+01     5  2.280064E-02  6.323210E+01  1.026890E-02  2.035729E-02
  2.006409E+00  4.000000E+01     6  2.414452E-08  7.475543E+01  6.348556E-09  2.329493E-08
  2.006409E+00  5.000000E+01     1  9.718785E-01  8.186668E+01  1.374984E-01  9.621029E-01
  2.006409E+00  5.000000E+01     2  1.159188E+00  8.198161E+01  1.616963E-01  1.147855E+00
  2.006409E+00  5.000000E+01     3  9.063413E-01  3.239541E+01  7.652882E-01  4.855806E-01
  2.006409E+00  5.000000E+01     4  2.417855E-02 -1.197289E+02 -1.199005E-02 -2.099622E-02
  2.006409E+00  5.000000E+01     5  1.983512E-02  6.400980E+01  8.692096E-03  1.782918E-02
  2.006409E+00  5.000000E+01     6  4.016143E-08  3.465232E+01  3.303750E-08  2.283560E-08
  2.006409E+00  6.000000E+01     1  7.542471E-01  8.190529E+01  1.062054E-01  7.467323E-01
  2.006409E+00  6.000000E+01     2  1.311557E+00  8.195984E+01  1.834437E-01  1.298665E+00
  2.006409E+00  6.000000E+01     3  9.065904E-01  3.240625E+01  7.654066E-01  4.858590E-01
  2.006409E+00  6.000000E+01     4  2.673241E-02 -1.198892E+02 -1.332143E-02 -2.317674E-02
  2.006409E+00  6.000000E+01     5  1.647718E-02  6.503295E+01  6.954971E-03  1.493740E-02
  2.006409E+00  6.000000E+01     6  5.842695E-08  2.224393E+01  5.407885E-08  2.211756E-08
  2.006409E+00  7.000000E+01     1  5.135530E-01  8.199649E+01  7.150388E-02  5.085508E-01
  2.006409E+00  7.000000E+01     2  1.423974E+00  8.194459E+01  1.995424E-01  1.409924E+00
  2.006409E+00  7.000000E+01     3  9.070543E-01  3.240390E+01  7.658182E-01  4.860762E-01
  2.006409E+00  7.000000E+01     4  2.854970E-02 -1.200134E+02 -1.428064E-02 -2.472142E-02
  2.006409E+00  7.000000E+01     5  1.284023E-02  6.655977E+01  5.107744E-03  1.178060E-02
  2.006409E+00  7.000000E+01     6  6.338176E-08  1.951002E+01  5.974257E-08  2.116772E-08
  2.006409E+00  8.000000E+01     1  2.571549E-01  8.229191E+01  3.449119E-02  2.548313E-01
  2.006409E+00  8.000000E+01     2  1.493088E+00  8.193230E+01  2.095446E-01  1.478310E+00
  2.006409E+00  8.000000E+01     3  9.077067E-01  3.238722E+01  7.665106E-01  4.862026E-01
  2.006409E+00  8.000000E+01     4  2.949530E-02 -1.201614E+02 -1.481953E-02 -2.550204E-02
  2.006409E+00  8.000000E+01     5  8.997828E-03  6.927340E+01  3.184414E-03  8.415487E-03
  2.006409E+00  8.000000E+01     6  5.176264E-08  2.276301E+01  4.773101E-08  2.002802E-08
  2.006409E+00  9.000000E+01     1  7.584719E-03 -1.186361E+02 -3.634938E-03 -6.656965E-03
  2.006409E+00  9.000000E+01     2  1.516862E+00  8.192089E+01  2.131802E-01  1.501807E+00
  2.006409E+00  9.000000E+01     3  9.084946E-01  3.235677E+01  7.674345E-01  4.862168E-01
  2.006409E+00  9.000000E+01     4  2.947279E-02 -1.203876E+02 -1.490873E-02 -2.542391E-02
  2.006409E+00  9.000000E+01     5  5.011023E-03  7.608942E+01  1.204686E-03  4.864061E-03
  2.006409E+00  9.000000E+01     6  3.062857E-08  3.774618E+01  2.421894E-08  1.874972E-08
  2.006409E+00  1.000000E+02     1  2.711161E-01 -9.883234E+01 -4.162815E-02 -2.679012E-01
  2.006409E+00  1.000000E+02     2  1.494626E+00  8.190921E+01  2.103569E-01  1.479749E+00
  2.006409E+00  1.000000E+02     3  9.093335E-01  3.231551E+01  7.684934E-01  4.861125E-01
  2.006409E+00  1.000000E+02     4  2.844345E-02 -1.207468E+02 -1.454156E-02 -2.444530E-02
  2.006409E+00  1.000000E+02     5  1.399200E-03  1.258262E+02 -8.189909E-04  1.134466E-03
  2.006409E+00  1.000000E+02     6  1.741087E-08  8.704473E+01  8.976408E-10  1.738771E-08
  2.006409E+00  1.100000E+02     1  5.267532E-01 -9.854320E+01 -7.825184E-02 -5.209084E-01
  2.006409E+00  1.100000E+02     2  1.427082E+00  8.189673E+01  2.011583E-01  1.412833E+00
  2.006409E+00  1.100000E+02     3  9.101121E-01  3.226868E+01  7.695487E-01  4.859000E-01
  2.006409E+00  1.100000E+02     4  2.643787E-02 -1.213017E+02 -1.373564E-02 -2.258968E-02
  2.006409E+00  1.100000E+02     5  3.976331E-03 -1.362274E+02 -2.871275E-03 -2.750817E-03
  2.006409E+00  1.100000E+02     6  1.918833E-08  1.235237E+02 -1.059738E-08  1.599649E-08
  2.006409E+00  1.200000E+02     1  7.662451E-01 -9.843032E+01 -1.123365E-01 -7.579657E-01
  2.006409E+00  1.200000E+02     2  1.316271E+00  8.188352E+01  1.858390E-01  1.303086E+00
  2.006409E+00  1.200000E+02     3  9.107078E-01  3.222292E+01  7.704405E-01  4.856029E-01
  2.006409E+00  1.200000E+02     4  2.355777E-02 -1.221383E+02 -1.253189E-02 -1.994794E-02
  2.006409E+00  1.200000E+02     5  8.338175E-03 -1.261939E+02 -4.923857E-03 -6.729101E-03
  2.006409E+00  1.200000E+02     6  1.522938E-08  1.061544E+02 -4.237227E-09  1.462806E-08
  2.006409E+00  1.300000E+02     1  9.823222E-01 -9.836037E+01 -1.428284E-01 -9.718832E-01
  2.006409E+00  1.300000E+02     2  1.165516E+00  8.187027E+01  1.648214E-01  1.153803E+00
  2.006409E+00  1.300000E+02     3  9.110116E-01  3.218469E+01  7.710215E-01  4.852505E-01
  2.006409E+00  1.300000E+02     4  1.996622E-02 -1.233985E+02 -1.099058E-02 -1.666905E-02
  2.006409E+00  1.300000E+02     5  1.273350E-02 -1.229660E+02 -6.928820E-03 -1.068332E-02
  2.006409E+00  1.300000E+02     6  2.199835E-08  3.729920E+01  1.749929E-08  1.333050E-08
  2.006409E+00  1.400000E+02     1  1.168470E+00 -9.830736E+01 -1.688245E-01 -1.156210E+00
  2.006409E+00  1.400000E+02     2  9.793319E-01  8.185847E+01  1.386918E-01  9.694615E-01
  2.006409E+00  1.400000E+02     3  9.109529E-01  3.215862E+01  7.711925E-01  4.848684E-01
  2.006409E+00  1.400000E+02     4  1.586727E-02 -1.253679E+02 -9.184361E-03 -1.293900E-02
  2.006409E+00  1.400000E+02     5  1.692375E-02 -1.214007E+02 -8.817618E-03 -1.444517E-02
  2.006409E+00  1.400000E+02     6  4.635034E-08  1.519163E+01  4.473062E-08  1.214602E-08
  2.006409E+00  1.500000E+02     1  1.319111E+00 -9.826360E+01 -1.895925E-01 -1.305415E+00
  2.006409E+00  1.500000E+02     2  7.633028E-01  8.185098E+01  1.081968E-01  7.555956E-01
  2.006409E+00  1.500000E+02     3  9.105176E-01  3.214639E+01  7.709274E-01  4.844721E-01
  2.006409E+00  1.500000E+02     4  1.148140E-02 -1.287672E+02 -7.189164E-03 -8.952006E-03
  2.006409E+00  1.500000E+02     5  2.068220E-02 -1.205289E+02 -1.050600E-02 -1.781509E-02
  2.006409E+00  1.500000E+02     6  6.569724E-08  9.734582E+00  6.475130E-08  1.110837E-08
  2.006409E+00  1.600000E+02     1  1.429748E+00 -9.822648E+01 -2.045774E-01 -1.415036E+00
  2.006409E+00  1.600000E+02     2  5.239364E-01  8.185446E+01  7.423553E-02  5.186506E-01
  2.006409E+00  1.600000E+02     3  9.097507E-01  3.214642E+01  7.702778E-01  4.840645E-01
  2.006409E+00  1.600000E+02     4  7.041219E-03 -1.361174E+02 -5.075041E-03 -4.880853E-03
  2.006409E+00  1.600000E+02     5  2.378596E-02 -1.200291E+02 -1.190345E-02 -2.059320E-02
  2.006409E+00  1.600000E+02     6  6.871894E-08  8.570464E+00  6.795158E-08  1.024088E-08
  2.006409E+00  1.700000E+02     1  1.497083E+00 -9.819508E+01 -2.134001E-01 -1.481795E+00
  2.006409E+00  1.700000E+02     2  2.684819E-01  8.189708E+01  3.784298E-02  2.658015E-01
  2.006409E+00  1.700000E+02     3  9.087448E-01  3.215469E+01  7.693564E-01  4.836402E-01
  2.006409E+00  1.700000E+02     4  3.023077E-03 -1.635654E+02 -2.899564E-03 -8.552910E-04
  2.006409E+00  1.700000E+02     5  2.604519E-02 -1.197518E+02 -1.292478E-02 -2.261199E-02
  2.006409E+00  1.700000E+02     6  5.319911E-08  1.034862E+01  5.233372E-08  9.556534E-09
  2.006409E+00  1.800000E+02     1  1.519094E+00 -9.816900E+01 -2.158533E-01 -1.503680E+00
  2.006409E+00  1.800000E+02     2  4.744305E-03  8.806496E+01  1.601977E-04  4.741599E-03
  2.006409E+00  1.800000E+02     3  9.076176E-01  3.216606E+01  7.683062E-01  4.831929E-01
  2.006409E+00  1.800000E+02     4  3.125550E-03  1.030576E+02 -7.061582E-04  3.044734E-03
  2.006409E+00  1.800000E+02     5  2.733013E-02 -1.196041E+02 -1.350120E-02 -2.376244E-02
  2.006409E+00  1.800000E+02     6  2.613490E-08  2.028489E+01  2.451403E-08  9.060667E-09
  2.006409E+00  1.900000E+02     1  1.495098E+00 -9.814781E+01 -2.118962E-01 -1.480006E+00
  2.006409E+00  1.900000E+02     2  2.592970E-01 -9.833970E+01 -3.760890E-02 -2.565550E-01
  2.006409E+00  1.900000E+02     3  9.064880E-01  3.217590E+01  7.672671E-01  4.827233E-01
  2.006409E+00  1.900000E+02     4  6.937106E-03  7.775018E+01  1.471877E-03  6.779160E-03
  2.006409E+00  1.900000E+02     5  2.758715E-02 -1.195110E+02 -1.358918E-02 -2.400802E-02
  2.006409E+00  1.900000E+02     6  9.352146E-09  1.105796E+02 -3.287363E-09  8.755335E-09
  2.006409E+00  2.000000E+02     1  1.425769E+00 -9.813081E+01 -2.016515E-01 -1.411437E+00
  2.006409E+00  2.000000E+02     2  5.154652E-01 -9.828206E+01 -7.425089E-02 -5.100894E-01
  2.006409E+00  2.000000E+02     3  9.054584E-01  3.218112E+01  7.663516E-01  4.822448E-01
  2.006409E+00  2.000000E+02     4  1.093613E-02  7.076349E+01  3.603108E-03  1.032553E-02
  2.006409E+00  2.000000E+02     5  2.684115E-02 -1.193980E+02 -1.317559E-02 -2.338484E-02
  2.006409E+00  2.000000E+02     6  2.076599E-08  1.554043E+02 -1.888184E-08  8.643051E-09
  2.006409E+00  2.100000E+02     1  1.313137E+00 -9.811684E+01 -1.854046E-01 -1.299982E+00
  2.006409E+00  2.100000E+02     2  7.559390E-01 -9.825975E+01 -1.085990E-01 -7.480976E-01
  2.006409E+00  2.100000E+02     3  9.046074E-01  3.218050E+01  7.656366E-01  4.817833E-01
  2.006409E+00  2.100000E+02     4  1.477545E-02  6.752351E+01  5.648716E-03  1.365305E-02
  2.006409E+00  2.100000E+02     5  2.518528E-02 -1.191787E+02 -1.227869E-02 -2.198936E-02
  2.006409E+00  2.100000E+02     6  1.798791E-08  1.509740E+02 -1.572863E-08  8.727852E-09
  2.006409E+00  2.200000E+02     1  1.160545E+00 -9.810405E+01 -1.636033E-01 -1.148955E+00
  2.006409E+00  2.200000E+02     2  9.733635E-01 -9.824484E+01 -1.395838E-01 -9.633031E-01
  2.006409E+00  2.200000E+02     3  9.039920E-01  3.217421E+01  7.651686E-01  4.813716E-01
  2.006409E+00  2.200000E+02     4  1.833219E-02  6.565858E+01  7.556039E-03  1.670256E-02
  2.006409E+00  2.200000E+02     5  2.276081E-02 -1.187418E+02 -1.094482E-02 -1.995659E-02
  2.006409E+00  2.200000E+02     6  9.902813E-09  6.552551E+01  4.102618E-09  9.013004E-09
  2.006409E+00  2.300000E+02     1  9.725635E-01 -9.808936E+01 -1.368567E-01 -9.628863E-01
  2.006409E+00  2.300000E+02     2  1.161115E+00 -9.823310E+01 -1.662724E-01 -1.149148E+00
  2.006409E+00  2.300000E+02     3  9.036528E-01  3.216302E+01  7.649754E-01  4.810416E-01
  2.006409E+00  2.300000E+02     4  2.147647E-02  6.446533E+01  9.257587E-03  1.937875E-02
  2.006409E+00  2.300000E+02     5  1.973125E-02 -1.179279E+02 -9.241343E-03 -1.743330E-02
  2.006409E+00  2.300000E+02     6  3.240826E-08  1.703956E+01  3.098562E-08  9.496655E-09
  2.006409E+00  2.400000E+02     1  7.548721E-01 -9.806692E+01 -1.059308E-01 -7.474025E-01
  2.006409E+00  2.400000E+02     2  1.313504E+00 -9.822423E+01 -1.878935E-01 -1.299996E+00
  2.006409E+00  2.400000E+02     3  9.036177E-01  3.214756E+01  7.650755E-01  4.808164E-01
  2.006409E+00  2.400000E+02     4  2.405529E-02  6.365226E+01  1.067617E-02  2.155635E-02
  2.006409E+00  2.400000E+02     5  1.625639E-02 -1.164751E+02 -7.247238E-03 -1.455155E-02
  2.006409E+00  2.400000E+02     6  5.326269E-08  1.100548E+01  5.228314E-08  1.016800E-08
  2.006409E+00  2.500000E+02     1  5.140937E-01 -9.802141E+01 -7.173828E-02 -5.090638E-01
  2.006409E+00  2.500000E+02     2  1.425945E+00 -9.821899E+01 -2.038487E-01 -1.411299E+00
  2.006409E+00  2.500000E+02     3  9.038988E-01  3.212812E+01  7.654766E-01  4.807063E-01
  2.006409E+00  2.500000E+02     4  2.590734E-02  6.306706E+01  1.173466E-02  2.309736E-02
  2.006409E+00  2.500000E+02     5  1.247392E-02 -1.138494E+02 -5.043623E-03 -1.140880E-02
  2.006409E+00  2.500000E+02     6  5.928728E-08  1.069857E+01  5.825671E-08  1.100621E-08
  2.006409E+00  2.600000E+02     1  2.575941E-01 -9.788004E+01 -3.531601E-02 -2.551617E-01
  2.006409E+00  2.600000E+02     2  1.495081E+00 -9.821833E+01 -2.137153E-01 -1.479727E+00
  2.006409E+00  2.600000E+02     3  9.044835E-01  3.210509E+01  7.661651E-01  4.807094E-01
  2.006409E+00  2.600000E+02     4  2.688726E-02  6.261428E+01  1.236756E-02  2.387401E-02
  2.006409E+00  2.600000E+02     5  8.502367E-03 -1.085627E+02 -2.706663E-03 -8.060038E-03
  2.006409E+00  2.600000E+02     6  4.811492E-08  1.442090E+01  4.659893E-08  1.198269E-08
  2.006409E+00  2.700000E+02     1  6.876799E-03  7.127429E+01  2.207714E-03  6.512784E-03
  2.006409E+00  2.700000E+02     2  1.518875E+00 -9.822317E+01 -2.172433E-01 -1.503258E+00
  2.006409E+00  2.700000E+02     3  9.053241E-01  3.207962E+01  7.670910E-01  4.808152E-01
  2.006409E+00  2.700000E+02     4  2.689053E-02  6.222396E+01  1.253143E-02  2.379210E-02
  2.006409E+00  2.700000E+02     5  4.535548E-03 -9.385317E+01 -3.047883E-04 -4.525296E-03
  2.006409E+00  2.700000E+02     6  2.686485E-08  2.909974E+01  2.347382E-08  1.306522E-08
  2.006409E+00  2.800000E+02     1  2.708440E-01  8.158029E+01  3.965786E-02  2.679249E-01
  2.006409E+00  2.800000E+02     2  1.496653E+00 -9.823428E+01 -2.143522E-01 -1.481224E+00
  2.006409E+00  2.800000E+02     3  9.063321E-01  3.205420E+01  7.681586E-01  4.810097E-01
  2.006409E+00  2.800000E+02     4  2.587352E-02  6.183732E+01  1.221169E-02  2.281038E-02
  2.006409E+00  2.800000E+02     5  2.250633E-03 -2.111310E+01  2.099551E-03 -8.107005E-04
  2.006409E+00  2.800000E+02     6  1.423276E-08  8.774017E+01  5.612147E-10  1.422169E-08
  2.006409E+00  2.900000E+02     1  5.265551E-01  8.171632E+01  7.586311E-02  5.210614E-01
  2.006409E+00  2.900000E+02     2  1.429116E+00 -9.825240E+01 -2.051269E-01 -1.414318E+00
  2.006409E+00  2.900000E+02     3  9.073834E-01  3.203269E+01  7.692304E-01  4.812789E-01
  2.006409E+00  2.900000E+02     4  2.386501E-02  6.139810E+01  1.142468E-02  2.095269E-02
  2.006409E+00  2.900000E+02     5  5.398395E-03  3.456949E+01  4.445247E-03  3.063078E-03
  2.006409E+00  2.900000E+02     6  1.866548E-08  1.242880E+02 -1.051525E-08  1.542173E-08
  2.006409E+00  3.000000E+02     1  7.660893E-01  8.176683E+01  1.097054E-01  7.581936E-01
  2.006409E+00  3.000000E+02     2  1.318306E+00 -9.827855E+01 -1.898173E-01 -1.304569E+00
  2.006409E+00  3.000000E+02     3  9.083364E-01  3.201962E+01  7.701481E-01  4.816087E-01
  2.006409E+00  3.000000E+02     4  2.096675E-02  6.084411E+01  1.021474E-02  1.831021E-02
  2.006409E+00  3.000000E+02     5  9.692694E-03  4.653352E+01  6.667896E-03  7.034734E-03
  2.006409E+00  3.000000E+02     6  1.705117E-08  1.026661E+02 -3.738780E-09  1.663622E-08
  2.006409E+00  3.100000E+02     1  9.821745E-01  8.179555E+01  1.401620E-01  9.721221E-01
  2.006409E+00  3.100000E+02     2  1.167548E+00 -9.831465E+01 -1.688382E-01 -1.155275E+00
  2.006409E+00  3.100000E+02     3  9.090595E-01  3.201906E+01  7.707659E-01  4.819846E-01
  2.006409E+00  3.100000E+02     4  1.734167E-02  6.009018E+01  8.647189E-03  1.503196E-02
  2.006409E+00  3.100000E+02     5  1.401390E-02  5.163553E+01  8.697889E-03  1.098800E-02
  2.006409E+00  3.100000E+02     6  2.562565E-08  4.410879E+01  1.839972E-08  1.783604E-08
  2.006409E+00  3.200000E+02     1  1.168295E+00  8.181472E+01  1.663356E-01  1.156394E+00
  2.006409E+00  3.200000E+02     2  9.813553E-01 -9.836521E+01 -1.427699E-01 -9.709145E-01
  2.006409E+00  3.200000E+02     3  9.094604E-01  3.203337E+01  7.709853E-01  4.823897E-01
  2.006409E+00  3.200000E+02     4  1.319092E-02  5.897499E+01  6.798761E-03  1.130386E-02
  2.006409E+00  3.200000E+02     5  1.808776E-02  5.465924E+01  1.046265E-02  1.475466E-02
  2.006409E+00  3.200000E+02     6  4.977252E-08  2.243080E+01  4.600678E-08  1.899157E-08
  2.006409E+00  3.300000E+02     1  1.318877E+00  8.182796E+01  1.874730E-01  1.305485E+00
  2.006409E+00  3.300000E+02     2  7.653149E-01 -9.844211E+01 -1.123560E-01 -7.570225E-01
  2.006409E+00  3.300000E+02     3  9.095065E-01  3.206243E+01  7.707796E-01  4.828052E-01
  2.006409E+00  3.300000E+02     4  8.724667E-03  5.703304E+01  4.747574E-03  7.319860E-03
  2.006409E+00  3.300000E+02     5  2.168631E-02  5.674345E+01  1.189253E-02  1.813461E-02
  2.006409E+00  3.300000E+02     6  6.933494E-08  1.682878E+01  6.636562E-08  2.007334E-08
  2.006409E+00  3.400000E+02     1  1.429432E+00  8.183662E+01  2.029739E-01  1.414948E+00
  2.006409E+00  3.400000E+02     2  5.259360E-01 -9.858320E+01 -7.849358E-02 -5.200456E-01
  2.006409E+00  3.400000E+02     3  9.092305E-01  3.210368E+01  7.701981E-01  4.832132E-01
  2.006409E+00  3.400000E+02     4  4.142152E-03  5.173836E+01  2.565042E-03  3.252381E-03
  2.006409E+00  3.400000E+02     5  2.459832E-02  5.829203E+01  1.292863E-02  2.092673E-02
  2.006409E+00  3.400000E+02     6  7.295948E-08  1.677173E+01  6.985593E-08  2.105315E-08
  2.006409E+00  3.500000E+02     1  1.496669E+00  8.184147E+01  2.123960E-01  1.481522E+00
  2.006409E+00  3.500000E+02     2  2.704751E-01 -9.897895E+01 -4.221345E-02 -2.671606E-01
  2.006409E+00  3.500000E+02     3  9.087181E-01  3.215279E+01  7.693498E-01  4.836006E-01
  2.006409E+00  3.500000E+02     4  8.299954E-04 -6.794782E+01  3.116225E-04 -7.692749E-04
  2.006409E+00  3.500000E+02     5  2.665170E-02  5.949134E+01  1.353023E-02  2.296184E-02
  2.006409E+00  3.500000E+02     6  5.870993E-08  2.190660E+01  5.447068E-08  2.190436E-08
  1.913036E+00  0.000000E+00     1  1.528809E+00  8.162558E+01  2.226578E-01  1.512508E+00
  1.913036E+00  0.000000E+00     2  7.205781E-03 -1.282850E+02 -4.464508E-03 -5.656098E-03
  1.913036E+00  0.000000E+00     3  8.132172E-01  3.652853E+01  6.534693E-01  4.840456E-01
  1.913036E+00  0.000000E+00     4  4.951032E-03 -1.119312E+02 -1.849177E-03 -4.592740E-03
  1.913036E+00  0.000000E+00     5  1.642335E-02  3.308345E+01  1.376074E-02  8.964847E-03
  1.913036E+00  0.000000E+00     6  3.237144E-08  4.385998E+01  2.334095E-08  2.243012E-08
  1.913036E+00  1.000000E+01     1  1.504674E+00  8.162403E+01  2.191831E-01  1.488625E+00
  1.913036E+00  1.000000E+01     2  2.596462E-01  8.234683E+01  3.457869E-02  2.573334E-01
  1.913036E+00  1.000000E+01     3  8.125213E-01  3.659497E+01  6.523488E-01  4.843881E-01
  1.913036E+00  1.000000E+01     4  6.868252E-03 -1.259889E+02 -4.035985E-03 -5.557312E-03
  1.913036E+00  1.000000E+01     5  1.638769E-02  3.496761E+01  1.342932E-02  9.392001E-03
  1.913036E+00  1.000000E+01     6  2.770206E-08  1.237931E+02 -1.540777E-08  2.302184E-08
  1.913036E+00  2.000000E+01     1  1.434932E+00  8.162048E+01  2.091117E-01  1.419613E+00
  1.913036E+00  2.000000E+01     2  5.175934E-01  8.195184E+01  7.246591E-02  5.124955E-01
  1.913036E+00  2.000000E+01     3  8.119331E-01  3.665430E+01  6.513750E-01  4.847122E-01
  1.913036E+00  2.000000E+01     4  8.915557E-03 -1.338094E+02 -6.171898E-03 -6.433882E-03
  1.913036E+00  2.000000E+01     5  1.575253E-02  3.649656E+01  1.266334E-02  9.369203E-03
  1.913036E+00  2.000000E+01     6  4.373135E-08  1.476310E+02 -3.693627E-08  2.341244E-08
  1.913036E+00  3.000000E+01     1  1.321622E+00  8.161753E+01  1.926665E-01  1.307503E+00
  1.913036E+00  3.000000E+01     2  7.597190E-01  8.182818E+01  1.079880E-01  7.520051E-01
  1.913036E+00  3.000000E+01     3  8.115244E-01  3.670407E+01  6.506261E-01  4.850336E-01
  1.913036E+00  3.000000E+01     4  1.098760E-02 -1.384168E+02 -8.218642E-03 -7.292548E-03
  1.913036E+00  3.000000E+01     5  1.462124E-02  3.794765E+01  1.152992E-02  8.991205E-03
  1.913036E+00  3.000000E+01     6  3.975608E-08  1.436535E+02 -3.202142E-08  2.356213E-08
  1.913036E+00  4.000000E+01     1  1.168101E+00  8.161904E+01  1.702558E-01  1.155627E+00
  1.913036E+00  4.000000E+01     2  9.786023E-01  8.177253E+01  1.400414E-01  9.685303E-01
  1.913036E+00  4.000000E+01     3  8.113341E-01  3.674288E+01  6.501449E-01  4.853604E-01
  1.913036E+00  4.000000E+01     4  1.299939E-02 -1.411247E+02 -1.012020E-02 -8.158784E-03
  1.913036E+00  4.000000E+01     5  1.313541E-02  3.965757E+01  1.011259E-02  8.382992E-03
  1.913036E+00  4.000000E+01     6  2.372333E-08  9.889493E+01 -3.668172E-09  2.343802E-08
  1.913036E+00  5.000000E+01     1  9.789622E-01  8.163126E+01  1.424813E-01  9.685381E-01
  1.913036E+00  5.000000E+01     2  1.167570E+00  8.174368E+01  1.676650E-01  1.155469E+00
  1.913036E+00  5.000000E+01     3  8.113784E-01  3.676917E+01  6.499576E-01  4.856852E-01
  1.913036E+00  5.000000E+01     4  1.484495E-02 -1.426730E+02 -1.180453E-02 -9.001423E-03
  1.913036E+00  5.000000E+01     5  1.144671E-02  4.206244E+01  8.498213E-03  7.668611E-03
  1.913036E+00  5.000000E+01     6  4.139967E-08  3.378800E+01  3.440731E-08  2.302325E-08
  1.913036E+00  6.000000E+01     1  7.599125E-01  8.166635E+01  1.101397E-01  7.518885E-01
  1.913036E+00  6.000000E+01     2  1.320897E+00  8.172704E+01  1.900629E-01  1.307152E+00
  1.913036E+00  6.000000E+01     3  8.116591E-01  3.678054E+01  6.500860E-01  4.859822E-01
  1.913036E+00  6.000000E+01     4  1.639691E-02 -1.435629E+02 -1.319146E-02 -9.738788E-03
  1.913036E+00  6.000000E+01     5  9.690531E-03  4.574078E+01  6.763077E-03  6.940258E-03
  1.913036E+00  6.000000E+01     6  6.800976E-08  1.916217E+01  6.424156E-08  2.232373E-08
  1.913036E+00  7.000000E+01     1  5.176130E-01  8.175665E+01  7.421416E-02  5.122650E-01
  1.913036E+00  7.000000E+01     2  1.433976E+00  8.171568E+01  2.066151E-01  1.419013E+00
  1.913036E+00  7.000000E+01     3  8.121663E-01  3.677413E+01  6.505467E-01  4.862130E-01
  1.913036E+00  7.000000E+01     4  1.752103E-02 -1.441614E+02 -1.420377E-02 -1.025862E-02
  1.913036E+00  7.000000E+01     5  7.968188E-03  5.148936E+01  4.961471E-03  6.235048E-03
  1.913036E+00  7.000000E+01     6  7.511748E-08  1.652760E+01  7.201384E-08  2.136920E-08
  1.913036E+00  8.000000E+01     1  2.594768E-01  8.205870E+01  3.584892E-02  2.569884E-01
  1.913036E+00  8.000000E+01     2  1.503442E+00  8.170576E+01  2.168815E-01  1.487716E+00
  1.913036E+00  8.000000E+01     3  8.128720E-01  3.674793E+01  6.513344E-01  4.863378E-01
  1.913036E+00  8.000000E+01     4  1.809677E-02 -1.447486E+02 -1.477831E-02 -1.044482E-02
  1.913036E+00  8.000000E+01     5  6.346748E-03  6.055282E+01  3.120194E-03  5.526808E-03
  1.913036E+00  8.000000E+01     6  5.811347E-08  2.034927E+01  5.448662E-08  2.020850E-08
  1.913036E+00  9.000000E+01     1  7.147910E-03 -1.211136E+02 -3.693584E-03 -6.119645E-03
  1.913036E+00  9.000000E+01     2  1.527257E+00  8.169501E+01  2.206007E-01  1.511241E+00
  1.913036E+00  9.000000E+01     3  8.137210E-01  3.670250E+01  6.524004E-01  4.863286E-01
  1.913036E+00  9.000000E+01     4  1.803881E-02 -1.455498E+02 -1.487513E-02 -1.020436E-02
  1.913036E+00  9.000000E+01     5  4.897253E-03  7.531535E+01  1.241448E-03  4.737287E-03
  1.913036E+00  9.000000E+01     6  2.787970E-08  4.268480E+01  2.049421E-08  1.890145E-08
  1.913036E+00  1.000000E+02     1  2.724221E-01 -9.910150E+01 -4.309279E-02 -2.689922E-01
  1.913036E+00  1.000000E+02     2  1.504760E+00  8.168207E+01  2.176875E-01  1.488931E+00
  1.913036E+00  1.000000E+02     3  8.146240E-01  3.664213E+01  6.536370E-01  4.861799E-01
  1.913036E+00  1.000000E+02     4  1.731549E-02 -1.467665E+02 -1.448343E-02 -9.489808E-03
  1.913036E+00  1.000000E+02     5  3.827344E-03  1.003234E+02 -6.858771E-04  3.765386E-03
  1.913036E+00  1.000000E+02     6  2.196496E-08  1.271329E+02 -1.325948E-08  1.751130E-08
  1.913036E+00  1.100000E+02     1  5.298184E-01 -9.879833E+01 -8.103941E-02 -5.235840E-01
  1.913036E+00  1.100000E+02     2  1.436665E+00  8.166632E+01  2.082272E-01  1.421495E+00
  1.913036E+00  1.100000E+02     3  8.154618E-01  3.657484E+01  6.548805E-01  4.859111E-01
  1.913036E+00  1.100000E+02     4  1.596074E-02 -1.486068E+02 -1.362429E-02 -8.314074E-03
  1.913036E+00  1.100000E+02     5  3.675517E-03  1.365795E+02 -2.669636E-03  2.526356E-03
  1.913036E+00  1.100000E+02     6  3.417375E-08  1.518931E+02 -3.014364E-08  1.609987E-08
  1.913036E+00  1.200000E+02     1  7.709574E-01 -9.867656E+01 -1.163038E-01 -7.621343E-01
  1.913036E+00  1.200000E+02     2  1.325035E+00  8.164779E+01  1.924716E-01  1.310981E+00
  1.913036E+00  1.200000E+02     3  8.161019E-01  3.651090E+01  6.559367E-01  4.855608E-01
  1.913036E+00  1.200000E+02     4  1.407578E-02 -1.513238E+02 -1.234932E-02 -6.754398E-03
  1.913036E+00  1.200000E+02     5  4.800757E-03  1.681187E+02 -4.697907E-03  9.884018E-04
  1.913036E+00  1.200000E+02     6  2.607136E-08  1.456104E+02 -2.151450E-08  1.472555E-08
  1.913036E+00  1.300000E+02     1  9.885228E-01 -9.859843E+01 -1.477922E-01 -9.774123E-01
  1.913036E+00  1.300000E+02     2  1.173213E+00  8.162719E+01  1.708357E-01  1.160709E+00
  1.913036E+00  1.300000E+02     3  8.164248E-01  3.646037E+01  6.566244E-01  4.851740E-01
  1.913036E+00  1.300000E+02     4  1.181821E-02 -1.552769E+02 -1.073495E-02 -4.942775E-03
  1.913036E+00  1.300000E+02     5  6.776133E-03 -1.731701E+02 -6.728048E-03 -8.058284E-04
  1.913036E+00  1.300000E+02     6  1.626402E-08  5.573869E+01  9.156122E-09  1.344186E-08
  1.913036E+00  1.400000E+02     1  1.175965E+00 -9.853768E+01 -1.745835E-01 -1.162933E+00
  1.913036E+00  1.400000E+02     2  9.857386E-01  8.160588E+01  1.438996E-01  9.751787E-01
  1.913036E+00  1.400000E+02     3  8.163534E-01  3.643034E+01  6.568212E-01  4.847874E-01
  1.913036E+00  1.400000E+02     4  9.379070E-03 -1.610728E+02 -8.871956E-03 -3.042263E-03
  1.913036E+00  1.400000E+02     5  9.106872E-03 -1.624879E+02 -8.684799E-03 -2.740326E-03
  1.913036E+00  1.400000E+02     6  4.941043E-08  1.440812E+01  4.785637E-08  1.229465E-08
  1.913036E+00  1.500000E+02     1  1.327678E+00 -9.848698E+01 -1.959450E-01 -1.313139E+00
  1.913036E+00  1.500000E+02     2  7.682231E-01  8.158593E+01  1.124110E-01  7.599543E-01
  1.913036E+00  1.500000E+02     3  8.158725E-01  3.642304E+01  6.564959E-01  4.844182E-01
  1.913036E+00  1.500000E+02     4  6.958227E-03 -1.699606E+02 -6.851684E-03 -1.212991E-03
  1.913036E+00  1.500000E+02     5  1.145355E-02 -1.560538E+02 -1.046770E-02 -4.648750E-03
  1.913036E+00  1.500000E+02     6  7.736971E-08  8.411752E+00  7.653740E-08  1.131810E-08
  1.913036E+00  1.600000E+02     1  1.439145E+00 -9.844419E+01 -2.113325E-01 -1.423544E+00
  1.913036E+00  1.600000E+02     2  5.272084E-01  8.157047E+01  7.728501E-02  5.215130E-01
  1.913036E+00  1.600000E+02     3  8.150324E-01  3.643550E+01  6.557148E-01  4.840619E-01
  1.913036E+00  1.600000E+02     4  4.770853E-03  1.749103E+02 -4.752041E-03  4.232464E-04
  1.913036E+00  1.600000E+02     5  1.354643E-02 -1.520399E+02 -1.196522E-02 -6.351327E-03
  1.913036E+00  1.600000E+02     6  8.219284E-08  7.361529E+00  8.151536E-08  1.053134E-08
  1.913036E+00  1.700000E+02     1  1.507047E+00 -9.840872E+01 -2.203809E-01 -1.490847E+00
  1.913036E+00  1.700000E+02     2  2.699874E-01  8.156745E+01  3.959233E-02  2.670686E-01
  1.913036E+00  1.700000E+02     3  8.139356E-01  3.646075E+01  6.546192E-01  4.836991E-01
  1.913036E+00  1.700000E+02     4  3.189773E-03  1.454660E+02 -2.627703E-03  1.808267E-03
  1.913036E+00  1.700000E+02     5  1.516769E-02 -1.495192E+02 -1.307150E-02 -7.693803E-03
  1.913036E+00  1.700000E+02     6  6.071276E-08  9.421486E+00  5.989380E-08  9.938432E-09
  1.913036E+00  1.800000E+02     1  1.529347E+00 -9.838035E+01 -2.228929E-01 -1.513017E+00
  1.913036E+00  1.800000E+02     2  4.392446E-03  8.307683E+01  5.294577E-04  4.360419E-03
  1.913036E+00  1.800000E+02     3  8.127106E-01  3.649026E+01  6.533851E-01  4.833077E-01
  1.913036E+00  1.800000E+02     4  2.996790E-03  9.976760E+01 -5.084120E-04  2.953348E-03
  1.913036E+00  1.800000E+02     5  1.616548E-02 -1.479527E+02 -1.370202E-02 -8.577722E-03
  1.913036E+00  1.800000E+02     6  2.306973E-08  2.440666E+01  2.100812E-08  9.532648E-09
  1.913036E+00  1.900000E+02     1  1.505344E+00 -9.835867E+01 -2.188310E-01 -1.489353E+00
  1.913036E+00  1.900000E+02     2  2.614561E-01 -9.849669E+01 -3.863071E-02 -2.585864E-01
  1.913036E+00  1.900000E+02     3  8.114857E-01  3.651647E+01  6.521795E-01  4.828777E-01
  1.913036E+00  1.900000E+02     4  4.234289E-03  6.789523E+01  1.593369E-03  3.923058E-03
  1.913036E+00  1.900000E+02     5  1.646663E-02 -1.469695E+02 -1.380530E-02 -8.975715E-03
  1.913036E+00  1.900000E+02     6  2.011911E-08  1.524558E+02 -1.783869E-08  9.303751E-09
  1.913036E+00  2.000000E+02     1  1.435702E+00 -9.834281E+01 -2.083140E-01 -1.420509E+00
  1.913036E+00  2.000000E+02     2  5.193982E-01 -9.848113E+01 -7.660277E-02 -5.137183E-01
  1.913036E+00  2.000000E+02     3  8.103696E-01  3.653453E+01  6.511306E-01  4.824189E-01
  1.913036E+00  2.000000E+02     4  6.043294E-03  5.263139E+01  3.667920E-03  4.802891E-03
  1.913036E+00  2.000000E+02     5  1.607773E-02 -1.462579E+02 -1.336937E-02 -8.930458E-03
  1.913036E+00  2.000000E+02     6  4.045997E-08  1.667918E+02 -3.938966E-08  9.244700E-09
  1.913036E+00  2.100000E+02     1  1.322450E+00 -9.833125E+01 -1.916176E-01 -1.308494E+00
  1.913036E+00  2.100000E+02     2  7.615216E-01 -9.846929E+01 -1.121564E-01 -7.532171E-01
  1.913036E+00  2.100000E+02     3  8.094451E-01  3.654268E+01  6.503191E-01  4.819609E-01
  1.913036E+00  2.100000E+02     4  8.029108E-03  4.484967E+01  5.692313E-03  5.662521E-03
  1.913036E+00  2.100000E+02     5  1.507421E-02 -1.454941E+02 -1.242217E-02 -8.539414E-03
  1.913036E+00  2.100000E+02     6  3.566936E-08  1.647961E+02 -3.442088E-08  9.354471E-09
  1.913036E+00  2.200000E+02     1  1.168936E+00 -9.832159E+01 -1.691790E-01 -1.156629E+00
  1.913036E+00  2.200000E+02     2  9.804137E-01 -9.845636E+01 -1.441757E-01 -9.697548E-01
  1.913036E+00  2.200000E+02     3  8.087715E-01  3.654135E+01  6.497892E-01  4.815447E-01
  1.913036E+00  2.200000E+02     4  1.003284E-02  4.058605E+01  7.619237E-03  6.527259E-03
  1.913036E+00  2.200000E+02     5  1.358095E-02 -1.442787E+02 -1.102592E-02 -7.929141E-03
  1.913036E+00  2.200000E+02     6  1.131909E-08  1.216497E+02 -5.939401E-09  9.635628E-09
  1.913036E+00  2.300000E+02     1  9.797541E-01 -9.830991E+01 -1.416013E-01 -9.694675E-01
  1.913036E+00  2.300000E+02     2  1.169402E+00 -9.844321E+01 -1.717023E-01 -1.156728E+00
  1.913036E+00  2.300000E+02     3  8.083928E-01  3.653168E+01  6.495661E-01  4.812097E-01
  1.913036E+00  2.300000E+02     4  1.192252E-02  3.815776E+01  9.374830E-03  7.366080E-03
  1.913036E+00  2.300000E+02     5  1.174937E-02 -1.420600E+02 -9.266204E-03 -7.223934E-03
  1.913036E+00  2.300000E+02     6  3.387113E-08  1.732825E+01  3.233386E-08  1.008837E-08
  1.913036E+00  2.400000E+02     1  7.606161E-01 -9.828910E+01 -1.096564E-01 -7.526701E-01
  1.913036E+00  2.400000E+02     2  1.322759E+00 -9.843174E+01 -1.939575E-01 -1.308462E+00
  1.913036E+00  2.400000E+02     3  8.083410E-01  3.651430E+01  6.496704E-01  4.809819E-01
  1.913036E+00  2.400000E+02     4  1.355168E-02  3.669434E+01  1.086621E-02  8.097754E-03
  1.913036E+00  2.400000E+02     5  9.737947E-03 -1.380085E+02 -7.237675E-03 -6.514881E-03
  1.913036E+00  2.400000E+02     6  6.333956E-08  9.730045E+00  6.242842E-08  1.070478E-08
  1.913036E+00  2.500000E+02     1  5.181931E-01 -9.824138E+01 -7.427974E-02 -5.128417E-01
  1.913036E+00  2.500000E+02     2  1.435873E+00 -9.842389E+01 -2.103490E-01 -1.420382E+00
  1.913036E+00  2.500000E+02     3  8.086330E-01  3.648909E+01  6.501167E-01  4.808695E-01
  1.913036E+00  2.500000E+02     4  1.476651E-02  3.567069E+01  1.199605E-02  8.610735E-03
  1.913036E+00  2.500000E+02     5  7.705060E-03 -1.307536E+02 -5.029922E-03 -5.836765E-03
  1.913036E+00  2.500000E+02     6  7.144100E-08  9.236320E+00  7.051474E-08  1.146677E-08
  1.913036E+00  2.600000E+02     1  2.599099E-01 -9.808425E+01 -3.655089E-02 -2.573270E-01
  1.913036E+00  2.600000E+02     2  1.505371E+00 -9.842143E+01 -2.204661E-01 -1.489140E+00
  1.913036E+00  2.600000E+02     3  8.092593E-01  3.645592E+01  6.508988E-01  4.808652E-01
  1.913036E+00  2.600000E+02     4  1.542838E-02  3.473037E+01  1.267969E-02  8.789783E-03
  1.913036E+00  2.600000E+02     5  5.832031E-03 -1.177738E+02 -2.717623E-03 -5.160147E-03
  1.913036E+00  2.600000E+02     6  5.475590E-08  1.303359E+01  5.334528E-08  1.234867E-08
  1.913036E+00  2.700000E+02     1  6.463307E-03  6.875310E+01  2.342222E-03  6.023980E-03
  1.913036E+00  2.700000E+02     2  1.529214E+00 -9.842570E+01 -2.240709E-01 -1.512709E+00
  1.913036E+00  2.700000E+02     3  8.101717E-01  3.641604E+01  6.519675E-01  4.809537E-01
  1.913036E+00  2.700000E+02     4  1.543907E-02  3.359525E+01  1.286023E-02  8.542783E-03
  1.913036E+00  2.700000E+02     5  4.417502E-03 -9.465029E+01 -3.581438E-04 -4.402960E-03
  1.913036E+00  2.700000E+02     6  2.381798E-08  3.401069E+01  1.974351E-08  1.332253E-08
  1.913036E+00  2.800000E+02     1  2.722445E-01  8.130520E+01  4.115551E-02  2.691157E-01
  1.913036E+00  2.800000E+02     2  1.506736E+00 -9.843771E+01 -2.210895E-01 -1.490427E+00
  1.913036E+00  2.800000E+02     3  8.112754E-01  3.637318E+01  6.532158E-01  4.811205E-01
  1.913036E+00  2.800000E+02     4  1.476178E-02  3.200257E+01  1.251835E-02  7.823113E-03
  1.913036E+00  2.800000E+02     5  3.998108E-03 -5.993536E+01  2.002959E-03 -3.460206E-03
  1.913036E+00  2.800000E+02     6  1.977860E-08  1.334333E+02 -1.359798E-08  1.436273E-08
  1.913036E+00  2.900000E+02     1  5.297476E-01  8.146190E+01  7.865003E-02  5.238766E-01
  1.913036E+00  2.900000E+02     2  1.438650E+00 -9.845818E+01 -2.116073E-01 -1.423002E+00
  1.913036E+00  2.900000E+02     3  8.124342E-01  3.633363E+01  6.544813E-01  4.813559E-01
  1.913036E+00  2.900000E+02     4  1.343342E-02  2.964404E+01  1.167519E-02  6.644303E-03
  1.913036E+00  2.900000E+02     5  4.869171E-03 -2.743752E+01  4.321457E-03 -2.243622E-03
  1.913036E+00  2.900000E+02     6  3.379690E-08  1.528021E+02 -3.006007E-08  1.544740E-08
  1.913036E+00  3.000000E+02     1  7.709482E-01  8.152264E+01  1.136521E-01  7.625250E-01
  1.913036E+00  3.000000E+02     2  1.327019E+00 -9.848785E+01 -1.958676E-01 -1.312485E+00
  1.913036E+00  3.000000E+02     3  8.134897E-01  3.630509E+01  6.555716E-01  4.816548E-01
  1.913036E+00  3.000000E+02     4  1.156556E-02  2.607674E+01  1.038826E-02  5.083929E-03
  1.913036E+00  3.000000E+02     5  6.583405E-03 -6.267469E+00  6.544057E-03 -7.187099E-04
  1.913036E+00  3.000000E+02     6  2.675039E-08  1.417616E+02 -2.101090E-08  1.655675E-08
  1.913036E+00  3.100000E+02     1  9.885251E-01  8.155928E+01  1.451018E-01  9.778177E-01
  1.913036E+00  3.100000E+02     2  1.175190E+00 -9.852817E+01 -1.742756E-01 -1.162197E+00
  1.913036E+00  3.100000E+02     3  8.142931E-01  3.629465E+01  6.563069E-01  4.820109E-01
  1.913036E+00  3.100000E+02     4  9.334358E-03  2.053318E+01  8.741339E-03  3.274023E-03
  1.913036E+00  3.100000E+02     5  8.669723E-03  7.112425E+00  8.603011E-03  1.073456E-03
  1.913036E+00  3.100000E+02     6  2.033602E-08  6.033222E+01  1.006572E-08  1.767017E-08
  1.913036E+00  3.200000E+02     1  1.175927E+00  8.158514E+01  1.720846E-01  1.163267E+00
  1.913036E+00  3.200000E+02     2  9.877026E-01 -9.858285E+01 -1.474041E-01 -9.766414E-01
  1.913036E+00  3.200000E+02     3  8.147388E-01  3.630663E+01  6.565652E-01  4.824121E-01
  1.913036E+00  3.200000E+02     4  6.967890E-03  1.140122E+01  6.830392E-03  1.377400E-03
  1.913036E+00  3.200000E+02     5  1.084625E-02  1.615110E+01  1.041816E-02  3.017116E-03
  1.913036E+00  3.200000E+02     6  5.260647E-08  2.089756E+01  4.914600E-08  1.876464E-08
  1.913036E+00  3.300000E+02     1  1.327553E+00  8.160381E+01  1.938456E-01  1.313325E+00
  1.913036E+00  3.300000E+02     2  7.701693E-01 -9.866255E+01 -1.159988E-01 -7.613837E-01
  1.913036E+00  3.300000E+02     3  8.147893E-01  3.634123E+01  6.563145E-01  4.828384E-01
  1.913036E+00  3.300000E+02     4  4.769488E-03 -5.369184E+00  4.748562E-03 -4.462946E-04
  1.913036E+00  3.300000E+02     5  1.289172E-02  2.255475E+01  1.190567E-02  4.944827E-03
  1.913036E+00  3.300000E+02     6  8.064188E-08  1.422408E+01  7.816957E-08  1.981490E-08
  1.913036E+00  3.400000E+02     1  1.438898E+00  8.161638E+01  2.097915E-01  1.423522E+00
  1.913036E+00  3.400000E+02     2  5.291345E-01 -9.880271E+01 -8.097482E-02 -5.229019E-01
  1.913036E+00  3.400000E+02     3  8.144819E-01  3.639447E+01  6.556180E-01  4.832656E-01
  1.913036E+00  3.400000E+02     4  3.306630E-03 -3.888835E+01  2.573784E-03 -2.075918E-03
  1.913036E+00  3.400000E+02     5  1.460462E-02  2.719448E+01  1.299023E-02  6.674490E-03
  1.913036E+00  3.400000E+02     6  8.599385E-08  1.399366E+01  8.344177E-08  2.079456E-08
  1.913036E+00  3.500000E+02     1  1.506656E+00  8.162341E+01  2.194879E-01  1.490583E+00
  1.913036E+00  3.500000E+02     2  2.718979E-01 -9.918495E+01 -4.340088E-02 -2.684117E-01
  1.913036E+00  3.500000E+02     3  8.139144E-01  3.645948E+01  6.546129E-01  4.836720E-01
  1.913036E+00  3.500000E+02     4  3.473007E-03 -8.401004E+01  3.624231E-04 -3.454045E-03
  1.913036E+00  3.500000E+02     5  1.581784E-02  3.058591E+01  1.361706E-02  8.048586E-03
  1.913036E+00  3.500000E+02     6  6.573328E-08  1.925425E+01  6.205646E-08  2.167625E-08
  1.831593E+00  0.000000E+00     1  1.517636E+00  8.193167E+01  2.130061E-01  1.502613E+00
  1.831593E+00  0.000000E+00     2  6.671261E-03 -1.285196E+02 -4.154742E-03 -5.219564E-03
  1.831593E+00  0.000000E+00     3  7.288388E-01  4.092389E+01  5.506963E-01  4.774301E-01
  1.831593E+00  0.000000E+00     4  4.772657E-03 -1.108486E+02 -1.698588E-03 -4.460163E-03
  1.831593E+00  0.000000E+00     5  1.470847E-02 -2.264859E+01  1.357421E-02 -5.663909E-03
  1.831593E+00  0.000000E+00     6  2.987220E-08  4.752536E+01  2.017162E-08  2.203303E-08
  1.831593E+00  1.000000E+01     1  1.493779E+00  8.192804E+01  2.097515E-01  1.478979E+00
  1.831593E+00  1.000000E+01     2  2.582304E-01  8.257539E+01  3.336891E-02  2.560653E-01
  1.831593E+00  1.000000E+01     3  7.281116E-01  4.101038E+01  5.494263E-01  4.777837E-01
  1.831593E+00  1.000000E+01     4  4.645414E-03 -1.436981E+02 -3.743779E-03 -2.750272E-03
  1.831593E+00  1.000000E+01     5  1.414328E-02 -2.108062E+01  1.319675E-02 -5.087073E-03
  1.831593E+00  1.000000E+01     6  3.959405E-08  1.450009E+02 -3.243391E-08  2.270970E-08
  1.831593E+00  2.000000E+01     1  1.424650E+00  8.192043E+01  2.002320E-01  1.410509E+00
  1.831593E+00  2.000000E+01     2  5.143270E-01  8.220521E+01  6.975581E-02  5.095747E-01
  1.831593E+00  2.000000E+01     3  7.275035E-01  4.108596E+01  5.483372E-01  4.781085E-01
  1.831593E+00  2.000000E+01     4  5.859789E-03 -1.696793E+02 -5.764981E-03 -1.049824E-03
  1.831593E+00  2.000000E+01     5  1.317215E-02 -2.022412E+01  1.236005E-02 -4.553523E-03
  1.831593E+00  2.000000E+01     6  6.562703E-08  1.593042E+02 -6.139212E-08  2.319297E-08
  1.831593E+00  3.000000E+01     1  1.312267E+00  8.191183E+01  1.846318E-01  1.299213E+00
  1.831593E+00  3.000000E+01     2  7.547052E-01  8.209312E+01  1.038199E-01  7.475302E-01
  1.831593E+00  3.000000E+01     3  7.270898E-01  4.114789E+01  5.475086E-01  4.784286E-01
  1.831593E+00  3.000000E+01     4  7.756799E-03  1.765057E+02 -7.742378E-03  4.727758E-04
  1.831593E+00  3.000000E+01     5  1.183390E-02 -1.959223E+01  1.114875E-02 -3.968186E-03
  1.831593E+00  3.000000E+01     6  5.895936E-08  1.565873E+02 -5.410504E-08  2.342756E-08
  1.831593E+00  4.000000E+01     1  1.159952E+00  8.190666E+01  1.633052E-01  1.148399E+00
  1.831593E+00  4.000000E+01     2  9.719916E-01  8.204649E+01  1.344940E-01  9.626416E-01
  1.831593E+00  4.000000E+01     3  7.269091E-01  4.119512E+01  5.469780E-01  4.787608E-01
  1.831593E+00  4.000000E+01     4  9.776246E-03  1.699252E+02 -9.625498E-03  1.710198E-03
  1.831593E+00  4.000000E+01     5  1.018949E-02 -1.838849E+01  9.669211E-03 -3.214362E-03
  1.831593E+00  4.000000E+01     6  2.764770E-08  1.223087E+02 -1.477715E-08  2.336731E-08
  1.831593E+00  5.000000E+01     1  9.722616E-01  8.191192E+01  1.367926E-01  9.625904E-01
  1.831593E+00  5.000000E+01     2  1.159556E+00  8.202554E+01  1.608671E-01  1.148343E+00
  1.831593E+00  5.000000E+01     3  7.269744E-01  4.122621E+01  5.467673E-01  4.791006E-01
  1.831593E+00  5.000000E+01     4  1.163643E-02  1.669267E+02 -1.133484E-02  2.632124E-03
  1.831593E+00  5.000000E+01     5  8.324341E-03 -1.524573E+01  8.031382E-03 -2.188963E-03
  1.831593E+00  5.000000E+01     6  4.415490E-08  3.137318E+01  3.769921E-08  2.298749E-08
  1.831593E+00  6.000000E+01     1  7.548601E-01  8.194061E+01  1.058310E-01  7.474046E-01
  1.831593E+00  6.000000E+01     2  1.311712E+00  8.201565E+01  1.822004E-01  1.298997E+00
  1.831593E+00  6.000000E+01     3  7.272830E-01  4.123806E+01  5.469002E-01  4.794170E-01
  1.831593E+00  6.000000E+01     4  1.318745E-02  1.656042E+02 -1.277338E-02  3.278654E-03
  1.831593E+00  6.000000E+01     5  6.383954E-03 -7.540874E+00  6.328742E-03 -8.377882E-04
  1.831593E+00  6.000000E+01     6  8.172867E-08  1.582913E+01  7.862948E-08  2.229308E-08
  1.831593E+00  7.000000E+01     1  5.143603E-01  8.202605E+01  7.135357E-02  5.093871E-01
  1.831593E+00  7.000000E+01     2  1.423888E+00  8.200957E+01  1.979313E-01  1.410064E+00
  1.831593E+00  7.000000E+01     3  7.278199E-01  4.122642E+01  5.474015E-01  4.796598E-01
  1.831593E+00  7.000000E+01     4  1.433874E-02  1.648916E+02 -1.384311E-02  3.737340E-03
  1.831593E+00  7.000000E+01     5  4.692947E-03  1.003502E+01  4.621152E-03  8.177466E-04
  1.831593E+00  7.000000E+01     6  9.154483E-08  1.346685E+01  8.902779E-08  2.131920E-08
  1.831593E+00  8.000000E+01     1  2.581242E-01  8.232569E+01  3.447039E-02  2.558122E-01
  1.831593E+00  8.000000E+01     2  1.492746E+00  8.200316E+01  2.076686E-01  1.478230E+00
  1.831593E+00  8.000000E+01     3  7.285538E-01  4.118795E+01  5.482757E-01  4.797754E-01
  1.831593E+00  8.000000E+01     4  1.503503E-02  1.641241E+02 -1.446154E-02  4.112895E-03
  1.831593E+00  8.000000E+01     5  3.962276E-03  4.239753E+01  2.926079E-03  2.671646E-03
  1.831593E+00  8.000000E+01     6  6.753465E-08  1.733616E+01  6.446675E-08  2.012379E-08
  1.831593E+00  9.000000E+01     1  6.601597E-03 -1.227923E+02 -3.575390E-03 -5.549565E-03
  1.831593E+00  9.000000E+01     2  1.516273E+00  8.199383E+01  2.111861E-01  1.501494E+00
  1.831593E+00  9.000000E+01     3  7.294271E-01  4.112295E+01  5.494775E-01  4.797274E-01
  1.831593E+00  9.000000E+01     4  1.525291E-02  1.628519E+02 -1.457486E-02  4.497197E-03
  1.831593E+00  9.000000E+01     5  4.709596E-03  7.495579E+01  1.222443E-03  4.548178E-03
  1.831593E+00  9.000000E+01     6  2.542640E-08  4.760079E+01  1.714482E-08  1.877650E-08
  1.831593E+00  1.000000E+02     1  2.698913E-01 -9.883951E+01 -4.147346E-02 -2.666858E-01
  1.831593E+00  1.000000E+02     2  1.493823E+00  8.198006E+01  2.084148E-01  1.479213E+00
  1.831593E+00  1.000000E+02     3  7.303497E-01  4.103736E+01  5.508894E-01  4.795119E-01
  1.831593E+00  1.000000E+02     4  1.500461E-02  1.607608E+02 -1.416662E-02  4.944208E-03
  1.831593E+00  1.000000E+02     5  6.262118E-03  9.487839E+01 -5.325373E-04  6.239433E-03
  1.831593E+00  1.000000E+02     6  3.455550E-08  1.498629E+02 -2.988452E-08  1.734928E-08
  1.831593E+00  1.100000E+02     1  5.254178E-01 -9.852915E+01 -7.792607E-02 -5.196070E-01
  1.831593E+00  1.100000E+02     2  1.426118E+00  8.196112E+01  1.994354E-01  1.412104E+00
  1.831593E+00  1.100000E+02     3  7.312018E-01  4.094292E+01  5.523227E-01  4.791616E-01
  1.831593E+00  1.100000E+02     4  1.433888E-02  1.576494E+02 -1.326166E-02  5.452699E-03
  1.831593E+00  1.100000E+02     5  7.921262E-03  1.074708E+02 -2.378122E-03  7.555854E-03
  1.831593E+00  1.100000E+02     6  5.597047E-08  1.634838E+02 -5.366109E-08  1.591169E-08
  1.831593E+00  1.200000E+02     1  7.648126E-01 -9.840003E+01 -1.117265E-01 -7.566079E-01
  1.831593E+00  1.200000E+02     2  1.315214E+00  8.193708E+01  1.844726E-01  1.302213E+00
  1.831593E+00  1.200000E+02     3  7.318497E-01  4.085494E+01  5.535478E-01  4.787367E-01
  1.831593E+00  1.200000E+02     4  1.333111E-02  1.534433E+02 -1.192457E-02  5.960112E-03
  1.831593E+00  1.200000E+02     5  9.424812E-03  1.173145E+02 -4.324810E-03  8.373953E-03
  1.831593E+00  1.200000E+02     6  4.465863E-08  1.610131E+02 -4.222888E-08  1.452980E-08
  1.831593E+00  1.300000E+02     1  9.808179E-01 -9.831382E+01 -1.418212E-01 -9.705105E-01
  1.831593E+00  1.300000E+02     2  1.164437E+00  8.190876E+01  1.638944E-01  1.152845E+00
  1.831593E+00  1.300000E+02     3  7.321725E-01  4.078846E+01  5.543473E-01  4.783049E-01
  1.831593E+00  1.300000E+02     4  1.205992E-02  1.482201E+02 -1.025187E-02  6.351446E-03
  1.831593E+00  1.300000E+02     5  1.073558E-02  1.261815E+02 -6.337704E-03  8.665235E-03
  1.831593E+00  1.300000E+02     6  1.326887E-08  9.134269E+01 -3.109201E-10  1.326523E-08
  1.831593E+00  1.400000E+02     1  1.166939E+00 -9.824497E+01 -1.673456E-01 -1.154877E+00
  1.831593E+00  1.400000E+02     2  9.782890E-01  8.187766E+01  1.382197E-01  9.684754E-01
  1.831593E+00  1.400000E+02     3  7.320914E-01  4.075395E+01  5.545739E-01  4.779181E-01
  1.831593E+00  1.400000E+02     4  1.057831E-02  1.421889E+02 -8.357247E-03  6.485138E-03
  1.831593E+00  1.400000E+02     5  1.190155E-02  1.344447E+02 -8.333704E-03  8.496835E-03
  1.831593E+00  1.400000E+02     6  5.425401E-08  1.296377E+01  5.287119E-08  1.217107E-08
  1.831593E+00  1.500000E+02     1  1.317617E+00 -9.818696E+01 -1.876335E-01 -1.304189E+00
  1.831593E+00  1.500000E+02     2  7.623352E-01  8.184561E+01  1.081304E-01  7.546275E-01
  1.831593E+00  1.500000E+02     3  7.315912E-01  4.075444E+01  5.541909E-01  4.775962E-01
  1.831593E+00  1.500000E+02     4  8.898529E-03  1.355433E+02 -6.351597E-03  6.232258E-03
  1.831593E+00  1.500000E+02     5  1.296010E-02  1.418554E+02 -1.019254E-02  8.004781E-03
  1.831593E+00  1.500000E+02     6  9.321350E-08  6.953594E+00  9.252787E-08  1.128493E-08
  1.831593E+00  1.600000E+02     1  1.428373E+00 -9.813832E+01 -2.022054E-01 -1.413989E+00
  1.831593E+00  1.600000E+02     2  5.230612E-01  8.181346E+01  7.448202E-02  5.177311E-01
  1.831593E+00  1.600000E+02     3  7.307234E-01  4.078484E+01  5.532803E-01  4.773234E-01
  1.831593E+00  1.600000E+02     4  7.009696E-03  1.280711E+02 -4.322454E-03  5.518354E-03
  1.831593E+00  1.600000E+02     5  1.388272E-02  1.480307E+02 -1.177716E-02  7.350400E-03
  1.831593E+00  1.600000E+02     6  1.003899E-07  6.074074E+00  9.982635E-08  1.062267E-08
  1.831593E+00  1.700000E+02     1  1.495910E+00 -9.809897E+01 -2.107491E-01 -1.480990E+00
  1.831593E+00  1.700000E+02     2  2.676996E-01  8.177433E+01  3.830040E-02  2.649455E-01
  1.831593E+00  1.700000E+02     3  7.295927E-01  4.083409E+01  5.520143E-01  4.770594E-01
  1.831593E+00  1.700000E+02     4  4.932705E-03  1.180514E+02 -2.319674E-03  4.353239E-03
  1.831593E+00  1.700000E+02     5  1.457548E-02  1.527448E+02 -1.295725E-02  6.674904E-03
  1.831593E+00  1.700000E+02     6  7.144796E-08  8.189159E+00  7.071942E-08  1.017717E-08
  1.831593E+00  1.800000E+02     1  1.518196E+00 -9.806892E+01 -2.131005E-01 -1.503166E+00
  1.831593E+00  1.800000E+02     2  4.024237E-03  7.919159E+01  7.546472E-04  3.952846E-03
  1.831593E+00  1.800000E+02     3  7.283296E-01  4.088885E+01  5.506033E-01  4.767600E-01
  1.831593E+00  1.800000E+02     4  2.858386E-03  9.710396E+01 -3.534968E-04  2.836444E-03
  1.831593E+00  1.800000E+02     5  1.491882E-02  1.560117E+02 -1.363026E-02  6.065241E-03
  1.831593E+00  1.800000E+02     6  2.052143E-08  2.892116E+01  1.796212E-08  9.924280E-09
  1.831593E+00  1.900000E+02     1  1.494522E+00 -9.804778E+01 -2.092315E-01 -1.479804E+00
  1.831593E+00  1.900000E+02     2  2.599108E-01 -9.816124E+01 -3.689678E-02 -2.572785E-01
  1.831593E+00  1.900000E+02     3  7.270639E-01  4.093756E+01  5.492416E-01  4.763986E-01
  1.831593E+00  1.900000E+02     4  1.955790E-03  3.546579E+01  1.592917E-03  1.134782E-03
  1.831593E+00  1.900000E+02     5  1.481094E-02  1.580422E+02 -1.373654E-02  5.538161E-03
  1.831593E+00  1.900000E+02     6  3.609409E-08  1.641892E+02 -3.472854E-08  9.834236E-09
  1.831593E+00  2.000000E+02     1  1.425534E+00 -9.803451E+01 -1.992462E-01 -1.411541E+00
  1.831593E+00  2.000000E+02     2  5.159935E-01 -9.817577E+01 -7.337963E-02 -5.107491E-01
  1.831593E+00  2.000000E+02     3  7.259059E-01  4.097310E+01  5.480717E-01  4.759799E-01
  1.831593E+00  2.000000E+02     4  3.584451E-03 -8.996237E+00  3.540357E-03 -5.604991E-04
  1.831593E+00  2.000000E+02     5  1.419316E-02  1.591873E+02 -1.326701E-02  5.043032E-03
  1.831593E+00  2.000000E+02     6  6.446177E-08  1.711807E+02 -6.369963E-08  9.883144E-09
  1.831593E+00  2.100000E+02     1  1.313230E+00 -9.802721E+01 -1.833838E-01 -1.300363E+00
  1.831593E+00  2.100000E+02     2  7.563658E-01 -9.816959E+01 -1.074823E-01 -7.486901E-01
  1.831593E+00  2.100000E+02     3  7.249403E-01  4.099320E+01  5.471759E-01  4.755387E-01
  1.831593E+00  2.100000E+02     4  5.870006E-03 -2.077128E+01  5.488477E-03 -2.081729E-03
  1.831593E+00  2.100000E+02     5  1.305556E-02  1.599305E+02 -1.226279E-02  4.480146E-03
  1.831593E+00  2.100000E+02     6  5.724352E-08  1.698790E+02 -5.635275E-08  1.005927E-08
  1.831593E+00  2.200000E+02     1  1.160926E+00 -9.802287E+01 -1.620285E-01 -1.149563E+00
  1.831593E+00  2.200000E+02     2  9.736632E-01 -9.815542E+01 -1.381226E-01 -9.638164E-01
  1.831593E+00  2.200000E+02     3  7.242297E-01  4.099886E+01  5.465926E-01  4.751265E-01
  1.831593E+00  2.200000E+02     4  8.109876E-03 -2.418016E+01  7.398331E-03 -3.321863E-03
  1.831593E+00  2.200000E+02     5  1.143239E-02  1.609571E+02 -1.080675E-02  3.730108E-03
  1.831593E+00  2.200000E+02     6  1.981905E-08  1.484797E+02 -1.689485E-08  1.036141E-08
  1.831593E+00  2.300000E+02     1  9.731763E-01 -9.801676E+01 -1.357219E-01 -9.636657E-01
  1.831593E+00  2.300000E+02     2  1.161256E+00 -9.813832E+01 -1.643913E-01 -1.149561E+00
  1.831593E+00  2.300000E+02     3  7.238219E-01  4.099185E+01  5.463428E-01  4.747922E-01
  1.831593E+00  2.300000E+02     4  1.012422E-02 -2.482311E+01  9.188824E-03 -4.250332E-03
  1.831593E+00  2.300000E+02     5  9.400579E-03  1.633762E+02 -9.007668E-03  2.689386E-03
  1.831593E+00  2.300000E+02     6  3.736859E-08  1.678492E+01  3.577652E-08  1.079130E-08
  1.831593E+00  2.400000E+02     1  7.556531E-01 -9.800060E+01 -1.051744E-01 -7.482980E-01
  1.831593E+00  2.400000E+02     2  1.313454E+00 -9.812213E+01 -1.855696E-01 -1.300279E+00
  1.831593E+00  2.400000E+02     3  7.237530E-01  4.097278E+01  5.464489E-01  4.745651E-01
  1.831593E+00  2.400000E+02     4  1.181463E-02 -2.453729E+01  1.074766E-02 -4.906442E-03
  1.831593E+00  2.400000E+02     5  7.100714E-03  1.694045E+02 -6.979645E-03  1.305638E-03
  1.831593E+00  2.400000E+02     6  7.779114E-08  8.386007E+00  7.695940E-08  1.134517E-08
  1.831593E+00  2.500000E+02     1  5.149832E-01 -9.795482E+01 -7.126965E-02 -5.100278E-01
  1.831593E+00  2.500000E+02     2  1.425677E+00 -9.811002E+01 -2.011266E-01 -1.411419E+00
  1.831593E+00  2.500000E+02     3  7.240431E-01  4.094068E+01  5.469338E-01  4.744490E-01
  1.831593E+00  2.500000E+02     4  1.310593E-02 -2.421958E+01  1.195234E-02 -5.376508E-03
  1.831593E+00  2.500000E+02     5  4.837951E-03 -1.753074E+02 -4.821734E-03 -3.957893E-04
  1.831593E+00  2.500000E+02     6  8.847790E-08  7.801297E+00  8.765901E-08  1.200981E-08
  1.831593E+00  2.600000E+02     1  2.585461E-01 -9.779141E+01 -3.505031E-02 -2.561592E-01
  1.831593E+00  2.600000E+02     2  1.494581E+00 -9.810452E+01 -2.107050E-01 -1.479654E+00
  1.831593E+00  2.600000E+02     3  7.246849E-01  4.089448E+01  5.478013E-01  4.744280E-01
  1.831593E+00  2.600000E+02     4  1.394156E-02 -2.441998E+01  1.269434E-02 -5.763748E-03
  1.831593E+00  2.600000E+02     5  3.476737E-03 -1.385084E+02 -2.604259E-03 -2.303375E-03
  1.831593E+00  2.600000E+02     6  6.470973E-08  1.137705E+01  6.343820E-08  1.276494E-08
  1.831593E+00  2.700000E+02     1  5.970831E-03  6.716134E+01  2.317503E-03  5.502727E-03
  1.831593E+00  2.700000E+02     2  1.518145E+00 -9.810747E+01 -2.141043E-01 -1.502971E+00
  1.831593E+00  2.700000E+02     3  7.256300E-01  4.083534E+01  5.490057E-01  4.744803E-01
  1.831593E+00  2.700000E+02     4  1.429463E-02 -2.552013E+01  1.289996E-02 -6.158528E-03
  1.831593E+00  2.700000E+02     5  4.250791E-03 -9.495161E+01 -3.669042E-04 -4.234927E-03
  1.831593E+00  2.700000E+02     6  2.136444E-08  3.950042E+01  1.648523E-08  1.358958E-08
  1.831593E+00  2.800000E+02     1  2.698322E-01  8.156030E+01  3.960286E-02  2.669102E-01
  1.831593E+00  2.800000E+02     2  1.495719E+00 -9.812006E+01 -2.112670E-01 -1.480723E+00
  1.831593E+00  2.800000E+02     3  7.267810E-01  4.076852E+01  5.504305E-01  4.745913E-01
  1.831593E+00  2.800000E+02     4  1.418037E-02 -2.779988E+01  1.254370E-02 -6.613508E-03
  1.831593E+00  2.800000E+02     5  6.261832E-03 -7.261898E+01  1.870563E-03 -5.975912E-03
  1.831593E+00  2.800000E+02     6  3.344764E-08  1.543707E+02 -3.015679E-08  1.446765E-08
  1.831593E+00  2.900000E+02     1  5.255049E-01  8.173068E+01  7.558145E-02  5.200412E-01
  1.831593E+00  2.900000E+02     2  1.428025E+00 -9.814299E+01 -2.022711E-01 -1.413627E+00
  1.831593E+00  2.900000E+02     3  7.279961E-01  4.070369E+01  5.518883E-01  4.747606E-01
  1.831593E+00  2.900000E+02     4  1.365876E-02 -3.145013E+01  1.165222E-02 -7.126545E-03
  1.831593E+00  2.900000E+02     5  8.394329E-03 -6.084460E+01  4.089549E-03 -7.330781E-03
  1.831593E+00  2.900000E+02     6  5.570606E-08  1.639629E+02 -5.353815E-08  1.538934E-08
  1.831593E+00  3.000000E+02     1  7.649852E-01  8.180026E+01  1.091055E-01  7.571646E-01
  1.831593E+00  3.000000E+02     2  1.317120E+00 -9.817671E+01 -1.873295E-01 -1.303730E+00
  1.831593E+00  3.000000E+02     3  7.291085E-01  4.065308E+01  5.531513E-01  4.749977E-01
  1.831593E+00  3.000000E+02     4  1.282006E-02 -3.654989E+01  1.029885E-02 -7.634637E-03
  1.831593E+00  3.000000E+02     5  1.029009E-02 -5.257065E+01  6.254141E-03 -8.171400E-03
  1.831593E+00  3.000000E+02     6  4.480269E-08  1.585993E+02 -4.171360E-08  1.634798E-08
  1.831593E+00  3.100000E+02     1  9.810066E-01  8.184496E+01  1.391579E-01  9.710865E-01
  1.831593E+00  3.100000E+02     2  1.166331E+00 -9.822208E+01 -1.667975E-01 -1.154343E+00
  1.831593E+00  3.100000E+02     3  7.299592E-01  4.062818E+01  5.540034E-01  4.753111E-01
  1.831593E+00  3.100000E+02     4  1.175382E-02 -4.304492E+01  8.589911E-03 -8.022821E-03
  1.831593E+00  3.100000E+02     5  1.185693E-02 -4.556611E+01  8.300870E-03 -8.466544E-03
  1.831593E+00  3.100000E+02     6  1.734496E-08  8.807398E+01  5.829477E-10  1.733516E-08
  1.831593E+00  3.200000E+02     1  1.167072E+00  8.187819E+01  1.648817E-01  1.155366E+00
  1.831593E+00  3.200000E+02     2  9.801647E-01 -9.828189E+01 -1.411862E-01 -9.699430E-01
  1.831593E+00  3.200000E+02     3  7.304341E-01  4.063615E+01  5.542976E-01  4.756975E-01
  1.831593E+00  3.200000E+02     4  1.051571E-02 -5.080777E+01  6.645131E-03 -8.149990E-03
  1.831593E+00  3.200000E+02     5  1.309345E-02 -3.924194E+01  1.014064E-02 -8.282871E-03
  1.831593E+00  3.200000E+02     6  5.714119E-08  1.871823E+01  5.411889E-08  1.833743E-08
  1.831593E+00  3.300000E+02     1  1.317630E+00  8.190301E+01  1.855872E-01  1.304495E+00
  1.831593E+00  3.300000E+02     2  7.641863E-01 -9.836530E+01 -1.111769E-01 -7.560559E-01
  1.831593E+00  3.300000E+02     3  7.304911E-01  4.067765E+01  5.539962E-01  4.761360E-01
  1.831593E+00  3.300000E+02     4  9.119313E-03 -5.988012E+01  4.576171E-03 -7.887999E-03
  1.831593E+00  3.300000E+02     5  1.401474E-02 -3.361280E+01  1.167144E-02 -7.758244E-03
  1.831593E+00  3.300000E+02     6  9.605992E-08  1.161216E+01  9.409382E-08  1.933549E-08
  1.831593E+00  3.400000E+02     1  1.428216E+00  8.192001E+01  2.007437E-01  1.414038E+00
  1.831593E+00  3.400000E+02     2  5.248836E-01 -9.850502E+01 -7.762823E-02 -5.191115E-01
  1.831593E+00  3.400000E+02     3  7.301687E-01  4.074668E+01  5.531778E-01  4.765927E-01
  1.831593E+00  3.400000E+02     4  7.576769E-03 -7.098694E+01  2.468388E-03 -7.163414E-03
  1.831593E+00  3.400000E+02     5  1.461399E-02 -2.887866E+01  1.279666E-02 -7.057919E-03
  1.831593E+00  3.400000E+02     6  1.036725E-07  1.129479E+01  1.016647E-07  2.030499E-08
  1.831593E+00  3.500000E+02     1  1.495554E+00  8.192938E+01  2.099660E-01  1.480741E+00
  1.831593E+00  3.500000E+02     2  2.694955E-01 -9.887274E+01 -4.156707E-02 -2.662706E-01
  1.831593E+00  3.500000E+02     3  7.295713E-01  4.083270E+01  5.520097E-01  4.770320E-01
  1.831593E+00  3.500000E+02     4  5.998718E-03 -8.645108E+01  3.713254E-04 -5.987214E-03
  1.831593E+00  3.500000E+02     5  1.485828E-02 -2.520985E+01  1.344309E-02 -6.328660E-03
  1.831593E+00  3.500000E+02     6  7.580445E-08  1.625319E+01  7.277487E-08  2.121633E-08
  1.759737E+00  0.000000E+00     1  1.490537E+00  8.277595E+01  1.874346E-01  1.478705E+00
  1.759737E+00  0.000000E+00     2  6.098763E-03 -1.280495E+02 -3.758924E-03 -4.802646E-03
  1.759737E+00  0.000000E+00     3  6.535793E-01  4.538591E+01  4.590271E-01  4.652527E-01
  1.759737E+00  0.000000E+00     4  4.553448E-03 -1.094602E+02 -1.516993E-03 -4.293323E-03
  1.759737E+00  0.000000E+00     5  2.346701E-02 -5.475148E+01  1.354338E-02 -1.916448E-02
  1.759737E+00  0.000000E+00     6  2.739710E-08  5.128107E+01  1.713690E-08  2.137587E-08
  1.759737E+00  1.000000E+01     1  1.467190E+00  8.276969E+01  1.846577E-01  1.455524E+00
  1.759737E+00  1.000000E+01     2  2.540233E-01  8.333090E+01  2.950103E-02  2.523044E-01
  1.759737E+00  1.000000E+01     3  6.528585E-01  4.549734E+01  4.576162E-01  4.656304E-01
  1.759737E+00  1.000000E+01     4  3.415182E-03 -1.781511E+02 -3.413404E-03 -1.101875E-04
  1.759737E+00  1.000000E+01     5  2.263827E-02 -5.462078E+01  1.310723E-02 -1.845784E-02
  1.759737E+00  1.000000E+01     6  5.695420E-08  1.570485E+02 -5.244545E-08  2.220936E-08
  1.759737E+00  2.000000E+01     1  1.399372E+00  8.275708E+01  1.764277E-01  1.388206E+00
  1.759737E+00  2.000000E+01     2  5.055520E-01  8.298766E+01  6.171940E-02  5.017704E-01
  1.759737E+00  2.000000E+01     3  6.522588E-01  4.559257E+01  4.564220E-01  4.659619E-01
  1.759737E+00  2.000000E+01     4  6.640565E-03  1.432532E+02 -5.321000E-03  3.972917E-03
  1.759737E+00  2.000000E+01     5  2.125134E-02 -5.504984E+01  1.217412E-02 -1.741868E-02
  1.759737E+00  2.000000E+01     6  9.329557E-08  1.658240E+02 -9.045452E-08  2.284826E-08
  1.759737E+00  3.000000E+01     1  1.289059E+00  8.274149E+01  1.628678E-01  1.278729E+00
  1.759737E+00  3.000000E+01     2  7.416467E-01  8.288882E+01  9.181225E-02  7.359418E-01
  1.759737E+00  3.000000E+01     3  6.518593E-01  4.566874E+01  4.555229E-01  4.662825E-01
  1.759737E+00  3.000000E+01     4  1.056784E-02  1.332618E+02 -7.242483E-03  7.695820E-03
  1.759737E+00  3.000000E+01     5  1.929168E-02 -5.577802E+01  1.084966E-02 -1.595162E-02
  1.759737E+00  3.000000E+01     6  8.344285E-08  1.638469E+02 -8.014866E-08  2.321426E-08
  1.759737E+00  4.000000E+01     1  1.139518E+00  8.272794E+01  1.442412E-01  1.130352E+00
  1.759737E+00  4.000000E+01     2  9.550604E-01  8.285291E+01  1.188258E-01  9.476396E-01
  1.759737E+00  4.000000E+01     3  6.517006E-01  4.572561E+01  4.549491E-01  4.666208E-01
  1.759737E+00  4.000000E+01     4  1.420159E-02  1.300236E+02 -9.133080E-03  1.087529E-02
  1.759737E+00  4.000000E+01     5  1.674649E-02 -5.639574E+01  9.268400E-03 -1.394781E-02
  1.759737E+00  4.000000E+01     6  3.580312E-08  1.395160E+02 -2.723139E-08  2.324467E-08
  1.759737E+00  5.000000E+01     1  9.552251E-01  8.272417E+01  1.209756E-01  9.475336E-01
  1.759737E+00  5.000000E+01     2  1.139273E+00  8.284150E+01  1.419700E-01  1.130392E+00
  1.759737E+00  5.000000E+01     3  6.517935E-01  4.576216E+01  4.547162E-01  4.669774E-01
  1.759737E+00  5.000000E+01     4  1.729376E-02  1.290812E+02 -1.090234E-02  1.342434E-02
  1.759737E+00  5.000000E+01     5  1.362067E-02 -5.623739E+01  7.569731E-03 -1.132351E-02
  1.759737E+00  5.000000E+01     6  4.873907E-08  2.803550E+01  4.301986E-08  2.290827E-08
  1.759737E+00  6.000000E+01     1  7.417498E-01  8.274398E+01  9.368535E-02  7.358096E-01
  1.759737E+00  6.000000E+01     2  1.288691E+00  8.283985E+01  1.606264E-01  1.278641E+00
  1.759737E+00  6.000000E+01     3  6.521283E-01  4.577451E+01  4.548491E-01  4.673154E-01
  1.759737E+00  6.000000E+01     4  1.974800E-02  1.290108E+02 -1.243071E-02  1.534473E-02
  1.759737E+00  6.000000E+01     5  9.970356E-03 -5.393058E+01  5.870197E-03 -8.059081E-03
  1.759737E+00  6.000000E+01     6  1.001172E-07  1.281956E+01  9.762161E-08  2.221413E-08
  1.759737E+00  7.000000E+01     1  5.055896E-01  8.282116E+01  6.318191E-02  5.016263E-01
  1.759737E+00  7.000000E+01     2  1.398815E+00  8.284035E+01  1.743406E-01  1.387908E+00
  1.759737E+00  7.000000E+01     3  6.526815E-01  4.575656E+01  4.553814E-01  4.675691E-01
  1.759737E+00  7.000000E+01     4  2.153354E-02  1.291430E+02 -1.359322E-02  1.670082E-02
  1.759737E+00  7.000000E+01     5  5.987896E-03 -4.493559E+01  4.238839E-03 -4.229319E-03
  1.759737E+00  7.000000E+01     6  1.132267E-07  1.079609E+01  1.112225E-07  2.120896E-08
  1.759737E+00  8.000000E+01     1  2.539755E-01  8.311101E+01  3.046334E-02  2.521419E-01
  1.759737E+00  8.000000E+01     2  1.466366E+00  8.283844E+01  1.828082E-01  1.454926E+00
  1.759737E+00  8.000000E+01     3  6.534131E-01  4.570303E+01  4.563290E-01  4.676672E-01
  1.759737E+00  8.000000E+01     4  2.265551E-02  1.290818E+02 -1.428270E-02  1.758626E-02
  1.759737E+00  8.000000E+01     5  2.683801E-03 -2.889487E-01  2.683767E-03 -1.353464E-05
  1.759737E+00  8.000000E+01     6  8.043753E-08  1.437105E+01  7.792053E-08  1.996463E-08
  1.759737E+00  9.000000E+01     1  6.007284E-03 -1.236268E+02 -3.326724E-03 -5.002036E-03
  1.759737E+00  9.000000E+01     2  1.489370E+00  8.283127E+01  1.858611E-01  1.477728E+00
  1.759737E+00  9.000000E+01     3  6.542625E-01  4.561364E+01  4.576522E-01  4.675616E-01
  1.759737E+00  9.000000E+01     4  2.314033E-02  1.285716E+02 -1.442781E-02  1.809180E-02
  1.759737E+00  9.000000E+01     5  4.474415E-03  7.501724E+01  1.156763E-03  4.322302E-03
  1.759737E+00  9.000000E+01     6  2.328839E-08  5.285125E+01  1.406354E-08  1.856249E-08
  1.759737E+00  1.000000E+02     1  2.645264E-01 -9.803379E+01 -3.696946E-02 -2.619303E-01
  1.759737E+00  1.000000E+02     2  1.467202E+00  8.281709E+01  1.834550E-01  1.455687E+00
  1.759737E+00  1.000000E+02     3  6.551428E-01  4.549627E+01  4.592261E-01  4.672511E-01
  1.759737E+00  1.000000E+02     4  2.302681E-02  1.274590E+02 -1.400476E-02  1.827843E-02
  1.759737E+00  1.000000E+02     5  8.481485E-03  9.285836E+01 -4.229474E-04  8.470932E-03
  1.759737E+00  1.000000E+02     6  5.231252E-08  1.609409E+02 -4.944488E-08  1.708226E-08
  1.759737E+00  1.100000E+02     1  5.154659E-01 -9.772178E+01 -6.925952E-02 -5.107918E-01
  1.759737E+00  1.100000E+02     2  1.400584E+00  8.279507E+01  1.756592E-01  1.389525E+00
  1.759737E+00  1.100000E+02     3  6.559440E-01  4.536736E+01  4.608390E-01  4.667867E-01
  1.759737E+00  1.100000E+02     4  2.235648E-02  1.256893E+02 -1.304253E-02  1.815777E-02
  1.759737E+00  1.100000E+02     5  1.233113E-02  9.995799E+01 -2.132373E-03  1.214536E-02
  1.759737E+00  1.100000E+02     6  8.329076E-08  1.692056E+02 -8.181698E-08  1.559908E-08
  1.759737E+00  1.200000E+02     1  7.505836E-01 -9.758638E+01 -9.909264E-02 -7.440137E-01
  1.759737E+00  1.200000E+02     2  1.291551E+00  8.276532E+01  1.626498E-01  1.281269E+00
  1.759737E+00  1.200000E+02     3  6.565446E-01  4.524877E+01  4.622271E-01  4.662585E-01
  1.759737E+00  1.200000E+02     4  2.116014E-02  1.233129E+02 -1.162139E-02  1.768318E-02
  1.759737E+00  1.200000E+02     5  1.565914E-02  1.048312E+02 -4.008313E-03  1.513744E-02
  1.759737E+00  1.200000E+02     6  6.849017E-08  1.680463E+02 -6.700499E-08  1.418574E-08
  1.759737E+00  1.300000E+02     1  9.627582E-01 -9.749200E+01 -1.255320E-01 -9.545392E-01
  1.759737E+00  1.300000E+02     2  1.143381E+00  8.272889E+01  1.447115E-01  1.134187E+00
  1.759737E+00  1.300000E+02     3  6.568352E-01  4.516208E+01  4.631369E-01  4.657647E-01
  1.759737E+00  1.300000E+02     4  1.944399E-02  1.204802E+02 -9.862782E-03  1.675691E-02
  1.759737E+00  1.300000E+02     5  1.836973E-02  1.091421E+02 -6.023656E-03  1.735403E-02
  1.759737E+00  1.300000E+02     6  1.714279E-08  1.311225E+02 -1.127432E-08  1.291376E-08
  1.759737E+00  1.400000E+02     1  1.145616E+00 -9.741464E+01 -1.478405E-01 -1.136036E+00
  1.759737E+00  1.400000E+02     2  9.605033E-01  8.268763E+01  1.222516E-01  9.526915E-01
  1.759737E+00  1.400000E+02     3  6.567438E-01  4.512230E+01  4.633957E-01  4.653782E-01
  1.759737E+00  1.400000E+02     4  1.718557E-02  1.174026E+02 -7.909492E-03  1.525725E-02
  1.759737E+00  1.400000E+02     5  2.048163E-02  1.132466E+02 -8.083878E-03  1.881883E-02
  1.759737E+00  1.400000E+02     6  6.090369E-08  1.121753E+01  5.974016E-08  1.184787E-08
  1.759737E+00  1.500000E+02     1  1.293699E+00 -9.734896E+01 -1.654797E-01 -1.283072E+00
  1.759737E+00  1.500000E+02     2  7.483817E-01  8.264357E+01  9.582388E-02  7.422217E-01
  1.759737E+00  1.500000E+02     3  6.562557E-01  4.513339E+01  4.629613E-01  4.651219E-01
  1.759737E+00  1.500000E+02     4  1.435063E-02  1.142673E+02 -5.898023E-03  1.308258E-02
  1.759737E+00  1.500000E+02     5  2.206010E-02  1.170819E+02 -1.004316E-02  1.964136E-02
  1.759737E+00  1.500000E+02     6  1.134904E-07  5.579549E+00  1.129527E-07  1.103441E-08
  1.759737E+00  1.600000E+02     1  1.402603E+00 -9.729439E+01 -1.780850E-01 -1.391252E+00
  1.759737E+00  1.600000E+02     2  5.133806E-01  8.259641E+01  6.615307E-02  5.091006E-01
  1.759737E+00  1.600000E+02     3  6.554178E-01  4.518748E+01  4.619314E-01  4.649644E-01
  1.759737E+00  1.600000E+02     4  1.093080E-02  1.110686E+02 -3.929467E-03  1.020008E-02
  1.759737E+00  1.600000E+02     5  2.315855E-02  1.204401E+02 -1.173299E-02  1.996635E-02
  1.759737E+00  1.600000E+02     6  1.236267E-07  4.867341E+00  1.231809E-07  1.048960E-08
  1.759737E+00  1.700000E+02     1  1.469081E+00 -9.725142E+01 -1.854325E-01 -1.457331E+00
  1.759737E+00  1.700000E+02     2  2.625937E-01  8.252896E+01  3.414376E-02  2.603645E-01
  1.759737E+00  1.700000E+02     3  6.543252E-01  4.526795E+01  4.605090E-01  4.648365E-01
  1.759737E+00  1.700000E+02     4  6.987949E-03  1.070511E+02 -2.049032E-03  6.680786E-03
  1.759737E+00  1.700000E+02     5  2.378501E-02  1.231142E+02 -1.299396E-02  1.992194E-02
  1.759737E+00  1.700000E+02     6  8.554751E-08  6.844515E+00  8.493784E-08  1.019516E-08
  1.759737E+00  1.800000E+02     1  1.491123E+00 -9.722033E+01 -1.874121E-01 -1.479299E+00
  1.759737E+00  1.800000E+02     2  3.663049E-03  7.644318E+01  8.586534E-04  3.560989E-03
  1.759737E+00  1.800000E+02     3  6.530978E-01  4.535516E+01  4.589383E-01  4.646636E-01
  1.759737E+00  1.800000E+02     4  2.716237E-03  9.514320E+01 -2.434980E-04  2.705301E-03
  1.759737E+00  1.800000E+02     5  2.390070E-02  1.249829E+02 -1.370304E-02  1.958239E-02
  1.759737E+00  1.800000E+02     6  1.823320E-08  3.365888E+01  1.517645E-08  1.010570E-08
  1.759737E+00  1.900000E+02     1  1.468016E+00 -9.720076E+01 -1.840105E-01 -1.456438E+00
  1.759737E+00  1.900000E+02     2  2.555605E-01 -9.731476E+01 -3.253802E-02 -2.534807E-01
  1.759737E+00  1.900000E+02     3  6.518562E-01  4.543240E+01  4.574403E-01  4.643974E-01
  1.759737E+00  1.900000E+02     4  2.125218E-03 -4.355947E+01  1.540060E-03 -1.464503E-03
  1.759737E+00  1.900000E+02     5  2.343975E-02  1.260446E+02 -1.379228E-02  1.895243E-02
  1.759737E+00  1.900000E+02     6  5.542227E-08  1.694309E+02 -5.448200E-08  1.016559E-08
  1.759737E+00  2.000000E+02     1  1.400381E+00 -9.719147E+01 -1.753075E-01 -1.389365E+00
  1.759737E+00  2.000000E+02     2  5.070636E-01 -9.734935E+01 -6.486302E-02 -5.028979E-01
  1.759737E+00  2.000000E+02     3  6.507067E-01  4.548978E+01  4.561691E-01  4.640355E-01
  1.759737E+00  2.000000E+02     4  6.478190E-03 -5.875731E+01  3.360005E-03 -5.538710E-03
  1.759737E+00  2.000000E+02     5  2.233328E-02  1.264149E+02 -1.325767E-02  1.797247E-02
  1.759737E+00  2.000000E+02     6  9.307669E-08  1.736293E+02 -9.250193E-08  1.032783E-08
  1.759737E+00  2.100000E+02     1  1.290173E+00 -9.719017E+01 -1.614819E-01 -1.280027E+00
  1.759737E+00  2.100000E+02     2  7.431466E-01 -9.734468E+01 -9.500244E-02 -7.370491E-01
  1.759737E+00  2.100000E+02     3  6.497355E-01  4.552467E+01  4.552061E-01  4.636202E-01
  1.759737E+00  2.100000E+02     4  1.064006E-02 -6.047623E+01  5.243257E-03 -9.258462E-03
  1.759737E+00  2.100000E+02     5  2.052756E-02  1.263177E+02 -1.215770E-02  1.653998E-02
  1.759737E+00  2.100000E+02     6  8.281812E-08  1.726701E+02 -8.214133E-08  1.056609E-08
  1.759737E+00  2.200000E+02     1  1.140646E+00 -9.719321E+01 -1.428268E-01 -1.131668E+00
  1.759737E+00  2.200000E+02     2  9.565721E-01 -9.732642E+01 -1.219840E-01 -9.487624E-01
  1.759737E+00  2.200000E+02     3  6.490108E-01  4.553910E+01  4.545816E-01  4.632175E-01
  1.759737E+00  2.200000E+02     4  1.435433E-02 -6.007922E+01  7.159972E-03 -1.244113E-02
  1.759737E+00  2.200000E+02     5  1.799624E-02  1.260935E+02 -1.060166E-02  1.454199E-02
  1.759737E+00  2.200000E+02     6  3.107161E-08  1.595129E+02 -2.910636E-08  1.087497E-08
  1.759737E+00  2.300000E+02     1  9.562756E-01 -9.719502E+01 -1.197707E-01 -9.487455E-01
  1.759737E+00  2.300000E+02     2  1.140820E+00 -9.730309E+01 -1.450189E-01 -1.131566E+00
  1.759737E+00  2.300000E+02     3  6.485862E-01  4.553583E+01  4.543107E-01  4.628885E-01
  1.759737E+00  2.300000E+02     4  1.750199E-02 -5.898303E+01  9.018635E-03 -1.499947E-02
  1.759737E+00  2.300000E+02     5  1.475286E-02  1.262717E+02 -8.728012E-03  1.189406E-02
  1.759737E+00  2.300000E+02     6  4.282706E-08  1.524338E+01  4.132031E-08  1.126008E-08
  1.759737E+00  2.400000E+02     1  7.426410E-01 -9.718624E+01 -9.290065E-02 -7.368074E-01
  1.759737E+00  2.400000E+02     2  1.290293E+00 -9.728031E+01 -1.635108E-01 -1.279890E+00
  1.759737E+00  2.400000E+02     3  6.485015E-01  4.551534E+01  4.544168E-01  4.626657E-01
  1.759737E+00  2.400000E+02     4  2.002154E-02 -5.775674E+01  1.068179E-02 -1.693403E-02
  1.759737E+00  2.400000E+02     5  1.087082E-02  1.278877E+02 -6.675950E-03  8.579421E-03
  1.759737E+00  2.400000E+02     6  9.686016E-08  6.952841E+00  9.614786E-08  1.172515E-08
  1.759737E+00  2.500000E+02     1  5.062587E-01 -9.714598E+01 -6.297750E-02 -5.023263E-01
  1.759737E+00  2.500000E+02     2  1.400480E+00 -9.726247E+01 -1.770413E-01 -1.389244E+00
  1.759737E+00  2.500000E+02     3  6.487771E-01  4.547544E+01  4.549322E-01  4.625456E-01
  1.759737E+00  2.500000E+02     4  2.188710E-02 -5.676630E+01  1.199534E-02 -1.830729E-02
  1.759737E+00  2.500000E+02     5  6.531386E-03  1.342440E+02 -4.557051E-03  4.678919E-03
  1.759737E+00  2.500000E+02     6  1.106980E-07  6.360954E+00  1.100165E-07  1.226442E-08
  1.759737E+00  2.600000E+02     1  2.543833E-01 -9.698413E+01 -3.093158E-02 -2.524957E-01
  1.759737E+00  2.600000E+02     2  1.468091E+00 -9.725285E+01 -1.853440E-01 -1.456344E+00
  1.759737E+00  2.600000E+02     3  6.494039E-01  4.541348E+01  4.558722E-01  4.624998E-01
  1.759737E+00  2.600000E+02     4  2.309616E-02 -5.628049E+01  1.282132E-02 -1.921058E-02
  1.759737E+00  2.600000E+02     5  2.465890E-03  1.711265E+02 -2.436377E-03  3.803701E-04
  1.759737E+00  2.600000E+02     6  7.808217E-08  9.482621E+00  7.701522E-08  1.286392E-08
  1.759737E+00  2.700000E+02     1  5.453221E-03  6.654081E+01  2.170904E-03  5.002479E-03
  1.759737E+00  2.700000E+02     2  1.491143E+00 -9.725379E+01 -1.882784E-01 -1.479208E+00
  1.759737E+00  2.700000E+02     3  6.503326E-01  4.533016E+01  4.571972E-01  4.624968E-01
  1.759737E+00  2.700000E+02     4  2.366585E-02 -5.648985E+01  1.306556E-02 -1.973231E-02
  1.759737E+00  2.700000E+02     5  4.053839E-03 -9.468317E+01 -3.309789E-04 -4.040305E-03
  1.759737E+00  2.700000E+02     6  1.908660E-08  4.505571E+01  1.348314E-08  1.350938E-08
  1.759737E+00  2.800000E+02     1  2.646019E-01  8.235725E+01  3.519099E-02  2.622514E-01
  1.759737E+00  2.800000E+02     2  1.469005E+00 -9.726669E+01 -1.858113E-01 -1.457206E+00
  1.759737E+00  2.800000E+02     3  6.514674E-01  4.523260E+01  4.587831E-01  4.625233E-01
  1.759737E+00  2.800000E+02     4  2.363105E-02 -5.750566E+01  1.269499E-02 -1.993148E-02
  1.759737E+00  2.800000E+02     5  8.453570E-03 -7.789609E+01  1.772589E-03 -8.265638E-03
  1.759737E+00  2.800000E+02     6  5.167261E-08  1.640561E+02 -4.968482E-08  1.419427E-08
  1.759737E+00  2.900000E+02     1  5.157316E-01  8.253570E+01  6.699786E-02  5.113613E-01
  1.759737E+00  2.900000E+02     2  1.402400E+00 -9.729220E+01 -1.780062E-01 -1.391057E+00
  1.759737E+00  2.900000E+02     3  6.526700E-01  4.513487E+01  4.604198E-01  4.625924E-01
  1.759737E+00  2.900000E+02     4  2.303604E-02 -5.935252E+01  1.174272E-02 -1.981836E-02
  1.759737E+00  2.900000E+02     5  1.261373E-02 -7.204421E+01  3.888598E-03 -1.199937E-02
  1.759737E+00  2.900000E+02     6  8.306094E-08  1.696503E+02 -8.170950E-08  1.492238E-08
  1.759737E+00  3.000000E+02     1  7.509611E-01  8.261328E+01  9.654781E-02  7.447289E-01
  1.759737E+00  3.000000E+02     2  1.293366E+00 -9.733048E+01 -1.650235E-01 -1.282795E+00
  1.759737E+00  3.000000E+02     3  6.537777E-01  4.505524E+01  4.618447E-01  4.627362E-01
  1.759737E+00  3.000000E+02     4  2.191727E-02 -6.196557E+01  1.030116E-02 -1.934562E-02
  1.759737E+00  3.000000E+02     5  1.618092E-02 -6.822329E+01  6.002965E-03 -1.502620E-02
  1.759737E+00  3.000000E+02     6  6.837965E-08  1.667230E+02 -6.655195E-08  1.570397E-08
  1.759737E+00  3.100000E+02     1  9.631569E-01  8.266649E+01  1.229419E-01  9.552782E-01
  1.759737E+00  3.100000E+02     2  1.145183E+00 -9.738173E+01 -1.471324E-01 -1.135691E+00
  1.759737E+00  3.100000E+02     3  6.546333E-01  4.501114E+01  4.628056E-01  4.629856E-01
  1.759737E+00  3.100000E+02     4  2.028432E-02 -6.521256E+01  8.504266E-03 -1.841551E-02
  1.759737E+00  3.100000E+02     5  1.903760E-02 -6.496300E+01  8.056779E-03 -1.724873E-02
  1.759737E+00  3.100000E+02     6  1.959147E-08  1.223625E+02 -1.048681E-08  1.654849E-08
  1.759737E+00  3.200000E+02     1  1.145942E+00  8.270790E+01  1.454519E-01  1.136673E+00
  1.759737E+00  3.200000E+02     2  9.622815E-01 -9.744767E+01 -1.247315E-01 -9.541634E-01
  1.759737E+00  3.200000E+02     3  6.551207E-01  4.501365E+01  4.631300E-01  4.633507E-01
  1.759737E+00  3.200000E+02     4  1.811392E-02 -6.896561E+01  6.501596E-03 -1.690690E-02
  1.759737E+00  3.200000E+02     5  2.117271E-02 -6.197423E+01  9.948393E-03 -1.868992E-02
  1.759737E+00  3.200000E+02     6  6.329663E-08  1.601051E+01  6.084142E-08  1.745807E-08
  1.759737E+00  3.300000E+02     1  1.293867E+00  8.273969E+01  1.635157E-01  1.283493E+00
  1.759737E+00  3.300000E+02     2  7.501293E-01 -9.753580E+01 -9.837616E-02 -7.436505E-01
  1.759737E+00  3.300000E+02     3  6.551943E-01  4.506403E+01  4.627743E-01  4.638098E-01
  1.759737E+00  3.300000E+02     4  1.537104E-02 -7.325416E+01  4.428807E-03 -1.471919E-02
  1.759737E+00  3.300000E+02     5  2.263221E-02 -5.930901E+01  1.155165E-02 -1.946218E-02
  1.759737E+00  3.300000E+02     6  1.158121E-07  9.153758E+00  1.143373E-07  1.842391E-08
  1.759737E+00  3.400000E+02     1  1.402547E+00  8.276170E+01  1.767158E-01  1.391370E+00
  1.759737E+00  3.400000E+02     2  5.150907E-01 -9.767566E+01 -6.879823E-02 -5.104755E-01
  1.759737E+00  3.400000E+02     3  6.548880E-01  4.515354E+01  4.618331E-01  4.643150E-01
  1.759737E+00  3.400000E+02     4  1.205849E-02 -7.860824E+01  2.381750E-03 -1.182094E-02
  1.759737E+00  3.400000E+02     5  2.347544E-02 -5.712624E+01  1.274223E-02 -1.971628E-02
  1.759737E+00  3.400000E+02     6  1.263112E-07  8.846324E+00  1.248087E-07  1.942475E-08
  1.759737E+00  3.500000E+02     1  1.468763E+00  8.277368E+01  1.847542E-01  1.457097E+00
  1.759737E+00  3.500000E+02     2  2.642654E-01 -9.802808E+01 -3.690687E-02 -2.616755E-01
  1.759737E+00  3.500000E+02     3  6.543032E-01  4.526660E+01  4.605044E-01  4.648101E-01
  1.759737E+00  3.500000E+02     4  8.294600E-03 -8.721874E+01  4.024794E-04 -8.284829E-03
  1.759737E+00  3.500000E+02     5  2.374674E-02 -5.557950E+01  1.342314E-02 -1.958895E-02
  1.759737E+00  3.500000E+02     6  8.913209E-08  1.324766E+01  8.676016E-08  2.042556E-08
  1.695725E+00  0.000000E+00     1  1.452517E+00  8.414319E+01  1.482188E-01  1.444934E+00
  1.695725E+00  0.000000E+00     2  5.539442E-03 -1.270014E+02 -3.333824E-03 -4.423917E-03
  1.695725E+00  0.000000E+00     3  5.862329E-01  4.990786E+01  3.775450E-01  4.484738E-01
  1.695725E+00  0.000000E+00     4  4.322922E-03 -1.079214E+02 -1.330213E-03 -4.113172E-03
  1.695725E+00  0.000000E+00     5  3.426256E-02 -6.576845E+01  1.406222E-02 -3.124383E-02
  1.695725E+00  0.000000E+00     6  2.513897E-08  5.519557E+01  1.434875E-08  2.064173E-08
  1.695725E+00  1.000000E+01     1  1.429828E+00  8.413396E+01  1.461326E-01  1.422340E+00
  1.695725E+00  1.000000E+01     2  2.478474E-01  8.460330E+01  2.331028E-02  2.467488E-01
  1.695725E+00  1.000000E+01     3  5.855692E-01  5.004899E+01  3.760129E-01  4.488937E-01
  1.695725E+00  1.000000E+01     4  3.878733E-03  1.438949E+02 -3.133772E-03  2.285617E-03
  1.695725E+00  1.000000E+01     5  3.330827E-02 -6.599273E+01  1.355155E-02 -3.042690E-02
  1.695725E+00  1.000000E+01     6  7.873120E-08  1.640298E+02 -7.569256E-08  2.166190E-08
  1.695725E+00  2.000000E+01     1  1.363779E+00  8.411564E+01  1.398161E-01  1.356593E+00
  1.695725E+00  2.000000E+01     2  4.929258E-01  8.428633E+01  4.907427E-02  4.904768E-01
  1.695725E+00  2.000000E+01     3  5.850136E-01  5.016699E+01  3.747318E-01  4.492405E-01
  1.695725E+00  2.000000E+01     4  9.859280E-03  1.204036E+02 -4.989661E-03  8.503452E-03
  1.695725E+00  2.000000E+01     5  3.151656E-02 -6.667147E+01  1.248064E-02 -2.894006E-02
  1.695725E+00  2.000000E+01     6  1.265767E-07  1.697706E+02 -1.245647E-07  2.247878E-08
  1.695725E+00  3.000000E+01     1  1.256302E+00  8.409200E+01  1.293128E-01  1.249629E+00
  1.695725E+00  3.000000E+01     2  7.229883E-01  8.420146E+01  7.304413E-02  7.192890E-01
  1.695725E+00  3.000000E+01     3  5.846517E-01  5.025914E+01  3.737774E-01  4.495643E-01
  1.695725E+00  3.000000E+01     4  1.579660E-02  1.160055E+02 -6.926135E-03  1.419722E-02
  1.695725E+00  3.000000E+01     5  2.885849E-02 -6.763666E+01  1.098004E-02 -2.668803E-02
  1.695725E+00  3.000000E+01     6  1.128942E-07  1.682542E+02 -1.105302E-07  2.298179E-08
  1.695725E+00  4.000000E+01     1  1.110589E+00  8.406868E+01  1.147640E-01  1.104643E+00
  1.695725E+00  4.000000E+01     2  9.309697E-01  8.417743E+01  9.444521E-02  9.261667E-01
  1.695725E+00  4.000000E+01     3  5.845302E-01  5.032659E+01  3.731703E-01  4.499105E-01
  1.695725E+00  4.000000E+01     4  2.108703E-02  1.149731E+02 -8.902805E-03  1.911552E-02
  1.695725E+00  4.000000E+01     5  2.530857E-02 -6.863798E+01  9.218889E-03 -2.356981E-02
  1.695725E+00  4.000000E+01     6  4.716976E-08  1.506940E+02 -4.113287E-08  2.308837E-08
  1.695725E+00  5.000000E+01     1  9.310171E-01  8.405421E+01  9.644173E-02  9.260086E-01
  1.695725E+00  5.000000E+01     2  1.110504E+00  8.417685E+01  1.126697E-01  1.104774E+00
  1.695725E+00  5.000000E+01     3  5.846599E-01  5.036915E+01  3.729188E-01  4.502875E-01
  1.695725E+00  5.000000E+01     4  2.552424E-02  1.150644E+02 -1.081302E-02  2.312067E-02
  1.695725E+00  5.000000E+01     5  2.086576E-02 -6.930453E+01  7.373978E-03 -1.951933E-02
  1.695725E+00  5.000000E+01     6  5.550370E-08  2.421333E+01  5.062074E-08  2.276402E-08
  1.695725E+00  6.000000E+01     1  7.230262E-01  8.406322E+01  7.478341E-02  7.191484E-01
  1.695725E+00  6.000000E+01     2  1.256125E+00  8.418470E+01  1.272731E-01  1.249660E+00
  1.695725E+00  6.000000E+01     3  5.850229E-01  5.038217E+01  3.730479E-01  4.506518E-01
  1.695725E+00  6.000000E+01     4  2.901401E-02  1.155358E+02 -1.250723E-02  2.617980E-02
  1.695725E+00  6.000000E+01     5  1.558577E-02 -6.897068E+01  5.592885E-03 -1.454771E-02
  1.695725E+00  6.000000E+01     6  1.237104E-07  1.025747E+01  1.217332E-07  2.202934E-08
  1.695725E+00  7.000000E+01     1  4.929548E-01  8.412980E+01  5.041706E-02  4.903698E-01
  1.695725E+00  7.000000E+01     2  1.363429E+00  8.419285E+01  1.379525E-01  1.356432E+00
  1.695725E+00  7.000000E+01     3  5.855800E-01  5.035720E+01  3.735997E-01  4.509182E-01
  1.695725E+00  7.000000E+01     4  3.152881E-02  1.160093E+02 -1.382590E-02  2.833568E-02
  1.695725E+00  7.000000E+01     5  9.628672E-03 -6.571746E+01  3.959663E-03 -8.776810E-03
  1.695725E+00  7.000000E+01     6  1.407233E-07  8.561843E+00  1.391550E-07  2.095043E-08
  1.695725E+00  8.000000E+01     1  2.478467E-01  8.440551E+01  2.416188E-02  2.466662E-01
  1.695725E+00  8.000000E+01     2  1.429211E+00  8.419634E+01  1.445216E-01  1.421885E+00
  1.695725E+00  8.000000E+01     3  5.862765E-01  5.028633E+01  3.746021E-01  4.509915E-01
  1.695725E+00  8.000000E+01     4  3.308211E-02  1.162481E+02 -1.463086E-02  2.967093E-02
  1.695725E+00  8.000000E+01     5  3.483268E-03 -4.472129E+01  2.474995E-03 -2.451032E-03
  1.695725E+00  8.000000E+01     6  9.718782E-08  1.164537E+01  9.518728E-08  1.961770E-08
  1.695725E+00  9.000000E+01     1  5.418492E-03 -1.237096E+02 -3.007175E-03 -4.507433E-03
  1.695725E+00  9.000000E+01     2  1.451541E+00  8.419199E+01  1.468893E-01  1.444090E+00
  1.695725E+00  9.000000E+01     3  5.870449E-01  5.016827E+01  3.760229E-01  4.508087E-01
  1.695725E+00  9.000000E+01     4  3.371149E-02  1.160961E+02 -1.482895E-02  3.027486E-02
  1.695725E+00  9.000000E+01     5  4.218532E-03  7.543095E+01  1.061157E-03  4.082886E-03
  1.695725E+00  9.000000E+01     6  2.130617E-08  5.828281E+01  1.120123E-08  1.812417E-08
  1.695725E+00  1.000000E+02     1  2.572336E-01 -9.670466E+01 -3.003240E-02 -2.554744E-01
  1.695725E+00  1.000000E+02     2  1.429819E+00  8.417782E+01  1.450430E-01  1.422443E+00
  1.695725E+00  1.000000E+02     3  5.878064E-01  5.001295E+01  3.777329E-01  4.503712E-01
  1.695725E+00  1.000000E+02     4  3.346598E-02  1.154610E+02 -1.438690E-02  3.021571E-02
  1.695725E+00  1.000000E+02     5  1.043616E-02  9.222856E+01 -4.058189E-04  1.042827E-02
  1.695725E+00  1.000000E+02     6  7.423909E-08  1.671156E+02 -7.236989E-08  1.655422E-08
  1.695725E+00  1.100000E+02     1  5.017038E-01 -9.639378E+01 -5.587022E-02 -4.985832E-01
  1.695725E+00  1.100000E+02     2  1.364764E+00  8.415286E+01  1.390350E-01  1.357663E+00
  1.695725E+00  1.100000E+02     3  5.884729E-01  4.984242E+01  3.795015E-01  4.497544E-01
  1.695725E+00  1.100000E+02     4  3.239264E-02  1.143159E+02 -1.333821E-02  2.951906E-02
  1.695725E+00  1.100000E+02     5  1.633900E-02  9.719316E+01 -2.045883E-03  1.621041E-02
  1.695725E+00  1.100000E+02     6  1.162053E-07  1.725905E+02 -1.152350E-07  1.498590E-08
  1.695725E+00  1.200000E+02     1  7.307967E-01 -9.625218E+01 -7.958718E-02 -7.264501E-01
  1.695725E+00  1.200000E+02     2  1.258380E+00  8.411725E+01  1.289752E-01  1.251753E+00
  1.695725E+00  1.200000E+02     3  5.889532E-01  4.968661E+01  3.810339E-01  4.490869E-01
  1.695725E+00  1.200000E+02     4  3.052116E-02  1.127070E+02 -1.178176E-02  2.815548E-02
  1.695725E+00  1.200000E+02     5  2.150670E-02  1.005140E+02 -3.924467E-03  2.114561E-02
  1.695725E+00  1.200000E+02     6  9.733145E-08  1.720273E+02 -9.639067E-08  1.350003E-08
  1.695725E+00  1.300000E+02     1  9.375821E-01 -9.614903E+01 -1.004290E-01 -9.321879E-01
  1.695725E+00  1.300000E+02     2  1.113883E+00  8.407231E+01  1.150344E-01  1.107927E+00
  1.695725E+00  1.300000E+02     3  5.891660E-01  4.957531E+01  3.820435E-01  4.485079E-01
  1.695725E+00  1.300000E+02     4  2.785201E-02  1.107540E+02 -9.869547E-03  2.604470E-02
  1.695725E+00  1.300000E+02     5  2.579636E-02  1.034958E+02 -6.020203E-03  2.508404E-02
  1.695725E+00  1.300000E+02     6  2.689674E-08  1.530626E+02 -2.397850E-08  1.218466E-08
  1.695725E+00  1.400000E+02     1  1.115850E+00 -9.606244E+01 -1.178473E-01 -1.109609E+00
  1.695725E+00  1.400000E+02     2  9.356029E-01  8.402044E+01  9.746522E-02  9.305124E-01
  1.695725E+00  1.400000E+02     3  5.890571E-01  4.952919E+01  3.823337E-01  4.481174E-01
  1.695725E+00  1.400000E+02     4  2.435912E-02  1.086288E+02 -7.781179E-03  2.308289E-02
  1.695725E+00  1.400000E+02     5  2.919386E-02  1.063561E+02 -8.221162E-03  2.801239E-02
  1.695725E+00  1.400000E+02     6  6.950828E-08  9.211035E+00  6.861200E-08  1.112628E-08
  1.695725E+00  1.500000E+02     1  1.260275E+00 -9.598857E+01 -1.314846E-01 -1.253398E+00
  1.695725E+00  1.500000E+02     2  7.288729E-01  8.396426E+01  7.664007E-02  7.248324E-01
  1.695725E+00  1.500000E+02     3  5.886141E-01  4.955345E+01  3.818566E-01  4.479421E-01
  1.695725E+00  1.500000E+02     4  2.001601E-02  1.065059E+02 -5.686841E-03  1.919116E-02
  1.695725E+00  1.500000E+02     5  3.175162E-02  1.090203E+02 -1.034795E-02  3.001809E-02
  1.695725E+00  1.500000E+02     6  1.386622E-07  4.296957E+00  1.382725E-07  1.038937E-08
  1.695725E+00  1.600000E+02     1  1.366553E+00 -9.592789E+01 -1.411331E-01 -1.359246E+00
  1.695725E+00  1.600000E+02     2  4.998915E-01  8.390330E+01  5.309187E-02  4.970641E-01
  1.695725E+00  1.600000E+02     3  5.878705E-01  4.963660E+01  3.807245E-01  4.479292E-01
  1.695725E+00  1.600000E+02     4  1.484187E-02  1.044650E+02 -3.707337E-03  1.437139E-02
  1.695725E+00  1.600000E+02     5  3.352697E-02  1.113259E+02 -1.219285E-02  3.123126E-02
  1.695725E+00  1.600000E+02     6  1.524605E-07  3.758717E+00  1.521326E-07  9.994538E-09
  1.695725E+00  1.700000E+02     1  1.431499E+00 -9.588151E+01 -1.466879E-01 -1.423964E+00
  1.695725E+00  1.700000E+02     2  2.555599E-01  8.381403E+01  2.753808E-02  2.540719E-01
  1.695725E+00  1.700000E+02     3  5.868969E-01  4.975501E+01  3.791690E-01  4.479719E-01
  1.695725E+00  1.700000E+02     4  8.948200E-03  1.021634E+02 -1.885394E-03  8.747318E-03
  1.695725E+00  1.700000E+02     5  3.454066E-02  1.131179E+02 -1.356153E-02  3.176700E-02
  1.695725E+00  1.700000E+02     6  1.034113E-07  5.498225E+00  1.029355E-07  9.908342E-09
  1.695725E+00  1.800000E+02     1  1.453134E+00 -9.584999E+01 -1.481096E-01 -1.445566E+00
  1.695725E+00  1.800000E+02     2  3.327334E-03  7.489247E+01  8.672076E-04  3.212336E-03
  1.695725E+00  1.800000E+02     3  5.857856E-01  4.988112E+01  3.774660E-01  4.479556E-01
  1.695725E+00  1.800000E+02     4  2.577789E-03  9.404664E+01 -1.819105E-04  2.571363E-03
  1.695725E+00  1.800000E+02     5  3.476616E-02  1.143012E+02 -1.430745E-02  3.168569E-02
  1.695725E+00  1.800000E+02     6  1.619185E-08  3.837791E+01  1.269332E-08  1.005264E-08
  1.695725E+00  1.900000E+02     1  1.430746E+00 -9.583295E+01 -1.454046E-01 -1.423338E+00
  1.695725E+00  1.900000E+02     2  2.492370E-01 -9.596921E+01 -2.591916E-02 -2.478857E-01
  1.695725E+00  1.900000E+02     3  5.846358E-01  4.999196E+01  3.758595E-01  4.478042E-01
  1.695725E+00  1.900000E+02     4  4.092956E-03 -6.853538E+01  1.497722E-03 -3.809084E-03
  1.695725E+00  1.900000E+02     5  3.414271E-02  1.148609E+02 -1.435417E-02  3.097875E-02
  1.695725E+00  1.900000E+02     6  7.808936E-08  1.723978E+02 -7.740299E-08  1.033085E-08
  1.695725E+00  2.000000E+02     1  1.364927E+00 -9.582895E+01 -1.386206E-01 -1.357870E+00
  1.695725E+00  2.000000E+02     2  4.942790E-01 -9.601527E+01 -5.179725E-02 -4.915575E-01
  1.695725E+00  2.000000E+02     3  5.835439E-01  5.007454E+01  3.745129E-01  4.475082E-01
  1.695725E+00  2.000000E+02     4  1.053060E-02 -7.199343E+01  3.255281E-03 -1.001482E-02
  1.695725E+00  2.000000E+02     5  3.259797E-02  1.148617E+02 -1.370516E-02  2.957696E-02
  1.695725E+00  2.000000E+02     6  1.267229E-07  1.751747E+02 -1.262738E-07  1.065961E-08
  1.695725E+00  2.100000E+02     1  1.257580E+00 -9.583527E+01 -1.278565E-01 -1.251064E+00
  1.695725E+00  2.100000E+02     2  7.243255E-01 -9.600845E+01 -7.581881E-02 -7.203464E-01
  1.695725E+00  2.100000E+02     3  5.825994E-01  5.012621E+01  3.735037E-01  4.471208E-01
  1.695725E+00  2.100000E+02     4  1.652685E-02 -7.185073E+01  5.148008E-03 -1.570461E-02
  1.695725E+00  2.100000E+02     5  3.006932E-02  1.144406E+02 -1.244118E-02  2.737483E-02
  1.695725E+00  2.100000E+02     6  1.127189E-07  1.744042E+02 -1.121817E-07  1.099127E-08
  1.695725E+00  2.200000E+02     1  1.111884E+00 -9.584762E+01 -1.132823E-01 -1.106099E+00
  1.695725E+00  2.200000E+02     2  9.323219E-01 -9.598353E+01 -9.718758E-02 -9.272425E-01
  1.695725E+00  2.200000E+02     3  5.818807E-01  5.015062E+01  3.728526E-01  4.467282E-01
  1.695725E+00  2.200000E+02     4  2.183314E-02 -7.087354E+01  7.153722E-03 -2.062790E-02
  1.695725E+00  2.200000E+02     5  2.652177E-02  1.138053E+02 -1.070498E-02  2.426537E-02
  1.695725E+00  2.200000E+02     6  4.414873E-08  1.651460E+02 -4.267338E-08  1.131783E-08
  1.695725E+00  2.300000E+02     1  9.322158E-01 -9.585954E+01 -9.517001E-02 -9.273451E-01
  1.695725E+00  2.300000E+02     2  1.111903E+00 -9.595188E+01 -1.152967E-01 -1.105909E+00
  1.695725E+00  2.300000E+02     3  5.814515E-01  5.015198E+01  3.725670E-01  4.464075E-01
  1.695725E+00  2.300000E+02     4  2.629543E-02 -6.960235E+01  9.164842E-03 -2.464661E-02
  1.695725E+00  2.300000E+02     5  2.196619E-02  1.132556E+02 -8.672978E-03  2.018150E-02
  1.695725E+00  2.300000E+02     6  5.060010E-08  1.331922E+01  4.923904E-08  1.165705E-08
  1.695725E+00  2.400000E+02     1  7.240259E-01 -9.586061E+01 -7.392928E-02 -7.202416E-01
  1.695725E+00  2.400000E+02     2  1.257593E+00 -9.592084E+01 -1.297262E-01 -1.250884E+00
  1.695725E+00  2.400000E+02     3  5.813545E-01  5.013064E+01  3.726710E-01  4.461943E-01
  1.695725E+00  2.400000E+02     4  2.983241E-02 -6.834086E+01  1.101067E-02 -2.772612E-02
  1.695725E+00  2.400000E+02     5  1.648174E-02  1.132929E+02 -6.517395E-03  1.513841E-02
  1.695725E+00  2.400000E+02     6  1.211496E-07  5.699211E+00  1.205507E-07  1.203088E-08
  1.695725E+00  2.500000E+02     1  4.936774E-01 -9.582897E+01 -5.013753E-02 -4.911249E-01
  1.695725E+00  2.500000E+02     2  1.364977E+00 -9.589595E+01 -1.402135E-01 -1.357757E+00
  1.695725E+00  2.500000E+02     3  5.816052E-01  5.008259E+01  3.732060E-01  4.460739E-01
  1.695725E+00  2.500000E+02     4  3.241252E-02 -6.732108E+01  1.249719E-02 -2.990638E-02
  1.695725E+00  2.500000E+02     5  1.024427E-02  1.152360E+02 -4.367619E-03  9.266556E-03
  1.695725E+00  2.500000E+02     6  1.387634E-07  5.147203E+00  1.382038E-07  1.244914E-08
  1.695725E+00  2.600000E+02     1  2.482447E-01 -9.567490E+01 -2.454737E-02 -2.470280E-01
  1.695725E+00  2.600000E+02     2  1.430833E+00 -9.588130E+01 -1.466143E-01 -1.423302E+00
  1.695725E+00  2.600000E+02     3  5.821863E-01  5.000286E+01  3.741999E-01  4.459993E-01
  1.695725E+00  2.600000E+02     4  3.403695E-02 -6.672362E+01  1.345028E-02 -3.126667E-02
  1.695725E+00  2.600000E+02     5  3.631061E-03  1.289848E+02 -2.284351E-03  2.822471E-03
  1.695725E+00  2.600000E+02     6  9.536890E-08  7.777784E+00  9.449155E-08  1.290641E-08
  1.695725E+00  2.700000E+02     1  4.945418E-03  6.687928E+01  1.941916E-03  4.548199E-03
  1.695725E+00  2.700000E+02     2  1.453223E+00 -9.587966E+01 -1.488673E-01 -1.445578E+00
  1.695725E+00  2.700000E+02     3  5.830441E-01  4.989119E+01  3.756211E-01  4.459252E-01
  1.695725E+00  2.700000E+02     4  3.473110E-02 -6.667618E+01  1.375099E-02 -3.189294E-02
  1.695725E+00  2.700000E+02     5  3.841599E-03 -9.385466E+01 -2.582546E-04 -3.832909E-03
  1.695725E+00  2.700000E+02     6  1.718949E-08  5.117122E+01  1.077773E-08  1.339101E-08
  1.695725E+00  2.800000E+02     1  2.574458E-01  8.367758E+01  2.835079E-02  2.558800E-01
  1.695725E+00  2.800000E+02     2  1.431536E+00 -9.589268E+01 -1.469692E-01 -1.423972E+00
  1.695725E+00  2.800000E+02     3  5.840884E-01  4.975669E+01  3.773415E-01  4.458393E-01
  1.695725E+00  2.800000E+02     4  3.453813E-02 -6.724848E+01  1.335712E-02 -3.185074E-02
  1.695725E+00  2.800000E+02     5  1.043844E-02 -8.027083E+01  1.764004E-03 -1.028831E-02
  1.695725E+00  2.800000E+02     6  7.383080E-08  1.691500E+02 -7.251096E-08  1.389775E-08
  1.695725E+00  2.900000E+02     1  5.021526E-01  8.386001E+01  5.370926E-02  4.992720E-01
  1.695725E+00  2.900000E+02     2  1.366494E+00 -9.592099E+01 -1.409633E-01 -1.359204E+00
  1.695725E+00  2.900000E+02     3  5.851967E-01  4.961877E+01  3.791316E-01  4.457739E-01
  1.695725E+00  2.900000E+02     4  3.350682E-02 -6.844642E+01  1.230944E-02 -3.116383E-02
  1.695725E+00  2.900000E+02     5  1.660491E-02 -7.664301E+01  3.836027E-03 -1.615574E-02
  1.695725E+00  2.900000E+02     6  1.159915E-07  1.728506E+02 -1.150897E-07  1.443601E-08
  1.695725E+00  3.000000E+02     1  7.313852E-01  8.394533E+01  7.714454E-02  7.273053E-01
  1.695725E+00  3.000000E+02     2  1.260105E+00 -9.596444E+01 -1.309391E-01 -1.253284E+00
  1.695725E+00  3.000000E+02     3  5.862267E-01  4.950335E+01  3.806977E-01  4.457926E-01
  1.695725E+00  3.000000E+02     4  3.167257E-02 -7.021021E+01  1.072339E-02 -2.980202E-02
  1.695725E+00  3.000000E+02     5  2.196760E-02 -7.423411E+01  5.968757E-03 -2.114117E-02
  1.695725E+00  3.000000E+02     6  9.713129E-08  1.710989E+02 -9.596152E-08  1.502911E-08
  1.695725E+00  3.100000E+02     1  9.381972E-01  8.400781E+01  9.794105E-02  9.330710E-01
  1.695725E+00  3.100000E+02     2  1.115589E+00 -9.602259E+01 -1.170482E-01 -1.109432E+00
  1.695725E+00  3.100000E+02     3  5.870388E-01  4.943546E+01  3.817538E-01  4.459581E-01
  1.695725E+00  3.100000E+02     4  2.904018E-02 -7.242852E+01  8.767095E-03 -2.768520E-02
  1.695725E+00  3.100000E+02     5  2.636571E-02 -7.209418E+01  8.106224E-03 -2.508864E-02
  1.695725E+00  3.100000E+02     6  2.807899E-08  1.459872E+02 -2.327504E-08  1.570677E-08
  1.695725E+00  3.200000E+02     1  1.116374E+00  8.405848E+01  1.155596E-01  1.110377E+00
  1.695725E+00  3.200000E+02     2  9.372798E-01 -9.609601E+01 -9.953420E-02 -9.319798E-01
  1.695725E+00  3.200000E+02     3  5.875253E-01  4.943124E+01  3.821030E-01  4.462996E-01
  1.695725E+00  3.200000E+02     4  2.558395E-02 -7.498486E+01  6.628146E-03 -2.471045E-02
  1.695725E+00  3.200000E+02     5  2.976019E-02 -7.010301E+01  1.012829E-02 -2.798369E-02
  1.695725E+00  3.200000E+02     6  7.150119E-08  1.333796E+01  6.957254E-08  1.649492E-08
  1.695725E+00  3.300000E+02     1  1.260602E+00  8.409822E+01  1.296194E-01  1.253920E+00
  1.695725E+00  3.300000E+02     2  7.305120E-01 -9.619038E+01 -7.877291E-02 -7.262524E-01
  1.695725E+00  3.300000E+02     3  5.876372E-01  4.949281E+01  3.816959E-01  4.467949E-01
  1.695725E+00  3.300000E+02     4  2.127612E-02 -7.786024E+01  4.474307E-03 -2.080034E-02
  1.695725E+00  3.300000E+02     5  3.218882E-02 -6.834857E+01  1.187636E-02 -2.991776E-02
  1.695725E+00  3.300000E+02     6  1.405467E-07  7.114075E+00  1.394647E-07  1.740604E-08
  1.695725E+00  3.400000E+02     1  1.366599E+00  8.412597E+01  1.398600E-01  1.359424E+00
  1.695725E+00  3.400000E+02     2  5.014843E-01 -9.633201E+01 -5.530850E-02 -4.984249E-01
  1.695725E+00  3.400000E+02     3  5.873960E-01  4.960786E+01  3.806417E-01  4.473768E-01
  1.695725E+00  3.400000E+02     4  1.614072E-02 -8.138517E+01  2.417738E-03 -1.595862E-02
  1.695725E+00  3.400000E+02     5  3.371673E-02 -6.697075E+01  1.319002E-02 -3.102968E-02
  1.695725E+00  3.400000E+02     6  1.546253E-07  6.845786E+00  1.535229E-07  1.843093E-08
  1.695725E+00  3.500000E+02     1  1.431217E+00  8.414093E+01  1.461015E-01  1.423740E+00
  1.695725E+00  3.500000E+02     2  2.571024E-01 -9.667102E+01 -2.986717E-02 -2.553617E-01
  1.695725E+00  3.500000E+02     3  5.868865E-01  4.975432E+01  3.791677E-01  4.479594E-01
  1.695725E+00  3.500000E+02     4  1.032311E-02 -8.725347E+01  4.946586E-04 -1.031126E-02
  1.695725E+00  3.500000E+02     5  3.439878E-02 -6.609003E+01  1.394185E-02 -3.144679E-02
  1.695725E+00  3.500000E+02     6  1.062925E-07  1.058887E+01  1.044825E-07  1.953236E-08
  1.638226E+00  0.000000E+00     1  1.407549E+00  8.599444E+01  9.832201E-02  1.404111E+00
  1.638226E+00  0.000000E+00     2  5.005294E-03 -1.251817E+02 -2.883906E-03 -4.090971E-03
  1.638226E+00  0.000000E+00     3  5.258151E-01  5.449372E+01  3.053893E-01  4.280408E-01
  1.638226E+00  0.000000E+00     4  4.078852E-03 -1.059247E+02 -1.119133E-03 -3.922317E-03
  1.638226E+00  0.000000E+00     5  4.453897E-02 -6.995249E+01  1.526793E-02 -4.184030E-02
  1.638226E+00  0.000000E+00     6  2.287767E-08  5.913281E+01  1.173738E-08  1.963725E-08
  1.638226E+00  1.000000E+01     1  1.385605E+00  8.598218E+01  9.708485E-02  1.382200E+00
  1.638226E+00  1.000000E+01     2  2.403702E-01  8.635346E+01  1.528781E-02  2.398835E-01
  1.638226E+00  1.000000E+01     3  5.252569E-01  5.466747E+01  3.037670E-01  4.285095E-01
  1.638226E+00  1.000000E+01     4  5.289107E-03  1.235697E+02 -2.924617E-03  4.406957E-03
  1.638226E+00  1.000000E+01     5  4.348099E-02 -7.028080E+01  1.467095E-02 -4.093116E-02
  1.638226E+00  1.000000E+01     6  1.046517E-07  1.684947E+02 -1.025489E-07  2.087365E-08
  1.638226E+00  2.000000E+01     1  1.321607E+00  8.595795E+01  9.315808E-02  1.318320E+00
  1.638226E+00  2.000000E+01     2  4.777836E-01  8.606418E+01  3.279455E-02  4.766568E-01
  1.638226E+00  2.000000E+01     3  5.247773E-01  5.480976E+01  3.024255E-01  4.288706E-01
  1.638226E+00  2.000000E+01     4  1.338849E-02  1.111355E+02 -4.827547E-03  1.248785E-02
  1.638226E+00  2.000000E+01     5  4.129276E-02 -7.102946E+01  1.342353E-02 -3.904997E-02
  1.638226E+00  2.000000E+01     6  1.656918E-07  1.724117E+02 -1.642408E-07  2.188038E-08
  1.638226E+00  3.000000E+01     1  1.217435E+00  8.592591E+01  8.649435E-02  1.214359E+00
  1.638226E+00  3.000000E+01     2  7.006933E-01  8.599427E+01  4.894780E-02  6.989815E-01
  1.638226E+00  3.000000E+01     3  5.244716E-01  5.491842E+01  3.014360E-01  4.291932E-01
  1.638226E+00  3.000000E+01     4  2.106211E-02  1.090705E+02 -6.881640E-03  1.990617E-02
  1.638226E+00  3.000000E+01     5  3.794709E-02 -7.206836E+01  1.168323E-02 -3.610379E-02
  1.638226E+00  3.000000E+01     6  1.474127E-07  1.712180E+02 -1.456845E-07  2.250639E-08
  1.638226E+00  4.000000E+01     1  1.076205E+00  8.589222E+01  7.709165E-02  1.073441E+00
  1.638226E+00  4.000000E+01     2  9.022522E-01  8.598299E+01  6.320518E-02  9.000356E-01
  1.638226E+00  4.000000E+01     3  5.243993E-01  5.499652E+01  3.008092E-01  4.295445E-01
  1.638226E+00  4.000000E+01     4  2.786127E-02  1.089493E+02 -9.047435E-03  2.635137E-02
  1.638226E+00  4.000000E+01     5  3.342766E-02 -7.320681E+01  9.657854E-03 -3.200209E-02
  1.638226E+00  4.000000E+01     6  6.100816E-08  1.582025E+02 -5.664622E-08  2.265395E-08
  1.638226E+00  5.000000E+01     1  9.021840E-01  8.586616E+01  6.503529E-02  8.998369E-01
  1.638226E+00  5.000000E+01     2  1.076276E+00  8.599401E+01  7.518947E-02  1.073646E+00
  1.638226E+00  5.000000E+01     3  5.245751E-01  5.504515E+01  3.005452E-01  4.299437E-01
  1.638226E+00  5.000000E+01     4  3.356301E-02  1.094864E+02 -1.119606E-02  3.164054E-02
  1.638226E+00  5.000000E+01     5  2.774978E-02 -7.417443E+01  7.567631E-03 -2.669796E-02
  1.638226E+00  5.000000E+01     6  6.464585E-08  2.018017E+01  6.067741E-08  2.230109E-08
  1.638226E+00  6.000000E+01     1  7.006635E-01  8.586311E+01  5.054555E-02  6.988380E-01
  1.638226E+00  6.000000E+01     2  1.217440E+00  8.601198E+01  8.467046E-02  1.214492E+00
  1.638226E+00  6.000000E+01     3  5.249705E-01  5.505893E+01  3.006682E-01  4.303402E-01
  1.638226E+00  6.000000E+01     4  3.804925E-02  1.102046E+02 -1.314119E-02  3.570790E-02
  1.638226E+00  6.000000E+01     5  2.099208E-02 -7.453318E+01  5.598176E-03 -2.023186E-02
  1.638226E+00  6.000000E+01     6  1.529277E-07  8.081957E+00  1.514088E-07  2.150003E-08
  1.638226E+00  7.000000E+01     1  4.777979E-01  8.591718E+01  3.401846E-02  4.765853E-01
  1.638226E+00  7.000000E+01     2  1.321453E+00  8.602832E+01  9.152822E-02  1.318280E+00
  1.638226E+00  7.000000E+01     3  5.255241E-01  5.502675E+01  3.012272E-01  4.306249E-01
  1.638226E+00  7.000000E+01     4  4.127324E-02  1.108391E+02 -1.468277E-02  3.857326E-02
  1.638226E+00  7.000000E+01     5  1.333690E-02 -7.319977E+01  3.854839E-03 -1.276766E-02
  1.638226E+00  7.000000E+01     6  1.745404E-07  6.696003E+00  1.733499E-07  2.035167E-08
  1.638226E+00  8.000000E+01     1  2.404078E-01  8.617423E+01  1.604065E-02  2.398721E-01
  1.638226E+00  8.000000E+01     2  1.385184E+00  8.603771E+01  9.571617E-02  1.381873E+00
  1.638226E+00  8.000000E+01     3  5.261573E-01  5.493757E+01  3.022609E-01  4.306737E-01
  1.638226E+00  8.000000E+01     4  4.323611E-02  1.112173E+02 -1.564739E-02  4.030534E-02
  1.638226E+00  8.000000E+01     5  5.163838E-03 -6.311998E+01  2.334694E-03 -4.605912E-03
  1.638226E+00  8.000000E+01     6  1.181732E-07  9.236748E+00  1.166409E-07  1.896849E-08
  1.638226E+00  9.000000E+01     1  4.854035E-03 -1.229245E+02 -2.638332E-03 -4.074416E-03
  1.638226E+00  9.000000E+01     2  1.406756E+00  8.603665E+01  9.723263E-02  1.403391E+00
  1.638226E+00  9.000000E+01     3  5.267911E-01  5.478854E+01  3.037455E-01  4.304039E-01
  1.638226E+00  9.000000E+01     4  4.397147E-02  1.112227E+02 -1.591744E-02  4.098933E-02
  1.638226E+00  9.000000E+01     5  3.949280E-03  7.636315E+01  9.311110E-04  3.837948E-03
  1.638226E+00  9.000000E+01     6  1.945768E-08  6.370856E+01  8.618530E-09  1.744484E-08
  1.638226E+00  1.000000E+02     1  2.487249E-01 -9.488481E+01 -2.117960E-02 -2.478215E-01
  1.638226E+00  1.000000E+02     2  1.385587E+00  8.602293E+01  9.610048E-02  1.382251E+00
  1.638226E+00  1.000000E+02     3  5.273579E-01  5.459162E+01  3.055513E-01  4.298194E-01
  1.638226E+00  1.000000E+02     4  4.353328E-02  1.107858E+02 -1.544885E-02  4.069987E-02
  1.638226E+00  1.000000E+02     5  1.210299E-02  9.248496E+01 -5.247507E-04  1.209161E-02
  1.638226E+00  1.000000E+02     6  1.001810E-07  1.708969E+02 -9.891925E-08  1.584987E-08
  1.638226E+00  1.100000E+02     1  4.855118E-01 -9.457884E+01 -3.875880E-02 -4.839623E-01
  1.638226E+00  1.100000E+02     2  1.322395E+00  8.599540E+01  9.235153E-02  1.319166E+00
  1.638226E+00  1.100000E+02     3  5.278046E-01  5.437494E+01  3.074349E-01  4.290239E-01
  1.638226E+00  1.100000E+02     4  4.198106E-02  1.098857E+02 -1.427963E-02  3.947786E-02
  1.638226E+00  1.100000E+02     5  1.982858E-02  9.636288E+01 -2.197504E-03  1.970644E-02
  1.638226E+00  1.100000E+02     6  1.550012E-07  1.747273E+02 -1.543453E-07  1.424414E-08
  1.638226E+00  1.200000E+02     1  7.074586E-01 -9.443198E+01 -5.466920E-02 -7.053432E-01
  1.638226E+00  1.200000E+02     2  1.219147E+00  8.595413E+01  8.601706E-02  1.216109E+00
  1.638226E+00  1.200000E+02     3  5.280894E-01  5.417752E+01  3.090779E-01  4.281930E-01
  1.638226E+00  1.200000E+02     4  3.936131E-02  1.085605E+02 -1.252894E-02  3.731406E-02
  1.638226E+00  1.200000E+02     5  2.666504E-02  9.902042E+01 -4.180716E-03  2.633527E-02
  1.638226E+00  1.200000E+02     6  1.313810E-07  1.744506E+02 -1.307652E-07  1.270511E-08
  1.638226E+00  1.300000E+02     1  9.078612E-01 -9.432036E+01 -6.839190E-02 -9.052815E-01
  1.638226E+00  1.300000E+02     2  1.078990E+00  8.590066E+01  7.713257E-02  1.076229E+00
  1.638226E+00  1.300000E+02     3  5.281782E-01  5.403864E+01  3.101671E-01  4.275145E-01
  1.638226E+00  1.300000E+02     4  3.569237E-02  1.069125E+02 -1.038330E-02  3.414868E-02
  1.638226E+00  1.300000E+02     5  3.242979E-02  1.014813E+02 -6.455072E-03  3.178087E-02
  1.638226E+00  1.300000E+02     6  4.020054E-08  1.636148E+02 -3.856787E-08  1.134032E-08
  1.638226E+00  1.400000E+02     1  1.080699E+00 -9.422476E+01 -7.961417E-02 -1.077762E+00
  1.638226E+00  1.400000E+02     2  9.061455E-01  8.583797E+01  6.576560E-02  9.037558E-01
  1.638226E+00  1.400000E+02     3  5.280474E-01  5.398563E+01  3.104856E-01  4.271215E-01
  1.638226E+00  1.400000E+02     4  3.096579E-02  1.050973E+02 -8.065314E-03  2.989700E-02
  1.638226E+00  1.400000E+02     5  3.707902E-02  1.038645E+02 -8.885109E-03  3.599873E-02
  1.638226E+00  1.400000E+02     6  8.030820E-08  7.350165E+00  7.964829E-08  1.027407E-08
  1.638226E+00  1.500000E+02     1  1.220796E+00 -9.414306E+01 -8.819897E-02 -1.217606E+00
  1.638226E+00  1.500000E+02     2  7.057979E-01  8.576944E+01  5.206681E-02  7.038748E-01
  1.638226E+00  1.500000E+02     3  5.276884E-01  5.402514E+01  3.099801E-01  4.270450E-01
  1.638226E+00  1.500000E+02     4  2.517495E-02  1.032880E+02 -5.786338E-03  2.450095E-02
  1.638226E+00  1.500000E+02     5  4.064470E-02  1.060704E+02 -1.125117E-02  3.905641E-02
  1.638226E+00  1.500000E+02     6  1.691613E-07  3.256896E+00  1.688881E-07  9.610556E-09
  1.638226E+00  1.600000E+02     1  1.323958E+00 -9.407683E+01 -9.412562E-02 -1.320608E+00
  1.638226E+00  1.600000E+02     2  4.839558E-01  8.569485E+01  3.632975E-02  4.825902E-01
  1.638226E+00  1.600000E+02     3  5.271120E-01  5.414146E+01  3.087749E-01  4.272062E-01
  1.638226E+00  1.600000E+02     4  1.836675E-02  1.016017E+02 -3.693691E-03  1.799151E-02
  1.638226E+00  1.600000E+02     5  4.316884E-02  1.079455E+02 -1.330087E-02  4.106867E-02
  1.638226E+00  1.600000E+02     6  1.873765E-07  2.872964E+00  1.871409E-07  9.391620E-09
  1.638226E+00  1.700000E+02     1  1.387070E+00 -9.402777E+01 -9.742784E-02 -1.383644E+00
  1.638226E+00  1.700000E+02     2  2.472934E-01  8.558602E+01  1.903225E-02  2.465599E-01
  1.638226E+00  1.700000E+02     3  5.263472E-01  5.430274E+01  3.071248E-01  4.274526E-01
  1.638226E+00  1.700000E+02     4  1.069407E-02  9.986224E+01 -1.831679E-03  1.053604E-02
  1.638226E+00  1.700000E+02     5  4.465912E-02  1.093563E+02 -1.480187E-02  4.213481E-02
  1.638226E+00  1.700000E+02     6  1.253752E-07  4.378930E+00  1.250092E-07  9.572693E-09
  1.638226E+00  1.800000E+02     1  1.408188E+00 -9.399665E+01 -9.814806E-02 -1.404763E+00
  1.638226E+00  1.800000E+02     2  3.025191E-03  7.401015E+01  8.333404E-04  2.908148E-03
  1.638226E+00  1.800000E+02     3  5.254398E-01  5.447230E+01  3.053312E-01  4.276211E-01
  1.638226E+00  1.800000E+02     4  2.450618E-03  9.317364E+01 -1.356713E-04  2.446859E-03
  1.638226E+00  1.800000E+02     5  4.507750E-02  1.102245E+02 -1.558326E-02  4.229826E-02
  1.638226E+00  1.800000E+02     6  1.451845E-08  4.370725E+01  1.049509E-08  1.003187E-08
  1.638226E+00  1.900000E+02     1  1.386601E+00 -9.398302E+01 -9.631447E-02 -1.383252E+00
  1.638226E+00  1.900000E+02     2  2.416152E-01 -9.414982E+01 -1.748441E-02 -2.409818E-01
  1.638226E+00  1.900000E+02     3  5.244532E-01  5.462015E+01  3.036555E-01  4.276032E-01
  1.638226E+00  1.900000E+02     4  6.053960E-03 -7.533079E+01  1.533093E-03 -5.856625E-03
  1.638226E+00  1.900000E+02     5  4.435452E-02  1.105383E+02 -1.556102E-02  4.153526E-02
  1.638226E+00  1.900000E+02     6  1.043616E-07  1.741648E+02 -1.038208E-07  1.061024E-08
  1.638226E+00  2.000000E+02     1  1.322875E+00 -9.398519E+01 -9.193796E-02 -1.319676E+00
  1.638226E+00  2.000000E+02     2  4.789779E-01 -9.420403E+01 -3.511307E-02 -4.776892E-01
  1.638226E+00  2.000000E+02     3  5.234690E-01  5.473003E+01  3.022666E-01  4.273812E-01
  1.638226E+00  2.000000E+02     4  1.431069E-02 -7.657417E+01  3.322748E-03 -1.391960E-02
  1.638226E+00  2.000000E+02     5  4.241386E-02  1.103481E+02 -1.474826E-02  3.976713E-02
  1.638226E+00  2.000000E+02     6  1.658748E-07  1.761403E+02 -1.654985E-07  1.116554E-08
  1.638226E+00  2.100000E+02     1  1.218859E+00 -9.400003E+01 -8.502401E-02 -1.215890E+00
  1.638226E+00  2.100000E+02     2  7.018633E-01 -9.419363E+01 -5.132544E-02 -6.999842E-01
  1.638226E+00  2.100000E+02     3  5.225821E-01  5.479959E+01  3.012363E-01  4.270231E-01
  1.638226E+00  2.100000E+02     4  2.198452E-02 -7.599134E+01  5.321761E-03 -2.133068E-02
  1.638226E+00  2.100000E+02     5  3.919532E-02  1.097602E+02 -1.325135E-02  3.688732E-02
  1.638226E+00  2.100000E+02     6  1.473430E-07  1.754789E+02 -1.468846E-07  1.161459E-08
  1.638226E+00  2.200000E+02     1  1.077650E+00 -9.402265E+01 -7.559801E-02 -1.074995E+00
  1.638226E+00  2.200000E+02     2  9.034368E-01 -9.416107E+01 -6.555391E-02 -9.010554E-01
  1.638226E+00  2.200000E+02     3  5.218882E-01  5.483469E+01  3.005750E-01  4.266404E-01
  1.638226E+00  2.200000E+02     4  2.877883E-02 -7.486654E+01  7.513241E-03 -2.778079E-02
  1.638226E+00  2.200000E+02     5  3.467358E-02  1.089346E+02 -1.125119E-02  3.279738E-02
  1.638226E+00  2.200000E+02     6  5.897101E-08  1.683123E+02 -5.774832E-08  1.194621E-08
  1.638226E+00  2.300000E+02     1  9.035137E-01 -9.404568E+01 -6.374442E-02 -9.012622E-01
  1.638226E+00  2.300000E+02     2  1.077514E+00 -9.412035E+01 -7.742121E-02 -1.074729E+00
  1.638226E+00  2.300000E+02     3  5.214658E-01  5.484133E+01  3.002823E-01  4.263299E-01
  1.638226E+00  2.300000E+02     4  3.449852E-02 -7.355152E+01  9.768363E-03 -3.308666E-02
  1.638226E+00  2.300000E+02     5  2.887691E-02  1.080933E+02 -8.968174E-03  2.744901E-02
  1.638226E+00  2.300000E+02     6  6.094206E-08  1.155017E+01  5.970797E-08  1.220218E-08
  1.638226E+00  2.400000E+02     1  7.017581E-01 -9.405761E+01 -4.965603E-02 -6.999990E-01
  1.638226E+00  2.400000E+02     2  1.218762E+00 -9.408046E+01 -8.672385E-02 -1.215673E+00
  1.638226E+00  2.400000E+02     3  5.213605E-01  5.481971E+01  3.003825E-01  4.261305E-01
  1.638226E+00  2.400000E+02     4  3.903112E-02 -7.228442E+01  1.187686E-02 -3.718022E-02
  1.638226E+00  2.400000E+02     5  2.191011E-02  1.075694E+02 -6.613796E-03  2.088805E-02
  1.638226E+00  2.400000E+02     6  1.511124E-07  4.722145E+00  1.505995E-07  1.244014E-08
  1.638226E+00  2.500000E+02     1  4.785652E-01 -9.403565E+01 -3.368002E-02 -4.773786E-01
  1.638226E+00  2.500000E+02     2  1.322871E+00 -9.404808E+01 -9.338607E-02 -1.319571E+00
  1.638226E+00  2.500000E+02     3  5.215770E-01  5.476356E+01  3.009248E-01  4.260126E-01
  1.638226E+00  2.500000E+02     4  4.232190E-02 -7.125698E+01  1.359905E-02 -4.007754E-02
  1.638226E+00  2.500000E+02     5  1.398054E-02  1.080861E+02 -4.340203E-03  1.328978E-02
  1.638226E+00  2.500000E+02     6  1.731868E-07  4.205299E+00  1.727206E-07  1.269986E-08
  1.638226E+00  2.600000E+02     1  2.407923E-01 -9.389096E+01 -1.633966E-02 -2.402372E-01
  1.638226E+00  2.600000E+02     2  1.386692E+00 -9.402800E+01 -9.740682E-02 -1.383266E+00
  1.638226E+00  2.600000E+02     3  5.220814E-01  5.466496E+01  3.019492E-01  4.259057E-01
  1.638226E+00  2.600000E+02     4  4.435667E-02 -7.061798E+01  1.472043E-02 -4.184283E-02
  1.638226E+00  2.600000E+02     5  5.438212E-03  1.139279E+02 -2.205662E-03  4.970835E-03
  1.638226E+00  2.600000E+02     6  1.169286E-07  6.378085E+00  1.162049E-07  1.298946E-08
  1.638226E+00  2.700000E+02     1  4.478038E-03  6.787007E+01  1.686913E-03  4.148150E-03
  1.638226E+00  2.700000E+02     2  1.408332E+00 -9.402346E+01 -9.881555E-02 -1.404861E+00
  1.638226E+00  2.700000E+02     3  5.228111E-01  5.452221E+01  3.034330E-01  4.257463E-01
  1.638226E+00  2.700000E+02     4  4.515462E-02 -7.047054E+01  1.509481E-02 -4.255686E-02
  1.638226E+00  2.700000E+02     5  3.638607E-03 -9.272299E+01 -1.728600E-04 -3.634498E-03
  1.638226E+00  2.700000E+02     6  1.571692E-08  5.776333E+01  8.383682E-09  1.329419E-08
  1.638226E+00  2.800000E+02     1  2.490689E-01  8.547852E+01  1.963482E-02  2.482937E-01
  1.638226E+00  2.800000E+02     2  1.387205E+00 -9.403630E+01 -9.764327E-02 -1.383764E+00
  1.638226E+00  2.800000E+02     3  5.236850E-01  5.434637E+01  3.052475E-01  4.255231E-01
  1.638226E+00  2.800000E+02     4  4.476274E-02 -7.086934E+01  1.466980E-02 -4.229066E-02
  1.638226E+00  2.800000E+02     5  1.217666E-02 -8.123622E+01  1.855248E-03 -1.203449E-02
  1.638226E+00  2.800000E+02     6  9.987896E-08  1.721750E+02 -9.894893E-08  1.359836E-08
  1.638226E+00  2.900000E+02     1  4.861359E-01  8.566449E+01  3.675030E-02  4.847448E-01
  1.638226E+00  2.900000E+02     2  1.324027E+00 -9.406719E+01 -9.390833E-02 -1.320692E+00
  1.638226E+00  2.900000E+02     3  5.246088E-01  5.416286E+01  3.071497E-01  4.252922E-01
  1.638226E+00  2.900000E+02     4  4.324220E-02 -7.181647E+01  1.349424E-02 -4.108276E-02
  1.638226E+00  2.900000E+02     5  2.015863E-02 -7.862738E+01  3.975059E-03 -1.976282E-02
  1.638226E+00  2.900000E+02     6  1.547951E-07  1.748458E+02 -1.541692E-07  1.390613E-08
  1.638226E+00  3.000000E+02     1  7.082491E-01  8.575821E+01  5.238602E-02  7.063090E-01
  1.638226E+00  3.000000E+02     2  1.220772E+00 -9.411576E+01 -8.761709E-02 -1.217624E+00
  1.638226E+00  3.000000E+02     3  5.254796E-01  5.400642E+01  3.088215E-01  4.251565E-01
  1.638226E+00  3.000000E+02     4  4.064578E-02 -7.325802E+01  1.170851E-02 -3.892287E-02
  1.638226E+00  3.000000E+02     5  2.718054E-02 -7.676437E+01  6.223156E-03 -2.645854E-02
  1.638226E+00  3.000000E+02     6  1.311625E-07  1.737625E+02 -1.303861E-07  1.425070E-08
  1.638226E+00  3.100000E+02     1  9.086840E-01  8.583088E+01  6.606190E-02  9.062795E-01
  1.638226E+00  3.100000E+02     2  1.080594E+00 -9.418095E+01 -7.878234E-02 -1.077718E+00
  1.638226E+00  3.100000E+02     3  5.261930E-01  5.391105E+01  3.099490E-01  4.252184E-01
  1.638226E+00  3.100000E+02     4  3.699681E-02 -7.509090E+01  9.518769E-03 -3.575132E-02
  1.638226E+00  3.100000E+02     5  3.303985E-02 -7.501451E+01  8.543263E-03 -3.191621E-02
  1.638226E+00  3.100000E+02     6  4.073369E-08  1.588618E+02 -3.799286E-08  1.468934E-08
  1.638226E+00  3.200000E+02     1  1.081414E+00  8.589166E+01  7.747539E-02  1.078635E+00
  1.638226E+00  3.200000E+02     2  9.077184E-01 -9.426217E+01 -6.746192E-02 -9.052081E-01
  1.638226E+00  3.200000E+02     3  5.266609E-01  5.389897E+01  3.103143E-01  4.255311E-01
  1.638226E+00  3.200000E+02     4  3.228737E-02 -7.719457E+01  7.156204E-03 -3.148433E-02
  1.638226E+00  3.200000E+02     5  3.766842E-02 -7.335392E+01  1.079046E-02 -3.608983E-02
  1.638226E+00  3.200000E+02     6  8.184696E-08  1.076469E+01  8.040666E-08  1.528704E-08
  1.638226E+00  3.300000E+02     1  1.221278E+00  8.594002E+01  8.646735E-02  1.218213E+00
  1.638226E+00  3.300000E+02     2  7.073299E-01 -9.436321E+01 -5.381275E-02 -7.052799E-01
  1.638226E+00  3.300000E+02     3  5.268321E-01  5.397330E+01  3.098627E-01  4.260718E-01
  1.638226E+00  3.300000E+02     4  2.650865E-02 -7.950817E+01  4.827103E-03 -2.606545E-02
  1.638226E+00  3.300000E+02     5  4.108602E-02 -7.189728E+01  1.276631E-02 -3.905230E-02
  1.638226E+00  3.300000E+02     6  1.705722E-07  5.414197E+00  1.698113E-07  1.609434E-08
  1.638226E+00  3.400000E+02     1  1.324106E+00  8.597395E+01  9.296552E-02  1.320839E+00
  1.638226E+00  3.400000E+02     2  4.854357E-01 -9.450682E+01 -3.814449E-02 -4.839347E-01
  1.638226E+00  3.400000E+02     3  5.267065E-01  5.411752E+01  3.087156E-01  4.267486E-01
  1.638226E+00  3.400000E+02     4  1.970891E-02 -8.222757E+01  2.665408E-03 -1.952784E-02
  1.638226E+00  3.400000E+02     5  4.334549E-02 -7.078204E+01  1.426772E-02 -4.092998E-02
  1.638226E+00  3.400000E+02     6  1.889813E-07  5.199099E+00  1.882038E-07  1.712491E-08
  1.638226E+00  3.500000E+02     1  1.386829E+00  8.599211E+01  9.693073E-02  1.383437E+00
  1.638226E+00  3.500000E+02     2  2.487126E-01 -9.483167E+01 -2.094871E-02 -2.478288E-01
  1.638226E+00  3.500000E+02     3  5.263366E-01  5.430186E+01  3.071252E-01  4.274392E-01
  1.638226E+00  3.500000E+02     4  1.206218E-02 -8.665250E+01  7.043302E-04 -1.204160E-02
  1.638226E+00  3.500000E+02     5  4.449084E-02 -7.011616E+01  1.513197E-02 -4.183848E-02
  1.638226E+00  3.500000E+02     6  1.275061E-07  8.269342E+00  1.261804E-07  1.833878E-08
  1.586206E+00  0.000000E+00     1  1.358733E+00  8.828849E+01  4.058145E-02  1.358127E+00
  1.586206E+00  0.000000E+00     2  4.522888E-03 -1.228595E+02 -2.454033E-03 -3.799241E-03
  1.586206E+00  0.000000E+00     3  4.715957E-01  5.913772E+01  2.419174E-01  4.048191E-01
  1.586206E+00  0.000000E+00     4  3.845150E-03 -1.037868E+02 -9.163375E-04 -3.734368E-03
  1.586206E+00  0.000000E+00     5  5.373792E-02 -7.112191E+01  1.738721E-02 -5.084731E-02
  1.586206E+00  0.000000E+00     6  2.053495E-08  6.360401E+01  9.129272E-09  1.839404E-08
  1.586206E+00  1.000000E+01     1  1.337571E+00  8.827315E+01  4.030727E-02  1.336964E+00
  1.586206E+00  1.000000E+01     2  2.321041E-01  8.854757E+01  5.883129E-03  2.320295E-01
  1.586206E+00  1.000000E+01     3  4.711853E-01  5.934505E+01  2.402417E-01  4.053387E-01
  1.586206E+00  1.000000E+01     4  6.837745E-03  1.146043E+02 -2.846886E-03  6.216913E-03
  1.586206E+00  1.000000E+01     5  5.258183E-02 -7.149790E+01  1.668629E-02 -4.986398E-02
  1.586206E+00  1.000000E+01     6  1.349752E-07  1.715007E+02 -1.334928E-07  1.994892E-08
  1.586206E+00  2.000000E+01     1  1.275756E+00  8.824294E+01  3.911671E-02  1.275156E+00
  1.586206E+00  2.000000E+01     2  4.611466E-01  8.828398E+01  1.380937E-02  4.609398E-01
  1.586206E+00  2.000000E+01     3  4.708022E-01  5.951186E+01  2.388662E-01  4.057064E-01
  1.586206E+00  2.000000E+01     4  1.661352E-02  1.072417E+02 -4.924296E-03  1.586696E-02
  1.586206E+00  2.000000E+01     5  5.001277E-02 -7.229440E+01  1.521019E-02 -4.764376E-02
  1.586206E+00  2.000000E+01     6  2.111716E-07  1.742332E+02 -2.101029E-07  2.121855E-08
  1.586206E+00  3.000000E+01     1  1.175122E+00  8.820236E+01  3.686313E-02  1.174544E+00
  1.586206E+00  3.000000E+01     2  6.762661E-01  8.822879E+01  2.090237E-02  6.759430E-01
  1.586206E+00  3.000000E+01     3  4.705606E-01  5.963673E+01  2.378593E-01  4.060175E-01
  1.586206E+00  3.000000E+01     4  2.577777E-02  1.062842E+02 -7.228130E-03  2.474364E-02
  1.586206E+00  3.000000E+01     5  4.601662E-02 -7.339916E+01  1.314705E-02 -4.409857E-02
  1.586206E+00  3.000000E+01     6  1.874361E-07  1.732622E+02 -1.861415E-07  2.199105E-08
  1.586206E+00  4.000000E+01     1  1.038711E+00  8.815808E+01  3.338629E-02  1.038174E+00
  1.586206E+00  4.000000E+01     2  8.708552E-01  8.823045E+01  2.689167E-02  8.704399E-01
  1.586206E+00  4.000000E+01     3  4.705432E-01  5.972501E+01  2.372247E-01  4.063685E-01
  1.586206E+00  4.000000E+01     4  3.390896E-02  1.066497E+02 -9.715559E-03  3.248732E-02
  1.586206E+00  4.000000E+01     5  4.060026E-02 -7.464735E+01  1.074930E-02 -3.915142E-02
  1.586206E+00  4.000000E+01     6  7.727198E-08  1.633388E+02 -7.402784E-08  2.215484E-08
  1.586206E+00  5.000000E+01     1  8.706799E-01  8.812011E+01  2.856209E-02  8.702113E-01
  1.586206E+00  5.000000E+01     2  1.038922E+00  8.825332E+01  3.166697E-02  1.038439E+00
  1.586206E+00  5.000000E+01     3  4.707757E-01  5.977933E+01  2.369563E-01  4.067941E-01
  1.586206E+00  5.000000E+01     4  4.075341E-02  1.074600E+02 -1.222762E-02  3.887577E-02
  1.586206E+00  5.000000E+01     5  3.380800E-02 -7.580828E+01  8.288616E-03 -3.277621E-02
  1.586206E+00  5.000000E+01     6  7.642280E-08  1.651315E+01  7.327070E-08  2.172206E-08
  1.586206E+00  6.000000E+01     1  6.761721E-01  8.810465E+01  2.236370E-02  6.758021E-01
  1.586206E+00  6.000000E+01     2  1.175291E+00  8.828164E+01  3.524291E-02  1.174763E+00
  1.586206E+00  6.000000E+01     3  4.712171E-01  5.979374E+01  2.370761E-01  4.072351E-01
  1.586206E+00  6.000000E+01     4  4.615934E-02  1.083504E+02 -1.453221E-02  4.381210E-02
  1.586206E+00  6.000000E+01     5  2.574963E-02 -7.653133E+01  5.997442E-03 -2.504145E-02
  1.586206E+00  6.000000E+01     6  1.881432E-07  6.349508E+00  1.869890E-07  2.080734E-08
  1.586206E+00  7.000000E+01     1  4.611447E-01  8.814596E+01  1.491964E-02  4.609033E-01
  1.586206E+00  7.000000E+01     2  1.275777E+00  8.830638E+01  3.770547E-02  1.275220E+00
  1.586206E+00  7.000000E+01     3  4.717731E-01  5.975443E+01  2.376355E-01  4.075527E-01
  1.586206E+00  7.000000E+01     4  5.004836E-02  1.091052E+02 -1.638098E-02  4.729166E-02
  1.586206E+00  7.000000E+01     5  1.663808E-02 -7.605472E+01  4.009695E-03 -1.614769E-02
  1.586206E+00  7.000000E+01     6  2.151023E-07  5.220232E+00  2.142102E-07  1.957092E-08
  1.586206E+00  8.000000E+01     1  2.321738E-01  8.838462E+01  6.544978E-03  2.320816E-01
  1.586206E+00  8.000000E+01     2  1.337325E+00  8.832188E+01  3.916286E-02  1.336751E+00
  1.586206E+00  8.000000E+01     3  4.723278E-01  5.964703E+01  2.386794E-01  4.075853E-01
  1.586206E+00  8.000000E+01     4  5.239612E-02  1.095807E+02 -1.755975E-02  4.936607E-02
  1.586206E+00  8.000000E+01     5  6.847938E-03 -7.017520E+01  2.322445E-03 -6.442088E-03
  1.586206E+00  8.000000E+01     6  1.436546E-07  7.259691E+00  1.425030E-07  1.815316E-08
  1.586206E+00  9.000000E+01     1  4.342327E-03 -1.216189E+02 -2.276541E-03 -3.697724E-03
  1.586206E+00  9.000000E+01     2  1.358102E+00  8.832443E+01  3.971105E-02  1.357522E+00
  1.586206E+00  9.000000E+01     3  4.727814E-01  5.946691E+01  2.401899E-01  4.072236E-01
  1.586206E+00  9.000000E+01     4  5.322212E-02  1.096798E+02 -1.792323E-02  5.011339E-02
  1.586206E+00  9.000000E+01     5  3.691805E-03  7.749373E+01  7.994475E-04  3.604207E-03
  1.586206E+00  9.000000E+01     6  1.774536E-08  6.961289E+01  6.181794E-09  1.663380E-08
  1.586206E+00  1.000000E+02     1  2.395354E-01 -9.262389E+01 -1.096580E-02 -2.392843E-01
  1.586206E+00  1.000000E+02     2  1.337550E+00  8.831154E+01  3.941086E-02  1.336969E+00
  1.586206E+00  1.000000E+02     3  4.730788E-01  5.922771E+01  2.420400E-01  4.064728E-01
  1.586206E+00  1.000000E+02     4  5.258124E-02  1.093420E+02 -1.741519E-02  4.961349E-02
  1.586206E+00  1.000000E+02     5  1.348052E-02  9.330192E+01 -7.764429E-04  1.345814E-02
  1.586206E+00  1.000000E+02     6  1.304575E-07  1.733811E+02 -1.295880E-07  1.503709E-08
  1.586206E+00  1.100000E+02     1  4.679379E-01 -9.232201E+01 -1.895877E-02 -4.675537E-01
  1.586206E+00  1.100000E+02     2  1.276378E+00  8.828180E+01  3.827054E-02  1.275804E+00
  1.586206E+00  1.100000E+02     3  4.732155E-01  5.896355E+01  2.439820E-01  4.054697E-01
  1.586206E+00  1.100000E+02     4  5.054908E-02  1.085466E+02 -1.607843E-02  4.792383E-02
  1.586206E+00  1.100000E+02     5  2.276289E-02  9.660280E+01 -2.617408E-03  2.261190E-02
  1.586206E+00  1.100000E+02     6  2.002897E-07  1.761702E+02 -1.998424E-07  1.337785E-08
  1.586206E+00  1.200000E+02     1  6.821043E-01 -9.216907E+01 -2.581649E-02 -6.816156E-01
  1.586206E+00  1.200000E+02     2  1.176521E+00  8.823514E+01  3.623423E-02  1.175963E+00
  1.586206E+00  1.200000E+02     3  4.732212E-01  5.872285E+01  2.456862E-01  4.044460E-01
  1.586206E+00  1.200000E+02     4  4.719945E-02  1.073242E+02 -1.405499E-02  4.505824E-02
  1.586206E+00  1.200000E+02     5  3.104803E-02  9.897651E+01 -4.844410E-03  3.066776E-02
  1.586206E+00  1.200000E+02     6  1.711876E-07  1.760749E+02 -1.707861E-07  1.171825E-08
  1.586206E+00  1.300000E+02     1  8.755765E-01 -9.204832E+01 -3.129518E-02 -8.750170E-01
  1.586206E+00  1.300000E+02     2  1.041057E+00  8.817322E+01  3.318672E-02  1.040528E+00
  1.586206E+00  1.300000E+02     3  4.731324E-01  5.855499E+01  2.468237E-01  4.036488E-01
  1.586206E+00  1.300000E+02     4  4.258260E-02  1.057675E+02 -1.157115E-02  4.098031E-02
  1.586206E+00  1.300000E+02     5  3.812273E-02  1.012457E+02 -7.434596E-03  3.739077E-02
  1.586206E+00  1.300000E+02     6  5.639847E-08  1.695836E+02 -5.546901E-08  1.019686E-08
  1.586206E+00  1.400000E+02     1  1.042532E+00 -9.194338E+01 -3.535429E-02 -1.041933E+00
  1.586206E+00  1.400000E+02     2  8.741011E-01  8.809959E+01  2.898729E-02  8.736203E-01
  1.586206E+00  1.400000E+02     3  4.729704E-01  5.849459E+01  2.471644E-01  4.032502E-01
  1.586206E+00  1.400000E+02     4  3.672044E-02  1.040274E+02 -8.900527E-03  3.562543E-02
  1.586206E+00  1.400000E+02     5  4.391683E-02  1.034565E+02 -1.021975E-02  4.271118E-02
  1.586206E+00  1.400000E+02     6  9.316749E-08  5.547435E+00  9.273114E-08  9.006482E-09
  1.586206E+00  1.500000E+02     1  1.177950E+00 -9.185389E+01 -3.810770E-02 -1.177333E+00
  1.586206E+00  1.500000E+02     2  6.806856E-01  8.801858E+01  2.353500E-02  6.802786E-01
  1.586206E+00  1.500000E+02     3  4.727321E-01  5.854995E+01  2.466504E-01  4.032856E-01
  1.586206E+00  1.500000E+02     4  2.963263E-02  1.022847E+02 -6.304936E-03  2.895411E-02
  1.586206E+00  1.500000E+02     5  4.843663E-02  1.054825E+02 -1.292986E-02  4.667897E-02
  1.586206E+00  1.500000E+02     6  2.050991E-07  2.326814E+00  2.049300E-07  8.326902E-09
  1.586206E+00  1.600000E+02     1  1.277740E+00 -9.178249E+01 -3.974457E-02 -1.277121E+00
  1.586206E+00  1.600000E+02     2  4.666191E-01  8.793073E+01  1.684859E-02  4.663149E-01
  1.586206E+00  1.600000E+02     3  4.723929E-01  5.870078E+01  2.454117E-01  4.036437E-01
  1.586206E+00  1.600000E+02     4  2.139139E-02  1.006854E+02 -3.966304E-03  2.102046E-02
  1.586206E+00  1.600000E+02     5  5.169621E-02  1.071683E+02 -1.525966E-02  4.939272E-02
  1.586206E+00  1.600000E+02     6  2.285543E-07  2.067525E+00  2.284055E-07  8.245617E-09
  1.586206E+00  1.700000E+02     1  1.338858E+00 -9.173139E+01 -4.045204E-02 -1.338246E+00
  1.586206E+00  1.700000E+02     2  2.383288E-01  8.780509E+01  9.127766E-03  2.381539E-01
  1.586206E+00  1.700000E+02     3  4.719191E-01  5.890635E+01  2.437172E-01  4.041158E-01
  1.586206E+00  1.700000E+02     4  1.218045E-02  9.914016E+01 -1.934866E-03  1.202580E-02
  1.586206E+00  1.700000E+02     5  5.367442E-02  1.083905E+02 -1.693380E-02  5.093319E-02
  1.586206E+00  1.700000E+02     6  1.514512E-07  3.296226E+00  1.512006E-07  8.708180E-09
  1.586206E+00  1.800000E+02     1  1.359392E+00 -9.170142E+01 -4.036168E-02 -1.358793E+00
  1.586206E+00  1.800000E+02     2  2.761739E-03  7.397413E+01  7.624368E-04  2.654410E-03
  1.586206E+00  1.800000E+02     3  4.712887E-01  5.912030E+01  2.418829E-01  4.044820E-01
  1.586206E+00  1.800000E+02     4  2.332823E-03  9.295059E+01 -1.200814E-04  2.329730E-03
  1.586206E+00  1.800000E+02     5  5.430829E-02  1.090829E+02 -1.775535E-02  5.132385E-02
  1.586206E+00  1.800000E+02     6  1.263869E-08  4.891417E+01  8.306003E-09  9.526105E-09
  1.586206E+00  1.900000E+02     1  1.338636E+00 -9.169198E+01 -3.952508E-02 -1.338053E+00
  1.586206E+00  1.900000E+02     2  2.332121E-01 -9.189795E+01 -7.723833E-03 -2.330842E-01
  1.586206E+00  1.900000E+02     3  4.705155E-01  5.930541E+01  2.401801E-01  4.045965E-01
  1.586206E+00  1.900000E+02     4  7.771066E-03 -7.763096E+01  1.664621E-03 -7.590685E-03
  1.586206E+00  1.900000E+02     5  5.351289E-02  1.092398E+02 -1.763367E-02  5.052408E-02
  1.586206E+00  1.900000E+02     6  1.347305E-07  1.755551E+02 -1.343252E-07  1.044164E-08
  1.586206E+00  2.000000E+02     1  1.277130E+00 -9.170111E+01 -3.791230E-02 -1.276567E+00
  1.586206E+00  2.000000E+02     2  4.621928E-01 -9.195646E+01 -1.577930E-02 -4.619233E-01
  1.586206E+00  2.000000E+02     3  4.696641E-01  5.944233E+01  2.387798E-01  4.044362E-01
  1.586206E+00  2.000000E+02     4  1.759539E-02 -7.813619E+01  3.617368E-03 -1.721954E-02
  1.586206E+00  2.000000E+02     5  5.120949E-02  1.089080E+02 -1.659445E-02  4.844621E-02
  1.586206E+00  2.000000E+02     6  2.112121E-07  1.769548E+02 -2.109138E-07  1.122045E-08
  1.586206E+00  2.100000E+02     1  1.176673E+00 -9.172527E+01 -3.542618E-02 -1.176139E+00
  1.586206E+00  2.100000E+02     2  6.772824E-01 -9.194088E+01 -2.293836E-02 -6.768939E-01
  1.586206E+00  2.100000E+02     3  4.688438E-01  5.952940E+01  2.377489E-01  4.040915E-01
  1.586206E+00  2.100000E+02     4  2.673786E-02 -7.734399E+01  5.858191E-03 -2.608821E-02
  1.586206E+00  2.100000E+02     5  4.734915E-02  1.081817E+02 -1.477446E-02  4.498508E-02
  1.586206E+00  2.100000E+02     6  1.872685E-07  1.764089E+02 -1.869008E-07  1.172980E-08
  1.586206E+00  2.200000E+02     1  1.040285E+00 -9.175897E+01 -3.193156E-02 -1.039795E+00
  1.586206E+00  2.200000E+02     2  8.718882E-01 -9.189961E+01 -2.890172E-02 -8.714090E-01
  1.586206E+00  2.200000E+02     3  4.681794E-01  5.957501E+01  2.370907E-01  4.037077E-01
  1.586206E+00  2.200000E+02     4  3.485893E-02 -7.610514E+01  8.371056E-03 -3.383889E-02
  1.586206E+00  2.200000E+02     5  4.192901E-02  1.072011E+02 -1.239952E-02  4.005363E-02
  1.586206E+00  2.200000E+02     6  7.566046E-08  1.708989E+02 -7.470796E-08  1.196769E-08
  1.586206E+00  2.300000E+02     1  8.721236E-01 -9.179398E+01 -2.730242E-02 -8.716961E-01
  1.586206E+00  2.300000E+02     2  1.040019E+00 -9.184908E+01 -3.355820E-02 -1.039477E+00
  1.586206E+00  2.300000E+02     3  4.677727E-01  5.958720E+01  2.367989E-01  4.034075E-01
  1.586206E+00  2.300000E+02     4  4.172432E-02 -7.471744E+01  1.099767E-02 -4.024885E-02
  1.586206E+00  2.300000E+02     5  3.500694E-02  1.061586E+02 -9.742323E-03  3.362400E-02
  1.586206E+00  2.300000E+02     6  7.368128E-08  9.399817E+00  7.269194E-08  1.203383E-08
  1.586206E+00  2.400000E+02     1  6.773489E-01 -9.181766E+01 -2.148477E-02 -6.770081E-01
  1.586206E+00  2.400000E+02     2  1.176486E+00 -9.179986E+01 -3.695149E-02 -1.175906E+00
  1.586206E+00  2.400000E+02     3  4.676716E-01  5.956598E+01  2.368971E-01  4.032325E-01
  1.586206E+00  2.400000E+02     4  4.718438E-02 -7.340172E+01  1.347867E-02 -4.521826E-02
  1.586206E+00  2.400000E+02     5  2.672148E-02  1.053250E+02 -7.062306E-03  2.577133E-02
  1.586206E+00  2.400000E+02     6  1.869169E-07  3.700094E+00  1.865273E-07  1.206249E-08
  1.586206E+00  2.500000E+02     1  4.619507E-01 -9.180624E+01 -1.456047E-02 -4.617211E-01
  1.586206E+00  2.500000E+02     2  1.277084E+00 -9.175968E+01 -3.921583E-02 -1.276482E+00
  1.586206E+00  2.500000E+02     3  4.678602E-01  5.950259E+01  2.374388E-01  4.031327E-01
  1.586206E+00  2.500000E+02     4  5.114922E-02 -7.233606E+01  1.552038E-02 -4.873767E-02
  1.586206E+00  2.500000E+02     5  1.731636E-02  1.052026E+02 -4.540930E-03  1.671037E-02
  1.586206E+00  2.500000E+02     6  2.142196E-07  3.252373E+00  2.138745E-07  1.215356E-08
  1.586206E+00  2.600000E+02     1  2.325465E-01 -9.167206E+01 -6.785436E-03 -2.324475E-01
  1.586206E+00  2.600000E+02     2  1.338734E+00 -9.173397E+01 -4.050858E-02 -1.338121E+00
  1.586206E+00  2.600000E+02     3  4.682750E-01  5.938578E+01  2.384714E-01  4.030048E-01
  1.586206E+00  2.600000E+02     4  5.357565E-02 -7.165517E+01  1.686215E-02 -5.085291E-02
  1.586206E+00  2.600000E+02     5  7.166189E-03  1.081842E+02 -2.236374E-03  6.808296E-03
  1.586206E+00  2.600000E+02     6  1.428309E-07  4.954293E+00  1.422972E-07  1.233502E-08
  1.586206E+00  2.700000E+02     1  4.053226E-03  6.945429E+01  1.422498E-03  3.795410E-03
  1.586206E+00  2.700000E+02     2  1.359588E+00 -9.172632E+01 -4.095807E-02 -1.358971E+00
  1.586206E+00  2.700000E+02     3  4.688348E-01  5.921197E+01  2.399793E-01  4.027604E-01
  1.586206E+00  2.700000E+02     4  5.446625E-02 -7.145000E+01  1.732746E-02 -5.163653E-02
  1.586206E+00  2.700000E+02     5  3.441179E-03 -9.134801E+01 -8.095385E-05 -3.440227E-03
  1.586206E+00  2.700000E+02     6  1.397399E-08  6.408830E+01  6.106430E-09  1.256917E-08
  1.586206E+00  2.800000E+02     1  2.399938E-01  8.771881E+01  9.552644E-03  2.398036E-01
  1.586206E+00  2.800000E+02     2  1.339077E+00 -9.173878E+01 -4.063128E-02 -1.338461E+00
  1.586206E+00  2.800000E+02     3  4.694681E-01  5.899394E+01  2.418365E-01  4.023872E-01
  1.586206E+00  2.800000E+02     4  5.386816E-02 -7.176849E+01  1.685304E-02 -5.116399E-02
  1.586206E+00  2.800000E+02     5  1.363611E-02 -8.126303E+01  2.071305E-03 -1.347788E-02
  1.586206E+00  2.800000E+02     6  1.301643E-07  1.743599E+02 -1.295342E-07  1.279252E-08
  1.586206E+00  2.900000E+02     1  4.687144E-01  8.790834E+01  1.710727E-02  4.684021E-01
  1.586206E+00  2.900000E+02     2  1.277916E+00 -9.177211E+01 -3.951851E-02 -1.277305E+00
  1.586206E+00  2.900000E+02     3  4.701226E-01  5.876314E+01  2.437949E-01  4.019694E-01
  1.586206E+00  2.900000E+02     4  5.185966E-02 -7.261289E+01  1.549702E-02 -4.949006E-02
  1.586206E+00  2.900000E+02     5  2.318902E-02 -7.915250E+01  4.364071E-03 -2.277467E-02
  1.586206E+00  2.900000E+02     6  2.000817E-07  1.762846E+02 -1.996612E-07  1.296537E-08
  1.586206E+00  3.000000E+02     1  6.830706E-01  8.801128E+01  2.370444E-02  6.826592E-01
  1.586206E+00  3.000000E+02     2  1.178047E+00 -9.182581E+01 -3.753384E-02 -1.177449E+00
  1.586206E+00  3.000000E+02     3  4.707557E-01  5.856361E+01  2.455234E-01  4.016580E-01
  1.586206E+00  3.000000E+02     4  4.852271E-02 -7.393414E+01  1.342828E-02 -4.662762E-02
  1.586206E+00  3.000000E+02     5  3.166740E-02 -7.748908E+01  6.859973E-03 -3.091545E-02
  1.586206E+00  3.000000E+02     6  1.709834E-07  1.756035E+02 -1.704802E-07  1.310719E-08
  1.586206E+00  3.100000E+02     1  8.765802E-01  8.809507E+01  2.913856E-02  8.760958E-01
  1.586206E+00  3.100000E+02     2  1.042557E+00 -9.189833E+01 -3.453576E-02 -1.041985E+00
  1.586206E+00  3.100000E+02     3  4.713203E-01  5.843910E+01  2.466912E-01  4.016046E-01
  1.586206E+00  3.100000E+02     4  4.391421E-02 -7.563227E+01  1.089706E-02 -4.254070E-02
  1.586206E+00  3.100000E+02     5  3.883409E-02 -7.584382E+01  9.497495E-03 -3.765480E-02
  1.586206E+00  3.100000E+02     6  5.662810E-08  1.664127E+02 -5.504326E-08  1.330342E-08
  1.586206E+00  3.200000E+02     1  1.043415E+00  8.816675E+01  3.337970E-02  1.042881E+00
  1.586206E+00  3.200000E+02     2  8.755667E-01 -9.198799E+01 -3.037340E-02 -8.750397E-01
  1.586206E+00  3.200000E+02     3  4.717613E-01  5.841859E+01  2.470659E-01  4.018920E-01
  1.586206E+00  3.200000E+02     4  3.805709E-02 -7.757780E+01  8.186602E-03 -3.716613E-02
  1.586206E+00  3.200000E+02     5  4.459334E-02 -7.425866E+01  1.209795E-02 -4.292092E-02
  1.586206E+00  3.200000E+02     6  9.426715E-08  8.345105E+00  9.326903E-08  1.368148E-08
  1.586206E+00  3.300000E+02     1  1.178565E+00  8.822427E+01  3.652067E-02  1.177999E+00
  1.586206E+00  3.300000E+02     2  6.821078E-01 -9.209665E+01 -2.495508E-02 -6.816512E-01
  1.586206E+00  3.300000E+02     3  4.720255E-01  5.850645E+01  2.465873E-01  4.024957E-01
  1.586206E+00  3.300000E+02     4  3.096806E-02 -7.967403E+01  5.550966E-03 -3.046650E-02
  1.586206E+00  3.300000E+02     5  4.894072E-02 -7.287275E+01  1.441279E-02 -4.677035E-02
  1.586206E+00  3.300000E+02     6  2.060695E-07  3.997106E+00  2.055683E-07  1.436430E-08
  1.586206E+00  3.400000E+02     1  1.277976E+00  8.826465E+01  3.870079E-02  1.277390E+00
  1.586206E+00  3.400000E+02     2  4.679856E-01 -9.224361E+01 -1.832090E-02 -4.676268E-01
  1.586206E+00  3.400000E+02     3  4.720789E-01  5.868159E+01  2.453836E-01  4.032932E-01
  1.586206E+00  3.400000E+02     4  2.271843E-02 -8.202097E+01  3.153559E-03 -2.249850E-02
  1.586206E+00  3.400000E+02     5  5.190478E-02 -7.182830E+01  1.618731E-02 -4.931609E-02
  1.586206E+00  3.400000E+02     6  2.296459E-07  3.849466E+00  2.291278E-07  1.541735E-08
  1.586206E+00  3.500000E+02     1  1.338651E+00  8.828611E+01  4.003704E-02  1.338052E+00
  1.586206E+00  3.500000E+02     2  2.396273E-01 -9.255679E+01 -1.068969E-02 -2.393887E-01
  1.586206E+00  3.500000E+02     3  4.719216E-01  5.890586E+01  2.437219E-01  4.041158E-01
  1.586206E+00  3.500000E+02     4  1.350584E-02 -8.563323E+01  1.028346E-03 -1.346663E-02
  1.586206E+00  3.500000E+02     5  5.350516E-02 -7.122881E+01  1.721740E-02 -5.065928E-02
  1.586206E+00  3.500000E+02     6  1.529126E-07  6.310649E+00  1.519860E-07  1.680801E-08
  1.538846E+00  0.000000E+00     1  1.308418E+00  9.097909E+01 -2.235755E-02  1.308227E+00
  1.538846E+00  0.000000E+00     2  4.096609E-03 -1.203146E+02 -2.067752E-03 -3.536468E-03
  1.538846E+00  0.000000E+00     3  4.227581E-01  6.382532E+01  1.864825E-01  3.794057E-01
  1.538846E+00  0.000000E+00     4  3.634094E-03 -1.017077E+02 -7.374290E-04 -3.558488E-03
  1.538846E+00  0.000000E+00     5  6.182304E-02 -7.060256E+01  2.053261E-02 -5.831381E-02
  1.538846E+00  0.000000E+00     6  1.866539E-08  6.783759E+01  7.041208E-09  1.728636E-08
  1.538846E+00  1.000000E+01     1  1.288047E+00  9.096107E+01 -2.160457E-02  1.287866E+00
  1.538846E+00  1.000000E+01     2  2.234740E-01  9.114643E+01 -4.471203E-03  2.234293E-01
  1.538846E+00  1.000000E+01     3  4.225197E-01  6.406460E+01  1.847921E-01  3.799668E-01
  1.538846E+00  1.000000E+01     4  8.249117E-03  1.109078E+02 -2.943816E-03  7.705964E-03
  1.538846E+00  1.000000E+01     5  6.057095E-02 -7.099977E+01  1.972020E-02 -5.727088E-02
  1.538846E+00  1.000000E+01     6  1.693790E-07  1.734759E+02 -1.682822E-07  1.924490E-08
  1.538846E+00  2.000000E+01     1  1.228453E+00  9.092544E+01 -1.984112E-02  1.228292E+00
  1.538846E+00  2.000000E+01     2  4.438429E-01  9.090390E+01 -7.001802E-03  4.437876E-01
  1.538846E+00  2.000000E+01     3  4.222368E-01  6.425420E+01  1.834109E-01  3.803214E-01
  1.538846E+00  2.000000E+01     4  1.938558E-02  1.060030E+02 -5.344374E-03  1.863433E-02
  1.538846E+00  2.000000E+01     5  5.763350E-02 -7.183159E+01  1.797077E-02 -5.476013E-02
  1.538846E+00  2.000000E+01     6  2.628873E-07  1.754596E+02 -2.620622E-07  2.081087E-08
  1.538846E+00  3.000000E+01     1  1.131428E+00  9.087690E+01 -1.731555E-02  1.131296E+00
  1.538846E+00  3.000000E+01     2  6.509080E-01  9.086174E+01 -9.789371E-03  6.508344E-01
  1.538846E+00  3.000000E+01     3  4.220511E-01  6.439348E+01  1.824056E-01  3.805986E-01
  1.538846E+00  3.000000E+01     4  2.981596E-02  1.056529E+02 -8.044608E-03  2.871021E-02
  1.538846E+00  3.000000E+01     5  5.301980E-02 -7.299768E+01  1.550354E-02 -5.070246E-02
  1.538846E+00  3.000000E+01     6  2.328054E-07  1.746563E+02 -2.317936E-07  2.168118E-08
  1.538846E+00  4.000000E+01     1  9.999450E-01  9.082248E+01 -1.435377E-02  9.998420E-01
  1.538846E+00  4.000000E+01     2  8.383122E-01  9.087535E+01 -1.280706E-02  8.382144E-01
  1.538846E+00  4.000000E+01     3  4.220815E-01  6.449018E+01  1.817761E-01  3.809334E-01
  1.538846E+00  4.000000E+01     4  3.911135E-02  1.063270E+02 -1.099496E-02  3.753410E-02
  1.538846E+00  4.000000E+01     5  4.677355E-02 -7.434851E+01  1.261881E-02 -4.503921E-02
  1.538846E+00  4.000000E+01     6  9.552691E-08  1.668443E+02 -9.301983E-08  2.174169E-08
  1.538846E+00  5.000000E+01     1  8.380583E-01  9.077279E+01 -1.130317E-02  8.379821E-01
  1.538846E+00  5.000000E+01     2  1.000259E+00  9.090939E+01 -1.587525E-02  1.000133E+00
  1.538846E+00  5.000000E+01     3  4.223730E-01  6.454878E+01  1.815116E-01  3.813824E-01
  1.538846E+00  5.000000E+01     4  4.698320E-02  1.073366E+02 -1.400024E-02  4.484880E-02
  1.538846E+00  5.000000E+01     5  3.898087E-02 -7.567239E+01  9.646436E-03 -3.776843E-02
  1.538846E+00  5.000000E+01     6  9.132248E-08  1.335066E+01  8.885449E-08  2.108729E-08
  1.538846E+00  6.000000E+01     1  6.507657E-01  9.074473E+01 -8.458363E-03  6.507107E-01
  1.538846E+00  6.000000E+01     2  1.131718E+00  9.094756E+01 -1.871554E-02  1.131563E+00
  1.538846E+00  6.000000E+01     3  4.228726E-01  6.456322E+01  1.816301E-01  3.818792E-01
  1.538846E+00  6.000000E+01     4  5.323820E-02  1.083672E+02 -1.677568E-02  5.052605E-02
  1.538846E+00  6.000000E+01     5  2.979055E-02 -7.665704E+01  6.875045E-03 -2.898639E-02
  1.538846E+00  6.000000E+01     6  2.299453E-07  4.979456E+00  2.290774E-07  1.995891E-08
  1.538846E+00  7.000000E+01     1  4.438272E-01  9.077257E+01 -5.984329E-03  4.437868E-01
  1.538846E+00  7.000000E+01     2  1.228607E+00  9.098043E+01 -2.102250E-02  1.228427E+00
  1.538846E+00  7.000000E+01     3  4.234449E-01  6.451751E+01  1.821809E-01  3.822508E-01
  1.538846E+00  7.000000E+01     4  5.775463E-02  1.092264E+02 -1.901872E-02  5.453334E-02
  1.538846E+00  7.000000E+01     5  1.944735E-02 -7.669051E+01  4.476993E-03 -1.892501E-02
  1.538846E+00  7.000000E+01     6  2.630186E-07  4.060805E+00  2.623582E-07  1.862569E-08
  1.538846E+00  8.000000E+01     1  2.235656E-01  9.099093E+01 -3.866354E-03  2.235321E-01
  1.538846E+00  8.000000E+01     2  1.287939E+00  9.100209E+01 -2.252457E-02  1.287742E+00
  1.538846E+00  8.000000E+01     3  4.239236E-01  6.439423E+01  1.832098E-01  3.822896E-01
  1.538846E+00  8.000000E+01     4  6.047054E-02  1.097863E+02 -2.047010E-02  5.690045E-02
  1.538846E+00  8.000000E+01     5  8.337708E-03 -7.286274E+01  2.456805E-03 -7.967527E-03
  1.538846E+00  8.000000E+01     6  1.741010E-07  5.692029E+00  1.732426E-07  1.726757E-08
  1.538846E+00  9.000000E+01     1  3.880210E-03 -1.195862E+02 -1.915787E-03 -3.374284E-03
  1.538846E+00  9.000000E+01     2  1.307923E+00  9.100864E+01 -2.302354E-02  1.307721E+00
  1.538846E+00  9.000000E+01     3  4.241771E-01  6.418673E+01  1.847035E-01  3.818518E-01
  1.538846E+00  9.000000E+01     4  6.138182E-02  1.099601E+02 -2.095369E-02  5.769463E-02
  1.538846E+00  9.000000E+01     5  3.436321E-03  7.906405E+01  6.519096E-04  3.373917E-03
  1.538846E+00  9.000000E+01     6  1.643385E-08  7.559484E+01  4.088368E-09  1.591718E-08
  1.538846E+00  1.000000E+02     1  2.300925E-01 -8.996058E+01  1.583149E-04 -2.300925E-01
  1.538846E+00  1.000000E+02     2  1.288018E+00  9.099731E+01 -2.241850E-02  1.287823E+00
  1.538846E+00  1.000000E+02     3  4.241599E-01  6.390953E+01  1.865412E-01  3.809383E-01
  1.538846E+00  1.000000E+02     4  6.053996E-02  1.096908E+02 -2.039854E-02  5.699988E-02
  1.538846E+00  1.000000E+02     5  1.457204E-02  9.473705E+01 -1.203403E-03  1.452227E-02
  1.538846E+00  1.000000E+02     6  1.650685E-07  1.749635E+02 -1.644312E-07  1.449132E-08
  1.538846E+00  1.100000E+02     1  4.498163E-01 -8.966471E+01  2.632261E-03 -4.498086E-01
  1.538846E+00  1.100000E+02     2  1.228928E+00  9.096629E+01 -2.072472E-02  1.228753E+00
  1.538846E+00  1.100000E+02     3  4.239250E-01  6.360166E+01  1.884809E-01  3.797201E-01
  1.538846E+00  1.100000E+02     4  5.803891E-02  1.089527E+02 -1.885033E-02  5.489244E-02
  1.538846E+00  1.100000E+02     5  2.515338E-02  9.769948E+01 -3.369977E-03  2.492661E-02
  1.538846E+00  1.100000E+02     6  2.522079E-07  1.770693E+02 -2.518780E-07  1.289481E-08
  1.538846E+00  1.200000E+02     1  6.559441E-01 -8.950642E+01  5.650631E-03 -6.559197E-01
  1.538846E+00  1.200000E+02     2  1.132552E+00  9.091512E+01 -1.808812E-02  1.132408E+00
  1.538846E+00  1.200000E+02     3  4.235909E-01  6.332012E+01  1.901945E-01  3.784909E-01
  1.538846E+00  1.200000E+02     4  5.398852E-02  1.077661E+02 -1.647360E-02  5.141382E-02
  1.538846E+00  1.200000E+02     5  3.467374E-02  9.995643E+01 -5.995065E-03  3.415153E-02
  1.538846E+00  1.200000E+02     6  2.167873E-07  1.770550E+02 -2.165010E-07  1.113780E-08
  1.538846E+00  1.300000E+02     1  8.422716E-01 -8.937710E+01  9.156667E-03 -8.422218E-01
  1.538846E+00  1.300000E+02     2  1.001907E+00  9.084538E+01 -1.478222E-02  1.001798E+00
  1.538846E+00  1.300000E+02     3  4.232843E-01  6.312417E+01  1.913493E-01  3.775647E-01
  1.538846E+00  1.300000E+02     4  4.848412E-02  1.062131E+02 -1.353725E-02  4.655591E-02
  1.538846E+00  1.300000E+02     5  4.289790E-02  1.021756E+02 -9.047533E-03  4.193294E-02
  1.538846E+00  1.300000E+02     6  7.506703E-08  1.728088E+02 -7.447655E-08  9.396951E-09
  1.538846E+00  1.400000E+02     1  1.003176E+00 -8.926344E+01  1.289585E-02 -1.003094E+00
  1.538846E+00  1.400000E+02     2  8.410048E-01  9.076101E+01 -1.116997E-02  8.409307E-01
  1.538846E+00  1.400000E+02     3  4.230854E-01  6.305597E+01  1.917084E-01  3.771593E-01
  1.538846E+00  1.400000E+02     4  4.159139E-02  1.044417E+02 -1.037269E-02  4.027717E-02
  1.538846E+00  1.400000E+02     5  4.972985E-02  1.043425E+02 -1.231893E-02  4.817989E-02
  1.538846E+00  1.400000E+02     6  1.086643E-07  4.211417E+00  1.083709E-07  7.979971E-09
  1.538846E+00  1.500000E+02     1  1.133783E+00 -8.916692E+01  1.648467E-02 -1.133664E+00
  1.538846E+00  1.500000E+02     2  6.547322E-01  9.066724E+01 -7.624519E-03  6.546878E-01
  1.538846E+00  1.500000E+02     3  4.229988E-01  6.312584E+01  1.912092E-01  3.773156E-01
  1.538846E+00  1.500000E+02     4  3.336470E-02  1.026423E+02 -7.302343E-03  3.255579E-02
  1.538846E+00  1.500000E+02     5  5.514262E-02  1.063046E+02 -1.548099E-02  5.292492E-02
  1.538846E+00  1.500000E+02     6  2.472652E-07  1.669806E+00  2.471602E-07  7.205182E-09
  1.538846E+00  1.600000E+02     1  1.230107E+00 -8.909119E+01  1.951084E-02 -1.229952E+00
  1.538846E+00  1.600000E+02     2  4.486979E-01  9.056539E+01 -4.427632E-03  4.486760E-01
  1.538846E+00  1.600000E+02     3  4.229542E-01  6.330914E+01  1.899810E-01  3.778855E-01
  1.538846E+00  1.600000E+02     4  2.390096E-02  1.009830E+02 -4.553537E-03  2.346319E-02
  1.538846E+00  1.600000E+02     5  5.910959E-02  1.079017E+02 -1.816934E-02  5.624783E-02
  1.538846E+00  1.600000E+02     6  2.768851E-07  1.501420E+00  2.767901E-07  7.254869E-09
  1.538846E+00  1.700000E+02     1  1.289167E+00 -8.903882E+01  2.162568E-02 -1.288986E+00
  1.538846E+00  1.700000E+02     2  2.290752E-01  9.042171E+01 -1.686014E-03  2.290690E-01
  1.538846E+00  1.700000E+02     3  4.228366E-01  6.355642E+01  1.882960E-01  3.785966E-01
  1.538846E+00  1.700000E+02     4  1.340427E-02  9.940597E+01 -2.190642E-03  1.322405E-02
  1.538846E+00  1.700000E+02     5  6.156740E-02  1.090174E+02 -2.006209E-02  5.820702E-02
  1.538846E+00  1.700000E+02     6  1.824546E-07  2.537187E+00  1.822757E-07  8.076862E-09
  1.538846E+00  1.800000E+02     1  1.309084E+00 -8.901061E+01  2.260430E-02 -1.308888E+00
  1.538846E+00  1.800000E+02     2  2.532016E-03  7.412621E+01  6.925554E-04  2.435462E-03
  1.538846E+00  1.800000E+02     3  4.225371E-01  6.381188E+01  1.864740E-01  3.791636E-01
  1.538846E+00  1.800000E+02     4  2.233093E-03  9.258399E+01 -1.006766E-04  2.230823E-03
  1.538846E+00  1.800000E+02     5  6.241836E-02  1.095967E+02 -2.093498E-02  5.880287E-02
  1.538846E+00  1.800000E+02     6  1.149819E-08  5.471704E+01  6.641528E-09  9.386083E-09
  1.538846E+00  1.900000E+02     1  1.289153E+00 -8.900572E+01  2.237013E-02 -1.288959E+00
  1.538846E+00  1.900000E+02     2  2.244563E-01 -8.924822E+01  2.944996E-03 -2.244370E-01
  1.538846E+00  1.900000E+02     3  4.220085E-01  6.403147E+01  1.847880E-01  3.794002E-01
  1.538846E+00  1.900000E+02     4  9.207547E-03 -7.776342E+01  1.951529E-03 -8.998359E-03
  1.538846E+00  1.900000E+02     5  6.155836E-02  1.096404E+02 -2.069073E-02  5.797694E-02
  1.538846E+00  1.900000E+02     6  1.690115E-07  1.763468E+02 -1.686681E-07  1.076884E-08
  1.538846E+00  2.000000E+02     1  1.229894E+00 -8.902191E+01  2.099435E-02 -1.229714E+00
  1.538846E+00  2.000000E+02     2  4.447528E-01 -8.931204E+01  5.340056E-03 -4.447207E-01
  1.538846E+00  2.000000E+02     3  4.212979E-01  6.419311E+01  1.834076E-01  3.792804E-01
  1.538846E+00  2.000000E+02     4  2.034447E-02 -7.803889E+01  4.216347E-03 -1.990276E-02
  1.538846E+00  2.000000E+02     5  5.890970E-02  1.091948E+02 -1.936836E-02  5.563469E-02
  1.538846E+00  2.000000E+02     6  2.626846E-07  1.774161E+02 -2.624175E-07  1.184246E-08
  1.538846E+00  2.100000E+02     1  1.133060E+00 -8.905536E+01  1.867999E-02 -1.132906E+00
  1.538846E+00  2.100000E+02     2  6.517829E-01 -8.929186E+01  8.055461E-03 -6.517331E-01
  1.538846E+00  2.100000E+02     3  4.205381E-01  6.429604E+01  1.823964E-01  3.789246E-01
  1.538846E+00  2.100000E+02     4  3.074210E-02 -7.713324E+01  6.845791E-03 -2.997018E-02
  1.538846E+00  2.100000E+02     5  5.444412E-02  1.083465E+02 -1.713696E-02  5.167675E-02
  1.538846E+00  2.100000E+02     6  2.324324E-07  1.769427E+02 -2.321016E-07  1.239651E-08
  1.538846E+00  2.200000E+02     1  1.001602E+00 -8.910011E+01  1.573055E-02 -1.001478E+00
  1.538846E+00  2.200000E+02     2  8.392059E-01 -8.924236E+01  1.109679E-02 -8.391325E-01
  1.538846E+00  2.200000E+02     3  4.198965E-01  6.435127E+01  1.817533E-01  3.785219E-01
  1.538846E+00  2.200000E+02     4  4.002702E-02 -7.579614E+01  9.821539E-03 -3.880335E-02
  1.538846E+00  2.200000E+02     5  4.819407E-02  1.072248E+02 -1.427130E-02  4.603258E-02
  1.538846E+00  2.200000E+02     6  9.409359E-08  1.723956E+02 -9.326607E-08  1.245169E-08
  1.538846E+00  2.300000E+02     1  8.395733E-01 -8.914716E+01  1.249653E-02 -8.394803E-01
  1.538846E+00  2.300000E+02     2  1.001226E+00 -8.918245E+01  1.428603E-02 -1.001124E+00
  1.538846E+00  2.300000E+02     3  4.195078E-01  6.436891E+01  1.814686E-01  3.782274E-01
  1.538846E+00  2.300000E+02     4  4.792703E-02 -7.432411E+01  1.294966E-02 -4.614441E-02
  1.538846E+00  2.300000E+02     5  4.025947E-02  1.060093E+02 -1.110331E-02  3.869808E-02
  1.538846E+00  2.300000E+02     6  8.951712E-08  7.842329E+00  8.867990E-08  1.221439E-08
  1.538846E+00  2.400000E+02     1  6.519917E-01 -8.918279E+01  9.299010E-03 -6.519253E-01
  1.538846E+00  2.400000E+02     2  1.132798E+00 -8.912428E+01  1.731330E-02 -1.132666E+00
  1.538846E+00  2.400000E+02     3  4.194230E-01  6.434889E+01  1.815640E-01  3.780875E-01
  1.538846E+00  2.400000E+02     4  5.424838E-02 -7.294055E+01  1.591451E-02 -5.186150E-02
  1.538846E+00  2.400000E+02     5  3.082014E-02  1.049470E+02 -7.949314E-03  2.977733E-02
  1.538846E+00  2.400000E+02     6  2.292904E-07  2.988909E+00  2.289785E-07  1.195581E-08
  1.538846E+00  2.500000E+02     1  4.446522E-01 -8.918217E+01  6.346659E-03 -4.446069E-01
  1.538846E+00  2.500000E+02     2  1.229814E+00 -8.907653E+01  1.982070E-02 -1.229654E+00
  1.538846E+00  2.500000E+02     3  4.195977E-01  6.428006E+01  1.820939E-01  3.780265E-01
  1.538846E+00  2.500000E+02     4  5.885393E-02 -7.182049E+01  1.836214E-02 -5.591616E-02
  1.538846E+00  2.500000E+02     5  2.015638E-02  1.044475E+02 -5.028874E-03  1.951897E-02
  1.538846E+00  2.500000E+02     6  2.626020E-07  2.592689E+00  2.623332E-07  1.187894E-08
  1.538846E+00  2.600000E+02     1  2.239230E-01 -8.905872E+01  3.678545E-03 -2.238928E-01
  1.538846E+00  2.600000E+02     2  1.289260E+00 -8.904519E+01  2.148388E-02 -1.289081E+00
  1.538846E+00  2.600000E+02     3  4.199247E-01  6.414775E+01  1.831090E-01  3.778993E-01
  1.538846E+00  2.600000E+02     4  6.165852E-02 -7.109118E+01  1.998125E-02 -5.833115E-02
  1.538846E+00  2.600000E+02     5  8.670246E-03  1.061095E+02 -2.405761E-03  8.329795E-03
  1.538846E+00  2.600000E+02     6  1.737030E-07  3.973338E+00  1.732855E-07  1.203627E-08
  1.538846E+00  2.700000E+02     1  3.675100E-03  7.152078E+01  1.164862E-03  3.485607E-03
  1.538846E+00  2.700000E+02     2  1.309325E+00 -8.903413E+01  2.207112E-02 -1.309139E+00
  1.538846E+00  2.700000E+02     3  4.202930E-01  6.394617E+01  1.845991E-01  3.775836E-01
  1.538846E+00  2.700000E+02     4  6.263817E-02 -7.083642E+01  2.056200E-02 -5.916709E-02
  1.538846E+00  2.700000E+02     5  3.250443E-03 -8.969987E+01  1.702661E-05 -3.250399E-03
  1.538846E+00  2.700000E+02     6  1.302365E-08  7.122554E+01  4.191581E-09  1.233070E-08
  1.538846E+00  2.800000E+02     1  2.306382E-01  9.035378E+01 -1.424079E-03  2.306338E-01
  1.538846E+00  2.800000E+02     2  1.289460E+00 -8.904562E+01  2.147756E-02 -1.289281E+00
  1.538846E+00  2.800000E+02     3  4.206383E-01  6.368907E+01  1.864446E-01  3.770609E-01
  1.538846E+00  2.800000E+02     4  6.183617E-02 -7.110175E+01  2.002802E-02 -5.850291E-02
  1.538846E+00  2.800000E+02     5  1.481772E-02 -8.053387E+01  2.436990E-03 -1.461595E-02
  1.538846E+00  2.800000E+02     6  1.647564E-07  1.756175E+02 -1.642747E-07  1.258965E-08
  1.538846E+00  2.900000E+02     1  4.507071E-01  9.054714E+01 -4.303902E-03  4.506865E-01
  1.538846E+00  2.900000E+02     2  1.230373E+00 -8.908066E+01  1.974116E-02 -1.230215E+00
  1.538846E+00  2.900000E+02     3  4.209588E-01  6.341317E+01  1.884016E-01  3.764454E-01
  1.538846E+00  2.900000E+02     4  5.935102E-02 -7.189346E+01  1.844540E-02 -5.641197E-02
  1.538846E+00  2.900000E+02     5  2.569055E-02 -7.866774E+01  5.048150E-03 -2.518969E-02
  1.538846E+00  2.900000E+02     6  2.519924E-07  1.771177E+02 -2.516736E-07  1.267139E-08
  1.538846E+00  3.000000E+02     1  6.570420E-01  9.065973E+01 -7.565338E-03  6.569984E-01
  1.538846E+00  3.000000E+02     2  1.133978E+00 -8.913883E+01  1.704327E-02 -1.133850E+00
  1.538846E+00  3.000000E+02     3  4.212904E-01  6.317138E+01  1.901382E-01  3.759429E-01
  1.538846E+00  3.000000E+02     4  5.530369E-02 -7.317051E+01  1.601177E-02 -5.293506E-02
  1.538846E+00  3.000000E+02     5  3.541693E-02 -7.704590E+01  7.939425E-03 -3.451557E-02
  1.538846E+00  3.000000E+02     6  2.166162E-07  1.766778E+02 -2.162522E-07  1.255307E-08
  1.538846E+00  3.100000E+02     1  8.434112E-01  9.075506E+01 -1.111432E-02  8.433380E-01
  1.538846E+00  3.100000E+02     2  1.003302E+00 -8.921832E+01  1.368754E-02 -1.003208E+00
  1.538846E+00  3.100000E+02     3  4.216629E-01  6.301733E+01  1.913173E-01  3.757623E-01
  1.538846E+00  3.100000E+02     4  4.979848E-02 -7.483815E+01  1.302462E-02 -4.806504E-02
  1.538846E+00  3.100000E+02     5  4.373338E-02 -7.537819E+01  1.103996E-02 -4.231699E-02
  1.538846E+00  3.100000E+02     6  7.520949E-08  1.705391E+02 -7.418650E-08  1.236251E-08
  1.538846E+00  3.200000E+02     1  1.004185E+00  9.083792E+01 -1.468511E-02  1.004077E+00
  1.538846E+00  3.200000E+02     2  8.423636E-01 -8.931657E+01  1.004760E-02 -8.423037E-01
  1.538846E+00  3.200000E+02     3  4.220670E-01  6.298731E+01  1.916977E-01  3.760220E-01
  1.538846E+00  3.200000E+02     4  4.290269E-02 -7.675996E+01  9.826052E-03 -4.176230E-02
  1.538846E+00  3.200000E+02     5  5.051677E-02 -7.375740E+01  1.412979E-02 -4.850045E-02
  1.538846E+00  3.200000E+02     6  1.093966E-07  6.476942E+00  1.086984E-07  1.234031E-08
  1.538846E+00  3.300000E+02     1  1.134502E+00  9.090473E+01 -1.791364E-02  1.134360E+00
  1.538846E+00  3.300000E+02     2  6.560475E-01 -8.943368E+01  6.484320E-03 -6.560155E-01
  1.538846E+00  3.300000E+02     3  4.224493E-01  6.308742E+01  1.912135E-01  3.766973E-01
  1.538846E+00  3.300000E+02     4  3.466662E-02 -7.880968E+01  6.727702E-03 -3.400754E-02
  1.538846E+00  3.300000E+02     5  5.573093E-02 -7.234560E+01  1.690178E-02 -5.310618E-02
  1.538846E+00  3.300000E+02     6  2.478478E-07  2.947961E+00  2.475198E-07  1.274655E-08
  1.538846E+00  3.400000E+02     1  1.230414E+00  9.095162E+01 -2.043485E-02  1.230244E+00
  1.538846E+00  3.400000E+02     2  4.499568E-01 -8.958581E+01  3.252706E-03 -4.499450E-01
  1.538846E+00  3.400000E+02     3  4.227313E-01  6.329216E+01  1.899929E-01  3.776300E-01
  1.538846E+00  3.400000E+02     4  2.518408E-02 -8.101602E+01  3.932704E-03 -2.487512E-02
  1.538846E+00  3.400000E+02     5  5.936775E-02 -7.129166E+01  1.904226E-02 -5.623097E-02
  1.538846E+00  3.400000E+02     6  2.775148E-07  2.839637E+00  2.771741E-07  1.374829E-08
  1.538846E+00  3.500000E+02     1  1.288992E+00  9.097645E+01 -2.196632E-02  1.288805E+00
  1.538846E+00  3.500000E+02     2  2.302618E-01 -8.989181E+01  4.347897E-04 -2.302614E-01
  1.538846E+00  3.500000E+02     3  4.228429E-01  6.355497E+01  1.883084E-01  3.785975E-01
  1.538846E+00  3.500000E+02     4  1.466841E-02 -8.419580E+01  1.483404E-03 -1.459321E-02
  1.538846E+00  3.500000E+02     5  6.140979E-02 -7.069635E+01  2.030051E-02 -5.795733E-02
  1.538846E+00  3.500000E+02     6  1.833163E-07  4.798003E+00  1.826740E-07  1.533315E-08
  1.495489E+00  0.000000E+00     1  1.258066E+00  9.401423E+01 -8.806997E-02  1.254980E+00
  1.495489E+00  0.000000E+00     2  3.717502E-03 -1.172547E+02 -1.702417E-03 -3.304784E-03
  1.495489E+00  0.000000E+00     3  3.787543E-01  6.856367E+01  1.384222E-01  3.525537E-01
  1.495489E+00  0.000000E+00     4  3.429405E-03 -9.930689E+01 -5.546119E-04 -3.384261E-03
  1.495489E+00  0.000000E+00     5  6.888856E-02 -6.914206E+01  2.452791E-02 -6.437403E-02
  1.495489E+00  0.000000E+00     6  1.695573E-08  7.316165E+01  4.911608E-09  1.622877E-08
  1.495489E+00  1.000000E+01     1  1.238473E+00  9.399376E+01 -8.625702E-02  1.235465E+00
  1.495489E+00  1.000000E+01     2  2.147191E-01  9.409876E+01 -1.534722E-02  2.141699E-01
  1.495489E+00  1.000000E+01     3  3.786775E-01  6.883135E+01  1.367459E-01  3.531249E-01
  1.495489E+00  1.000000E+01     4  9.438937E-03  1.096178E+02 -3.169071E-03  8.891036E-03
  1.495489E+00  1.000000E+01     5  6.754253E-02 -6.955469E+01  2.359350E-02 -6.328776E-02
  1.495489E+00  1.000000E+01     6  2.086554E-07  1.748366E+02 -2.078087E-07  1.877807E-08
  1.495489E+00  2.000000E+01     1  1.181070E+00  9.395350E+01 -8.143111E-02  1.178259E+00
  1.495489E+00  2.000000E+01     2  4.263528E-01  9.387600E+01 -2.882030E-02  4.253776E-01
  1.495489E+00  2.000000E+01     3  3.784660E-01  6.904250E+01  1.353679E-01  3.534289E-01
  1.495489E+00  2.000000E+01     4  2.166928E-02  1.061498E+02 -6.027294E-03  2.081416E-02
  1.495489E+00  2.000000E+01     5  6.424373E-02 -7.041682E+01  2.153290E-02 -6.052761E-02
  1.495489E+00  2.000000E+01     6  3.217964E-07  1.763110E+02 -3.211296E-07  2.070481E-08
  1.495489E+00  3.000000E+01     1  1.087614E+00  9.389825E+01 -7.394130E-02  1.085098E+00
  1.495489E+00  3.000000E+01     2  6.253311E-01  9.384576E+01 -4.194146E-02  6.239230E-01
  1.495489E+00  3.000000E+01     3  3.783035E-01  6.919610E+01  1.343623E-01  3.536387E-01
  1.495489E+00  3.000000E+01     4  3.315929E-02  1.062130E+02 -9.258365E-03  3.184056E-02
  1.495489E+00  3.000000E+01     5  5.903377E-02 -7.163811E+01  1.859669E-02 -5.602811E-02
  1.495489E+00  3.000000E+01     6  2.843163E-07  1.756484E+02 -2.834966E-07  2.157280E-08
  1.495489E+00  4.000000E+01     1  9.610182E-01  9.383521E+01 -6.427974E-02  9.588661E-01
  1.495489E+00  4.000000E+01     2  8.055490E-01  9.387005E+01 -5.436949E-02  8.037121E-01
  1.495489E+00  4.000000E+01     3  3.783609E-01  6.930077E+01  1.337363E-01  3.539373E-01
  1.495489E+00  4.000000E+01     4  4.346863E-02  1.071253E+02 -1.279987E-02  4.154136E-02
  1.495489E+00  4.000000E+01     5  5.200662E-02 -7.308121E+01  1.513475E-02 -4.975568E-02
  1.495489E+00  4.000000E+01     6  1.160878E-07  1.694286E+02 -1.141174E-07  2.129757E-08
  1.495489E+00  5.000000E+01     1  8.052457E-01  9.377537E+01 -5.302135E-02  8.034982E-01
  1.495489E+00  5.000000E+01     2  9.613999E-01  9.391377E+01 -6.562042E-02  9.591578E-01
  1.495489E+00  5.000000E+01     3  3.787123E-01  6.936198E+01  1.334819E-01  3.544088E-01
  1.495489E+00  5.000000E+01     4  5.227160E-02  1.082995E+02 -1.641243E-02  4.962814E-02
  1.495489E+00  5.000000E+01     5  4.330448E-02 -7.454577E+01  1.153928E-02 -4.173875E-02
  1.495489E+00  5.000000E+01     6  1.092439E-07  1.062971E+01  1.073693E-07  2.015125E-08
  1.495489E+00  6.000000E+01     1  6.251605E-01  9.373621E+01 -4.073735E-02  6.238318E-01
  1.495489E+00  6.000000E+01     2  1.087987E+00  9.396031E+01 -7.514232E-02  1.085389E+00
  1.495489E+00  6.000000E+01     3  3.792920E-01  6.937393E+01  1.336123E-01  3.549791E-01
  1.495489E+00  6.000000E+01     4  5.932382E-02  1.094477E+02 -1.975164E-02  5.593915E-02
  1.495489E+00  6.000000E+01     5  3.312570E-02 -7.573634E+01  8.161655E-03 -3.210451E-02
  1.495489E+00  6.000000E+01     6  2.786037E-07  3.831615E+00  2.779809E-07  1.861754E-08
  1.495489E+00  7.000000E+01     1  4.263326E-01  9.375210E+01 -2.789909E-02  4.254188E-01
  1.495489E+00  7.000000E+01     2  1.181321E+00  9.400005E+01 -8.240582E-02  1.178443E+00
  1.495489E+00  7.000000E+01     3  3.799134E-01  6.932002E+01  1.341656E-01  3.554346E-01
  1.495489E+00  7.000000E+01     4  6.444682E-02  1.103927E+02 -2.245664E-02  6.040772E-02
  1.495489E+00  7.000000E+01     5  2.174981E-02 -7.611418E+01  5.219690E-03 -2.111419E-02
  1.495489E+00  7.000000E+01     6  3.187258E-07  3.086498E+00  3.182635E-07  1.716131E-08
  1.495489E+00  8.000000E+01     1  2.148303E-01  9.395234E+01 -1.480752E-02  2.143194E-01
  1.495489E+00  8.000000E+01     2  1.238473E+00  9.402710E+01 -8.697587E-02  1.235415E+00
  1.495489E+00  8.000000E+01     3  3.803437E-01  6.918177E+01  1.351758E-01  3.555121E-01
  1.495489E+00  8.000000E+01     4  6.752774E-02  1.110200E+02 -2.422181E-02  6.303412E-02
  1.495489E+00  8.000000E+01     5  9.576071E-03 -7.343331E+01  2.730436E-03 -9.178554E-03
  1.495489E+00  8.000000E+01     6  2.098272E-07  4.378702E+00  2.092148E-07  1.601997E-08
  1.495489E+00  9.000000E+01     1  3.479041E-03 -1.171088E+02 -1.585337E-03 -3.096842E-03
  1.495489E+00  9.000000E+01     2  1.257688E+00  9.403753E+01 -8.855369E-02  1.254567E+00
  1.495489E+00  9.000000E+01     3  3.804049E-01  6.895174E+01  1.366240E-01  3.550236E-01
  1.495489E+00  9.000000E+01     4  6.852886E-02  1.112525E+02 -2.484026E-02  6.386835E-02
  1.495489E+00  9.000000E+01     5  3.204233E-03  8.090113E+01  5.067131E-04  3.163914E-03
  1.495489E+00  9.000000E+01     6  1.530170E-08  8.112834E+01  2.359853E-09  1.511863E-08
  1.495489E+00  1.000000E+02     1  2.206411E-01 -8.694638E+01  1.175365E-02 -2.203279E-01
  1.495489E+00  1.000000E+02     2  1.238438E+00  9.402831E+01 -8.699960E-02  1.235379E+00
  1.495489E+00  1.000000E+02     3  3.800552E-01  6.864496E+01  1.383956E-01  3.539614E-01
  1.495489E+00  1.000000E+02     4  6.749338E-02  1.110352E+02 -2.422613E-02  6.299565E-02
  1.495489E+00  1.000000E+02     5  1.541213E-02  9.658126E+01 -1.766419E-03  1.531057E-02
  1.495489E+00  1.000000E+02     6  2.042902E-07  1.760272E+02 -2.037993E-07  1.415372E-08
  1.495489E+00  1.100000E+02     1  4.316330E-01 -8.665552E+01  2.518105E-02 -4.308978E-01
  1.495489E+00  1.100000E+02     2  1.181419E+00  9.399712E+01 -8.235227E-02  1.178545E+00
  1.495489E+00  1.100000E+02     3  3.794105E-01  6.830336E+01  1.402652E-01  3.525309E-01
  1.495489E+00  1.100000E+02     4  6.453485E-02  1.103356E+02 -2.242705E-02  6.051260E-02
  1.495489E+00  1.100000E+02     5  2.704605E-02  9.935988E+01 -4.398636E-03  2.668597E-02
  1.495489E+00  1.100000E+02     6  3.112915E-07  1.776426E+02 -3.110280E-07  1.280411E-08
  1.495489E+00  1.200000E+02     1  6.296942E-01 -8.649200E+01  3.852969E-02 -6.285143E-01
  1.495489E+00  1.200000E+02     2  1.088502E+00  9.394285E+01 -7.484696E-02  1.085926E+00
  1.495489E+00  1.200000E+02     3  3.786941E-01  6.798968E+01  1.419245E-01  3.510935E-01
  1.495489E+00  1.200000E+02     4  5.980677E-02  1.091603E+02 -1.962934E-02  5.649370E-02
  1.495489E+00  1.200000E+02     5  3.760026E-02  1.015997E+02 -7.560379E-03  3.683233E-02
  1.495489E+00  1.200000E+02     6  2.687131E-07  1.776626E+02 -2.684895E-07  1.095939E-08
  1.495489E+00  1.300000E+02     1  8.088745E-01 -8.635487E+01  5.142544E-02 -8.072381E-01
  1.495489E+00  1.300000E+02     2  9.626472E-01  9.386669E+01 -6.491641E-02  9.604558E-01
  1.495489E+00  1.300000E+02     3  3.781416E-01  6.777074E+01  1.430561E-01  3.500371E-01
  1.495489E+00  1.300000E+02     4  5.346257E-02  1.075779E+02 -1.614578E-02  5.096626E-02
  1.495489E+00  1.300000E+02     5  4.682655E-02  1.038448E+02 -1.120526E-02  4.546612E-02
  1.495489E+00  1.300000E+02     6  9.640798E-08  1.747378E+02 -9.600166E-08  8.841855E-09
  1.495489E+00  1.400000E+02     1  9.637427E-01 -8.623376E+01  6.330442E-02 -9.616614E-01
  1.495489E+00  1.400000E+02     2  8.077784E-01  9.377269E+01 -5.315045E-02  8.060279E-01
  1.495489E+00  1.400000E+02     3  3.779057E-01  6.769510E+01  1.434286E-01  3.496297E-01
  1.495489E+00  1.400000E+02     4  4.562685E-02  1.057309E+02 -1.237034E-02  4.391793E-02
  1.495489E+00  1.400000E+02     5  5.460135E-02  1.060278E+02 -1.507566E-02  5.247887E-02
  1.495489E+00  1.400000E+02     6  1.265788E-07  3.148188E+00  1.263877E-07  6.951528E-09
  1.495489E+00  1.500000E+02     1  1.089560E+00 -8.613178E+01  7.350372E-02 -1.087078E+00
  1.495489E+00  1.500000E+02     2  6.286470E-01  9.366674E+01 -4.020387E-02  6.273601E-01
  1.495489E+00  1.500000E+02     3  3.780000E-01  6.777528E+01  1.429748E-01  3.499174E-01
  1.495489E+00  1.500000E+02     4  3.640075E-02  1.038180E+02 -8.693907E-03  3.534728E-02
  1.495489E+00  1.500000E+02     5  6.085369E-02  1.079728E+02 -1.877730E-02  5.788423E-02
  1.495489E+00  1.500000E+02     6  2.956317E-07  1.134815E+00  2.955737E-07  5.854974E-09
  1.495489E+00  1.600000E+02     1  1.182431E+00 -8.605337E+01  8.138337E-02 -1.179627E+00
  1.495489E+00  1.600000E+02     2  4.306720E-01  9.355073E+01 -2.667250E-02  4.298453E-01
  1.495489E+00  1.600000E+02     3  3.782974E-01  6.798359E+01  1.418132E-01  3.507106E-01
  1.495489E+00  1.600000E+02     4  2.590909E-02  1.020255E+02 -5.398080E-03  2.534051E-02
  1.495489E+00  1.600000E+02     5  6.550152E-02  1.095163E+02 -2.188242E-02  6.173823E-02
  1.495489E+00  1.600000E+02     6  3.323491E-07  1.020658E+00  3.322964E-07  5.920103E-09
  1.495489E+00  1.700000E+02     1  1.239434E+00 -8.600118E+01  8.643302E-02 -1.236416E+00
  1.495489E+00  1.700000E+02     2  2.197735E-01  9.338729E+01 -1.298529E-02  2.193896E-01
  1.495489E+00  1.700000E+02     3  3.785827E-01  6.826391E+01  1.402013E-01  3.516653E-01
  1.495489E+00  1.700000E+02     4  1.436818E-02  1.002957E+02 -2.567998E-03  1.413683E-02
  1.495489E+00  1.700000E+02     5  6.842597E-02  1.105526E+02 -2.402209E-02  6.407068E-02
  1.495489E+00  1.700000E+02     6  2.181374E-07  1.872560E+00  2.180209E-07  7.127970E-09
  1.495489E+00  1.800000E+02     1  1.258716E+00 -8.597569E+01  8.833636E-02 -1.255612E+00
  1.495489E+00  1.800000E+02     2  2.336915E-03  7.421029E+01  6.358921E-04  2.248736E-03
  1.495489E+00  1.800000E+02     3  3.786429E-01  6.855332E+01  1.384452E-01  3.524249E-01
  1.495489E+00  1.800000E+02     4  2.147953E-03  9.188635E+01 -7.070441E-05  2.146789E-03
  1.495489E+00  1.800000E+02     5  6.948620E-02  1.110398E+02 -2.494670E-02  6.485364E-02
  1.495489E+00  1.800000E+02     6  1.030673E-08  6.147987E+01  4.921127E-09  9.056000E-09
  1.495489E+00  1.900000E+02     1  1.239578E+00 -8.597568E+01  8.699343E-02 -1.236521E+00
  1.495489E+00  1.900000E+02     2  2.155927E-01 -8.624344E+01  1.412507E-02 -2.151295E-01
  1.495489E+00  1.900000E+02     3  3.783610E-01  6.880258E+01  1.368087E-01  3.527611E-01
  1.495489E+00  1.900000E+02     4  1.036563E-02 -7.673419E+01  2.378590E-03 -1.008903E-02
  1.495489E+00  1.900000E+02     5  6.855704E-02  1.109877E+02 -2.455488E-02  6.400880E-02
  1.495489E+00  1.900000E+02     6  2.080578E-07  1.769572E+02 -2.077645E-07  1.104409E-08
  1.495489E+00  2.000000E+02     1  1.182522E+00 -8.599863E+01  8.251681E-02 -1.179640E+00
  1.495489E+00  2.000000E+02     2  4.271400E-01 -8.631514E+01  2.745166E-02 -4.262569E-01
  1.495489E+00  2.000000E+02     3  3.777715E-01  6.898726E+01  1.354596E-01  3.526500E-01
  1.495489E+00  2.000000E+02     4  2.256458E-02 -7.697880E+01  5.084062E-03 -2.198437E-02
  1.495489E+00  2.000000E+02     5  6.556615E-02  1.104433E+02 -2.290092E-02  6.143670E-02
  1.495489E+00  2.000000E+02     6  3.212877E-07  1.777762E+02 -3.210457E-07  1.246695E-08
  1.495489E+00  2.100000E+02     1  1.089264E+00 -8.604052E+01  7.521484E-02 -1.086664E+00
  1.495489E+00  2.100000E+02     2  6.260726E-01 -8.629202E+01  4.048894E-02 -6.247620E-01
  1.495489E+00  2.100000E+02     3  3.770445E-01  6.910652E+01  1.344660E-01  3.522520E-01
  1.495489E+00  2.100000E+02     4  3.401025E-02 -7.599844E+01  8.228721E-03 -3.299977E-02
  1.495489E+00  2.100000E+02     5  6.051581E-02  1.094871E+02 -2.018774E-02  5.704926E-02
  1.495489E+00  2.100000E+02     6  2.836653E-07  1.773762E+02 -2.833680E-07  1.298550E-08
  1.495489E+00  2.200000E+02     1  9.626939E-01 -8.609509E+01  6.556016E-02 -9.604590E-01
  1.495489E+00  2.200000E+02     2  8.063055E-01 -8.623591E+01  5.293272E-02 -8.045662E-01
  1.495489E+00  2.200000E+02     3  3.764065E-01  6.917239E+01  1.338341E-01  3.518100E-01
  1.495489E+00  2.200000E+02     4  4.430603E-02 -7.457104E+01  1.178733E-02 -4.270929E-02
  1.495489E+00  2.200000E+02     5  5.348713E-02  1.082401E+02 -1.674146E-02  5.079957E-02
  1.495489E+00  2.200000E+02     6  1.146424E-07  1.736592E+02 -1.139411E-07  1.266143E-08
  1.495489E+00  2.300000E+02     1  8.067751E-01 -8.615275E+01  5.413200E-02 -8.049570E-01
  1.495489E+00  2.300000E+02     2  9.622340E-01 -8.616830E+01  6.430211E-02 -9.600830E-01
  1.495489E+00  2.300000E+02     3  3.760365E-01  6.919578E+01  1.335591E-01  3.515187E-01
  1.495489E+00  2.300000E+02     4  5.314198E-02 -7.301548E+01  1.552348E-02 -5.082412E-02
  1.495489E+00  2.300000E+02     5  4.463570E-02  1.068756E+02 -1.295748E-02  4.271357E-02
  1.495489E+00  2.300000E+02     6  1.082461E-07  6.304798E+00  1.075914E-07  1.188733E-08
  1.495489E+00  2.400000E+02     1  6.263922E-01 -8.619874E+01  4.152721E-02 -6.250141E-01
  1.495489E+00  2.400000E+02     2  1.088944E+00 -8.610281E+01  7.401162E-02 -1.086426E+00
  1.495489E+00  2.400000E+02     3  3.759894E-01  6.917642E+01  1.336611E-01  3.514296E-01
  1.495489E+00  2.400000E+02     4  6.027133E-02 -7.156561E+01  1.905891E-02 -5.717859E-02
  1.495489E+00  2.400000E+02     5  3.419214E-02  1.056349E+02 -9.214992E-03  3.292699E-02
  1.495489E+00  2.400000E+02     6  2.784653E-07  2.299820E+00  2.782410E-07  1.117444E-08
  1.495489E+00  2.500000E+02     1  4.271516E-01 -8.620693E+01  2.825746E-02 -4.262160E-01
  1.495489E+00  2.500000E+02     2  1.182415E+00 -8.604886E+01  8.147526E-02 -1.179605E+00
  1.495489E+00  2.500000E+02     3  3.761818E-01  6.910180E+01  1.341873E-01  3.514349E-01
  1.495489E+00  2.500000E+02     4  6.549598E-02 -7.039562E+01  2.197544E-02 -6.169929E-02
  1.495489E+00  2.500000E+02     5  2.247471E-02  1.048959E+02 -5.777412E-03  2.171944E-02
  1.495489E+00  2.500000E+02     6  3.187344E-07  1.960882E+00  3.185477E-07  1.090619E-08
  1.495489E+00  2.600000E+02     1  2.151683E-01 -8.609021E+01  1.467140E-02 -2.146675E-01
  1.495489E+00  2.600000E+02     2  1.239688E+00 -8.601273E+01  8.620148E-02 -1.236688E+00
  1.495489E+00  2.600000E+02     3  3.764470E-01  6.895549E+01  1.351795E-01  3.513387E-01
  1.495489E+00  2.600000E+02     4  6.867510E-02 -6.962527E+01  2.390983E-02 -6.437848E-02
  1.495489E+00  2.600000E+02     5  9.907509E-03  1.059179E+02 -2.717233E-03  9.527611E-03
  1.495489E+00  2.600000E+02     6  2.098037E-07  3.053061E+00  2.095060E-07  1.117431E-08
  1.495489E+00  2.700000E+02     1  3.346313E-03  7.363852E+01  9.426446E-04  3.210799E-03
  1.495489E+00  2.700000E+02     2  1.258986E+00 -8.599843E+01  8.785689E-02 -1.255917E+00
  1.495489E+00  2.700000E+02     3  3.766291E-01  6.873056E+01  1.366238E-01  3.509750E-01
  1.495489E+00  2.700000E+02     4  6.974801E-02 -6.933086E+01  2.461901E-02 -6.525863E-02
  1.495489E+00  2.700000E+02     5  3.080925E-03 -8.827868E+01  9.254542E-05 -3.079535E-03
  1.495489E+00  2.700000E+02     6  1.205978E-08  7.735136E+01  2.640749E-09  1.176710E-08
  1.495489E+00  2.800000E+02     1  2.212385E-01  9.333280E+01 -1.286183E-02  2.208643E-01
  1.495489E+00  2.800000E+02     2  1.239772E+00 -8.600843E+01  8.630015E-02 -1.236765E+00
  1.495489E+00  2.800000E+02     3  3.766652E-01  6.844147E+01  1.384062E-01  3.503147E-01
  1.495489E+00  2.800000E+02     4  6.874963E-02 -6.955599E+01  2.401369E-02 -6.441937E-02
  1.495489E+00  2.800000E+02     5  1.573798E-02 -7.936679E+01  2.903989E-03 -1.546773E-02
  1.495489E+00  2.800000E+02     6  2.039142E-07  1.765408E+02 -2.035427E-07  1.230364E-08
  1.495489E+00  2.900000E+02     1  4.325889E-01  9.353321E+01 -2.665918E-02  4.317666E-01
  1.495489E+00  2.900000E+02     2  1.182751E+00 -8.604405E+01  8.159751E-02 -1.179933E+00
  1.495489E+00  2.900000E+02     3  3.766105E-01  6.812851E+01  1.402972E-01  3.495027E-01
  1.495489E+00  2.900000E+02     4  6.580064E-02 -7.031270E+01  2.216735E-02 -6.195428E-02
  1.495489E+00  2.900000E+02     5  2.768236E-02 -7.755950E+01  5.963491E-03 -2.703239E-02
  1.495489E+00  2.900000E+02     6  3.110535E-07  1.777074E+02 -3.108045E-07  1.244304E-08
  1.495489E+00  3.000000E+02     1  6.308672E-01  9.365636E+01 -4.023185E-02  6.295831E-01
  1.495489E+00  3.000000E+02     2  1.089811E+00 -8.610520E+01  7.402516E-02 -1.087294E+00
  1.495489E+00  3.000000E+02     3  3.765952E-01  6.785114E+01  1.419818E-01  3.488053E-01
  1.495489E+00  3.000000E+02     4  6.106929E-02 -7.157083E+01  1.930596E-02 -5.793737E-02
  1.495489E+00  3.000000E+02     5  3.845513E-02 -7.587551E+01  9.384187E-03 -3.729255E-02
  1.495489E+00  3.000000E+02     6  2.685743E-07  1.774242E+02 -2.683029E-07  1.207007E-08
  1.495489E+00  3.100000E+02     1  8.100933E-01  9.376323E+01 -5.316928E-02  8.083466E-01
  1.495489E+00  3.100000E+02     2  9.639254E-01 -8.619008E+01  6.404955E-02 -9.617951E-01
  1.495489E+00  3.100000E+02     3  3.767439E-01  6.767102E+01  1.431340E-01  3.484948E-01
  1.495489E+00  3.100000E+02     4  5.472053E-02 -7.324427E+01  1.577550E-02 -5.239723E-02
  1.495489E+00  3.100000E+02     5  4.777567E-02 -7.411180E+01  1.307912E-02 -4.595053E-02
  1.495489E+00  3.100000E+02     6  9.652451E-08  1.732326E+02 -9.585200E-08  1.137428E-08
  1.495489E+00  3.200000E+02     1  9.648270E-01  9.385670E+01 -6.489559E-02  9.626421E-01
  1.495489E+00  3.200000E+02     2  8.090256E-01 -8.629553E+01  5.227124E-02 -8.073352E-01
  1.495489E+00  3.200000E+02     3  3.771055E-01  6.763092E+01  1.435156E-01  3.487289E-01
  1.495489E+00  3.200000E+02     4  4.688055E-02 -7.519304E+01  1.198094E-02 -4.532375E-02
  1.495489E+00  3.200000E+02     5  5.549183E-02 -7.240140E+01  1.677776E-02 -5.289471E-02
  1.495489E+00  3.200000E+02     6  1.269616E-07  4.874177E+00  1.265024E-07  1.078765E-08
  1.495489E+00  3.300000E+02     1  1.090344E+00  9.393189E+01 -7.476550E-02  1.087778E+00
  1.495489E+00  3.300000E+02     2  6.298589E-01 -8.642009E+01  3.932880E-02 -6.286299E-01
  1.495489E+00  3.300000E+02     3  3.776262E-01  6.773900E+01  1.430547E-01  3.494809E-01
  1.495489E+00  3.300000E+02     4  3.764406E-02 -7.726540E+01  8.298076E-03 -3.671808E-02
  1.495489E+00  3.300000E+02     5  6.152496E-02 -7.092586E+01  2.010582E-02 -5.814702E-02
  1.495489E+00  3.300000E+02     6  2.958533E-07  2.093196E+00  2.956559E-07  1.080605E-08
  1.495489E+00  3.400000E+02     1  1.182789E+00  9.398428E+01 -8.218339E-02  1.179931E+00
  1.495489E+00  3.400000E+02     2  4.318342E-01 -8.657683E+01  2.578486E-02 -4.310637E-01
  1.495489E+00  3.400000E+02     3  3.781717E-01  6.796668E+01  1.418695E-01  3.505522E-01
  1.495489E+00  3.400000E+02     4  2.712960E-02 -7.942933E+01  4.976877E-03 -2.666919E-02
  1.495489E+00  3.400000E+02     5  6.581537E-02 -6.983776E+01  2.268521E-02 -6.178223E-02
  1.495489E+00  3.400000E+02     6  3.325564E-07  2.028093E+00  3.323481E-07  1.176900E-08
  1.495489E+00  3.500000E+02     1  1.239293E+00  9.401168E+01 -8.670080E-02  1.236256E+00
  1.495489E+00  3.500000E+02     2  2.208645E-01 -8.687582E+01  1.203718E-02 -2.205362E-01
  1.495489E+00  3.500000E+02     3  3.785842E-01  6.826079E+01  1.402210E-01  3.516590E-01
  1.495489E+00  3.500000E+02     4  1.555838E-02 -8.234275E+01  2.073103E-03 -1.541964E-02
  1.495489E+00  3.500000E+02     5  6.829444E-02 -6.923166E+01  2.421655E-02 -6.385679E-02
  1.495489E+00  3.500000E+02     6  2.184722E-07  3.593267E+00  2.180427E-07  1.369236E-08
  1.455602E+00  0.000000E+00     1  1.208706E+00  9.735085E+01 -1.546478E-01  1.198772E+00
  1.455602E+00  0.000000E+00     2  3.387870E-03 -1.142037E+02 -1.388964E-03 -3.090056E-03
  1.455602E+00  0.000000E+00     3  3.390587E-01  7.334458E+01  9.717938E-02  3.248337E-01
  1.455602E+00  0.000000E+00     4  3.243111E-03 -9.713680E+01 -4.029201E-04 -3.217984E-03
  1.455602E+00  0.000000E+00     5  7.503333E-02 -6.700712E+01  2.930928E-02 -6.907219E-02
  1.455602E+00  0.000000E+00     6  1.526897E-08  7.844652E+01  3.058106E-09  1.495959E-08
  1.455602E+00  1.000000E+01     1  1.189862E+00  9.732828E+01 -1.517718E-01  1.180142E+00
  1.455602E+00  1.000000E+01     2  2.060491E-01  9.737285E+01 -2.644141E-02  2.043455E-01
  1.455602E+00  1.000000E+01     3  3.391187E-01  7.363693E+01  9.553755E-02  3.253830E-01
  1.455602E+00  1.000000E+01     4  1.040301E-02  1.099672E+02 -3.552441E-03  9.777667E-03
  1.455602E+00  1.000000E+01     5  7.359066E-02 -6.743060E+01  2.824426E-02 -6.795475E-02
  1.455602E+00  1.000000E+01     6  2.527254E-07  1.758245E+02 -2.520545E-07  1.840156E-08
  1.455602E+00  2.000000E+01     1  1.134581E+00  9.728463E+01 -1.438633E-01  1.125423E+00
  1.455602E+00  2.000000E+01     2  4.090713E-01  9.716407E+01 -5.101569E-02  4.058778E-01
  1.455602E+00  2.000000E+01     3  3.389397E-01  7.386998E+01  9.416354E-02  3.255970E-01
  1.455602E+00  2.000000E+01     4  2.348834E-02  1.073208E+02 -6.992996E-03  2.242320E-02
  1.455602E+00  2.000000E+01     5  6.993222E-02 -6.831234E+01  2.584321E-02 -6.498187E-02
  1.455602E+00  2.000000E+01     6  3.880411E-07  1.769203E+02 -3.874807E-07  2.084732E-08
  1.455602E+00  3.000000E+01     1  1.044591E+00  9.722463E+01 -1.313673E-01  1.036297E+00
  1.455602E+00  3.000000E+01     2  6.000980E-01  9.714252E+01 -7.461486E-02  5.954412E-01
  1.455602E+00  3.000000E+01     3  3.387607E-01  7.403964E+01  9.314976E-02  3.257022E-01
  1.455602E+00  3.000000E+01     4  3.585073E-02  1.076586E+02 -1.087513E-02  3.416148E-02
  1.455602E+00  3.000000E+01     5  6.414071E-02 -6.957275E+01  2.238625E-02 -6.010730E-02
  1.455602E+00  3.000000E+01     6  3.421587E-07  1.763737E+02 -3.414736E-07  2.164091E-08
  1.455602E+00  4.000000E+01     1  9.227499E-01  9.715534E+01 -1.149376E-01  9.155636E-01
  1.455602E+00  4.000000E+01     2  7.732726E-01  9.717459E+01 -9.657653E-02  7.672180E-01
  1.455602E+00  4.000000E+01     3  3.388178E-01  7.415232E+01  9.252468E-02  3.259397E-01
  1.455602E+00  4.000000E+01     4  4.703974E-02  1.087474E+02 -1.511843E-02  4.454402E-02
  1.455602E+00  4.000000E+01     5  5.637301E-02 -7.108766E+01  1.827168E-02 -5.332974E-02
  1.455602E+00  4.000000E+01     6  1.390513E-07  1.714162E+02 -1.374938E-07  2.075416E-08
  1.455602E+00  5.000000E+01     1  7.729441E-01  9.708784E+01 -9.537430E-02  7.670374E-01
  1.455602E+00  5.000000E+01     2  9.231687E-01  9.722523E+01 -1.161071E-01  9.158382E-01
  1.455602E+00  5.000000E+01     3  3.392236E-01  7.421281E+01  9.229090E-02  3.264277E-01
  1.455602E+00  5.000000E+01     4  5.668947E-02  1.100475E+02 -1.943310E-02  5.325458E-02
  1.455602E+00  5.000000E+01     5  4.684147E-02 -7.266643E+01  1.395568E-02 -4.471423E-02
  1.455602E+00  5.000000E+01     6  1.300874E-07  8.293433E+00  1.287270E-07  1.876418E-08
  1.455602E+00  6.000000E+01     1  5.999162E-01  9.704002E+01 -7.352730E-02  5.953933E-01
  1.455602E+00  6.000000E+01     2  1.045013E+00  9.727762E+01 -1.323792E-01  1.036594E+00
  1.455602E+00  6.000000E+01     3  3.399009E-01  7.421642E+01  9.245460E-02  3.270853E-01
  1.455602E+00  6.000000E+01     4  6.449456E-02  1.112837E+02 -2.341061E-02  6.009569E-02
  1.455602E+00  6.000000E+01     5  3.580503E-02 -7.401999E+01  9.857196E-03 -3.442145E-02
  1.455602E+00  6.000000E+01     6  3.340940E-07  2.842116E+00  3.336831E-07  1.656570E-08
  1.455602E+00  7.000000E+01     1  4.090560E-01  9.704632E+01 -5.017964E-02  4.059666E-01
  1.455602E+00  7.000000E+01     2  1.134894E+00  9.732224E+01 -1.446417E-01  1.125639E+00
  1.455602E+00  7.000000E+01     3  3.406046E-01  7.414908E+01  9.303114E-02  3.276533E-01
  1.455602E+00  7.000000E+01     4  7.020734E-02  1.122911E+02 -2.663056E-02  6.496063E-02
  1.455602E+00  7.000000E+01     5  2.358102E-02 -7.464041E+01  6.246050E-03 -2.273877E-02
  1.455602E+00  7.000000E+01     6  3.821996E-07  2.241428E+00  3.819072E-07  1.494795E-08
  1.455602E+00  8.000000E+01     1  2.061812E-01  9.723182E+01 -2.595493E-02  2.045410E-01
  1.455602E+00  8.000000E+01     2  1.189939E+00  9.735349E+01 -1.523009E-01  1.180152E+00
  1.455602E+00  8.000000E+01     3  3.410231E-01  7.399517E+01  9.402638E-02  3.278046E-01
  1.455602E+00  8.000000E+01     4  7.365265E-02  1.129695E+02 -2.874230E-02  6.781293E-02
  1.455602E+00  8.000000E+01     5  1.057679E-02 -7.263185E+01  3.157281E-03 -1.009456E-02
  1.455602E+00  8.000000E+01     6  2.506800E-07  3.254795E+00  2.502756E-07  1.423269E-08
  1.455602E+00  9.000000E+01     1  3.124615E-03 -1.144676E+02 -1.294149E-03 -2.844011E-03
  1.455602E+00  9.000000E+01     2  1.208420E+00  9.736762E+01 -1.549620E-01  1.198443E+00
  1.455602E+00  9.000000E+01     3  3.409196E-01  7.374911E+01  9.540427E-02  3.272983E-01
  1.455602E+00  9.000000E+01     4  7.475080E-02  1.132520E+02 -2.950985E-02  6.867933E-02
  1.455602E+00  9.000000E+01     5  2.986729E-03  8.265907E+01  3.816238E-04  2.962248E-03
  1.455602E+00  9.000000E+01     6  1.416290E-08  8.740737E+01  6.406518E-10  1.414841E-08
  1.455602E+00  1.000000E+02     1  2.113566E-01 -8.362232E+01  2.347787E-02 -2.100485E-01
  1.455602E+00  1.000000E+02     2  1.189820E+00  9.736140E+01 -1.524486E-01  1.180013E+00
  1.455602E+00  1.000000E+02     3  3.402478E-01  7.342619E+01  9.705580E-02  3.261115E-01
  1.455602E+00  1.000000E+02     4  7.353210E-02  1.130856E+02 -2.883243E-02  6.764363E-02
  1.455602E+00  1.000000E+02     5  1.601025E-02  9.878371E+01 -2.444842E-03  1.582248E-02
  1.455602E+00  1.000000E+02     6  2.486100E-07  1.767703E+02 -2.482151E-07  1.400662E-08
  1.455602E+00  1.100000E+02     1  4.137542E-01 -8.333505E+01  4.802165E-02 -4.109579E-01
  1.455602E+00  1.100000E+02     2  1.134826E+00  9.733179E+01 -1.448208E-01  1.125548E+00
  1.455602E+00  1.100000E+02     3  3.391868E-01  7.306785E+01  9.878442E-02  3.244832E-01
  1.455602E+00  1.100000E+02     4  7.012946E-02  1.124292E+02 -2.675726E-02  6.482430E-02
  1.455602E+00  1.100000E+02     5  2.847655E-02  1.015051E+02 -5.679813E-03  2.790437E-02
  1.455602E+00  1.100000E+02     6  3.780400E-07  1.780146E+02 -3.778131E-07  1.309695E-08
  1.455602E+00  1.200000E+02     1  6.038983E-01 -8.316682E+01  7.185119E-02 -5.996087E-01
  1.455602E+00  1.200000E+02     2  1.045283E+00  9.727680E+01 -1.323986E-01  1.036864E+00
  1.455602E+00  1.200000E+02     3  3.380729E-01  7.273752E+01  1.003230E-01  3.228445E-01
  1.455602E+00  1.200000E+02     4  6.474509E-02  1.112718E+02 -2.348899E-02  6.033402E-02
  1.455602E+00  1.200000E+02     5  3.989230E-02  1.037959E+02 -9.512846E-03  3.874147E-02
  1.455602E+00  1.200000E+02     6  3.272728E-07  1.780558E+02 -3.270844E-07  1.110299E-08
  1.455602E+00  1.300000E+02     1  7.760850E-01 -8.302330E+01  9.426772E-02 -7.703386E-01
  1.455602E+00  1.300000E+02     2  9.240989E-01  9.719681E+01 -1.157692E-01  9.168186E-01
  1.455602E+00  1.300000E+02     3  3.372624E-01  7.250476E+01  1.013900E-01  3.216613E-01
  1.455602E+00  1.300000E+02     4  5.760122E-02  1.096632E+02 -1.938226E-02  5.424231E-02
  1.455602E+00  1.300000E+02     5  5.000181E-02  1.061100E+02 -1.387462E-02  4.803827E-02
  1.455602E+00  1.300000E+02     6  1.203683E-07  1.760342E+02 -1.200801E-07  8.324900E-09
  1.455602E+00  1.400000E+02     1  9.250609E-01 -8.289667E+01  1.143922E-01 -9.179608E-01
  1.455602E+00  1.400000E+02     2  7.751213E-01  9.709561E+01 -9.574719E-02  7.691850E-01
  1.455602E+00  1.400000E+02     3  3.369890E-01  7.242198E+01  1.017721E-01  3.212539E-01
  1.455602E+00  1.400000E+02     4  4.889602E-02  1.077360E+02 -1.489525E-02  4.657201E-02
  1.455602E+00  1.400000E+02     5  5.864774E-02  1.083356E+02 -1.844955E-02  5.567020E-02
  1.455602E+00  1.400000E+02     6  1.471675E-07  2.176601E+00  1.470613E-07  5.589382E-09
  1.455602E+00  1.500000E+02     1  1.046207E+00 -8.279142E+01  1.312800E-01 -1.037938E+00
  1.455602E+00  1.500000E+02     2  6.029814E-01  9.697951E+01 -7.327092E-02  5.985131E-01
  1.455602E+00  1.500000E+02     3  3.372759E-01  7.250416E+01  1.013975E-01  3.216731E-01
  1.455602E+00  1.500000E+02     4  3.879094E-02  1.056944E+02 -1.049318E-02  3.734475E-02
  1.455602E+00  1.500000E+02     5  6.570101E-02  1.102783E+02 -2.277072E-02  6.162886E-02
  1.455602E+00  1.500000E+02     6  3.507282E-07  6.345535E-01  3.507067E-07  3.884252E-09
  1.455602E+00  1.600000E+02     1  1.135710E+00 -8.271238E+01  1.440651E-01 -1.126536E+00
  1.455602E+00  1.600000E+02     2  4.129208E-01  9.685091E+01 -4.925576E-02  4.099725E-01
  1.455602E+00  1.600000E+02     3  3.379308E-01  7.272332E+01  1.003608E-01  3.226839E-01
  1.455602E+00  1.600000E+02     4  2.744466E-02  1.037430E+02 -6.519968E-03  2.665895E-02
  1.455602E+00  1.600000E+02     5  7.100881E-02  1.117777E+02 -2.634472E-02  6.594093E-02
  1.455602E+00  1.600000E+02     6  3.955946E-07  5.638732E-01  3.955755E-07  3.893159E-09
  1.455602E+00  1.700000E+02     1  1.190696E+00 -8.266192E+01  1.520802E-01 -1.180944E+00
  1.455602E+00  1.700000E+02     2  2.106133E-01  9.666921E+01 -2.446001E-02  2.091881E-01
  1.455602E+00  1.700000E+02     3  3.386255E-01  7.302107E+01  9.888545E-02  3.238656E-01
  1.455602E+00  1.700000E+02     4  1.507933E-02  1.018191E+02 -3.088590E-03  1.475964E-02
  1.455602E+00  1.700000E+02     5  7.438520E-02  1.127431E+02 -2.875728E-02  6.860158E-02
  1.455602E+00  1.700000E+02     6  2.590584E-07  1.251157E+00  2.589967E-07  5.656562E-09
  1.455602E+00  1.800000E+02     1  1.209340E+00 -8.263993E+01  1.549219E-01 -1.199376E+00
  1.455602E+00  1.800000E+02     2  2.160781E-03  7.461033E+01  5.734329E-04  2.083302E-03
  1.455602E+00  1.800000E+02     3  3.390330E-01  7.333172E+01  9.724488E-02  3.247873E-01
  1.455602E+00  1.800000E+02     4  2.061505E-03  9.138472E+01 -4.981754E-05  2.060903E-03
  1.455602E+00  1.800000E+02     5  7.564075E-02  1.131496E+02 -2.973684E-02  6.955030E-02
  1.455602E+00  1.800000E+02     6  9.193101E-09  6.801734E+01  3.441217E-09  8.524737E-09
  1.455602E+00  1.900000E+02     1  1.190950E+00 -8.264467E+01  1.524684E-01 -1.181150E+00
  1.455602E+00  1.900000E+02     2  2.068316E-01 -8.292666E+01  2.546919E-02 -2.052575E-01
  1.455602E+00  1.900000E+02     3  3.389655E-01  7.360367E+01  9.568321E-02  3.251805E-01
  1.455602E+00  1.900000E+02     4  1.127984E-02 -7.494423E+01  2.930042E-03 -1.089264E-02
  1.455602E+00  1.900000E+02     5  7.462950E-02  1.130170E+02 -2.918050E-02  6.868813E-02
  1.455602E+00  1.900000E+02     6  2.518774E-07  1.773994E+02 -2.516180E-07  1.142861E-08
  1.455602E+00  2.000000E+02     1  1.136015E+00 -8.267334E+01  1.448716E-01 -1.126740E+00
  1.455602E+00  2.000000E+02     2  4.097577E-01 -8.300649E+01  4.989080E-02 -4.067091E-01
  1.455602E+00  2.000000E+02     3  3.384525E-01  7.381018E+01  9.436749E-02  3.250306E-01
  1.455602E+00  2.000000E+02     4  2.431400E-02 -7.520583E+01  6.208515E-03 -2.350798E-02
  1.455602E+00  2.000000E+02     5  7.128979E-02  1.123929E+02 -2.715828E-02  6.591405E-02
  1.455602E+00  2.000000E+02     6  3.872277E-07  1.780254E+02 -3.869978E-07  1.334237E-08
  1.455602E+00  2.100000E+02     1  1.046220E+00 -8.272194E+01  1.325402E-01 -1.037790E+00
  1.455602E+00  2.100000E+02     2  6.007320E-01 -8.298185E+01  7.339974E-02 -5.962311E-01
  1.455602E+00  2.100000E+02     3  3.377158E-01  7.394799E+01  9.338174E-02  3.245486E-01
  1.455602E+00  2.100000E+02     4  3.662458E-02 -7.416023E+01  9.996608E-03 -3.523390E-02
  1.455602E+00  2.100000E+02     5  6.566413E-02  1.113499E+02 -2.390585E-02  6.115790E-02
  1.455602E+00  2.100000E+02     6  3.412267E-07  1.776955E+02 -3.409507E-07  1.372068E-08
  1.455602E+00  2.200000E+02     1  9.244022E-01 -8.278421E+01  1.161111E-01 -9.170810E-01
  1.455602E+00  2.200000E+02     2  7.739216E-01 -8.292114E+01  9.537455E-02 -7.680223E-01
  1.455602E+00  2.200000E+02     3  3.370556E-01  7.402681E+01  9.275352E-02  3.240421E-01
  1.455602E+00  2.200000E+02     4  4.780083E-02 -7.264815E+01  1.425606E-02 -4.562547E-02
  1.455602E+00  2.200000E+02     5  5.789538E-02  1.099987E+02 -1.980011E-02  5.440433E-02
  1.455602E+00  2.200000E+02     6  1.375267E-07  1.746985E+02 -1.369384E-07  1.270700E-08
  1.455602E+00  2.300000E+02     1  7.744482E-01 -8.285026E+01  9.639011E-02 -7.684262E-01
  1.455602E+00  2.300000E+02     2  9.239020E-01 -8.284814E+01  1.150255E-01 -9.167137E-01
  1.455602E+00  2.300000E+02     3  3.367043E-01  7.405597E+01  9.249208E-02  3.237515E-01
  1.455602E+00  2.300000E+02     4  5.749263E-02 -7.101786E+01  1.870082E-02 -5.436618E-02
  1.455602E+00  2.300000E+02     5  4.820874E-02  1.085064E+02 -1.530194E-02  4.571579E-02
  1.455602E+00  2.300000E+02     6  1.297724E-07  4.872125E+00  1.293035E-07  1.102185E-08
  1.455602E+00  2.400000E+02     1  6.011220E-01 -8.290455E+01  7.425222E-02 -5.965184E-01
  1.455602E+00  2.400000E+02     2  1.045879E+00 -8.277761E+01  1.314890E-01 -1.037581E+00
  1.455602E+00  2.400000E+02     3  3.367203E-01  7.403486E+01  9.261572E-02  3.237327E-01
  1.455602E+00  2.400000E+02     4  6.538944E-02 -6.951420E+01  2.288468E-02 -6.125415E-02
  1.455602E+00  2.400000E+02     5  3.689608E-02  1.071156E+02 -1.085853E-02  3.526206E-02
  1.455602E+00  2.400000E+02     6  3.344011E-07  1.644092E+00  3.342634E-07  9.594260E-09
  1.455602E+00  2.500000E+02     1  4.098507E-01 -8.291977E+01  5.051780E-02 -4.067254E-01
  1.455602E+00  2.500000E+02     2  1.135909E+00 -8.271937E+01  1.439528E-01 -1.126750E+00
  1.455602E+00  2.500000E+02     3  3.369721E-01  7.395190E+01  9.315400E-02  3.238403E-01
  1.455602E+00  2.500000E+02     4  7.121840E-02 -6.830800E+01  2.632354E-02 -6.617501E-02
  1.455602E+00  2.500000E+02     5  2.431536E-02  1.061996E+02 -6.783590E-03  2.334994E-02
  1.455602E+00  2.500000E+02     6  3.825771E-07  1.365880E+00  3.824684E-07  9.119434E-09
  1.455602E+00  2.600000E+02     1  2.064978E-01 -8.280801E+01  2.585240E-02 -2.048732E-01
  1.455602E+00  2.600000E+02     2  1.191078E+00 -8.267968E+01  1.517630E-01 -1.181370E+00
  1.455602E+00  2.600000E+02     3  3.372188E-01  7.379221E+01  9.412506E-02  3.238163E-01
  1.455602E+00  2.600000E+02     4  7.477073E-02 -6.750835E+01  2.860346E-02 -6.908331E-02
  1.455602E+00  2.600000E+02     5  1.090401E-02  1.068638E+02 -3.163228E-03  1.043511E-02
  1.455602E+00  2.600000E+02     6  2.509810E-07  2.226765E+00  2.507915E-07  9.751765E-09
  1.455602E+00  2.700000E+02     1  3.042521E-03  7.592173E+01  7.400848E-04  2.951137E-03
  1.455602E+00  2.700000E+02     2  1.209639E+00 -8.266243E+01  1.544891E-01 -1.199733E+00
  1.455602E+00  2.700000E+02     3  3.372457E-01  7.355016E+01  9.549982E-02  3.234415E-01
  1.455602E+00  2.700000E+02     4  7.594065E-02 -6.718190E+01  2.945030E-02 -6.999759E-02
  1.455602E+00  2.700000E+02     5  2.905736E-03 -8.688238E+01  1.580311E-04 -2.901435E-03
  1.455602E+00  2.700000E+02     6  1.112119E-08  8.439778E+01  1.085666E-09  1.106807E-08
  1.455602E+00  2.800000E+02     1  2.119727E-01  9.662329E+01 -2.444912E-02  2.105580E-01
  1.455602E+00  2.800000E+02     2  1.191066E+00 -8.267025E+01  1.519557E-01 -1.181333E+00
  1.455602E+00  2.800000E+02     3  3.369834E-01  7.324083E+01  9.716900E-02  3.226702E-01
  1.455602E+00  2.800000E+02     4  7.475098E-02 -6.737007E+01  2.876250E-02 -6.899585E-02
  1.455602E+00  2.800000E+02     5  1.639252E-02 -7.771548E+01  3.487778E-03 -1.601718E-02
  1.455602E+00  2.800000E+02     6  2.481666E-07  1.771580E+02 -2.478614E-07  1.230453E-08
  1.455602E+00  2.900000E+02     1  4.147290E-01  9.683088E+01 -4.932749E-02  4.117850E-01
  1.455602E+00  2.900000E+02     2  1.136058E+00 -8.270494E+01  1.442557E-01 -1.126862E+00
  1.455602E+00  2.900000E+02     3  3.365460E-01  7.290520E+01  9.892887E-02  3.216773E-01
  1.455602E+00  2.900000E+02     4  7.134580E-02 -6.809274E+01  2.661950E-02 -6.619385E-02
  1.455602E+00  2.900000E+02     5  2.918268E-02 -7.586808E+01  7.125104E-03 -2.829950E-02
  1.455602E+00  2.900000E+02     6  3.777787E-07  1.780663E+02 -3.775636E-07  1.274708E-08
  1.455602E+00  3.000000E+02     1  6.050913E-01  9.696374E+01 -7.336201E-02  6.006276E-01
  1.455602E+00  3.000000E+02     2  1.046482E+00 -8.276706E+01  1.317559E-01 -1.038154E+00
  1.455602E+00  3.000000E+02     3  3.361678E-01  7.260493E+01  1.005003E-01  3.207935E-01
  1.455602E+00  3.000000E+02     4  6.594743E-02 -6.933501E+01  2.327306E-02 -6.170436E-02
  1.455602E+00  3.000000E+02     5  4.082485E-02 -7.407110E+01  1.120415E-02 -3.925730E-02
  1.455602E+00  3.000000E+02     6  3.271679E-07  1.778818E+02 -3.269443E-07  1.209247E-08
  1.455602E+00  3.100000E+02     1  7.773246E-01  9.708067E+01 -9.581826E-02  7.713964E-01
  1.455602E+00  3.100000E+02     2  9.252641E-01 -8.285524E+01  1.150812E-01 -9.180795E-01
  1.455602E+00  3.100000E+02     3  3.360814E-01  7.240586E+01  1.015882E-01  3.203600E-01
  1.455602E+00  3.100000E+02     4  5.879339E-02 -7.102558E+01  1.911644E-02 -5.559878E-02
  1.455602E+00  3.100000E+02     5  5.102772E-02 -7.218135E+01  1.561475E-02 -4.857992E-02
  1.455602E+00  3.100000E+02     6  1.205167E-07  1.749462E+02 -1.200482E-07  1.061655E-08
  1.455602E+00  3.200000E+02     1  9.261654E-01  9.718286E+01 -1.158045E-01  9.188970E-01
  1.455602E+00  3.200000E+02     2  7.762596E-01 -8.296614E+01  9.505753E-02 -7.704175E-01
  1.455602E+00  3.200000E+02     3  3.364030E-01  7.235538E+01  1.019678E-01  3.205769E-01
  1.455602E+00  3.200000E+02     4  5.008382E-02 -7.302771E+01  1.461993E-02 -4.790247E-02
  1.455602E+00  3.200000E+02     5  5.960471E-02 -7.036651E+01  2.002732E-02 -5.613937E-02
  1.455602E+00  3.200000E+02     6  1.472707E-07  3.532705E+00  1.469908E-07  9.074566E-09
  1.455602E+00  3.300000E+02     1  1.047011E+00  9.726436E+01 -1.323920E-01  1.038607E+00
  1.455602E+00  3.300000E+02     2  6.040934E-01 -8.309714E+01  7.260376E-02 -5.997146E-01
  1.455602E+00  3.300000E+02     3  3.370789E-01  7.246437E+01  1.015615E-01  3.214147E-01
  1.455602E+00  3.300000E+02     4  3.997079E-02 -7.517109E+01  1.022986E-02 -3.863953E-02
  1.455602E+00  3.300000E+02     5  6.642128E-02 -6.882375E+01  2.399389E-02 -6.193609E-02
  1.455602E+00  3.300000E+02     6  3.506424E-07  1.368727E+00  3.505423E-07  8.375628E-09
  1.455602E+00  3.400000E+02     1  1.136085E+00  9.732036E+01 -1.447567E-01  1.126825E+00
  1.455602E+00  3.400000E+02     2  4.139924E-01 -8.325885E+01  4.859609E-02 -4.111303E-01
  1.455602E+00  3.400000E+02     3  3.379099E-01  7.270380E+01  1.004645E-01  3.226298E-01
  1.455602E+00  3.400000E+02     4  2.860235E-02 -7.737511E+01  6.251536E-03 -2.791080E-02
  1.455602E+00  3.400000E+02     5  7.135093E-02 -6.770439E+01  2.706949E-02 -6.601665E-02
  1.455602E+00  3.400000E+02     6  3.954339E-07  1.329260E+00  3.953275E-07  9.173229E-09
  1.455602E+00  3.500000E+02     1  1.190571E+00  9.734897E+01 -1.522888E-01  1.180791E+00
  1.455602E+00  3.500000E+02     2  2.116186E-01 -8.355460E+01  2.375551E-02 -2.102810E-01
  1.455602E+00  3.500000E+02     3  3.386377E-01  7.301766E+01  9.890824E-02  3.238713E-01
  1.455602E+00  3.500000E+02     4  1.620126E-02 -8.018683E+01  2.761278E-03 -1.596422E-02
  1.455602E+00  3.500000E+02     5  7.426167E-02 -6.709152E+01  2.890711E-02 -6.840449E-02
  1.455602E+00  3.500000E+02     6  2.589338E-07  2.557240E+00  2.586759E-07  1.155296E-08
  1.418746E+00  0.000000E+00     1  1.160994E+00  1.009492E+02 -2.205172E-01  1.139859E+00
  1.418746E+00  0.000000E+00     2  3.101761E-03 -1.112155E+02 -1.122454E-03 -2.891542E-03
  1.418746E+00  0.000000E+00     3  3.032105E-01  7.815089E+01  6.225974E-02  2.967496E-01
  1.418746E+00  0.000000E+00     4  3.073436E-03 -9.515296E+01 -2.760402E-04 -3.061015E-03
  1.418746E+00  0.000000E+00     5  8.037927E-02 -6.437516E+01  3.476216E-02 -7.247357E-02
  1.418746E+00  0.000000E+00     6  1.384731E-08  8.482307E+01  1.249464E-09  1.379083E-08
  1.418746E+00  1.000000E+01     1  1.142860E+00  1.009250E+02 -2.165998E-01  1.122147E+00
  1.418746E+00  1.000000E+01     2  1.975854E-01  1.009379E+02 -3.749096E-02  1.939959E-01
  1.418746E+00  1.000000E+01     3  3.033653E-01  7.846748E+01  6.065006E-02  2.972408E-01
  1.418746E+00  1.000000E+01     4  1.113152E-02  1.115324E+02 -4.085572E-03  1.035465E-02
  1.418746E+00  1.000000E+01     5  7.883405E-02 -6.480409E+01  3.356081E-02 -7.133358E-02
  1.418746E+00  1.000000E+01     6  3.021072E-07  1.764681E+02 -3.015334E-07  1.861109E-08
  1.418746E+00  2.000000E+01     1  1.089607E+00  1.008799E+02 -2.056645E-01  1.070021E+00
  1.418746E+00  2.000000E+01     2  3.922342E-01  1.007370E+02 -7.307336E-02  3.853672E-01
  1.418746E+00  2.000000E+01     3  3.031697E-01  7.873020E+01  5.924825E-02  2.973239E-01
  1.418746E+00  2.000000E+01     4  2.484685E-02  1.093420E+02 -8.229439E-03  2.344445E-02
  1.418746E+00  2.000000E+01     5  7.480848E-02 -6.568656E+01  3.080076E-02 -6.817347E-02
  1.418746E+00  2.000000E+01     6  4.622298E-07  1.772942E+02 -4.617144E-07  2.182070E-08
  1.418746E+00  3.000000E+01     1  1.002931E+00  1.008182E+02 -1.882438E-01  9.851067E-01
  1.418746E+00  3.000000E+01     2  5.755514E-01  1.007197E+02 -1.070553E-01  5.655074E-01
  1.418746E+00  3.000000E+01     3  3.029292E-01  7.892580E+01  5.818663E-02  2.972884E-01
  1.418746E+00  3.000000E+01     4  3.791074E-02  1.098545E+02 -1.287572E-02  3.565725E-02
  1.418746E+00  3.000000E+01     5  6.843410E-02 -6.695640E+01  2.678726E-02 -6.297355E-02
  1.418746E+00  3.000000E+01     6  4.067957E-07  1.768418E+02 -4.061779E-07  2.241133E-08
  1.418746E+00  4.000000E+01     1  8.856496E-01  1.007465E+02 -1.651421E-01  8.701168E-01
  1.418746E+00  4.000000E+01     2  7.419218E-01  1.007552E+02 -1.384526E-01  7.288887E-01
  1.418746E+00  4.000000E+01     3  3.029566E-01  7.905156E+01  5.753921E-02  2.974424E-01
  1.418746E+00  4.000000E+01     4  4.986635E-02  1.110606E+02 -1.791973E-02  4.653532E-02
  1.418746E+00  4.000000E+01     5  5.994348E-02 -6.850678E+01  2.196276E-02 -5.577507E-02
  1.418746E+00  4.000000E+01     6  1.645836E-07  1.728594E+02 -1.633072E-07  2.045838E-08
  1.418746E+00  5.000000E+01     1  7.415810E-01  1.006755E+02 -1.373758E-01  7.287457E-01
  1.418746E+00  5.000000E+01     2  8.860852E-01  1.008084E+02 -1.661636E-01  8.703658E-01
  1.418746E+00  5.000000E+01     3  3.034100E-01  7.910740E+01  5.733499E-02  2.979435E-01
  1.418746E+00  5.000000E+01     4  6.030100E-02  1.124373E+02 -2.301524E-02  5.573607E-02
  1.418746E+00  5.000000E+01     5  4.963602E-02 -7.016006E+01  1.684616E-02 -4.668985E-02
  1.418746E+00  5.000000E+01     6  1.540596E-07  6.353801E+00  1.531132E-07  1.704940E-08
  1.418746E+00  6.000000E+01     1  5.753634E-01  1.006232E+02 -1.060677E-01  5.655022E-01
  1.418746E+00  6.000000E+01     2  1.003376E+00  1.008626E+02 -1.890910E-01  9.853974E-01
  1.418746E+00  6.000000E+01     3  3.042023E-01  7.909067E+01  5.757193E-02  2.987047E-01
  1.418746E+00  6.000000E+01     4  6.883466E-02  1.137173E+02 -2.768702E-02  6.302094E-02
  1.418746E+00  6.000000E+01     5  3.784731E-02 -7.163065E+01  1.192726E-02 -3.591879E-02
  1.418746E+00  6.000000E+01     6  3.969127E-07  1.986270E+00  3.966742E-07  1.375699E-08
  1.418746E+00  7.000000E+01     1  3.922217E-01  1.006239E+02 -7.231072E-02  3.854984E-01
  1.418746E+00  7.000000E+01     2  1.089954E+00  1.009089E+02 -2.062713E-01  1.070258E+00
  1.418746E+00  7.000000E+01     3  3.050251E-01  7.899562E+01  5.822444E-02  2.994165E-01
  1.418746E+00  7.000000E+01     4  7.513589E-02  1.147506E+02 -3.145713E-02  6.823379E-02
  1.418746E+00  7.000000E+01     5  2.494050E-02 -7.241694E+01  7.534227E-03 -2.377528E-02
  1.418746E+00  7.000000E+01     6  4.540982E-07  1.501227E+00  4.539423E-07  1.189663E-08
  1.418746E+00  8.000000E+01     1  1.977310E-01  1.008000E+02 -3.705096E-02  1.942287E-01
  1.418746E+00  8.000000E+01     2  1.142989E+00  1.009423E+02 -2.169627E-01  1.122208E+00
  1.418746E+00  8.000000E+01     3  3.054788E-01  7.881735E+01  5.924372E-02  2.996790E-01
  1.418746E+00  8.000000E+01     4  7.895574E-02  1.154545E+02 -3.393477E-02  7.129124E-02
  1.418746E+00  8.000000E+01     5  1.132656E-02 -7.079269E+01  3.726292E-03 -1.069606E-02
  1.418746E+00  8.000000E+01     6  2.972529E-07  2.297242E+00  2.970140E-07  1.191500E-08
  1.418746E+00  9.000000E+01     1  2.819854E-03 -1.118090E+02 -1.047613E-03 -2.618031E-03
  1.418746E+00  9.000000E+01     2  1.160782E+00  1.009596E+02 -2.206838E-01  1.139611E+00
  1.418746E+00  9.000000E+01     3  3.052562E-01  7.855832E+01  6.055381E-02  2.991899E-01
  1.418746E+00  9.000000E+01     4  8.016473E-02  1.157755E+02 -3.485933E-02  7.218872E-02
  1.418746E+00  9.000000E+01     5  2.791343E-03  8.433298E+01  2.756367E-04  2.777701E-03
  1.418746E+00  9.000000E+01     6  1.322363E-08  9.321220E+01 -7.409742E-10  1.320285E-08
  1.418746E+00  1.000000E+02     1  2.023504E-01 -8.002127E+01  3.506379E-02 -1.992893E-01
  1.418746E+00  1.000000E+02     2  1.142819E+00  1.009573E+02 -2.172244E-01  1.121985E+00
  1.418746E+00  1.000000E+02     3  3.042974E-01  7.823530E+01  6.204410E-02  2.979051E-01
  1.418746E+00  1.000000E+02     4  7.877557E-02  1.156631E+02 -3.411600E-02  7.100485E-02
  1.418746E+00  1.000000E+02     5  1.637557E-02  1.013740E+02 -3.229462E-03  1.605396E-02
  1.418746E+00  1.000000E+02     6  2.979955E-07  1.772245E+02 -2.976459E-07  1.442971E-08
  1.418746E+00  1.100000E+02     1  3.964001E-01 -7.973592E+01  7.063272E-02 -3.900565E-01
  1.418746E+00  1.100000E+02     2  1.089779E+00  1.009316E+02 -2.066630E-01  1.070004E+00
  1.418746E+00  1.100000E+02     3  3.028403E-01  7.788477E+01  6.355965E-02  2.960953E-01
  1.418746E+00  1.100000E+02     4  7.493894E-02  1.150654E+02 -3.174809E-02  6.788154E-02
  1.418746E+00  1.100000E+02     5  2.945966E-02  1.041326E+02 -7.193056E-03  2.856802E-02
  1.418746E+00  1.100000E+02     6  4.525891E-07  1.781965E+02 -4.523649E-07  1.424366E-08
  1.418746E+00  1.200000E+02     1  5.788796E-01 -7.956432E+01  1.048534E-01 -5.693042E-01
  1.418746E+00  1.200000E+02     2  1.003478E+00  1.008792E+02 -1.893953E-01  9.854424E-01
  1.418746E+00  1.200000E+02     3  3.013364E-01  7.756229E+01  6.490127E-02  2.942642E-01
  1.418746E+00  1.200000E+02     4  6.890891E-02  1.139496E+02 -2.797238E-02  6.297606E-02
  1.418746E+00  1.200000E+02     5  4.157746E-02  1.065147E+02 -1.181888E-02  3.986225E-02
  1.418746E+00  1.200000E+02     6  3.925890E-07  1.782494E+02 -3.924058E-07  1.199315E-08
  1.418746E+00  1.300000E+02     1  7.443201E-01 -7.941704E+01  1.367011E-01 -7.316592E-01
  1.418746E+00  1.300000E+02     2  8.867796E-01  1.007991E+02 -1.661525E-01  8.710748E-01
  1.418746E+00  1.300000E+02     3  3.002697E-01  7.733141E+01  6.585255E-02  2.929596E-01
  1.418746E+00  1.300000E+02     4  6.098651E-02  1.123390E+02 -2.318008E-02  5.640956E-02
  1.418746E+00  1.300000E+02     5  5.247028E-02  1.089121E+02 -1.700648E-02  4.963779E-02
  1.418746E+00  1.300000E+02     6  1.469328E-07  1.768358E+02 -1.467088E-07  8.110441E-09
  1.418746E+00  1.400000E+02     1  8.876283E-01 -7.928821E+01  1.649823E-01 -8.721610E-01
  1.418746E+00  1.400000E+02     2  7.434666E-01  1.006944E+02 -1.379649E-01  7.305533E-01
  1.418746E+00  1.400000E+02     3  2.999617E-01  7.724293E+01  6.623688E-02  2.925572E-01
  1.418746E+00  1.400000E+02     4  5.146041E-02  1.103467E+02 -1.789275E-02  4.824960E-02
  1.418746E+00  1.400000E+02     5  6.193628E-02  1.111763E+02 -2.237379E-02  5.775393E-02
  1.418746E+00  1.400000E+02     6  1.705970E-07  1.330187E+00  1.705511E-07  3.960249E-09
  1.418746E+00  1.500000E+02     1  1.004289E+00 -7.918314E+01  1.884752E-01 -9.864444E-01
  1.418746E+00  1.500000E+02     2  5.780681E-01  1.005711E+02 -1.060500E-01  5.682571E-01
  1.418746E+00  1.500000E+02     3  3.004460E-01  7.731432E+01  6.597864E-02  2.931119E-01
  1.418746E+00  1.500000E+02     4  4.057142E-02  1.081747E+02 -1.265486E-02  3.854731E-02
  1.418746E+00  1.500000E+02     5  6.976934E-02  1.131029E+02 -2.737638E-02  6.417394E-02
  1.418746E+00  1.500000E+02     6  4.128460E-07  1.693450E-01  4.128442E-07  1.220217E-09
  1.418746E+00  1.600000E+02     1  1.090553E+00 -7.910653E+01  2.060965E-01 -1.070901E+00
  1.418746E+00  1.600000E+02     2  3.956667E-01  1.004318E+02 -7.164148E-02  3.891267E-01
  1.418746E+00  1.600000E+02     3  3.014593E-01  7.752259E+01  6.513167E-02  2.943392E-01
  1.418746E+00  1.600000E+02     4  2.852413E-02  1.060401E+02 -7.881507E-03  2.741364E-02
  1.418746E+00  1.600000E+02     5  7.572784E-02  1.145432E+02 -3.145581E-02  6.888568E-02
  1.418746E+00  1.600000E+02     6  4.669273E-07  1.336477E-01  4.669260E-07  1.089150E-09
  1.418746E+00  1.700000E+02     1  1.143591E+00 -7.905998E+01  2.170323E-01 -1.122808E+00
  1.418746E+00  1.700000E+02     2  2.017023E-01  1.002317E+02 -3.582813E-02  1.984947E-01
  1.418746E+00  1.700000E+02     3  3.025522E-01  7.781530E+01  6.385780E-02  2.957364E-01
  1.418746E+00  1.700000E+02     4  1.554356E-02  1.038553E+02 -3.722222E-03  1.509130E-02
  1.418746E+00  1.700000E+02     5  7.954719E-02  1.154294E+02 -3.415743E-02  7.184028E-02
  1.418746E+00  1.700000E+02     6  3.053583E-07  6.948252E-01  3.053358E-07  3.702985E-09
  1.418746E+00  1.800000E+02     1  1.161607E+00 -7.904241E+01  2.208011E-01 -1.140429E+00
  1.418746E+00  1.800000E+02     2  2.003105E-03  7.479762E+01  5.252729E-04  1.933008E-03
  1.418746E+00  1.800000E+02     3  3.032774E-01  7.813185E+01  6.237210E-02  2.967944E-01
  1.418746E+00  1.800000E+02     4  1.981167E-03  9.048817E+01 -1.687960E-05  1.981095E-03
  1.418746E+00  1.800000E+02     5  8.098483E-02  1.157580E+02 -3.519370E-02  7.293796E-02
  1.418746E+00  1.800000E+02     6  8.292195E-09  7.582560E+01  2.030544E-09  8.039738E-09
  1.418746E+00  1.900000E+02     1  1.143915E+00 -7.905135E+01  2.172628E-01 -1.123093E+00
  1.418746E+00  1.900000E+02     2  1.982937E-01 -7.932426E+01  3.673403E-02 -1.948615E-01
  1.418746E+00  1.900000E+02     3  3.033777E-01  7.842238E+01  6.088647E-02  2.972051E-01
  1.418746E+00  1.900000E+02     4  1.195093E-02 -7.239147E+01  3.615298E-03 -1.139098E-02
  1.418746E+00  1.900000E+02     5  7.987481E-02  1.155609E+02 -3.446364E-02  7.205722E-02
  1.418746E+00  1.900000E+02     6  3.009306E-07  1.776456E+02 -3.006765E-07  1.236230E-08
  1.418746E+00  2.000000E+02     1  1.090994E+00 -7.908381E+01  2.066048E-01 -1.071253E+00
  1.418746E+00  2.000000E+02     2  3.928353E-01 -7.941582E+01  7.215597E-02 -3.861516E-01
  1.418746E+00  2.000000E+02     3  3.028863E-01  7.865680E+01  5.957334E-02  2.969699E-01
  1.418746E+00  2.000000E+02     4  2.559790E-02 -7.276553E+01  7.584215E-03 -2.444856E-02
  1.418746E+00  2.000000E+02     5  7.617098E-02  1.148846E+02 -3.205217E-02  6.909903E-02
  1.418746E+00  2.000000E+02     6  4.610514E-07  1.781365E+02 -4.608075E-07  1.499270E-08
  1.418746E+00  2.100000E+02     1  1.004505E+00 -7.913604E+01  1.893270E-01 -9.865021E-01
  1.418746E+00  2.100000E+02     2  5.760920E-01 -7.939316E+01  1.060405E-01 -5.662485E-01
  1.418746E+00  2.100000E+02     3  3.020899E-01  7.882376E+01  5.855335E-02  2.963609E-01
  1.418746E+00  2.100000E+02     4  3.860137E-02 -7.169179E+01  1.212579E-02 -3.664739E-02
  1.418746E+00  2.100000E+02     5  6.996474E-02  1.137907E+02 -2.822360E-02  6.401947E-02
  1.418746E+00  2.100000E+02     6  4.055231E-07  1.778725E+02 -4.052436E-07  1.505418E-08
  1.418746E+00  2.200000E+02     1  8.872430E-01 -7.920219E+01  1.662194E-01 -8.715339E-01
  1.418746E+00  2.200000E+02     2  7.424757E-01 -7.933177E+01  1.374484E-01 -7.296425E-01
  1.418746E+00  2.200000E+02     3  3.013749E-01  7.892341E+01  5.790044E-02  2.957607E-01
  1.418746E+00  2.200000E+02     4  5.054446E-02 -7.012560E+01  1.718307E-02 -4.753404E-02
  1.418746E+00  2.200000E+02     5  6.147382E-02  1.123751E+02 -2.340116E-02  5.684554E-02
  1.418746E+00  2.200000E+02     6  1.628722E-07  1.754804E+02 -1.623658E-07  1.283422E-08
  1.418746E+00  2.300000E+02     1  7.430275E-01 -7.927254E+01  1.383053E-01 -7.300422E-01
  1.418746E+00  2.300000E+02     2  8.867293E-01 -7.925749E+01  1.652825E-01 -8.711892E-01
  1.418746E+00  2.300000E+02     3  3.010353E-01  7.895842E+01  5.765470E-02  2.954626E-01
  1.418746E+00  2.300000E+02     4  6.103096E-02 -6.845303E+01  2.241447E-02 -5.676592E-02
  1.418746E+00  2.300000E+02     5  5.100956E-02  1.107952E+02 -1.810984E-02  4.768657E-02
  1.418746E+00  2.300000E+02     6  1.543408E-07  3.567964E+00  1.540417E-07  9.605014E-09
  1.418746E+00  2.400000E+02     1  5.765188E-01 -7.933117E+01  1.067321E-01 -5.665529E-01
  1.418746E+00  2.400000E+02     2  1.004164E+00 -7.918578E+01  1.884064E-01 -9.863305E-01
  1.418746E+00  2.400000E+02     3  3.011343E-01  7.892753E+01  5.783299E-02  2.955287E-01
  1.418746E+00  2.400000E+02     4  6.967222E-02 -6.692867E+01  2.730293E-02 -6.409968E-02
  1.418746E+00  2.400000E+02     5  3.894031E-02  1.092961E+02 -1.286786E-02  3.675277E-02
  1.418746E+00  2.400000E+02     6  3.976285E-07  1.008378E+00  3.975669E-07  6.997711E-09
  1.418746E+00  2.500000E+02     1  3.929785E-01 -7.934975E+01  7.262764E-02 -3.862089E-01
  1.418746E+00  2.500000E+02     2  1.090898E+00 -7.912639E+01  2.057904E-01 -1.071312E+00
  1.418746E+00  2.500000E+02     3  3.014865E-01  7.882481E+01  5.843099E-02  2.957701E-01
  1.418746E+00  2.500000E+02     4  7.610505E-02 -6.571518E+01  3.129994E-02 -6.937069E-02
  1.418746E+00  2.500000E+02     5  2.567052E-02  1.082648E+02 -8.045360E-03  2.437720E-02
  1.418746E+00  2.500000E+02     6  4.548153E-07  7.854544E-01  4.547726E-07  6.234761E-09
  1.418746E+00  2.600000E+02     1  1.980261E-01 -7.923872E+01  3.697492E-02 -1.945435E-01
  1.418746E+00  2.600000E+02     2  1.144062E+00 -7.908511E+01  2.166288E-01 -1.123365E+00
  1.418746E+00  2.600000E+02     3  3.017656E-01  7.864426E+01  5.941765E-02  2.958581E-01
  1.418746E+00  2.600000E+02     4  8.004041E-02 -6.490605E+01  3.394544E-02 -7.248569E-02
  1.418746E+00  2.600000E+02     5  1.164379E-02  1.087773E+02 -3.748035E-03  1.102407E-02
  1.418746E+00  2.600000E+02     6  2.978486E-07  1.458466E+00  2.977521E-07  7.580925E-09
  1.418746E+00  2.700000E+02     1  2.769997E-03  7.814157E+01  5.692184E-04  2.710880E-03
  1.418746E+00  2.700000E+02     2  1.161928E+00 -7.906546E+01  2.204032E-01 -1.140833E+00
  1.418746E+00  2.700000E+02     3  3.016853E-01  7.838754E+01  6.072651E-02  2.955102E-01
  1.418746E+00  2.700000E+02     4  8.131949E-02 -6.455494E+01  3.493854E-02 -7.343131E-02
  1.418746E+00  2.700000E+02     5  2.740859E-03 -8.571358E+01  2.048581E-04 -2.733193E-03
  1.418746E+00  2.700000E+02     6  1.025963E-08  9.069491E+01 -1.244297E-10  1.025887E-08
  1.418746E+00  2.800000E+02     1  2.029595E-01  1.001928E+02 -3.591593E-02  1.997564E-01
  1.418746E+00  2.800000E+02     2  1.143981E+00 -7.907013E+01  2.169072E-01 -1.123229E+00
  1.418746E+00  2.800000E+02     3  3.011602E-01  7.807177E+01  6.224567E-02  2.946573E-01
  1.418746E+00  2.800000E+02     4  7.994877E-02 -6.470016E+01  3.416653E-02 -7.228038E-02
  1.418746E+00  2.800000E+02     5  1.679625E-02 -7.560526E+01  4.175562E-03 -1.626895E-02
  1.418746E+00  2.800000E+02     6  2.974540E-07  1.775235E+02 -2.971762E-07  1.285294E-08
  1.418746E+00  2.900000E+02     1  3.973583E-01  1.004083E+02 -7.178726E-02  3.908199E-01
  1.418746E+00  2.900000E+02     2  1.090913E+00 -7.910157E+01  2.062573E-01 -1.071238E+00
  1.418746E+00  2.900000E+02     3  3.003589E-01  7.773455E+01  6.380862E-02  2.935029E-01
  1.418746E+00  2.900000E+02     4  7.609521E-02 -6.537136E+01  3.171155E-02 -6.917267E-02
  1.418746E+00  2.900000E+02     5  3.021174E-02 -7.363089E+01  8.514398E-03 -2.898714E-02
  1.418746E+00  2.900000E+02     6  4.522773E-07  1.782259E+02 -4.520605E-07  1.400235E-08
  1.418746E+00  3.000000E+02     1  5.800512E-01  1.005491E+02 -1.061948E-01  5.702474E-01
  1.418746E+00  3.000000E+02     2  1.004569E+00 -7.916140E+01  1.889021E-01 -9.866483E-01
  1.418746E+00  3.000000E+02     3  2.996236E-01  7.743199E+01  6.519759E-02  2.924441E-01
  1.418746E+00  3.000000E+02     4  7.003941E-02 -6.657402E+01  2.784514E-02 -6.426638E-02
  1.418746E+00  3.000000E+02     5  4.256003E-02 -7.168843E+01  1.337169E-02 -4.040488E-02
  1.418746E+00  3.000000E+02     6  3.924951E-07  1.780930E+02 -3.922777E-07  1.306094E-08
  1.418746E+00  3.100000E+02     1  7.455374E-01  1.006732E+02 -1.380790E-01  7.326392E-01
  1.418746E+00  3.100000E+02     2  8.878357E-01 -7.924923E+01  1.656144E-01 -8.722523E-01
  1.418746E+00  3.100000E+02     3  2.993021E-01  7.722635E+01  6.617571E-02  2.918947E-01
  1.418746E+00  3.100000E+02     4  6.210235E-02 -6.825993E+01  2.300249E-02 -5.768524E-02
  1.418746E+00  3.100000E+02     5  5.354423E-02 -6.966622E+01  1.860600E-02 -5.020758E-02
  1.418746E+00  3.100000E+02     6  1.471305E-07  1.759377E+02 -1.467608E-07  1.042290E-08
  1.418746E+00  3.200000E+02     1  8.887129E-01  1.007806E+02 -1.662332E-01  8.730275E-01
  1.418746E+00  3.200000E+02     2  7.445030E-01 -7.936210E+01  1.374364E-01 -7.317076E-01
  1.418746E+00  3.200000E+02     3  2.995843E-01  7.716527E+01  6.654955E-02  2.920992E-01
  1.418746E+00  3.200000E+02     4  5.257511E-02 -7.030562E+01  1.771796E-02 -4.949966E-02
  1.418746E+00  3.200000E+02     5  6.293308E-02 -6.775893E+01  2.382044E-02 -5.825082E-02
  1.418746E+00  3.200000E+02     6  1.704810E-07  2.476742E+00  1.703218E-07  7.367140E-09
  1.418746E+00  3.300000E+02     1  1.005077E+00  1.008649E+02 -1.894504E-01  9.870608E-01
  1.418746E+00  3.300000E+02     2  5.790911E-01 -7.949686E+01  1.055621E-01 -5.693884E-01
  1.418746E+00  3.300000E+02     3  3.004180E-01  7.726301E+01  6.623497E-02  2.930254E-01
  1.418746E+00  3.300000E+02     4  4.168530E-02 -7.253208E+01  1.251275E-02 -3.976299E-02
  1.418746E+00  3.300000E+02     5  7.051763E-02 -6.617184E+01  2.848876E-02 -6.450679E-02
  1.418746E+00  3.300000E+02     6  4.124837E-07  7.624821E-01  4.124472E-07  5.489098E-09
  1.418746E+00  3.400000E+02     1  1.090922E+00  1.009213E+02 -2.066874E-01  1.071164E+00
  1.418746E+00  3.400000E+02     2  3.966624E-01 -7.966236E+01  7.118048E-02 -3.902235E-01
  1.418746E+00  3.400000E+02     3  3.015341E-01  7.749527E+01  6.528822E-02  2.943812E-01
  1.418746E+00  3.400000E+02     4  2.962120E-02 -7.482150E+01  7.755631E-03 -2.858786E-02
  1.418746E+00  3.400000E+02     5  7.608636E-02 -6.504630E+01  3.209975E-02 -6.898362E-02
  1.418746E+00  3.400000E+02     6  4.664157E-07  7.338077E-01  4.663774E-07  5.973390E-09
  1.418746E+00  3.500000E+02     1  1.143473E+00  1.009489E+02 -2.171843E-01  1.122658E+00
  1.418746E+00  3.500000E+02     2  2.026392E-01 -7.995733E+01  3.533653E-02 -1.995344E-01
  1.418746E+00  3.500000E+02     3  3.025659E-01  7.781071E+01  6.388439E-02  2.957446E-01
  1.418746E+00  3.500000E+02     4  1.660341E-02 -7.764784E+01  3.551797E-03 -1.621906E-02
  1.418746E+00  3.500000E+02     5  7.943123E-02 -6.444609E+01  3.426347E-02 -7.166124E-02
  1.418746E+00  3.500000E+02     6  3.047919E-07  1.698828E+00  3.046579E-07  9.035797E-09
  1.384554E+00  0.000000E+00     1  1.115233E+00  1.047719E+02 -2.843525E-01  1.078373E+00
  1.384554E+00  0.000000E+00     2  2.840562E-03 -1.084564E+02 -8.992754E-04 -2.694456E-03
  1.384554E+00  0.000000E+00     3  2.708017E-01  8.297752E+01  3.310787E-02  2.687702E-01
  1.384554E+00  0.000000E+00     4  2.908511E-03 -9.355164E+01 -1.801769E-04 -2.902925E-03
  1.384554E+00  0.000000E+00     5  8.500689E-02 -6.142359E+01  4.066137E-02 -7.465135E-02
  1.384554E+00  0.000000E+00     6  1.268958E-08  9.062705E+01 -1.388727E-10  1.268882E-08
  1.384554E+00  1.000000E+01     1  1.097775E+00  1.047468E+02 -2.794371E-01  1.061614E+00
  1.384554E+00  1.000000E+01     2  1.894316E-01  1.047610E+02 -4.826484E-02  1.831798E-01
  1.384554E+00  1.000000E+01     3  2.710116E-01  8.332136E+01  3.151876E-02  2.691725E-01
  1.384554E+00  1.000000E+01     4  1.167003E-02  1.140530E+02 -4.756491E-03  1.065671E-02
  1.384554E+00  1.000000E+01     5  8.335549E-02 -6.185017E+01  3.932536E-02 -7.349595E-02
  1.384554E+00  1.000000E+01     6  3.565708E-07  1.768411E+02 -3.560291E-07  1.964877E-08
  1.384554E+00  2.000000E+01     1  1.046456E+00  1.047026E+02 -2.655933E-01  1.012191E+00
  1.384554E+00  2.000000E+01     2  3.760215E-01  1.045619E+02 -9.454161E-02  3.639424E-01
  1.384554E+00  2.000000E+01     3  2.707632E-01  8.362895E+01  3.004573E-02  2.690910E-01
  1.384554E+00  2.000000E+01     4  2.582504E-02  1.120683E+02 -9.702748E-03  2.393302E-02
  1.384554E+00  2.000000E+01     5  7.896741E-02 -6.270761E+01  3.620905E-02 -7.017661E-02
  1.384554E+00  2.000000E+01     6  5.442392E-07  1.774733E+02 -5.437101E-07  2.399253E-08
  1.384554E+00  3.000000E+01     1  9.629482E-01  1.046430E+02 -2.434292E-01  9.316713E-01
  1.384554E+00  3.000000E+01     2  5.519319E-01  1.045440E+02 -1.386034E-01  5.342451E-01
  1.384554E+00  3.000000E+01     3  2.704310E-01  8.386840E+01  2.888538E-02  2.688839E-01
  1.384554E+00  3.000000E+01     4  3.944331E-02  1.126641E+02 -1.519863E-02  3.639748E-02
  1.384554E+00  3.000000E+01     5  7.202505E-02 -6.394598E+01  3.163472E-02 -6.470589E-02
  1.384554E+00  3.000000E+01     6  4.781335E-07  1.771031E+02 -4.775225E-07  2.416432E-08
  1.384554E+00  4.000000E+01     1  8.500239E-01  1.045735E+02 -2.138847E-01  8.226749E-01
  1.384554E+00  4.000000E+01     2  7.117770E-01  1.045777E+02 -1.791496E-01  6.888628E-01
  1.384554E+00  4.000000E+01     3  2.704052E-01  8.401714E+01  2.818458E-02  2.689323E-01
  1.384554E+00  4.000000E+01     4  5.206350E-02  1.139186E+02 -2.110858E-02  4.759240E-02
  1.384554E+00  4.000000E+01     5  6.284185E-02 -6.548079E+01  2.607926E-02 -5.717491E-02
  1.384554E+00  4.000000E+01     6  1.925920E-07  1.739118E+02 -1.915057E-07  2.042607E-08
  1.384554E+00  5.000000E+01     1  7.114419E-01  1.045040E+02 -1.781788E-01  6.887684E-01
  1.384554E+00  5.000000E+01     2  8.504503E-01  1.046282E+02 -2.147774E-01  8.228830E-01
  1.384554E+00  5.000000E+01     3  2.708907E-01  8.406382E+01  2.801567E-02  2.694381E-01
  1.384554E+00  5.000000E+01     4  6.321886E-02  1.153088E+02 -2.702584E-02  5.715093E-02
  1.384554E+00  5.000000E+01     5  5.181427E-02 -6.715330E+01  2.011776E-02 -4.774929E-02
  1.384554E+00  5.000000E+01     6  1.811270E-07  4.655506E+00  1.805294E-07  1.470109E-08
  1.384554E+00  6.000000E+01     1  5.517469E-01  1.044518E+02 -1.376970E-01  5.342884E-01
  1.384554E+00  6.000000E+01     2  9.633839E-01  1.046793E+02 -2.441300E-01  9.319383E-01
  1.384554E+00  6.000000E+01     3  2.717939E-01  8.400915E+01  2.836702E-02  2.703095E-01
  1.384554E+00  6.000000E+01     4  7.244405E-02  1.165757E+02 -3.240995E-02  6.478993E-02
  1.384554E+00  6.000000E+01     5  3.936734E-02 -6.868440E+01  1.431022E-02 -3.667431E-02
  1.384554E+00  6.000000E+01     6  4.670221E-07  1.185038E+00  4.669222E-07  9.658646E-09
  1.384554E+00  7.000000E+01     1  3.760131E-01  1.044511E+02 -9.383521E-02  3.641164E-01
  1.384554E+00  7.000000E+01     2  1.046803E+00  1.047233E+02 -2.660455E-01  1.012431E+00
  1.384554E+00  7.000000E+01     3  2.727484E-01  8.386429E+01  2.915239E-02  2.711860E-01
  1.384554E+00  7.000000E+01     4  7.931589E-02  1.175887E+02 -3.673286E-02  7.029727E-02
  1.384554E+00  7.000000E+01     5  2.591856E-02 -6.956845E+01  9.047859E-03 -2.428802E-02
  1.384554E+00  7.000000E+01     6  5.343599E-07  7.998124E-01  5.343079E-07  7.459080E-09
  1.384554E+00  8.000000E+01     1  1.895854E-01  1.046213E+02 -4.785684E-02  1.834458E-01
  1.384554E+00  8.000000E+01     2  1.097921E+00  1.047563E+02 -2.796500E-01  1.061709E+00
  1.384554E+00  8.000000E+01     3  2.732701E-01  8.364679E+01  3.023933E-02  2.715919E-01
  1.384554E+00  8.000000E+01     4  8.350765E-02  1.182875E+02 -3.957394E-02  7.353523E-02
  1.384554E+00  8.000000E+01     5  1.187974E-02 -6.815180E+01  4.421030E-03 -1.102645E-02
  1.384554E+00  8.000000E+01     6  3.493930E-07  1.433892E+00  3.492836E-07  8.743048E-09
  1.384554E+00  9.000000E+01     1  2.542387E-03 -1.091416E+02 -8.336597E-04 -2.401821E-03
  1.384554E+00  9.000000E+01     2  1.115067E+00  1.047760E+02 -2.843866E-01  1.078192E+00
  1.384554E+00  9.000000E+01     3  2.729797E-01  8.337630E+01  3.148766E-02  2.711576E-01
  1.384554E+00  9.000000E+01     4  8.483791E-02  1.186347E+02 -4.065628E-02  7.446165E-02
  1.384554E+00  9.000000E+01     5  2.600445E-03  8.582313E+01  1.894049E-04  2.593538E-03
  1.384554E+00  9.000000E+01     6  1.252039E-08  9.953579E+01 -2.074174E-09  1.234739E-08
  1.384554E+00  1.000000E+02     1  1.936948E-01 -7.617192E+01  4.629485E-02 -1.880810E-01
  1.384554E+00  1.000000E+02     2  1.097732E+00  1.047787E+02 -2.800167E-01  1.061417E+00
  1.384554E+00  1.000000E+02     3  2.717959E-01  8.307346E+01  3.277770E-02  2.698122E-01
  1.384554E+00  1.000000E+02     4  8.329885E-02  1.185835E+02 -3.985338E-02  7.314648E-02
  1.384554E+00  1.000000E+02     5  1.653489E-02  1.043642E+02 -4.102057E-03  1.601798E-02
  1.384554E+00  1.000000E+02     6  3.528387E-07  1.774181E+02 -3.524805E-07  1.589468E-08
  1.384554E+00  1.100000E+02     1  3.797252E-01 -7.588955E+01  9.257393E-02 -3.682680E-01
  1.384554E+00  1.100000E+02     2  1.046579E+00  1.047597E+02 -2.666322E-01  1.012045E+00
  1.384554E+00  1.100000E+02     3  2.700037E-01  8.276376E+01  3.400987E-02  2.678532E-01
  1.384554E+00  1.100000E+02     4  7.905453E-02  1.180703E+02 -3.719949E-02  6.975541E-02
  1.384554E+00  1.100000E+02     5  3.006609E-02  1.072162E+02 -8.898919E-03  2.871897E-02
  1.384554E+00  1.100000E+02     6  5.353045E-07  1.781820E+02 -5.350350E-07  1.698272E-08
  1.384554E+00  1.200000E+02     1  5.548594E-01 -7.571767E+01  1.368839E-01 -5.377097E-01
  1.384554E+00  1.200000E+02     2  9.633902E-01  1.047139E+02 -2.446932E-01  9.317972E-01
  1.384554E+00  1.200000E+02     3  2.681584E-01  8.248282E+01  3.508142E-02  2.658538E-01
  1.384554E+00  1.200000E+02     4  7.240714E-02  1.170364E+02 -3.291312E-02  6.449434E-02
  1.384554E+00  1.200000E+02     5  4.276311E-02  1.096954E+02 -1.441204E-02  4.026136E-02
  1.384554E+00  1.200000E+02     6  4.648751E-07  1.782249E+02 -4.646520E-07  1.440003E-08
  1.384554E+00  1.300000E+02     1  7.138479E-01 -7.557074E+01  1.778798E-01 -6.913303E-01
  1.384554E+00  1.300000E+02     2  8.509848E-01  1.046384E+02 -2.150591E-01  8.233619E-01
  1.384554E+00  1.300000E+02     3  2.668634E-01  8.227503E+01  3.587125E-02  2.644416E-01
  1.384554E+00  1.300000E+02     4  6.373790E-02  1.154712E+02 -2.741100E-02  5.754266E-02
  1.384554E+00  1.300000E+02     5  5.436239E-02  1.121557E+02 -2.050136E-02  5.034842E-02
  1.384554E+00  1.300000E+02     6  1.761237E-07  1.771450E+02 -1.759051E-07  8.772552E-09
  1.384554E+00  1.400000E+02     1  8.517389E-01 -7.544426E+01  2.140605E-01 -8.244012E-01
  1.384554E+00  1.400000E+02     2  7.130847E-01  1.045349E+02 -1.789622E-01  6.902625E-01
  1.384554E+00  1.400000E+02     3  2.665249E-01  8.218129E+01  3.625779E-02  2.640471E-01
  1.384554E+00  1.400000E+02     4  5.343616E-02  1.134578E+02 -2.127153E-02  4.901985E-02
  1.384554E+00  1.400000E+02     5  6.460302E-02  1.144235E+02 -2.671196E-02  5.882194E-02
  1.384554E+00  1.400000E+02     6  1.970180E-07  6.747210E-01  1.970043E-07  2.320050E-09
  1.384554E+00  1.500000E+02     1  9.641055E-01 -7.534376E+01  2.439371E-01 -9.327347E-01
  1.384554E+00  1.500000E+02     2  5.541321E-01  1.044087E+02 -1.378885E-01  5.367021E-01
  1.384554E+00  1.500000E+02     3  2.671879E-01  8.222184E+01  3.616067E-02  2.647297E-01
  1.384554E+00  1.500000E+02     4  4.183931E-02  1.111841E+02 -1.511929E-02  3.901199E-02
  1.384554E+00  1.500000E+02     5  7.318472E-02  1.162958E+02 -3.242122E-02  6.561149E-02
  1.384554E+00  1.500000E+02     6  4.822904E-07 -2.574337E-01  4.822855E-07 -2.166955E-09
  1.384554E+00  1.600000E+02     1  1.047259E+00 -7.527325E+01  2.662232E-01 -1.012856E+00
  1.384554E+00  1.600000E+02     2  3.790695E-01  1.042617E+02 -9.338421E-02  3.673868E-01
  1.384554E+00  1.600000E+02     3  2.685224E-01  8.238717E+01  3.557342E-02  2.661556E-01
  1.384554E+00  1.600000E+02     4  2.921320E-02  1.088691E+02 -9.447755E-03  2.764328E-02
  1.384554E+00  1.600000E+02     5  7.976610E-02  1.176457E+02 -3.701167E-02  7.065951E-02
  1.384554E+00  1.600000E+02     6  5.467579E-07 -2.769813E-01  5.467515E-07 -2.643146E-09
  1.384554E+00  1.700000E+02     1  1.098416E+00 -7.523307E+01  2.799729E-01 -1.062136E+00
  1.384554E+00  1.700000E+02     2  1.931197E-01  1.040440E+02 -4.686365E-02  1.873473E-01
  1.384554E+00  1.700000E+02     3  2.699634E-01  8.264353E+01  3.456669E-02  2.677413E-01
  1.384554E+00  1.700000E+02     4  1.578863E-02  1.063804E+02 -4.452606E-03  1.514777E-02
  1.384554E+00  1.700000E+02     5  8.400150E-02  1.184351E+02 -3.999839E-02  7.386731E-02
  1.384554E+00  1.700000E+02     6  3.574249E-07  1.938606E-01  3.574229E-07  1.209347E-09
  1.384554E+00  1.800000E+02     1  1.115810E+00 -7.522078E+01  2.846377E-01 -1.078894E+00
  1.384554E+00  1.800000E+02     2  1.856316E-03  7.464409E+01  4.915788E-04  1.790044E-03
  1.384554E+00  1.800000E+02     3  2.709518E-01  8.294683E+01  3.327028E-02  2.689015E-01
  1.384554E+00  1.800000E+02     4  1.899064E-03  8.912046E+01  2.915104E-05  1.898840E-03
  1.384554E+00  1.800000E+02     5  8.559819E-02  1.186856E+02 -4.108737E-02  7.509246E-02
  1.384554E+00  1.800000E+02     6  7.855164E-09  8.324263E+01  9.242789E-10  7.800597E-09
  1.384554E+00  1.900000E+02     1  1.098768E+00 -7.523305E+01  2.800628E-01 -1.062476E+00
  1.384554E+00  1.900000E+02     2  1.900752E-01 -7.546802E+01  4.769374E-02 -1.839942E-01
  1.384554E+00  1.900000E+02     3  2.711693E-01  8.325441E+01  3.185181E-02  2.692921E-01
  1.384554E+00  1.900000E+02     4  1.242864E-02 -6.916749E+01  4.420088E-03 -1.161610E-02
  1.384554E+00  1.900000E+02     5  8.437436E-02  1.184413E+02 -4.018393E-02  7.419086E-02
  1.384554E+00  1.900000E+02     6  3.551718E-07  1.776855E+02 -3.548821E-07  1.434335E-08
  1.384554E+00  2.000000E+02     1  1.047763E+00 -7.526677E+01  2.664661E-01 -1.013313E+00
  1.384554E+00  2.000000E+02     2  3.765465E-01 -7.557513E+01  9.380159E-02 -3.646759E-01
  1.384554E+00  2.000000E+02     3  2.706595E-01  8.353029E+01  3.049737E-02  2.689358E-01
  1.384554E+00  2.000000E+02     4  2.649853E-02 -6.973491E+01  9.178141E-03 -2.485828E-02
  1.384554E+00  2.000000E+02     5  8.030242E-02  1.177463E+02 -3.738533E-02  7.106909E-02
  1.384554E+00  2.000000E+02     6  5.428208E-07  1.780868E+02 -5.425182E-07  1.812187E-08
  1.384554E+00  2.100000E+02     1  9.644294E-01 -7.531874E+01  2.444265E-01 -9.329415E-01
  1.384554E+00  2.100000E+02     2  5.523876E-01 -7.555876E+01  1.377583E-01 -5.349344E-01
  1.384554E+00  2.100000E+02     3  2.697774E-01  8.374604E+01  2.938836E-02  2.681719E-01
  1.384554E+00  2.100000E+02     4  4.004716E-02 -6.868238E+01  1.455865E-02 -3.730711E-02
  1.384554E+00  2.100000E+02     5  7.352571E-02  1.166475E+02 -3.297630E-02  6.571600E-02
  1.384554E+00  2.100000E+02     6  4.766493E-07  1.778692E+02 -4.763197E-07  1.772215E-08
  1.384554E+00  2.200000E+02     1  8.515201E-01 -7.538403E+01  2.148718E-01 -8.239639E-01
  1.384554E+00  2.200000E+02     2  7.122448E-01 -7.550161E+01  1.783125E-01 -6.895631E-01
  1.384554E+00  2.200000E+02     3  2.689956E-01  8.388104E+01  2.867308E-02  2.674631E-01
  1.384554E+00  2.200000E+02     4  5.265592E-02 -6.711185E+01  2.047965E-02 -4.851010E-02
  1.384554E+00  2.200000E+02     5  6.434245E-02  1.152207E+02 -2.741675E-02  5.820886E-02
  1.384554E+00  2.200000E+02     6  1.908092E-07  1.758988E+02 -1.903206E-07  1.364650E-08
  1.384554E+00  2.300000E+02     1  7.127964E-01 -7.545362E+01  1.790285E-01 -6.899475E-01
  1.384554E+00  2.300000E+02     2  8.510146E-01 -7.543117E+01  2.140666E-01 -8.236512E-01
  1.384554E+00  2.300000E+02     3  2.686680E-01  8.392333E+01  2.844097E-02  2.671583E-01
  1.384554E+00  2.300000E+02     4  6.387523E-02 -6.544949E+01  2.653985E-02 -5.810061E-02
  1.384554E+00  2.300000E+02     5  5.316008E-02  1.136079E+02 -2.128930E-02  4.871098E-02
  1.384554E+00  2.300000E+02     6  1.818495E-07  2.531301E+00  1.816721E-07  8.031415E-09
  1.384554E+00  2.400000E+02     1  5.528254E-01 -7.551171E+01  1.383070E-01 -5.352449E-01
  1.384554E+00  2.400000E+02     2  9.641024E-01 -7.536308E+01  2.436217E-01 -9.328140E-01
  1.384554E+00  2.400000E+02     3  2.688619E-01  8.387054E+01  2.870782E-02  2.673248E-01
  1.384554E+00  2.400000E+02     4  7.322652E-02 -6.395470E+01  3.215242E-02 -6.579016E-02
  1.384554E+00  2.400000E+02     5  4.043553E-02  1.120539E+02 -1.518269E-02  3.747690E-02
  1.384554E+00  2.400000E+02     6  4.680111E-07  4.426190E-01  4.679972E-07  3.615425E-09
  1.384554E+00  2.500000E+02     1  3.767166E-01 -7.552930E+01  9.413578E-02 -3.647654E-01
  1.384554E+00  2.500000E+02     2  1.047687E+00 -7.530644E+01  2.657449E-01 -1.013423E+00
  1.384554E+00  2.500000E+02     3  2.693380E-01  8.372956E+01  2.941750E-02  2.677266E-01
  1.384554E+00  2.500000E+02     4  8.024688E-02 -6.277543E+01  3.671129E-02 -7.135715E-02
  1.384554E+00  2.500000E+02     5  2.662704E-02  1.109677E+02 -9.528254E-03  2.486386E-02
  1.384554E+00  2.500000E+02     6  5.352925E-07  2.625947E-01  5.352869E-07  2.453313E-09
  1.384554E+00  2.600000E+02     1  1.898561E-01 -7.541455E+01  4.781026E-02 -1.837376E-01
  1.384554E+00  2.600000E+02     2  1.098936E+00 -7.526605E+01  2.794935E-01 -1.062800E+00
  1.384554E+00  2.600000E+02     3  2.696841E-01  8.351432E+01  3.046212E-02  2.679581E-01
  1.384554E+00  2.600000E+02     4  8.456219E-02 -6.198418E+01  3.972016E-02 -7.465301E-02
  1.384554E+00  2.600000E+02     5  1.217974E-02  1.114691E+02 -4.457779E-03  1.133465E-02
  1.384554E+00  2.600000E+02     6  3.501707E-07  8.148911E-01  3.501352E-07  4.980146E-09
  1.384554E+00  2.700000E+02     1  2.515701E-03  8.012982E+01  4.312325E-04  2.478465E-03
  1.384554E+00  2.700000E+02     2  1.116147E+00 -7.524472E+01  2.842728E-01 -1.079339E+00
  1.384554E+00  2.700000E+02     3  2.695397E-01  8.324295E+01  3.171393E-02  2.676674E-01
  1.384554E+00  2.700000E+02     4  8.595845E-02 -6.161839E+01  4.085965E-02 -7.562634E-02
  1.384554E+00  2.700000E+02     5  2.572881E-03 -8.488338E+01  2.294580E-04 -2.562629E-03
  1.384554E+00  2.700000E+02     6  9.946551E-09  9.798389E+01 -1.381523E-09  9.850141E-09
  1.384554E+00  2.800000E+02     1  1.942758E-01  1.040096E+02 -4.703114E-02  1.884971E-01
  1.384554E+00  2.800000E+02     2  1.098813E+00 -7.524514E+01  2.798502E-01 -1.062579E+00
  1.384554E+00  2.800000E+02     3  2.687971E-01  8.293723E+01  3.305040E-02  2.667575E-01
  1.384554E+00  2.800000E+02     4  8.442359E-02 -6.171221E+01  4.000839E-02 -7.434158E-02
  1.384554E+00  2.800000E+02     5  1.697789E-02 -7.306058E+01  4.946686E-03 -1.624128E-02
  1.384554E+00  2.800000E+02     6  3.522777E-07  1.776235E+02 -3.519747E-07  1.460758E-08
  1.384554E+00  2.900000E+02     1  3.806382E-01  1.042328E+02 -9.358468E-02  3.689544E-01
  1.384554E+00  2.900000E+02     2  1.047616E+00 -7.527060E+01  2.663610E-01 -1.013189E+00
  1.384554E+00  2.900000E+02     3  2.676727E-01  8.262601E+01  3.435458E-02  2.654589E-01
  1.384554E+00  2.900000E+02     4  8.014415E-02 -6.230628E+01  3.724658E-02 -7.096320E-02
  1.384554E+00  2.900000E+02     5  3.084030E-02 -7.090080E+01  1.009109E-02 -2.914265E-02
  1.384554E+00  2.900000E+02     6  5.350031E-07  1.781936E+02 -5.347372E-07  1.686486E-08
  1.384554E+00  3.000000E+02     1  5.559775E-01  1.043789E+02 -1.380679E-01  5.385613E-01
  1.384554E+00  3.000000E+02     2  9.643733E-01 -7.532416E+01  2.443240E-01 -9.329103E-01
  1.384554E+00  3.000000E+02     3  2.666101E-01  8.234889E+01  3.549663E-02  2.642365E-01
  1.384554E+00  3.000000E+02     4  7.345660E-02 -6.343077E+01  3.285559E-02 -6.569918E-02
  1.384554E+00  3.000000E+02     5  4.376660E-02 -6.880702E+01  1.582208E-02 -4.080658E-02
  1.384554E+00  3.000000E+02     6  4.648317E-07  1.780967E+02 -4.645752E-07  1.543866E-08
  1.384554E+00  3.100000E+02     1  7.150116E-01  1.045063E+02 -1.791007E-01  6.922171E-01
  1.384554E+00  3.100000E+02     2  8.519306E-01 -7.540702E+01  2.146447E-01 -8.244473E-01
  1.384554E+00  3.100000E+02     3  2.660693E-01  8.215299E+01  3.632603E-02  2.635779E-01
  1.384554E+00  3.100000E+02     4  6.476796E-02 -6.506854E+01  2.730188E-02 -5.873241E-02
  1.384554E+00  3.100000E+02     5  5.545328E-02 -6.667334E+01  2.195799E-02 -5.092066E-02
  1.384554E+00  3.100000E+02     6  1.763931E-07  1.764497E+02 -1.760546E-07  1.092324E-08
  1.384554E+00  3.200000E+02     1  8.527769E-01  1.046145E+02 -2.151676E-01  8.251857E-01
  1.384554E+00  3.200000E+02     2  7.140192E-01 -7.551728E+01  1.785677E-01 -6.913299E-01
  1.384554E+00  3.200000E+02     3  2.663135E-01  8.207956E+01  3.669745E-02  2.637730E-01
  1.384554E+00  3.200000E+02     4  5.447079E-02 -6.712098E+01  2.117751E-02 -5.018546E-02
  1.384554E+00  3.200000E+02     5  6.561064E-02 -6.471112E+01  2.802771E-02 -5.932287E-02
  1.384554E+00  3.200000E+02     6  1.967064E-07  1.584931E+00  1.966312E-07  5.440652E-09
  1.384554E+00  3.300000E+02     1  9.648614E-01  1.046971E+02 -2.447934E-01  9.332919E-01
  1.384554E+00  3.300000E+02     2  5.550686E-01 -7.565195E+01  1.375524E-01 -5.377550E-01
  1.384554E+00  3.300000E+02     3  2.672928E-01  8.214734E+01  3.651917E-02  2.647863E-01
  1.384554E+00  3.300000E+02     4  4.288457E-02 -6.941342E+01  1.507918E-02 -4.014604E-02
  1.384554E+00  3.300000E+02     5  7.393838E-02 -6.312318E+01  3.342561E-02 -6.595159E-02
  1.384554E+00  3.300000E+02     6  4.817029E-07  1.999595E-01  4.817000E-07  1.681116E-09
  1.384554E+00  3.400000E+02     1  1.047615E+00  1.047503E+02 -2.667296E-01  1.013091E+00
  1.384554E+00  3.400000E+02     2  3.799946E-01 -7.581892E+01  9.309382E-02 -3.684148E-01
  1.384554E+00  3.400000E+02     3  2.686701E-01  8.234492E+01  3.578931E-02  2.662757E-01
  1.384554E+00  3.400000E+02     4  3.025152E-02 -7.180530E+01  9.445950E-03 -2.873898E-02
  1.384554E+00  3.400000E+02     5  8.012839E-02 -6.203068E+01  3.758011E-02 -7.076930E-02
  1.384554E+00  3.400000E+02     6  5.459769E-07  1.750801E-01  5.459743E-07  1.668352E-09
  1.384554E+00  3.500000E+02     1  1.098308E+00  1.047743E+02 -2.800811E-01  1.061996E+00
  1.384554E+00  3.500000E+02     2  1.939961E-01 -7.611424E+01  4.655651E-02 -1.883268E-01
  1.384554E+00  3.500000E+02     3  2.699724E-01  8.263694E+01  3.459862E-02  2.677462E-01
  1.384554E+00  3.500000E+02     4  1.679166E-02 -7.473458E+01  4.421089E-03 -1.619919E-02
  1.384554E+00  3.500000E+02     5  8.389276E-02 -6.147038E+01  4.006828E-02 -7.370569E-02
  1.384554E+00  3.500000E+02     6  3.565314E-07  9.341480E-01  3.564840E-07  5.812616E-09
  1.352721E+00  0.000000E+00     1  1.071611E+00  1.087869E+02 -3.451111E-01  1.014519E+00
  1.352721E+00  0.000000E+00     2  2.596560E-03 -1.059496E+02 -7.135125E-04 -2.496603E-03
  1.352721E+00  0.000000E+00     3  2.413865E-01  8.780907E+01  9.228101E-03  2.412100E-01
  1.352721E+00  0.000000E+00     4  2.742822E-03 -9.232298E+01 -1.111737E-04 -2.740568E-03
  1.352721E+00  0.000000E+00     5  8.902625E-02 -5.825614E+01  4.683873E-02 -7.570869E-02
  1.352721E+00  0.000000E+00     6  1.157134E-08  9.751581E+01 -1.513528E-09  1.147193E-08
  1.352721E+00  1.000000E+01     1  1.054792E+00  1.087619E+02 -3.392586E-01  9.987438E-01
  1.352721E+00  1.000000E+01     2  1.816553E-01  1.088139E+02 -5.858304E-02  1.719496E-01
  1.352721E+00  1.000000E+01     3  2.416220E-01  8.818947E+01  7.633899E-03  2.415014E-01
  1.352721E+00  1.000000E+01     4  1.206344E-02  1.174074E+02 -5.552970E-03  1.070939E-02
  1.352721E+00  1.000000E+01     5  8.726666E-02 -5.867019E+01  4.537548E-02 -7.454217E-02
  1.352721E+00  1.000000E+01     6  4.166558E-07  1.770075E+02 -4.160876E-07  2.175136E-08
  1.352721E+00  2.000000E+01     1  1.005322E+00  1.087214E+02 -3.226752E-01  9.521310E-01
  1.352721E+00  2.000000E+01     2  3.605574E-01  1.086115E+02 -1.150716E-01  3.417019E-01
  1.352721E+00  2.000000E+01     3  2.413113E-01  8.856921E+01  6.025390E-03  2.412360E-01
  1.352721E+00  2.000000E+01     4  2.650773E-02  1.154493E+02 -1.139069E-02  2.393558E-02
  1.352721E+00  2.000000E+01     5  8.252896E-02 -5.947060E+01  4.192309E-02 -7.108786E-02
  1.352721E+00  2.000000E+01     6  6.346247E-07  1.774862E+02 -6.340140E-07  2.783452E-08
  1.352721E+00  3.000000E+01     1  9.248391E-01  1.086683E+02 -2.960303E-01  8.761812E-01
  1.352721E+00  3.000000E+01     2  5.294084E-01  1.085876E+02 -1.687512E-01  5.017930E-01
  1.352721E+00  3.000000E+01     3  2.408878E-01  8.888329E+01  4.694689E-03  2.408420E-01
  1.352721E+00  3.000000E+01     4  4.056519E-02  1.160388E+02 -1.780730E-02  3.644770E-02
  1.352721E+00  3.000000E+01     5  7.504294E-02 -6.062595E+01  3.680924E-02 -6.539513E-02
  1.352721E+00  3.000000E+01     6  5.566010E-07  1.771863E+02 -5.559300E-07  2.732318E-08
  1.352721E+00  4.000000E+01     1  8.160682E-01  1.086065E+02 -2.603809E-01  7.734140E-01
  1.352721E+00  4.000000E+01     2  6.830375E-01  1.086135E+02 -2.180141E-01  6.473099E-01
  1.352721E+00  4.000000E+01     3  2.408054E-01  8.907287E+01  3.896407E-03  2.407739E-01
  1.352721E+00  4.000000E+01     4  5.376839E-02  1.172613E+02 -2.462856E-02  4.779617E-02
  1.352721E+00  4.000000E+01     5  6.520105E-02 -6.207862E+01  3.053102E-02 -5.761106E-02
  1.352721E+00  4.000000E+01     6  2.233217E-07  1.746613E+02 -2.223529E-07  2.077840E-08
  1.352721E+00  5.000000E+01     1  6.827087E-01  1.085446E+02 -2.171302E-01  6.472602E-01
  1.352721E+00  5.000000E+01     2  8.164778E-01  1.086551E+02 -2.611672E-01  7.735810E-01
  1.352721E+00  5.000000E+01     3  2.413071E-01  8.910519E+01  3.768439E-03  2.412776E-01
  1.352721E+00  5.000000E+01     4  6.558698E-02  1.185878E+02 -3.138368E-02  5.759094E-02
  1.352721E+00  5.000000E+01     5  5.350140E-02 -6.369551E+01  2.370869E-02 -4.796143E-02
  1.352721E+00  5.000000E+01     6  2.111838E-07  3.102009E+00  2.108744E-07  1.142796E-08
  1.352721E+00  6.000000E+01     1  5.292215E-01  1.084985E+02 -1.679116E-01  5.018775E-01
  1.352721E+00  6.000000E+01     2  9.252516E-01  1.086975E+02 -2.966090E-01  8.764209E-01
  1.352721E+00  6.000000E+01     3  2.422964E-01  8.898582E+01  4.288593E-03  2.422584E-01
  1.352721E+00  6.000000E+01     4  7.546162E-02  1.197727E+02 -3.747123E-02  6.550087E-02
  1.352721E+00  6.000000E+01     5  4.046975E-02 -6.521021E+01  1.696858E-02 -3.674055E-02
  1.352721E+00  6.000000E+01     6  5.445222E-07  3.835224E-01  5.445100E-07  3.644856E-09
  1.352721E+00  7.000000E+01     1  3.605446E-01  1.085017E+02 -1.144128E-01  3.419095E-01
  1.352721E+00  7.000000E+01     2  1.005650E+00  1.087345E+02 -3.229978E-01  9.523675E-01
  1.352721E+00  7.000000E+01     3  2.433637E-01  8.875536E+01  5.286173E-03  2.433062E-01
  1.352721E+00  7.000000E+01     4  8.287534E-02  1.207107E+02 -4.232476E-02  7.125263E-02
  1.352721E+00  7.000000E+01     5  2.658916E-02 -6.610942E+01  1.076838E-02 -2.431101E-02
  1.352721E+00  7.000000E+01     6  6.232517E-07  8.241797E-02  6.232511E-07  8.965254E-10
  1.352721E+00  8.000000E+01     1  1.818077E-01  1.086717E+02 -5.820470E-02  1.722390E-01
  1.352721E+00  8.000000E+01     2  1.054938E+00  1.087642E+02 -3.393460E-01  9.988688E-01
  1.352721E+00  8.000000E+01     3  2.439575E-01  8.847116E+01  6.508809E-03  2.438707E-01
  1.352721E+00  8.000000E+01     4  8.742706E-02  1.213682E+02 -4.550885E-02  7.464874E-02
  1.352721E+00  8.000000E+01     5  1.227389E-02 -6.474303E+01  5.237008E-03 -1.110054E-02
  1.352721E+00  8.000000E+01     6  4.073945E-07  5.792030E-01  4.073736E-07  4.118280E-09
  1.352721E+00  9.000000E+01     1  2.291108E-03 -1.067625E+02 -6.607658E-04 -2.193756E-03
  1.352721E+00  9.000000E+01     2  1.071476E+00  1.087851E+02 -3.450362E-01  1.014402E+00
  1.352721E+00  9.000000E+01     3  2.436369E-01  8.818414E+01  7.720224E-03  2.435146E-01
  1.352721E+00  9.000000E+01     4  8.888717E-02  1.217262E+02 -4.674230E-02  7.560481E-02
  1.352721E+00  9.000000E+01     5  2.417638E-03  8.693264E+01  1.293676E-04  2.414174E-03
  1.352721E+00  9.000000E+01     6  1.172252E-08  1.057323E+02 -3.178480E-09  1.128339E-08
  1.352721E+00  1.000000E+02     1  1.854408E-01 -7.210292E+01  5.698746E-02 -1.764674E-01
  1.352721E+00  1.000000E+02     2  1.054763E+00  1.087938E+02 -3.398064E-01  9.985273E-01
  1.352721E+00  1.000000E+02     3  2.422963E-01  8.792339E+01  8.779796E-03  2.421372E-01
  1.352721E+00  1.000000E+02     4  8.722658E-02  1.217430E+02 -4.589073E-02  7.417895E-02
  1.352721E+00  1.000000E+02     5  1.652722E-02  1.077773E+02 -5.046060E-03  1.573805E-02
  1.352721E+00  1.000000E+02     6  4.131023E-07  1.774484E+02 -4.126927E-07  1.839080E-08
  1.352721E+00  1.100000E+02     1  3.638334E-01 -7.182406E+01  1.134927E-01 -3.456792E-01
  1.352721E+00  1.100000E+02     2  1.005437E+00  1.087843E+02 -3.237571E-01  9.518848E-01
  1.352721E+00  1.100000E+02     3  2.402528E-01  8.769634E+01  9.657099E-03  2.400586E-01
  1.352721E+00  1.100000E+02     4  8.261572E-02  1.213428E+02 -4.297319E-02  7.055964E-02
  1.352721E+00  1.100000E+02     5  3.037290E-02  1.107664E+02 -1.076898E-02  2.839969E-02
  1.352721E+00  1.100000E+02     6  6.262486E-07  1.780405E+02 -6.258824E-07  2.141342E-08
  1.352721E+00  1.200000E+02     1  5.319850E-01 -7.165547E+01  1.674318E-01 -5.049501E-01
  1.352721E+00  1.200000E+02     2  9.252365E-01  1.087494E+02 -2.973984E-01  8.761374E-01
  1.352721E+00  1.200000E+02     3  2.381423E-01  8.750223E+01  1.037838E-02  2.379161E-01
  1.352721E+00  1.200000E+02     4  7.539453E-02  1.204388E+02 -3.819620E-02  6.500297E-02
  1.352721E+00  1.200000E+02     5  4.355972E-02  1.133262E+02 -1.724816E-02  3.999938E-02
  1.352721E+00  1.200000E+02     6  5.442082E-07  1.780755E+02 -5.439012E-07  1.827561E-08
  1.352721E+00  1.300000E+02     1  6.848464E-01 -7.151380E+01  2.171485E-01 -6.495083E-01
  1.352721E+00  1.300000E+02     2  8.169269E-01  1.086839E+02 -2.616996E-01  7.738753E-01
  1.352721E+00  1.300000E+02     3  2.366663E-01  8.734728E+01  1.095341E-02  2.364127E-01
  1.352721E+00  1.300000E+02     4  6.601718E-02  1.189809E+02 -3.198649E-02  5.775061E-02
  1.352721E+00  1.300000E+02     5  5.581169E-02  1.158038E+02 -2.429435E-02  5.024668E-02
  1.352721E+00  1.300000E+02     6  2.080058E-07  1.772709E+02 -2.077699E-07  9.904017E-09
  1.352721E+00  1.400000E+02     1  8.175885E-01 -7.139501E+01  2.608449E-01 -7.748618E-01
  1.352721E+00  1.400000E+02     2  6.841713E-01  1.085871E+02 -2.180771E-01  6.484850E-01
  1.352721E+00  1.400000E+02     3  2.363030E-01  8.724980E+01  1.133820E-02  2.360308E-01
  1.352721E+00  1.400000E+02     4  5.497672E-02  1.170111E+02 -2.496842E-02  4.897977E-02
  1.352721E+00  1.400000E+02     5  6.679058E-02  1.180173E+02 -3.137408E-02  5.896311E-02
  1.352721E+00  1.400000E+02     6  2.262868E-07 -4.043954E-02  2.262868E-07 -1.597139E-10
  1.352721E+00  1.500000E+02     1  9.258603E-01 -7.130415E+01  2.967793E-01 -8.770059E-01
  1.352721E+00  1.500000E+02     2  5.313364E-01  1.084631E+02 -1.682712E-01  5.039873E-01
  1.352721E+00  1.500000E+02     3  2.371100E-01  8.723271E+01  1.144757E-02  2.368335E-01
  1.352721E+00  1.500000E+02     4  4.272223E-02  1.146886E+02 -1.784451E-02  3.881704E-02
  1.352721E+00  1.500000E+02     5  7.608592E-02  1.197791E+02 -3.778866E-02  6.603851E-02
  1.352721E+00  1.500000E+02     6  5.589466E-07 -7.590425E-01  5.588976E-07 -7.404592E-09
  1.352721E+00  1.600000E+02     1  1.006032E+00 -7.124390E+01  3.234798E-01 -9.526073E-01
  1.352721E+00  1.600000E+02     2  3.632448E-01  1.083123E+02 -1.141301E-01  3.448494E-01
  1.352721E+00  1.600000E+02     3  2.387027E-01  8.731246E+01  1.119261E-02  2.384402E-01
  1.352721E+00  1.600000E+02     4  2.960018E-02  1.122181E+02 -1.119282E-02  2.740240E-02
  1.352721E+00  1.600000E+02     5  8.325137E-02  1.209954E+02 -4.287188E-02  7.136380E-02
  1.352721E+00  1.600000E+02     6  6.349931E-07 -7.646626E-01  6.349365E-07 -8.474289E-09
  1.352721E+00  1.700000E+02     1  1.055370E+00 -7.121277E+01  3.398868E-01 -9.991409E-01
  1.352721E+00  1.700000E+02     2  1.849228E-01  1.080783E+02 -5.738473E-02  1.757938E-01
  1.352721E+00  1.700000E+02     3  2.404199E-01  8.749252E+01  1.051832E-02  2.401897E-01
  1.352721E+00  1.700000E+02     4  1.585710E-02  1.093944E+02 -5.265657E-03  1.495728E-02
  1.352721E+00  1.700000E+02     5  8.786527E-02  1.216637E+02 -4.612334E-02  7.478598E-02
  1.352721E+00  1.700000E+02     6  4.151007E-07 -3.815882E-01  4.150915E-07 -2.764538E-09
  1.352721E+00  1.800000E+02     1  1.072148E+00 -7.120664E+01  3.453990E-01 -1.014989E+00
  1.352721E+00  1.800000E+02     2  1.718312E-03  7.389286E+01  4.767189E-04  1.650859E-03
  1.352721E+00  1.800000E+02     3  2.416087E-01  8.776127E+01  9.438023E-03  2.414243E-01
  1.352721E+00  1.800000E+02     4  1.817934E-03  8.707454E+01  9.278142E-05  1.815565E-03
  1.352721E+00  1.800000E+02     5  8.959357E-02  1.218329E+02 -4.725555E-02  7.611781E-02
  1.352721E+00  1.800000E+02     6  7.264644E-09  9.143093E+01 -1.814113E-10  7.262378E-09
  1.352721E+00  1.900000E+02     1  1.055715E+00 -7.122113E+01  3.398521E-01 -9.995170E-01
  1.352721E+00  1.900000E+02     2  1.822444E-01 -7.138453E+01  5.817517E-02 -1.727098E-01
  1.352721E+00  1.900000E+02     3  2.419022E-01  8.809013E+01  8.061943E-03  2.417678E-01
  1.352721E+00  1.900000E+02     4  1.276271E-02 -6.527093E+01  5.338999E-03 -1.159232E-02
  1.352721E+00  1.900000E+02     5  8.824480E-02  1.215596E+02 -4.618600E-02  7.519307E-02
  1.352721E+00  1.900000E+02     6  4.150109E-07  1.776249E+02 -4.146544E-07  1.719862E-08
  1.352721E+00  2.000000E+02     1  1.006534E+00 -7.125309E+01  3.234884E-01 -9.531351E-01
  1.352721E+00  2.000000E+02     2  3.610148E-01 -7.151162E+01  1.144822E-01 -3.423821E-01
  1.352721E+00  2.000000E+02     3  2.413576E-01  8.843273E+01  6.601281E-03  2.412673E-01
  1.352721E+00  2.000000E+02     4  2.710495E-02 -6.612150E+01  1.097204E-02 -2.478493E-02
  1.352721E+00  2.000000E+02     5  8.381085E-02  1.208841E+02 -4.302042E-02  7.192705E-02
  1.352721E+00  2.000000E+02     6  6.329424E-07  1.779426E+02 -6.325344E-07  2.272255E-08
  1.352721E+00  2.100000E+02     1  9.262091E-01 -7.130023E+01  2.969511E-01 -8.773160E-01
  1.352721E+00  2.100000E+02     2  5.297855E-01 -7.150660E+01  1.680455E-01 -5.024275E-01
  1.352721E+00  2.100000E+02     3  2.403906E-01  8.872984E+01  5.328648E-03  2.403316E-01
  1.352721E+00  2.100000E+02     4  4.108216E-02 -6.515827E+01  1.725915E-02 -3.728090E-02
  1.352721E+00  2.100000E+02     5  7.648428E-02  1.198359E+02 -3.805233E-02  6.634656E-02
  1.352721E+00  2.100000E+02     6  5.548722E-07  1.777706E+02 -5.544522E-07  2.158490E-08
  1.352721E+00  2.200000E+02     1  8.174480E-01 -7.135903E+01  2.612866E-01 -7.745647E-01
  1.352721E+00  2.200000E+02     2  6.834229E-01 -7.145949E+01  2.173115E-01 -6.479527E-01
  1.352721E+00  2.200000E+02     3  2.395472E-01  8.892321E+01  4.501677E-03  2.395049E-01
  1.352721E+00  2.200000E+02     4  5.427429E-02 -6.365423E+01  2.408623E-02 -4.863694E-02
  1.352721E+00  2.200000E+02     5  6.664242E-02  1.184656E+02 -3.176382E-02  5.858559E-02
  1.352721E+00  2.200000E+02     6  2.213989E-07  1.762148E+02 -2.209159E-07  1.461591E-08
  1.352721E+00  2.300000E+02     1  6.839536E-01 -7.142179E+01  2.179068E-01 -6.483126E-01
  1.352721E+00  2.300000E+02     2  8.169646E-01 -7.139892E+01  2.605931E-01 -7.742883E-01
  1.352721E+00  2.300000E+02     3  2.392305E-01  8.897438E+01  4.282087E-03  2.391921E-01
  1.352721E+00  2.300000E+02     4  6.616903E-02 -6.207375E+01  3.098924E-02 -5.846372E-02
  1.352721E+00  2.300000E+02     5  5.479351E-02  1.168924E+02 -2.478401E-02  4.886800E-02
  1.352721E+00  2.300000E+02     6  2.123055E-07  1.427495E+00  2.122396E-07  5.288937E-09
  1.352721E+00  2.400000E+02     1  5.302094E-01 -7.147357E+01  1.684698E-01 -5.027324E-01
  1.352721E+00  2.400000E+02     2  9.259022E-01 -7.134004E+01  2.962433E-01 -8.772314E-01
  1.352721E+00  2.400000E+02     3  2.395114E-01  8.887917E+01  4.685057E-03  2.394656E-01
  1.352721E+00  2.400000E+02     4  7.618847E-02 -6.067370E+01  3.731579E-02 -6.642451E-02
  1.352721E+00  2.400000E+02     5  4.149395E-02  1.153545E+02 -1.776844E-02  3.749707E-02
  1.352721E+00  2.400000E+02     6  5.457792E-07 -2.034410E-01  5.457758E-07 -1.937902E-09
  1.352721E+00  2.500000E+02     1  3.611871E-01 -7.148527E+01  1.146944E-01 -3.424928E-01
  1.352721E+00  2.500000E+02     2  1.006474E+00 -7.129065E+01  3.228441E-01 -9.532897E-01
  1.352721E+00  2.500000E+02     3  2.401066E-01  8.866828E+01  5.580291E-03  2.400418E-01
  1.352721E+00  2.500000E+02     4  8.376698E-02 -5.958030E+01  4.241376E-02 -7.223559E-02
  1.352721E+00  2.500000E+02     5  2.726605E-02  1.142833E+02 -1.121315E-02  2.485363E-02
  1.352721E+00  2.500000E+02     6  6.244001E-07 -3.404756E-01  6.243890E-07 -3.710426E-09
  1.352721E+00  2.600000E+02     1  1.820536E-01 -7.136301E+01  5.817907E-02 -1.725071E-01
  1.352721E+00  2.600000E+02     2  1.055893E+00 -7.125407E+01  3.393346E-01 -9.998809E-01
  1.352721E+00  2.600000E+02     3  2.405317E-01  8.839239E+01  6.747956E-03  2.404371E-01
  1.352721E+00  2.600000E+02     4  8.844827E-02 -5.884027E+01  4.576540E-02 -7.568767E-02
  1.352721E+00  2.600000E+02     5  1.255617E-02  1.148848E+02 -5.283583E-03  1.139040E-02
  1.352721E+00  2.600000E+02     6  4.083532E-07  9.556154E-02  4.083527E-07  6.810771E-10
  1.352721E+00  2.700000E+02     1  2.273923E-03  8.190732E+01  3.201108E-04  2.251279E-03
  1.352721E+00  2.700000E+02     2  1.072488E+00 -7.123204E+01  3.450582E-01 -1.015463E+00
  1.352721E+00  2.700000E+02     3  2.403602E-01  8.810031E+01  7.967872E-03  2.402281E-01
  1.352721E+00  2.700000E+02     4  8.996694E-02 -5.847225E+01  4.704475E-02 -7.668665E-02
  1.352721E+00  2.700000E+02     5  2.398219E-03 -8.441744E+01  2.332986E-04 -2.386845E-03
  1.352721E+00  2.700000E+02     6  9.326471E-09  1.048488E+02 -2.390081E-09  9.015020E-09
  1.352721E+00  2.800000E+02     1  1.859796E-01  1.080505E+02 -5.762686E-02  1.768264E-01
  1.352721E+00  2.800000E+02     2  1.055758E+00 -7.122712E+01  3.397616E-01 -9.995939E-01
  1.352721E+00  2.800000E+02     3  2.394602E-01  8.782333E+01  9.094925E-03  2.392874E-01
  1.352721E+00  2.800000E+02     4  8.829209E-02 -5.850514E+01  4.612573E-02 -7.528552E-02
  1.352721E+00  2.800000E+02     5  1.697233E-02 -7.003565E+01  5.794953E-03 -1.595238E-02
  1.352721E+00  2.800000E+02     6  4.124834E-07  1.776075E+02 -4.121238E-07  1.721939E-08
  1.352721E+00  2.900000E+02     1  3.646821E-01  1.082792E+02 -1.143818E-01  3.462800E-01
  1.352721E+00  2.900000E+02     2  1.006371E+00 -7.124357E+01  3.235942E-01 -9.529266E-01
  1.352721E+00  2.900000E+02     3  2.380828E-01  8.757471E+01  1.007487E-02  2.378696E-01
  1.352721E+00  2.900000E+02     4  8.362368E-02 -5.899102E+01  4.308061E-02 -7.167274E-02
  1.352721E+00  2.900000E+02     5  3.114330E-02 -6.765924E+01  1.183801E-02 -2.880567E-02
  1.352721E+00  2.900000E+02     6  6.259188E-07  1.780496E+02 -6.255562E-07  2.130274E-08
  1.352721E+00  3.000000E+02     1  5.330279E-01  1.084262E+02 -1.684814E-01  5.057003E-01
  1.352721E+00  3.000000E+02     2  9.261044E-01 -7.128633E+01  2.971304E-01 -8.771447E-01
  1.352721E+00  3.000000E+02     3  2.367544E-01  8.736188E+01  1.089722E-02  2.365035E-01
  1.352721E+00  3.000000E+02     4  7.634484E-02 -5.998733E+01  3.818704E-02 -6.610813E-02
  1.352721E+00  3.000000E+02     5  4.455499E-02 -6.543660E+01  1.852150E-02 -4.052285E-02
  1.352721E+00  3.000000E+02     6  5.441741E-07  1.779744E+02 -5.438340E-07  1.923466E-08
  1.352721E+00  3.100000E+02     1  6.859342E-01  1.085514E+02 -2.182340E-01  6.502920E-01
  1.352721E+00  3.100000E+02     2  8.177570E-01 -7.135871E+01  2.613896E-01 -7.748561E-01
  1.352721E+00  3.100000E+02     3  2.360295E-01  8.719952E+01  1.153197E-02  2.357477E-01
  1.352721E+00  3.100000E+02     4  6.694255E-02 -6.151456E+01  3.192727E-02 -5.883837E-02
  1.352721E+00  3.100000E+02     5  5.689025E-02 -6.324143E+01  2.561381E-02 -5.079796E-02
  1.352721E+00  3.100000E+02     6  2.083117E-07  1.767227E+02 -2.079710E-07  1.190882E-08
  1.352721E+00  3.200000E+02     1  8.185594E-01  1.086546E+02 -2.618264E-01  7.755555E-01
  1.352721E+00  3.200000E+02     2  6.850015E-01 -7.146063E+01  2.178005E-01 -6.494536E-01
  1.352721E+00  3.200000E+02     3  2.362354E-01  8.711181E+01  1.190320E-02  2.359353E-01
  1.352721E+00  3.200000E+02     4  5.591466E-02 -6.351048E+01  2.493984E-02 -5.004451E-02
  1.352721E+00  3.200000E+02     5  6.778286E-02 -6.128751E+01  3.256388E-02 -5.944838E-02
  1.352721E+00  3.200000E+02     6  2.258325E-07  6.976235E-01  2.258158E-07  2.749629E-09
  1.352721E+00  3.300000E+02     1  9.265665E-01  1.087301E+02 -2.975301E-01  8.774972E-01
  1.352721E+00  3.300000E+02     2  5.321881E-01 -7.159001E+01  1.680727E-01 -5.049513E-01
  1.352721E+00  3.300000E+02     3  2.373265E-01  8.712330E+01  1.191066E-02  2.370274E-01
  1.352721E+00  3.300000E+02     4  4.368739E-02 -6.582043E+01  1.789426E-02 -3.985453E-02
  1.352721E+00  3.300000E+02     5  7.682511E-02 -5.976148E+01  3.868919E-02 -6.637201E-02
  1.352721E+00  3.300000E+02     6  5.581787E-07 -3.957619E-01  5.581654E-07 -3.855504E-09
  1.352721E+00  3.400000E+02     1  1.006363E+00  1.087755E+02 -3.239097E-01  9.528112E-01
  1.352721E+00  3.400000E+02     2  3.641054E-01 -7.175467E+01  1.139965E-01 -3.457999E-01
  1.352721E+00  3.400000E+02     3  2.389095E-01  8.724772E+01  1.147192E-02  2.386339E-01
  1.352721E+00  3.400000E+02     4  3.057470E-02 -6.829901E+01  1.130539E-02 -2.840775E-02
  1.352721E+00  3.400000E+02     5  8.360646E-02 -5.875353E+01  4.336840E-02 -7.147882E-02
  1.352721E+00  3.400000E+02     6  6.339811E-07 -4.140268E-01  6.339645E-07 -4.581190E-09
  1.352721E+00  3.500000E+02     1  1.055268E+00  1.087930E+02 -3.399544E-01  9.990105E-01
  1.352721E+00  3.500000E+02     2  1.857482E-01 -7.204953E+01  5.724660E-02 -1.767065E-01
  1.352721E+00  3.500000E+02     3  2.404221E-01  8.748275E+01  1.055937E-02  2.401901E-01
  1.352721E+00  3.500000E+02     4  1.680398E-02 -7.138338E+01  5.364406E-03 -1.592472E-02
  1.352721E+00  3.500000E+02     5  8.776309E-02 -5.826662E+01  4.616052E-02 -7.464293E-02
  1.352721E+00  3.500000E+02     6  4.139174E-07  1.776037E-01  4.139154E-07  1.283047E-09
  1.322987E+00  0.000000E+00     1  1.029992E+00  1.129682E+02 -4.019228E-01  9.483359E-01
  1.322987E+00  0.000000E+00     2  2.334428E-03 -1.039347E+02 -5.621687E-04 -2.265727E-03
  1.322987E+00  0.000000E+00     3  2.148596E-01  9.265435E+01 -9.950256E-03  2.146290E-01
  1.322987E+00  0.000000E+00     4  2.547911E-03 -9.192823E+01 -8.573130E-05 -2.546468E-03
  1.322987E+00  0.000000E+00     5  9.231828E-02 -5.494374E+01  5.302582E-02 -7.557068E-02
  1.322987E+00  0.000000E+00     6  1.078377E-08  1.042153E+02 -2.648132E-09  1.045357E-08
  1.322987E+00  1.000000E+01     1  1.013787E+00  1.129443E+02 -3.952114E-01  9.335801E-01
  1.322987E+00  1.000000E+01     2  1.742969E-01  1.130683E+02 -6.829438E-02  1.603599E-01
  1.322987E+00  1.000000E+01     3  2.151153E-01  9.308287E+01 -1.156895E-02  2.148040E-01
  1.322987E+00  1.000000E+01     4  1.236483E-02  1.215180E+02 -6.463923E-03  1.054072E-02
  1.322987E+00  1.000000E+01     5  9.045889E-02 -5.533259E+01  5.145408E-02 -7.439951E-02
  1.322987E+00  1.000000E+01     6  4.826627E-07  1.769501E+02 -4.819791E-07  2.568023E-08
  1.322987E+00  2.000000E+01     1  9.661031E-01  1.129106E+02 -3.760992E-01  8.898902E-01
  1.322987E+00  2.000000E+01     2  3.458820E-01  1.128601E+02 -1.343693E-01  3.187150E-01
  1.322987E+00  2.000000E+01     3  2.147731E-01  9.357132E+01 -1.337841E-02  2.143560E-01
  1.322987E+00  2.000000E+01     4  2.695582E-02  1.194435E+02 -1.325055E-02  2.347422E-02
  1.322987E+00  2.000000E+01     5  8.541250E-02 -5.604355E+01  4.770823E-02 -7.084645E-02
  1.322987E+00  2.000000E+01     6  7.340017E-07  1.773219E+02 -7.332001E-07  3.429551E-08
  1.322987E+00  3.000000E+01     1  8.885328E-01  1.128686E+02 -3.453007E-01  8.186928E-01
  1.322987E+00  3.000000E+01     2  5.080090E-01  1.128257E+02 -1.970718E-01  4.682263E-01
  1.322987E+00  3.000000E+01     3  2.142990E-01  9.400183E+01 -1.495558E-02  2.137765E-01
  1.322987E+00  3.000000E+01     4  4.133022E-02  1.199333E+02 -2.062341E-02  3.581707E-02
  1.322987E+00  3.000000E+01     5  7.744560E-02 -5.706449E+01  4.210676E-02 -6.499878E-02
  1.322987E+00  3.000000E+01     6  6.428803E-07  1.770881E+02 -6.420502E-07  3.265883E-08
  1.322987E+00  4.000000E+01     1  7.837429E-01  1.128204E+02 -3.039698E-01  7.223956E-01
  1.322987E+00  4.000000E+01     2  6.557077E-01  1.128382E+02 -2.545004E-01  6.043030E-01
  1.322987E+00  4.000000E+01     3  2.141780E-01  9.425664E+01 -1.589718E-02  2.135872E-01
  1.322987E+00  4.000000E+01     4  5.501135E-02  1.210363E+02 -2.836283E-02  4.713596E-02
  1.322987E+00  4.000000E+01     5  6.701764E-02 -5.836698E+01  3.514919E-02 -5.706048E-02
  1.322987E+00  4.000000E+01     6  2.573657E-07  1.751382E+02 -2.564397E-07  2.181244E-08
  1.322987E+00  5.000000E+01     1  6.553684E-01  1.127723E+02 -2.536737E-01  6.042826E-01
  1.322987E+00  5.000000E+01     2  7.841392E-01  1.128650E+02 -3.046858E-01  7.225240E-01
  1.322987E+00  5.000000E+01     3  2.146710E-01  9.426712E+01 -1.597292E-02  2.140759E-01
  1.322987E+00  5.000000E+01     4  6.739781E-02  1.222182E+02 -3.593279E-02  5.702017E-02
  1.322987E+00  5.000000E+01     5  5.472312E-02 -5.984857E+01  2.748672E-02 -4.731913E-02
  1.322987E+00  5.000000E+01     6  2.437963E-07  1.638301E+00  2.436967E-07  6.970103E-09
  1.322987E+00  6.000000E+01     1  5.077915E-01  1.127388E+02 -1.962770E-01  4.683242E-01
  1.322987E+00  6.000000E+01     2  8.889141E-01  1.128931E+02 -3.457988E-01  8.188965E-01
  1.322987E+00  6.000000E+01     3  2.156848E-01  9.404518E+01 -1.521507E-02  2.151475E-01
  1.322987E+00  6.000000E+01     4  7.783495E-02  1.232518E+02 -4.267837E-02  6.509099E-02
  1.322987E+00  6.000000E+01     5  4.119381E-02 -6.126251E+01  1.980587E-02 -3.612004E-02
  1.322987E+00  6.000000E+01     6  6.292228E-07 -4.486206E-01  6.292035E-07 -4.926705E-09
  1.322987E+00  7.000000E+01     1  3.458284E-01  1.127517E+02 -1.337451E-01  3.189193E-01
  1.322987E+00  7.000000E+01     2  9.663971E-01  1.129186E+02 -3.763378E-01  8.901086E-01
  1.322987E+00  7.000000E+01     3  2.167971E-01  9.367750E+01 -1.390545E-02  2.163507E-01
  1.322987E+00  7.000000E+01     4  8.572058E-02  1.240613E+02 -4.801039E-02  7.101422E-02
  1.322987E+00  7.000000E+01     5  2.698949E-02 -6.209015E+01  1.263329E-02 -2.385021E-02
  1.322987E+00  7.000000E+01     6  7.208134E-07 -6.723169E-01  7.207638E-07 -8.457934E-09
  1.322987E+00  8.000000E+01     1  1.744103E-01  1.129268E+02 -6.794237E-02  1.606324E-01
  1.322987E+00  8.000000E+01     2  1.013919E+00  1.129418E+02 -3.952220E-01  9.337194E-01
  1.322987E+00  8.000000E+01     3  2.174270E-01  9.328483E+01 -1.245852E-02  2.170698E-01
  1.322987E+00  8.000000E+01     4  9.059343E-02  1.246419E+02 -5.149744E-02  7.453309E-02
  1.322987E+00  8.000000E+01     5  1.253268E-02 -6.064238E+01  6.144263E-03 -1.092319E-02
  1.322987E+00  8.000000E+01     6  4.713867E-07 -2.759796E-01  4.713812E-07 -2.270544E-09
  1.322987E+00  9.000000E+01     1  2.057763E-03 -1.048927E+02 -5.288645E-04 -1.988641E-03
  1.322987E+00  9.000000E+01     2  1.029884E+00  1.129626E+02 -4.017892E-01  9.482757E-01
  1.322987E+00  9.000000E+01     3  2.170971E-01  9.296915E+01 -1.124524E-02  2.168056E-01
  1.322987E+00  9.000000E+01     4  9.218706E-02  1.249944E+02 -5.286894E-02  7.552039E-02
  1.322987E+00  9.000000E+01     5  2.240083E-03  8.749279E+01  9.799269E-05  2.237938E-03
  1.322987E+00  9.000000E+01     6  1.103233E-08  1.112321E+02 -3.995318E-09  1.028347E-08
  1.322987E+00  1.000000E+02     1  1.775812E-01 -6.783778E+01  6.698897E-02 -1.644614E-01
  1.322987E+00  1.000000E+02     2  1.013799E+00  1.129777E+02 -3.957599E-01  9.333605E-01
  1.322987E+00  1.000000E+02     3  2.156801E-01  9.277555E+01 -1.044398E-02  2.154271E-01
  1.322987E+00  1.000000E+02     4  9.045234E-02  1.250820E+02 -5.198734E-02  7.401988E-02
  1.322987E+00  1.000000E+02     5  1.636501E-02  1.116029E+02 -6.025125E-03  1.521550E-02
  1.322987E+00  1.000000E+02     6  4.788014E-07  1.772774E+02 -4.782610E-07  2.274289E-08
  1.322987E+00  1.100000E+02     1  3.487141E-01 -6.756375E+01  1.330886E-01 -3.223181E-01
  1.322987E+00  1.100000E+02     2  9.662670E-01  1.129799E+02 -3.772381E-01  8.895860E-01
  1.322987E+00  1.100000E+02     3  2.135035E-01  9.268545E+01 -1.000324E-02  2.132691E-01
  1.322987E+00  1.100000E+02     4  8.555485E-02  1.248175E+02 -4.884882E-02  7.023834E-02
  1.322987E+00  1.100000E+02     5  3.040556E-02  1.147521E+02 -1.273059E-02  2.761214E-02
  1.322987E+00  1.100000E+02     6  7.253403E-07  1.777378E+02 -7.247750E-07  2.863128E-08
  1.322987E+00  1.200000E+02     1  5.102353E-01 -6.740272E+01  1.960587E-01 -4.710637E-01
  1.322987E+00  1.200000E+02     2  8.889653E-01  1.129595E+02 -3.467685E-01  8.185420E-01
  1.322987E+00  1.200000E+02     3  2.112451E-01  9.264059E+01 -9.732193E-03  2.110208E-01
  1.322987E+00  1.200000E+02     4  7.785179E-02  1.240856E+02 -4.363054E-02  6.447695E-02
  1.322987E+00  1.200000E+02     5  4.399427E-02  1.173557E+02 -2.021596E-02  3.907442E-02
  1.322987E+00  1.200000E+02     6  6.302631E-07  1.777649E+02 -6.297836E-07  2.458003E-08
  1.322987E+00  1.300000E+02     1  6.572757E-01 -6.727173E+01  2.539458E-01 -6.062367E-01
  1.322987E+00  1.300000E+02     2  7.845872E-01  1.129087E+02 -3.054110E-01  7.227041E-01
  1.322987E+00  1.300000E+02     3  2.096623E-01  9.258305E+01 -9.448941E-03  2.094493E-01
  1.322987E+00  1.300000E+02     4  6.784965E-02  1.227943E+02 -3.674904E-02  5.703580E-02
  1.322987E+00  1.300000E+02     5  5.683086E-02  1.197898E+02 -2.823464E-02  4.932091E-02
  1.322987E+00  1.300000E+02     6  2.419915E-07  1.771613E+02 -2.416946E-07  1.198447E-08
  1.322987E+00  1.400000E+02     1  7.851117E-01 -6.716627E+01  3.046691E-01 -7.235863E-01
  1.322987E+00  1.400000E+02     2  6.567297E-01  1.128240E+02 -2.547467E-01  6.053082E-01
  1.322987E+00  1.400000E+02     3  2.092795E-01  9.248976E+01 -9.091294E-03  2.090819E-01
  1.322987E+00  1.400000E+02     4  5.613569E-02  1.209376E+02 -2.885956E-02  4.814915E-02
  1.322987E+00  1.400000E+02     5  6.848224E-02  1.218830E+02 -3.617135E-02  5.815024E-02
  1.322987E+00  1.400000E+02     6  2.592032E-07 -7.964570E-01  2.591782E-07 -3.603015E-09
  1.322987E+00  1.500000E+02     1  8.894599E-01 -6.709017E+01  3.462507E-01 -8.192981E-01
  1.322987E+00  1.500000E+02     2  5.096929E-01  1.127075E+02 -1.967547E-01  4.701855E-01
  1.322987E+00  1.500000E+02     3  2.101687E-01  9.238468E+01 -8.744792E-03  2.099867E-01
  1.322987E+00  1.500000E+02     4  4.327896E-02  1.186311E+02 -2.073794E-02  3.798692E-02
  1.322987E+00  1.500000E+02     5  7.841842E-02  1.234775E+02 -4.325638E-02  6.540897E-02
  1.322987E+00  1.500000E+02     6  6.437338E-07 -1.340363E+00  6.435576E-07 -1.505797E-08
  1.322987E+00  1.600000E+02     1  9.667516E-01 -6.704424E+01  3.770527E-01 -8.901910E-01
  1.322987E+00  1.600000E+02     2  3.482001E-01  1.125573E+02 -1.335719E-01  3.215616E-01
  1.322987E+00  1.600000E+02     3  2.119180E-01  9.232629E+01 -8.601824E-03  2.117434E-01
  1.322987E+00  1.600000E+02     4  2.972769E-02  1.160449E+02 -1.305268E-02  2.670886E-02
  1.322987E+00  1.600000E+02     5  8.609306E-02  1.245198E+02 -4.878821E-02  7.093466E-02
  1.322987E+00  1.600000E+02     6  7.325183E-07 -1.331982E+00  7.323203E-07 -1.702766E-08
  1.322987E+00  1.700000E+02     1  1.014318E+00 -6.702477E+01  3.959218E-01 -9.338555E-01
  1.322987E+00  1.700000E+02     2  1.771073E-01  1.123099E+02 -6.723264E-02  1.638498E-01
  1.322987E+00  1.700000E+02     3  2.138082E-01  9.238029E+01 -8.879868E-03  2.136237E-01
  1.322987E+00  1.700000E+02     4  1.576300E-02  1.128634E+02 -6.124494E-03  1.452456E-02
  1.322987E+00  1.700000E+02     5  9.102329E-02  1.250457E+02 -5.226829E-02  7.452023E-02
  1.322987E+00  1.700000E+02     6  4.789775E-07 -1.012107E+00  4.789028E-07 -8.460507E-09
  1.322987E+00  1.800000E+02     1  1.030485E+00 -6.702560E+01  4.022188E-01 -9.487465E-01
  1.322987E+00  1.800000E+02     2  1.575721E-03  7.211014E+01  4.840427E-04  1.499533E-03
  1.322987E+00  1.800000E+02     3  2.151263E-01  9.258900E+01 -9.717501E-03  2.149067E-01
  1.322987E+00  1.800000E+02     4  1.731620E-03  8.393369E+01  1.829965E-04  1.721924E-03
  1.322987E+00  1.800000E+02     5  9.284906E-02  1.251315E+02 -5.343047E-02  7.593505E-02
  1.322987E+00  1.800000E+02     6  6.977579E-09  1.000725E+02 -1.220340E-09  6.870035E-09
  1.322987E+00  1.900000E+02     1  1.014629E+00 -6.704122E+01  3.957750E-01 -9.342556E-01
  1.322987E+00  1.900000E+02     2  1.748280E-01 -6.710138E+01  6.802587E-02 -1.610506E-01
  1.322987E+00  1.900000E+02     3  2.154741E-01  9.294706E+01 -1.107822E-02  2.151892E-01
  1.322987E+00  1.900000E+02     4  1.299631E-02 -6.074956E+01  6.350360E-03 -1.133918E-02
  1.322987E+00  1.900000E+02     5  9.137724E-02  1.248460E+02 -5.221048E-02  7.499243E-02
  1.322987E+00  1.900000E+02     6  4.809397E-07  1.773663E+02 -4.804317E-07  2.209926E-08
  1.322987E+00  2.000000E+02     1  9.672033E-01 -6.706850E+01  3.768517E-01 -8.907666E-01
  1.322987E+00  2.000000E+02     2  3.462663E-01 -6.725168E+01  1.338956E-01 -3.193310E-01
  1.322987E+00  2.000000E+02     3  2.149186E-01  9.339151E+01 -1.271424E-02  2.145422E-01
  1.322987E+00  2.000000E+02     4  2.747317E-02 -6.197213E+01  1.290967E-02 -2.425110E-02
  1.322987E+00  2.000000E+02     5  8.661683E-02  1.242252E+02 -4.871744E-02  7.161763E-02
  1.322987E+00  2.000000E+02     6  7.322325E-07  1.776165E+02 -7.315990E-07  3.045258E-08
  1.322987E+00  2.100000E+02     1  8.897707E-01 -6.710634E+01  3.461404E-01 -8.196821E-01
  1.322987E+00  2.100000E+02     2  5.082990E-01 -6.726263E+01  1.964615E-01 -4.687971E-01
  1.322987E+00  2.100000E+02     3  2.139132E-01  9.381371E+01 -1.422795E-02  2.134395E-01
  1.322987E+00  2.100000E+02     4  4.175899E-02 -6.117654E+01  2.013253E-02 -3.658545E-02
  1.322987E+00  2.100000E+02     5  7.879940E-02  1.232796E+02 -4.323926E-02  6.587648E-02
  1.322987E+00  2.100000E+02     6  6.410903E-07  1.774629E+02 -6.404619E-07  2.837838E-08
  1.322987E+00  2.200000E+02     1  7.849829E-01 -6.715305E+01  3.047860E-01 -7.233973E-01
  1.322987E+00  2.200000E+02     2  6.559993E-01 -6.723111E+01  2.538815E-01 -6.048796E-01
  1.322987E+00  2.200000E+02     3  2.130446E-01  9.409490E+01 -1.521323E-02  2.125007E-01
  1.322987E+00  2.200000E+02     4  5.543048E-02 -5.981885E+01  2.786688E-02 -4.791634E-02
  1.322987E+00  2.200000E+02     5  6.837011E-02  1.220316E+02 -3.626259E-02  5.796116E-02
  1.322987E+00  2.200000E+02     6  2.554999E-07  1.761489E+02 -2.549230E-07  1.716026E-08
  1.322987E+00  2.300000E+02     1  6.564799E-01 -6.720294E+01  2.543652E-01 -6.051977E-01
  1.322987E+00  2.300000E+02     2  7.845349E-01 -6.718623E+01  3.041933E-01 -7.231607E-01
  1.322987E+00  2.300000E+02     3  2.127414E-01  9.415399E+01 -1.541041E-02  2.121825E-01
  1.322987E+00  2.300000E+02     4  6.790598E-02 -5.839654E+01  3.558527E-02 -5.783520E-02
  1.322987E+00  2.300000E+02     5  5.593356E-02  1.205720E+02 -2.844897E-02  4.815828E-02
  1.322987E+00  2.300000E+02     6  2.451041E-07  5.289110E-01  2.450936E-07  2.262582E-09
  1.322987E+00  2.400000E+02     1  5.086671E-01 -6.724259E+01  1.967678E-01 -4.690678E-01
  1.322987E+00  2.400000E+02     2  8.894819E-01 -6.714198E+01  3.455183E-01 -8.196311E-01
  1.322987E+00  2.400000E+02     3  2.130776E-01  9.398423E+01 -1.480505E-02  2.125626E-01
  1.322987E+00  2.400000E+02     4  7.850695E-02 -5.715692E+01  4.257746E-02 -6.595833E-02
  1.322987E+00  2.400000E+02     5  4.215140E-02  1.191237E+02 -2.051495E-02  3.682224E-02
  1.322987E+00  2.400000E+02     6  6.305104E-07 -8.417601E-01  6.304424E-07 -9.262801E-09
  1.322987E+00  2.500000E+02     1  3.463928E-01 -6.724371E+01  1.339889E-01 -3.194290E-01
  1.322987E+00  2.500000E+02     2  9.671455E-01 -6.710430E+01  3.762726E-01 -8.909486E-01
  1.322987E+00  2.500000E+02     3  2.137488E-01  9.365557E+01 -1.362829E-02  2.133139E-01
  1.322987E+00  2.500000E+02     4  8.657332E-02 -5.619955E+01  4.816092E-02 -7.194070E-02
  1.322987E+00  2.500000E+02     5  2.762062E-02  1.181342E+02 -1.302417E-02  2.435713E-02
  1.322987E+00  2.500000E+02     6  7.219151E-07 -9.585594E-01  7.218141E-07 -1.207709E-08
  1.322987E+00  2.600000E+02     1  1.746208E-01 -6.711143E+01  6.791705E-02 -1.608717E-01
  1.322987E+00  2.600000E+02     2  1.014798E+00 -6.707453E+01  3.952978E-01 -9.346419E-01
  1.322987E+00  2.600000E+02     3  2.142306E-01  9.327904E+01 -1.225375E-02  2.138799E-01
  1.322987E+00  2.600000E+02     4  9.158034E-02 -5.554282E+01  5.181525E-02 -7.551250E-02
  1.322987E+00  2.600000E+02     5  1.279276E-02  1.189055E+02 -6.183591E-03  1.119901E-02
  1.322987E+00  2.600000E+02     6  4.722455E-07 -6.088261E-01  4.722188E-07 -5.017996E-09
  1.322987E+00  2.700000E+02     1  2.042208E-03  8.356941E+01  2.287262E-04  2.029359E-03
  1.322987E+00  2.700000E+02     2  1.030811E+00 -6.705301E+01  4.018918E-01 -9.492383E-01
  1.322987E+00  2.700000E+02     3  2.140533E-01  9.295425E+01 -1.103199E-02  2.137688E-01
  1.322987E+00  2.700000E+02     4  9.322209E-02 -5.518522E+01  5.322286E-02 -7.653552E-02
  1.322987E+00  2.700000E+02     5  2.214624E-03 -8.421055E+01  2.233961E-04 -2.203328E-03
  1.322987E+00  2.700000E+02     6  9.065211E-09  1.119358E+02 -3.386474E-09  8.408915E-09
  1.322987E+00  2.800000E+02     1  1.780734E-01  1.122933E+02 -6.755185E-02  1.647631E-01
  1.322987E+00  2.800000E+02     2  1.014692E+00 -6.704198E+01  3.957872E-01 -9.343189E-01
  1.322987E+00  2.800000E+02     3  2.130637E-01  9.272955E+01 -1.014643E-02  2.128220E-01
  1.322987E+00  2.800000E+02     4  9.144971E-02 -5.514945E+01  5.225782E-02 -7.504779E-02
  1.322987E+00  2.800000E+02     5  1.679528E-02 -6.652428E+01  6.690575E-03 -1.540512E-02
  1.322987E+00  2.800000E+02     6  4.783817E-07  1.773978E+02 -4.778884E-07  2.171893E-08
  1.322987E+00  2.900000E+02     1  3.494889E-01  1.125231E+02 -1.338738E-01  3.228317E-01
  1.322987E+00  2.900000E+02     2  9.670805E-01 -6.704672E+01  3.771424E-01 -8.905102E-01
  1.322987E+00  2.900000E+02     3  2.115298E-01  9.259423E+01 -9.574354E-03  2.113130E-01
  1.322987E+00  2.900000E+02     4  8.646530E-02 -5.549818E+01  4.897675E-02 -7.125676E-02
  1.322987E+00  2.900000E+02     5  3.115024E-02 -6.393728E+01  1.368601E-02 -2.798269E-02
  1.322987E+00  2.900000E+02     6  7.251995E-07  1.777467E+02 -7.246387E-07  2.851254E-08
  1.322987E+00  3.000000E+02     1  5.111897E-01  1.126655E+02 -1.969873E-01  4.717106E-01
  1.322987E+00  3.000000E+02     2  8.897010E-01 -6.707425E+01  3.465723E-01 -8.194239E-01
  1.322987E+00  3.000000E+02     3  2.100269E-01  9.250230E+01 -9.169655E-03  2.098267E-01
  1.322987E+00  3.000000E+02     4  7.867890E-02 -5.631625E+01  4.363599E-02 -6.546961E-02
  1.322987E+00  3.000000E+02     5  4.495782E-02 -6.163431E+01  2.135934E-02 -3.955988E-02
  1.322987E+00  3.000000E+02     6  6.303962E-07  1.776834E+02 -6.298810E-07  2.548151E-08
  1.322987E+00  3.100000E+02     1  6.582730E-01  1.127823E+02 -2.549036E-01  6.069164E-01
  1.322987E+00  3.100000E+02     2  7.852852E-01 -6.713044E+01  3.051890E-01 -7.235555E-01
  1.322987E+00  3.100000E+02     3  2.091699E-01  9.241099E+01 -8.799214E-03  2.089847E-01
  1.322987E+00  3.100000E+02     4  6.863850E-02 -5.766491E+01  3.671267E-02 -5.799503E-02
  1.322987E+00  3.100000E+02     5  5.787544E-02 -5.944619E+01  2.942083E-02 -4.983956E-02
  1.322987E+00  3.100000E+02     6  2.424272E-07  1.766981E+02 -2.420247E-07  1.396332E-08
  1.322987E+00  3.200000E+02     1  7.860013E-01  1.128743E+02 -3.055266E-01  7.241903E-01
  1.322987E+00  3.200000E+02     2  6.574413E-01 -6.721757E+01  2.545829E-01 -6.061490E-01
  1.322987E+00  3.200000E+02     3  2.093302E-01  9.231094E+01 -8.440725E-03  2.091600E-01
  1.322987E+00  3.200000E+02     4  5.694009E-02 -5.952750E+01  2.887573E-02 -4.907511E-02
  1.322987E+00  3.200000E+02     5  6.944229E-02 -5.757312E+01  3.723654E-02 -5.861460E-02
  1.322987E+00  3.200000E+02     6  2.586135E-07 -1.478088E-01  2.586126E-07 -6.671576E-10
  1.322987E+00  3.300000E+02     1  8.901047E-01  1.129371E+02 -3.468923E-01  8.197268E-01
  1.322987E+00  3.300000E+02     2  5.104484E-01 -6.733521E+01  1.966957E-01 -4.710290E-01
  1.322987E+00  3.300000E+02     3  2.104718E-01  9.223279E+01 -8.199919E-03  2.103121E-01
  1.322987E+00  3.300000E+02     4  4.412690E-02 -6.178604E+01  2.086168E-02 -3.888410E-02
  1.322987E+00  3.300000E+02     5  7.913297E-02 -5.617271E+01  4.405263E-02 -6.573730E-02
  1.322987E+00  3.300000E+02     6  6.428563E-07 -1.023385E+00  6.427538E-07 -1.148173E-08
  1.322987E+00  3.400000E+02     1  9.670510E-01  1.129706E+02 -3.773995E-01  8.903692E-01
  1.322987E+00  3.400000E+02     2  3.489882E-01 -6.749185E+01  1.335978E-01 -3.224040E-01
  1.322987E+00  3.400000E+02     3  2.121712E-01  9.223208E+01 -8.263492E-03  2.120102E-01
  1.322987E+00  3.400000E+02     4  3.060616E-02 -6.431354E+01  1.326612E-02 -2.758164E-02
  1.322987E+00  3.400000E+02     5  8.643846E-02 -5.529646E+01  4.921203E-02 -7.106182E-02
  1.322987E+00  3.400000E+02     6  7.314020E-07 -1.035167E+00  7.312826E-07 -1.321357E-08
  1.322987E+00  3.500000E+02     1  1.014220E+00  1.129788E+02 -3.959416E-01  9.337414E-01
  1.322987E+00  3.500000E+02     2  1.778764E-01 -6.778188E+01  6.726103E-02 -1.646692E-01
  1.322987E+00  3.500000E+02     3  2.138103E-01  9.236353E+01 -8.817486E-03  2.136285E-01
  1.322987E+00  3.500000E+02     4  1.662989E-02 -6.759097E+01  6.339581E-03 -1.537410E-02
  1.322987E+00  3.500000E+02     5  9.093295E-02 -5.491052E+01  5.227326E-02 -7.440637E-02
  1.322987E+00  3.500000E+02     6  4.776740E-07 -5.661432E-01  4.776507E-07 -4.719849E-09
  1.295132E+00  0.000000E+00     1  9.909456E-01  1.172952E+02 -4.544235E-01  8.806092E-01
  1.295132E+00  0.000000E+00     2  2.139536E-03 -1.016135E+02 -4.307057E-04 -2.095735E-03
  1.295132E+00  0.000000E+00     3  1.901605E-01  9.738141E+01 -2.443066E-02  1.885846E-01
  1.295132E+00  0.000000E+00     4  2.382164E-03 -9.069214E+01 -2.877618E-05 -2.381991E-03
  1.295132E+00  0.000000E+00     5  9.549264E-02 -5.143875E+01  5.952543E-02 -7.466972E-02
  1.295132E+00  0.000000E+00     6  1.008466E-08  1.114493E+02 -3.687730E-09  9.386212E-09
  1.295132E+00  1.000000E+01     1  9.753132E-01  1.172735E+02 -4.469257E-01  8.668871E-01
  1.295132E+00  1.000000E+01     2  1.673554E-01  1.175086E+02 -7.729845E-02  1.484344E-01
  1.295132E+00  1.000000E+01     3  1.904395E-01  9.789241E+01 -2.614987E-02  1.886355E-01
  1.295132E+00  1.000000E+01     4  1.260324E-02  1.262567E+02 -7.453614E-03  1.016294E-02
  1.295132E+00  1.000000E+01     5  9.353118E-02 -5.179215E+01  5.785053E-02 -7.349420E-02
  1.295132E+00  1.000000E+01     6  5.531362E-07  1.766727E+02 -5.522038E-07  3.210382E-08
  1.295132E+00  2.000000E+01     1  9.293255E-01  1.172494E+02 -4.255058E-01  8.261905E-01
  1.295132E+00  2.000000E+01     2  3.320967E-01  1.172883E+02 -1.522559E-01  2.951379E-01
  1.295132E+00  2.000000E+01     3  1.901265E-01  9.855990E+01 -2.829907E-02  1.880086E-01
  1.295132E+00  2.000000E+01     4  2.732790E-02  1.240427E+02 -1.529845E-02  2.264447E-02
  1.295132E+00  2.000000E+01     5  8.819627E-02 -5.237827E+01  5.383902E-02 -6.985658E-02
  1.295132E+00  2.000000E+01     6  8.398054E-07  1.769484E+02 -8.386145E-07  4.470765E-08
  1.295132E+00  3.000000E+01     1  8.545183E-01  1.172231E+02 -3.909054E-01  7.598648E-01
  1.295132E+00  3.000000E+01     2  4.879443E-01  1.172368E+02 -2.233172E-01  4.338422E-01
  1.295132E+00  3.000000E+01     3  1.896843E-01  9.918291E+01 -3.027109E-02  1.872532E-01
  1.295132E+00  3.000000E+01     4  4.202633E-02  1.243645E+02 -2.372197E-02  3.469122E-02
  1.295132E+00  3.000000E+01     5  7.977679E-02 -5.320496E+01  4.778264E-02 -6.388392E-02
  1.295132E+00  3.000000E+01     6  7.341566E-07  1.767457E+02 -7.329727E-07  4.167690E-08
  1.295132E+00  4.000000E+01     1  7.534852E-01  1.171944E+02 -3.443508E-01  6.701958E-01
  1.295132E+00  4.000000E+01     2  6.301028E-01  1.172287E+02 -2.882992E-01  5.602795E-01
  1.295132E+00  4.000000E+01     3  1.895776E-01  9.955141E+01 -3.145707E-02  1.869495E-01
  1.295132E+00  4.000000E+01     4  5.619914E-02  1.252603E+02 -3.244334E-02  4.588870E-02
  1.295132E+00  4.000000E+01     5  6.878338E-02 -5.427573E+01  4.016160E-02 -5.584084E-02
  1.295132E+00  4.000000E+01     6  2.926078E-07  1.751588E+02 -2.915639E-07  2.469471E-08
  1.295132E+00  5.000000E+01     1  6.297903E-01  1.171667E+02 -2.875502E-01  5.603130E-01
  1.295132E+00  5.000000E+01     2  7.538400E-01  1.172334E+02 -3.449690E-01  6.702769E-01
  1.295132E+00  5.000000E+01     3  1.900490E-01  9.954026E+01 -3.149885E-02  1.874205E-01
  1.295132E+00  5.000000E+01     4  6.915630E-02  1.262077E+02 -4.085159E-02  5.580091E-02
  1.295132E+00  5.000000E+01     5  5.589992E-02 -5.552599E+01  3.164116E-02 -4.608294E-02
  1.295132E+00  5.000000E+01     6  2.799448E-07  3.760729E-01  2.799388E-07  1.837463E-09
  1.295132E+00  6.000000E+01     1  4.877441E-01  1.171517E+02 -2.225810E-01  4.339954E-01
  1.295132E+00  6.000000E+01     2  8.548450E-01  1.172406E+02 -3.912867E-01  7.600360E-01
  1.295132E+00  6.000000E+01     3  1.910124E-01  9.916988E+01 -3.044015E-02  1.885713E-01
  1.295132E+00  6.000000E+01     4  8.014026E-02  1.270101E+02 -4.824095E-02  6.399431E-02
  1.295132E+00  6.000000E+01     5  4.187182E-02 -5.674239E+01  2.296268E-02 -3.501377E-02
  1.295132E+00  6.000000E+01     6  7.209761E-07 -1.287723E+00  7.207940E-07 -1.620258E-08
  1.295132E+00  7.000000E+01     1  3.320590E-01  1.171784E+02 -1.516721E-01  2.953959E-01
  1.295132E+00  7.000000E+01     2  9.295609E-01  1.172495E+02 -4.256141E-01  8.263995E-01
  1.295132E+00  7.000000E+01     3  1.920746E-01  9.859683E+01 -2.871143E-02  1.899166E-01
  1.295132E+00  7.000000E+01     4  8.847030E-02  1.276284E+02 -5.401448E-02  7.006733E-02
  1.295132E+00  7.000000E+01     5  2.735233E-02 -5.742186E+01  1.472784E-02 -2.304866E-02
  1.295132E+00  7.000000E+01     6  8.263179E-07 -1.464264E+00  8.260481E-07 -2.111527E-08
  1.295132E+00  8.000000E+01     1  1.674885E-01  1.173577E+02 -7.696840E-02  1.487557E-01
  1.295132E+00  8.000000E+01     2  9.753971E-01  1.172627E+02 -4.468017E-01  8.670454E-01
  1.295132E+00  8.000000E+01     3  1.926787E-01  9.803917E+01 -2.694612E-02  1.907851E-01
  1.295132E+00  8.000000E+01     4  9.363961E-02  1.280896E+02 -5.776568E-02  7.369873E-02
  1.295132E+00  8.000000E+01     5  1.278235E-02 -5.587879E+01  7.170202E-03 -1.058191E-02
  1.295132E+00  8.000000E+01     6  5.406195E-07 -1.152257E+00  5.405102E-07 -1.087150E-08
  1.295132E+00  9.000000E+01     1  1.825838E-03 -1.026530E+02 -3.999425E-04 -1.781497E-03
  1.295132E+00  9.000000E+01     2  9.908137E-01  1.172822E+02 -4.541621E-01  8.805956E-01
  1.295132E+00  9.000000E+01     3  1.923488E-01  9.767794E+01 -2.569870E-02  1.906243E-01
  1.295132E+00  9.000000E+01     4  9.535775E-02  1.284165E+02 -5.925271E-02  7.471423E-02
  1.295132E+00  9.000000E+01     5  2.034650E-03  8.818904E+01  6.429878E-05  2.033633E-03
  1.295132E+00  9.000000E+01     6  1.055842E-08  1.180782E+02 -4.969607E-09  9.315757E-09
  1.295132E+00  1.000000E+02     1  1.702309E-01 -6.338155E+01  7.627146E-02 -1.521882E-01
  1.295132E+00  1.000000E+02     2  9.753303E-01  1.173048E+02 -4.474081E-01  8.666575E-01
  1.295132E+00  1.000000E+02     3  1.909450E-01  9.758402E+01 -2.520089E-02  1.892746E-01
  1.295132E+00  1.000000E+02     4  9.355958E-02  1.285794E+02 -5.834357E-02  7.313974E-02
  1.295132E+00  1.000000E+02     5  1.614125E-02  1.162106E+02 -7.129134E-03  1.448155E-02
  1.295132E+00  1.000000E+02     6  5.500213E-07  1.769302E+02 -5.492321E-07  2.945494E-08
  1.295132E+00  1.100000E+02     1  3.345918E-01 -6.312174E+01  1.512677E-01 -2.984455E-01
  1.295132E+00  1.100000E+02     2  9.295126E-01  1.173223E+02 -4.266420E-01  8.258149E-01
  1.295132E+00  1.100000E+02     3  1.887826E-01  9.769957E+01 -2.529284E-02  1.870806E-01
  1.295132E+00  1.100000E+02     4  8.839896E-02  1.284822E+02 -5.500816E-02  6.919884E-02
  1.295132E+00  1.100000E+02     5  3.038255E-02  1.194376E+02 -1.493227E-02  2.645991E-02
  1.295132E+00  1.100000E+02     6  8.325641E-07  1.772789E+02 -8.316253E-07  3.952551E-08
  1.295132E+00  1.200000E+02     1  4.899390E-01 -6.297655E+01  2.226063E-01 -4.364478E-01
  1.295132E+00  1.200000E+02     2  8.549624E-01  1.173226E+02 -3.924271E-01  7.595800E-01
  1.295132E+00  1.200000E+02     3  1.865320E-01  9.787713E+01 -2.556406E-02  1.847719E-01
  1.295132E+00  1.200000E+02     4  8.023566E-02  1.279844E+02 -4.938076E-02  6.324003E-02
  1.295132E+00  1.200000E+02     5  4.441016E-02  1.219769E+02 -2.351862E-02  3.767143E-02
  1.295132E+00  1.200000E+02     6  7.234216E-07  1.772854E+02 -7.226098E-07  3.426178E-08
  1.295132E+00  1.300000E+02     1  6.315561E-01 -6.286443E+01  2.880511E-01 -5.620406E-01
  1.295132E+00  1.300000E+02     2  7.542912E-01  1.172943E+02 -3.458889E-01  6.703105E-01
  1.295132E+00  1.300000E+02     3  1.849460E-01  9.795786E+01 -2.560480E-02  1.831650E-01
  1.295132E+00  1.300000E+02     4  6.961365E-02  1.269540E+02 -4.184988E-02  5.562956E-02
  1.295132E+00  1.300000E+02     5  5.787473E-02  1.242477E+02 -3.257028E-02  4.783996E-02
  1.295132E+00  1.300000E+02     6  2.793694E-07  1.767806E+02 -2.789285E-07  1.568949E-08
  1.295132E+00  1.400000E+02     1  7.547999E-01 -6.277981E+01  3.452541E-01 -6.712098E-01
  1.295132E+00  1.400000E+02     2  6.310286E-01  1.172312E+02 -2.887471E-01  5.610902E-01
  1.295132E+00  1.400000E+02     3  1.845518E-01  9.785356E+01 -2.521747E-02  1.828208E-01
  1.295132E+00  1.400000E+02     4  5.720973E-02  1.253338E+02 -3.308662E-02  4.667151E-02
  1.295132E+00  1.400000E+02     5  7.021918E-02  1.261099E+02 -4.138265E-02  5.672927E-02
  1.295132E+00  1.400000E+02     6  2.934655E-07 -1.521130E+00  2.933621E-07 -7.790222E-09
  1.295132E+00  1.500000E+02     1  8.554441E-01 -6.272465E+01  3.920220E-01 -7.603311E-01
  1.295132E+00  1.500000E+02     2  4.894179E-01  1.171321E+02 -2.231962E-01  4.355610E-01
  1.295132E+00  1.500000E+02     3  1.854337E-01  9.759203E+01 -2.449921E-02  1.838082E-01
  1.295132E+00  1.500000E+02     4  4.372533E-02  1.231856E+02 -2.393320E-02  3.659381E-02
  1.295132E+00  1.500000E+02     5  8.078053E-02  1.274501E+02 -4.912027E-02  6.413028E-02
  1.295132E+00  1.500000E+02     6  7.338190E-07 -1.978209E+00  7.333817E-07 -2.533099E-08
  1.295132E+00  1.600000E+02     1  9.299875E-01 -6.269741E+01  4.265756E-01 -8.263837E-01
  1.295132E+00  1.600000E+02     2  3.341021E-01  1.169930E+02 -1.516427E-01  2.977058E-01
  1.295132E+00  1.600000E+02     3  1.871920E-01  9.730249E+01 -2.379354E-02  1.856736E-01
  1.295132E+00  1.600000E+02     4  2.973501E-02  1.206309E+02 -1.515015E-02  2.558601E-02
  1.295132E+00  1.600000E+02     5  8.892057E-02  1.282614E+02 -5.506405E-02  6.981990E-02
  1.295132E+00  1.600000E+02     6  8.368450E-07 -1.967652E+00  8.363516E-07 -2.873329E-08
  1.295132E+00  1.700000E+02     1  9.758416E-01 -6.269185E+01  4.476926E-01 -8.670860E-01
  1.295132E+00  1.700000E+02     2  1.697858E-01  1.167451E+02 -7.640729E-02  1.516217E-01
  1.295132E+00  1.700000E+02     3  1.891059E-01  9.715223E+01 -2.354484E-02  1.876345E-01
  1.295132E+00  1.700000E+02     4  1.557333E-02  1.172578E+02 -7.132494E-03  1.384399E-02
  1.295132E+00  1.700000E+02     5  9.411679E-02  1.286178E+02 -5.874045E-02  7.353591E-02
  1.295132E+00  1.700000E+02     6  5.477217E-07 -1.706333E+00  5.474788E-07 -1.630936E-08
  1.295132E+00  1.800000E+02     1  9.914060E-01 -6.269970E+01  4.547125E-01 -8.809781E-01
  1.295132E+00  1.800000E+02     2  1.436536E-03  7.145042E+01  4.569983E-04  1.361906E-03
  1.295132E+00  1.800000E+02     3  1.904514E-01  9.726879E+01 -2.409673E-02  1.889209E-01
  1.295132E+00  1.800000E+02     4  1.609515E-03  8.175440E+01  2.308311E-04  1.592877E-03
  1.295132E+00  1.800000E+02     5  9.600475E-02  1.286212E+02 -5.992316E-02  7.500752E-02
  1.295132E+00  1.800000E+02     6  6.587006E-09  1.071113E+02 -1.938090E-09  6.295431E-09
  1.295132E+00  1.900000E+02     1  9.760905E-01 -6.271431E+01  4.474668E-01 -8.674826E-01
  1.295132E+00  1.900000E+02     2  1.678623E-01 -6.264146E+01  7.714233E-02 -1.490866E-01
  1.295132E+00  1.900000E+02     3  1.908251E-01  9.768063E+01 -2.550398E-02  1.891131E-01
  1.295132E+00  1.900000E+02     4  1.320091E-02 -5.570179E+01  7.438714E-03 -1.090548E-02
  1.295132E+00  1.900000E+02     5  9.440096E-02  1.283502E+02 -5.857259E-02  7.403238E-02
  1.295132E+00  1.900000E+02     6  5.510937E-07  1.770126E+02 -5.503448E-07  2.872108E-08
  1.295132E+00  2.000000E+02     1  9.303368E-01 -6.273280E+01  4.262252E-01 -8.269575E-01
  1.295132E+00  2.000000E+02     2  3.324406E-01 -6.281150E+01  1.518986E-01 -2.957086E-01
  1.295132E+00  2.000000E+02     3  1.903007E-01  9.829531E+01 -2.745567E-02  1.883097E-01
  1.295132E+00  2.000000E+02     4  2.777383E-02 -5.719597E+01  1.504695E-02 -2.334469E-02
  1.295132E+00  2.000000E+02     5  8.932870E-02  1.278348E+02 -5.479310E-02  7.055021E-02
  1.295132E+00  2.000000E+02     6  8.377129E-07  1.772133E+02 -8.367222E-07  4.072799E-08
  1.295132E+00  2.100000E+02     1  8.556522E-01 -6.275555E+01  3.917072E-01 -7.607274E-01
  1.295132E+00  2.100000E+02     2  4.881834E-01 -6.284226E+01  2.228273E-01 -4.343628E-01
  1.295132E+00  2.100000E+02     3  1.893366E-01  9.892410E+01 -2.937102E-02  1.870446E-01
  1.295132E+00  2.100000E+02     4  4.236101E-02 -5.660434E+01  2.331624E-02 -3.536677E-02
  1.295132E+00  2.100000E+02     5  8.104475E-02  1.270653E+02 -4.884769E-02  6.466958E-02
  1.295132E+00  2.100000E+02     6  7.320442E-07  1.771052E+02 -7.311101E-07  3.696979E-08
  1.295132E+00  2.200000E+02     1  7.546170E-01 -6.278323E+01  3.451303E-01 -6.710677E-01
  1.295132E+00  2.200000E+02     2  6.303447E-01 -6.283274E+01  2.878088E-01 -5.608035E-01
  1.295132E+00  2.200000E+02     3  1.885090E-01  9.935181E+01 -3.063199E-02  1.860036E-01
  1.295132E+00  2.200000E+02     4  5.652390E-02 -5.547134E+01  3.203878E-02 -4.656680E-02
  1.295132E+00  2.200000E+02     5  7.004610E-02  1.260330E+02 -4.120473E-02  5.664474E-02
  1.295132E+00  2.200000E+02     6  2.904284E-07  1.761589E+02 -2.897760E-07  1.945565E-08
  1.295132E+00  2.300000E+02     1  6.308017E-01 -6.281275E+01  2.882133E-01 -5.611095E-01
  1.295132E+00  2.300000E+02     2  7.541981E-01 -6.281069E+01  3.446173E-01 -6.708604E-01
  1.295132E+00  2.300000E+02     3  1.882290E-01  9.942990E+01 -3.083957E-02  1.856854E-01
  1.295132E+00  2.300000E+02     4  6.958960E-02 -5.429674E+01  4.061161E-02 -5.651026E-02
  1.295132E+00  2.300000E+02     5  5.702633E-02  1.247943E+02 -3.254108E-02  4.683034E-02
  1.295132E+00  2.300000E+02     6  2.816431E-07 -7.001182E-01  2.816221E-07 -3.441415E-09
  1.295132E+00  2.400000E+02     1  4.885401E-01 -6.283312E+01  2.230594E-01 -4.346446E-01
  1.295132E+00  2.400000E+02     2  8.553920E-01 -6.278778E+01  3.911602E-01 -7.607162E-01
  1.295132E+00  2.400000E+02     3  1.885664E-01  9.914732E+01 -2.997706E-02  1.861684E-01
  1.295132E+00  2.400000E+02     4  8.076541E-02 -5.330032E+01  4.826708E-02 -6.475601E-02
  1.295132E+00  2.400000E+02     5  4.275978E-02  1.235458E+02 -2.362918E-02  3.563791E-02
  1.295132E+00  2.400000E+02     6  7.226524E-07 -1.660298E+00  7.223490E-07 -2.093784E-08
  1.295132E+00  2.500000E+02     1  3.325752E-01 -6.281790E+01  1.519270E-01 -2.958453E-01
  1.295132E+00  2.500000E+02     2  9.303010E-01 -6.276726E+01  4.257115E-01 -8.271818E-01
  1.295132E+00  2.500000E+02     3  1.892293E-01  9.863520E+01 -2.841142E-02  1.870843E-01
  1.295132E+00  2.500000E+02     4  8.929897E-02 -5.254535E+01  5.430568E-02 -7.088864E-02
  1.295132E+00  2.500000E+02     5  2.793504E-02  1.227374E+02 -1.510697E-02  2.349779E-02
  1.295132E+00  2.500000E+02     6  8.278212E-07 -1.722561E+00  8.274471E-07 -2.488416E-08
  1.295132E+00  2.600000E+02     1  1.676891E-01 -6.267255E+01  7.698195E-02 -1.489746E-01
  1.295132E+00  2.600000E+02     2  9.762689E-01 -6.274794E+01  4.470392E-01 -8.679037E-01
  1.295132E+00  2.600000E+02     3  1.897027E-01  9.809908E+01 -2.672634E-02  1.878106E-01
  1.295132E+00  2.600000E+02     4  9.461034E-02 -5.201787E+01  5.822468E-02 -7.457213E-02
  1.295132E+00  2.600000E+02     5  1.301971E-02  1.237613E+02 -7.235502E-03  1.082407E-02
  1.295132E+00  2.600000E+02     6  5.418865E-07 -1.432355E+00  5.417172E-07 -1.354538E-08
  1.295132E+00  2.700000E+02     1  1.809543E-03  8.475611E+01  1.653840E-04  1.801969E-03
  1.295132E+00  2.700000E+02     2  9.917205E-01 -6.272848E+01  4.544141E-01 -8.814859E-01
  1.295132E+00  2.700000E+02     3  1.895125E-01  9.771862E+01 -2.545308E-02  1.877955E-01
  1.295132E+00  2.700000E+02     4  9.636756E-02 -5.169492E+01  5.973330E-02 -7.562168E-02
  1.295132E+00  2.700000E+02     5  2.016898E-03 -8.449318E+01  1.935502E-04 -2.007590E-03
  1.295132E+00  2.700000E+02     6  8.614767E-09  1.176469E+02 -3.997432E-09  7.631169E-09
  1.295132E+00  2.800000E+02     1  1.706642E-01  1.167249E+02 -7.674884E-02  1.524333E-01
  1.295132E+00  2.800000E+02     2  9.761822E-01 -6.271075E+01  4.475628E-01 -8.675363E-01
  1.295132E+00  2.800000E+02     3  1.884967E-01  9.757023E+01 -2.483282E-02  1.868537E-01
  1.295132E+00  2.800000E+02     4  9.451124E-02 -5.159250E+01  5.871514E-02 -7.406015E-02
  1.295132E+00  2.800000E+02     5  1.655633E-02 -6.228082E+01  7.700984E-03 -1.465629E-02
  1.295132E+00  2.800000E+02     6  5.492823E-07  1.770153E+02 -5.485372E-07  2.860095E-08
  1.295132E+00  2.900000E+02     1  3.352866E-01  1.169503E+02 -1.519578E-01  2.988744E-01
  1.295132E+00  2.900000E+02     2  9.302624E-01 -6.270121E+01  4.266470E-01 -8.266562E-01
  1.295132E+00  2.900000E+02     3  1.869230E-01  9.760736E+01 -2.474556E-02  1.852778E-01
  1.295132E+00  2.900000E+02     4  8.924221E-02 -5.178307E+01  5.520884E-02 -7.011530E-02
  1.295132E+00  2.900000E+02     5  3.109500E-02 -5.951241E+01  1.577610E-02 -2.679578E-02
  1.295132E+00  2.900000E+02     6  8.321786E-07  1.772835E+02 -8.312434E-07  3.944064E-08
  1.295132E+00  3.000000E+02     1  4.908043E-01  1.170813E+02 -2.234408E-01  4.369932E-01
  1.295132E+00  3.000000E+02     2  8.556198E-01 -6.270928E+01  3.923065E-01 -7.603820E-01
  1.295132E+00  3.000000E+02     3  1.853744E-01  9.770104E+01 -2.484094E-02  1.837024E-01
  1.295132E+00  3.000000E+02     4  8.098453E-02 -5.237768E+01  4.943730E-02 -6.414395E-02
  1.295132E+00  3.000000E+02     5  4.532824E-02 -5.721448E+01  2.454506E-02 -3.810761E-02
  1.295132E+00  3.000000E+02     6  7.234127E-07  1.772274E+02 -7.225659E-07  3.499256E-08
  1.295132E+00  3.100000E+02     1  6.324656E-01  1.171822E+02 -2.889240E-01  5.626150E-01
  1.295132E+00  3.100000E+02     2  7.549105E-01 -6.274390E+01  3.457252E-01 -6.710916E-01
  1.295132E+00  3.100000E+02     3  1.844736E-01  9.771773E+01 -2.477347E-02  1.828025E-01
  1.295132E+00  3.100000E+02     4  7.033132E-02 -5.347791E+01  4.185646E-02 -5.652019E-02
  1.295132E+00  3.100000E+02     5  5.886412E-02 -5.514066E+01  3.364459E-02 -4.830141E-02
  1.295132E+00  3.100000E+02     6  2.797699E-07  1.764597E+02 -2.792360E-07  1.727601E-08
  1.295132E+00  3.200000E+02     1  7.556120E-01  1.172556E+02 -3.460413E-01  6.717179E-01
  1.295132E+00  3.200000E+02     2  6.316752E-01 -6.281031E+01  2.886363E-01 -5.618743E-01
  1.295132E+00  3.200000E+02     3  1.845998E-01  9.759423E+01 -2.439608E-02  1.829807E-01
  1.295132E+00  3.200000E+02     4  5.796772E-02 -5.511605E+01  3.315267E-02 -4.755162E-02
  1.295132E+00  3.200000E+02     5  7.111988E-02 -5.345464E+01  4.234897E-02 -5.713670E-02
  1.295132E+00  3.200000E+02     6  2.927527E-07 -1.065121E+00  2.927022E-07 -5.441921E-09
  1.295132E+00  3.300000E+02     1  8.560300E-01  1.172995E+02 -3.926110E-01  7.606865E-01
  1.295132E+00  3.300000E+02     2  4.901306E-01 -6.291048E+01  2.231967E-01 -4.363614E-01
  1.295132E+00  3.300000E+02     3  1.857256E-01  9.737120E+01 -2.382806E-02  1.841907E-01
  1.295132E+00  3.300000E+02     4  4.455944E-02 -5.722109E+01  2.412443E-02 -3.746406E-02
  1.295132E+00  3.300000E+02     5  8.144056E-02 -5.226958E+01  4.983731E-02 -6.441123E-02
  1.295132E+00  3.300000E+02     6  7.327277E-07 -1.757771E+00  7.323829E-07 -2.247574E-08
  1.295132E+00  3.400000E+02     1  9.302542E-01  1.173159E+02 -4.268898E-01  8.265216E-01
  1.295132E+00  3.400000E+02     2  3.348685E-01 -6.305461E+01  1.517427E-01 -2.985148E-01
  1.295132E+00  3.400000E+02     3  1.874303E-01  9.717173E+01 -2.339950E-02  1.859640E-01
  1.295132E+00  3.400000E+02     4  3.062453E-02 -5.969971E+01  1.545106E-02 -2.644101E-02
  1.295132E+00  3.400000E+02     5  8.922748E-02 -5.159114E+01  5.543427E-02 -6.991842E-02
  1.295132E+00  3.400000E+02     6  8.354402E-07 -1.761553E+00  8.350454E-07 -2.568148E-08
  1.295132E+00  3.500000E+02     1  9.757436E-01  1.173116E+02 -4.477003E-01  8.669718E-01
  1.295132E+00  3.500000E+02     2  1.705447E-01 -6.333851E+01  7.652656E-02 -1.524112E-01
  1.295132E+00  3.500000E+02     3  1.890889E-01  9.714175E+01 -2.350837E-02  1.876219E-01
  1.295132E+00  3.500000E+02     4  1.645503E-02 -6.308360E+01  7.449026E-03 -1.467242E-02
  1.295132E+00  3.500000E+02     5  9.401396E-02 -5.134675E+01  5.872165E-02 -7.341930E-02
  1.295132E+00  3.500000E+02     6  5.460775E-07 -1.391096E+00  5.459166E-07 -1.325703E-08
  1.268965E+00  0.000000E+00     1  9.532787E-01  1.217597E+02 -5.017657E-01  8.105377E-01
  1.268965E+00  0.000000E+00     2  1.924990E-03 -9.960903E+01 -3.213274E-04 -1.897982E-03
  1.268965E+00  0.000000E+00     3  1.684647E-01  1.021442E+02 -3.544027E-02  1.646947E-01
  1.268965E+00  0.000000E+00     4  2.194420E-03 -9.014655E+01 -5.612796E-06 -2.194413E-03
  1.268965E+00  0.000000E+00     5  9.737188E-02 -4.775561E+01  6.546257E-02 -7.208284E-02
  1.268965E+00  0.000000E+00     6  9.489546E-09  1.184938E+02 -4.527120E-09  8.340064E-09
  1.268965E+00  1.000000E+01     1  9.382199E-01  1.217406E+02 -4.935740E-01  7.978981E-01
  1.268965E+00  1.000000E+01     2  1.607874E-01  1.220937E+02 -8.542720E-02  1.362160E-01
  1.268965E+00  1.000000E+01     3  1.688143E-01  1.027584E+02 -3.728090E-02  1.646463E-01
  1.268965E+00  1.000000E+01     4  1.276733E-02  1.313847E+02 -8.440627E-03  9.579167E-03
  1.268965E+00  1.000000E+01     5  9.534773E-02 -4.806845E+01  6.371539E-02 -7.093334E-02
  1.268965E+00  1.000000E+01     6  6.309063E-07  1.762134E+02 -6.295289E-07  4.166575E-08
  1.268965E+00  2.000000E+01     1  8.939309E-01  1.217270E+02 -4.700933E-01  7.603451E-01
  1.268965E+00  2.000000E+01     2  3.190104E-01  1.218632E+02 -1.684035E-01  2.709390E-01
  1.268965E+00  2.000000E+01     3  1.686626E-01  1.036595E+02 -3.982995E-02  1.638922E-01
  1.268965E+00  2.000000E+01     4  2.749776E-02  1.289893E+02 -1.730091E-02  2.137301E-02
  1.268965E+00  2.000000E+01     5  8.985118E-02 -4.852628E+01  5.950632E-02 -6.732185E-02
  1.268965E+00  2.000000E+01     6  9.565693E-07  1.764128E+02 -9.546951E-07  5.985057E-08
  1.268965E+00  3.000000E+01     1  8.218667E-01  1.217174E+02 -4.320799E-01  6.991222E-01
  1.268965E+00  3.000000E+01     2  4.688525E-01  1.217938E+02 -2.470217E-01  3.985009E-01
  1.268965E+00  3.000000E+01     3  1.684042E-01  1.045353E+02 -4.226551E-02  1.630141E-01
  1.268965E+00  3.000000E+01     4  4.237062E-02  1.290992E+02 -2.672166E-02  3.288194E-02
  1.268965E+00  3.000000E+01     5  8.116452E-02 -4.915293E+01  5.308503E-02 -6.139755E-02
  1.268965E+00  3.000000E+01     6  8.348418E-07  1.762418E+02 -8.330465E-07  5.472057E-08
  1.268965E+00  4.000000E+01     1  7.245201E-01  1.217095E+02 -3.808173E-01  6.163664E-01
  1.268965E+00  4.000000E+01     2  6.056754E-01  1.217637E+02 -3.188381E-01  5.149611E-01
  1.268965E+00  4.000000E+01     3  1.684026E-01  1.050536E+02 -4.373788E-02  1.626236E-01
  1.268965E+00  4.000000E+01     4  5.685472E-02  1.297514E+02 -3.635617E-02  4.371141E-02
  1.268965E+00  4.000000E+01     5  6.981157E-02 -4.997820E+01  4.489436E-02 -5.346169E-02
  1.268965E+00  4.000000E+01     6  3.317504E-07  1.750003E+02 -3.304882E-07  2.891208E-08
  1.268965E+00  5.000000E+01     1  6.053642E-01  1.217043E+02 -3.181402E-01  5.150268E-01
  1.268965E+00  5.000000E+01     2  7.248461E-01  1.217451E+02 -3.813717E-01  6.164069E-01
  1.268965E+00  5.000000E+01     3  1.688275E-01  1.050147E+02 -4.373753E-02  1.630636E-01
  1.268965E+00  5.000000E+01     4  7.017230E-02  1.304405E+02 -4.551782E-02  5.340675E-02
  1.268965E+00  5.000000E+01     5  5.653252E-02 -5.097083E+01  3.559943E-02 -4.391590E-02
  1.268965E+00  5.000000E+01     6  3.191742E-07 -9.666378E-01  3.191288E-07 -5.384537E-09
  1.268965E+00  6.000000E+01     1  4.686327E-01  1.217103E+02 -2.463248E-01  3.986737E-01
  1.268965E+00  6.000000E+01     2  8.221402E-01  1.217307E+02 -4.323860E-01  6.992545E-01
  1.268965E+00  6.000000E+01     3  1.696071E-01  1.044483E+02 -4.231808E-02  1.642430E-01
  1.268965E+00  6.000000E+01     4  8.148259E-02  1.309998E+02 -5.345716E-02  6.149589E-02
  1.268965E+00  6.000000E+01     5  4.216970E-02 -5.195162E+01  2.599031E-02 -3.320824E-02
  1.268965E+00  6.000000E+01     6  8.214710E-07 -2.240881E+00  8.208428E-07 -3.212015E-08
  1.268965E+00  7.000000E+01     1  3.189444E-01  1.217533E+02 -1.678484E-01  2.712055E-01
  1.268965E+00  7.000000E+01     2  8.941024E-01  1.217222E+02 -4.701200E-01  7.605303E-01
  1.268965E+00  7.000000E+01     3  1.704436E-01  1.036005E+02 -4.007991E-02  1.656642E-01
  1.268965E+00  7.000000E+01     4  9.006247E-02  1.314214E+02 -5.958462E-02  6.753460E-02
  1.268965E+00  7.000000E+01     5  2.747183E-02 -5.244160E+01  1.674600E-02 -2.177781E-02
  1.268965E+00  7.000000E+01     6  9.424112E-07 -2.364697E+00  9.416087E-07 -3.888392E-08
  1.268965E+00  8.000000E+01     1  1.608957E-01  1.219387E+02 -8.511579E-02  1.365384E-01
  1.268965E+00  8.000000E+01     2  9.382506E-01  1.217248E+02 -4.933703E-01  7.980602E-01
  1.268965E+00  8.000000E+01     3  1.708895E-01  1.028174E+02 -3.791081E-02  1.666313E-01
  1.268965E+00  8.000000E+01     4  9.540053E-02  1.317595E+02 -6.353722E-02  7.116377E-02
  1.268965E+00  8.000000E+01     5  1.290990E-02 -5.076846E+01  8.164943E-03 -9.999965E-03
  1.268965E+00  8.000000E+01     6  6.171814E-07 -2.110225E+00  6.167628E-07 -2.272589E-08
  1.268965E+00  9.000000E+01     1  1.615877E-03 -1.006673E+02 -2.991080E-04 -1.587953E-03
  1.268965E+00  9.000000E+01     2  9.531267E-01  1.217420E+02 -5.014359E-01  8.105631E-01
  1.268965E+00  9.000000E+01     3  1.705322E-01  1.023874E+02 -3.658253E-02  1.665621E-01
  1.268965E+00  9.000000E+01     4  9.721310E-02  1.320546E+02 -6.511710E-02  7.218137E-02
  1.268965E+00  9.000000E+01     5  1.843041E-03  8.865388E+01  4.329683E-05  1.842532E-03
  1.268965E+00  9.000000E+01     6  1.015637E-08  1.238484E+02 -5.657067E-09  8.435008E-09
  1.268965E+00  1.000000E+02     1  1.632444E-01 -5.877823E+01  8.461804E-02 -1.396013E-01
  1.268965E+00  1.000000E+02     2  9.382700E-01  1.217712E+02 -4.940265E-01  7.976769E-01
  1.268965E+00  1.000000E+02     3  1.692359E-01  1.024193E+02 -3.639659E-02  1.652758E-01
  1.268965E+00  1.000000E+02     4  9.542814E-02  1.322831E+02 -6.420354E-02  7.060053E-02
  1.268965E+00  1.000000E+02     5  1.581252E-02  1.211266E+02 -8.173989E-03  1.353594E-02
  1.268965E+00  1.000000E+02     6  6.280176E-07  1.763913E+02 -6.267723E-07  3.952924E-08
  1.268965E+00  1.100000E+02     1  3.211551E-01 -5.853492E+01  1.676362E-01 -2.739320E-01
  1.268965E+00  1.100000E+02     2  8.941943E-01  1.218029E+02 -4.712398E-01  7.599451E-01
  1.268965E+00  1.100000E+02     3  1.672728E-01  1.028062E+02 -3.707657E-02  1.631120E-01
  1.268965E+00  1.100000E+02     4  9.017108E-02  1.323409E+02 -6.073381E-02  6.665004E-02
  1.268965E+00  1.100000E+02     5  3.014126E-02  1.243865E+02 -1.702294E-02  2.487398E-02
  1.268965E+00  1.100000E+02     6  9.498718E-07  1.766525E+02 -9.482511E-07  5.546410E-08
  1.268965E+00  1.200000E+02     1  4.706051E-01 -5.840843E+01  2.465315E-01 -4.008633E-01
  1.268965E+00  1.200000E+02     2  8.223972E-01  1.218230E+02 -4.336469E-01  6.987757E-01
  1.268965E+00  1.200000E+02     3  1.652330E-01  1.032834E+02 -3.796515E-02  1.608123E-01
  1.268965E+00  1.200000E+02     4  8.176660E-02  1.320665E+02 -5.478300E-02  6.070091E-02
  1.268965E+00  1.200000E+02     5  4.447971E-02  1.268082E+02 -2.664950E-02  3.561248E-02
  1.268965E+00  1.200000E+02     6  8.248837E-07  1.766442E+02 -8.234692E-07  4.828595E-08
  1.268965E+00  1.300000E+02     1  6.070109E-01 -5.831766E+01  3.188078E-01 -5.165499E-01
  1.268965E+00  1.300000E+02     2  7.253745E-01  1.218172E+02 -3.824254E-01  6.163756E-01
  1.268965E+00  1.300000E+02     3  1.637754E-01  1.035576E+02 -3.839265E-02  1.592118E-01
  1.268965E+00  1.300000E+02     4  7.075011E-02  1.312960E+02 -4.669145E-02  5.315531E-02
  1.268965E+00  1.300000E+02     5  5.841383E-02  1.288740E+02 -3.666113E-02  4.547677E-02
  1.268965E+00  1.300000E+02     6  3.194576E-07  1.762362E+02 -3.187686E-07  2.097042E-08
  1.268965E+00  1.400000E+02     1  7.257998E-01 -5.825547E+01  3.818671E-01 -6.172219E-01
  1.268965E+00  1.400000E+02     2  6.065647E-01  1.217763E+02 -3.194199E-01  5.156469E-01
  1.268965E+00  1.400000E+02     3  1.633683E-01  1.034517E+02 -3.800354E-02  1.588865E-01
  1.268965E+00  1.400000E+02     4  5.784953E-02  1.299291E+02 -3.713008E-02  4.436131E-02
  1.268965E+00  1.400000E+02     5  7.125842E-02  1.304848E+02 -4.626429E-02  5.419759E-02
  1.268965E+00  1.400000E+02     6  3.319068E-07 -2.408522E+00  3.316136E-07 -1.394814E-08
  1.268965E+00  1.500000E+02     1  8.228070E-01 -5.822194E+01  4.333152E-01 -6.994636E-01
  1.268965E+00  1.500000E+02     2  4.701502E-01  1.216967E+02 -2.470275E-01  4.000234E-01
  1.268965E+00  1.500000E+02     3  1.641116E-01  1.029947E+02 -3.690223E-02  1.599088E-01
  1.268965E+00  1.500000E+02     4  4.388130E-02  1.279752E+02 -2.700106E-02  3.459063E-02
  1.268965E+00  1.500000E+02     5  8.223375E-02  1.315702E+02 -5.456518E-02  6.152260E-02
  1.268965E+00  1.500000E+02     6  8.335446E-07 -2.767472E+00  8.325724E-07 -4.024580E-08
  1.268965E+00  1.600000E+02     1  8.946178E-01 -5.821340E+01  4.712462E-01 -7.604394E-01
  1.268965E+00  1.600000E+02     2  3.207084E-01  1.215711E+02 -1.679090E-01  2.732407E-01
  1.268965E+00  1.600000E+02     3  1.656827E-01  1.024071E+02 -3.559811E-02  1.618132E-01
  1.268965E+00  1.600000E+02     4  2.955390E-02  1.254960E+02 -1.716035E-02  2.406149E-02
  1.268965E+00  1.600000E+02     5  9.064316E-02  1.321611E+02 -6.084125E-02  6.719021E-02
  1.268965E+00  1.600000E+02     6  9.523351E-07 -2.745442E+00  9.512420E-07 -4.561559E-08
  1.268965E+00  1.700000E+02     1  9.387517E-01 -5.822142E+01  4.943824E-01 -7.980231E-01
  1.268965E+00  1.700000E+02     2  1.628192E-01  1.213258E+02 -8.465042E-02  1.390841E-01
  1.268965E+00  1.700000E+02     3  1.674473E-01  1.019914E+02 -3.478960E-02  1.637935E-01
  1.268965E+00  1.700000E+02     4  1.527843E-02  1.219544E+02 -8.086028E-03  1.296328E-02
  1.268965E+00  1.700000E+02     5  9.596356E-02  1.323613E+02 -6.466057E-02  7.090851E-02
  1.268965E+00  1.700000E+02     6  6.239588E-07 -2.521816E+00  6.233545E-07 -2.745405E-08
  1.268965E+00  1.800000E+02     1  9.537041E-01 -5.823584E+01  5.020527E-01 -8.108604E-01
  1.268965E+00  1.800000E+02     2  1.298613E-03  6.967413E+01  4.510851E-04  1.217751E-03
  1.268965E+00  1.800000E+02     3  1.687376E-01  1.019893E+02 -3.505170E-02  1.650568E-01
  1.268965E+00  1.800000E+02     4  1.496958E-03  7.846128E+01  2.994367E-04  1.466704E-03
  1.268965E+00  1.800000E+02     5  9.785710E-02  1.322926E+02 -6.584972E-02  7.238665E-02
  1.268965E+00  1.800000E+02     6  6.447839E-09  1.141025E+02 -2.633104E-09  5.885693E-09
  1.268965E+00  1.900000E+02     1  9.389301E-01 -5.824899E+01  4.940922E-01 -7.984125E-01
  1.268965E+00  1.900000E+02     2  1.612657E-01 -5.803784E+01  8.536747E-02 -1.368175E-01
  1.268965E+00  1.900000E+02     3  1.691703E-01  1.024745E+02 -3.654156E-02  1.651766E-01
  1.268965E+00  1.900000E+02     4  1.332805E-02 -5.033034E+01  8.508097E-03 -1.025910E-02
  1.268965E+00  1.900000E+02     5  9.616219E-02  1.320425E+02 -6.439806E-02  7.141469E-02
  1.268965E+00  1.900000E+02     6  6.287188E-07  1.764453E+02 -6.275091E-07  3.898168E-08
  1.268965E+00  2.000000E+02     1  8.948493E-01 -5.825814E+01  4.707741E-01 -7.610039E-01
  1.268965E+00  2.000000E+02     2  3.193086E-01 -5.822747E+01  1.681314E-01 -2.714587E-01
  1.268965E+00  2.000000E+02     3  1.688056E-01  1.033140E+02 -3.887388E-02  1.642685E-01
  1.268965E+00  2.000000E+02     4  2.787918E-02 -5.212522E+01  1.711608E-02 -2.200655E-02
  1.268965E+00  2.000000E+02     5  9.090593E-02  1.316369E+02 -6.039855E-02  6.794044E-02
  1.268965E+00  2.000000E+02     6  9.543238E-07  1.766024E+02 -9.526464E-07  5.655799E-08
  1.268965E+00  2.100000E+02     1  8.228910E-01 -5.826501E+01  4.328334E-01 -6.998606E-01
  1.268965E+00  2.100000E+02     2  4.690323E-01 -5.827921E+01  2.466079E-01 -3.989684E-01
  1.268965E+00  2.100000E+02     3  1.680449E-01  1.042117E+02 -4.125603E-02  1.629019E-01
  1.268965E+00  2.100000E+02     4  4.262293E-02 -5.178097E+01  2.636950E-02 -3.348677E-02
  1.268965E+00  2.100000E+02     5  8.234087E-02  1.310494E+02 -5.407402E-02  6.209685E-02
  1.268965E+00  2.100000E+02     6  8.325906E-07  1.765140E+02 -8.310501E-07  5.062553E-08
  1.268965E+00  2.200000E+02     1  7.255364E-01 -5.827244E+01  3.815457E-01 -6.171109E-01
  1.268965E+00  2.200000E+02     2  6.058548E-01 -5.829312E+01  3.184214E-01 -5.154297E-01
  1.268965E+00  2.200000E+02     3  1.673720E-01  1.048254E+02 -4.282625E-02  1.618002E-01
  1.268965E+00  2.200000E+02     4  5.709748E-02 -5.091076E+01  3.600167E-02 -4.431706E-02
  1.268965E+00  2.200000E+02     5  7.097817E-02  1.302455E+02 -4.585642E-02  5.417646E-02
  1.268965E+00  2.200000E+02     6  3.294874E-07  1.757911E+02 -3.285988E-07  2.418210E-08
  1.268965E+00  2.300000E+02     1  6.062664E-01 -5.827992E+01  3.187565E-01 -5.157065E-01
  1.268965E+00  2.300000E+02     2  7.251498E-01 -5.829509E+01  3.810985E-01 -6.169328E-01
  1.268965E+00  2.300000E+02     3  1.671203E-01  1.049193E+02 -4.302651E-02  1.614866E-01
  1.268965E+00  2.300000E+02     4  7.054149E-02 -5.000859E+01  4.533510E-02 -5.404471E-02
  1.268965E+00  2.300000E+02     5  5.756841E-02  1.292498E+02 -3.642371E-02  4.458066E-02
  1.268965E+00  2.300000E+02     6  3.210449E-07 -1.829004E+00  3.208814E-07 -1.024670E-08
  1.268965E+00  2.400000E+02     1  4.693390E-01 -5.827920E+01  2.467692E-01 -3.992293E-01
  1.268965E+00  2.400000E+02     2  8.226468E-01 -5.829436E+01  4.323465E-01 -6.998744E-01
  1.268965E+00  2.400000E+02     3  1.673551E-01  1.044779E+02 -4.183977E-02  1.620406E-01
  1.268965E+00  2.400000E+02     4  8.206932E-02 -4.926685E+01  5.355326E-02 -6.218860E-02
  1.268965E+00  2.400000E+02     5  4.298326E-02  1.282293E+02 -2.659849E-02  3.376508E-02
  1.268965E+00  2.400000E+02     6  8.232524E-07 -2.541359E+00  8.224428E-07 -3.650346E-08
  1.268965E+00  2.500000E+02     1  3.194025E-01 -5.824654E+01  1.680905E-01 -2.715945E-01
  1.268965E+00  2.500000E+02     2  8.948132E-01 -5.829158E+01  4.703109E-01 -7.612479E-01
  1.268965E+00  2.500000E+02     3  1.678555E-01  1.037134E+02 -3.979281E-02  1.630706E-01
  1.268965E+00  2.500000E+02     4  9.087313E-02 -4.871752E+01  5.995554E-02 -6.828805E-02
  1.268965E+00  2.500000E+02     5  2.800547E-02  1.276216E+02 -1.709577E-02  2.218199E-02
  1.268965E+00  2.500000E+02     6  9.439905E-07 -2.571383E+00  9.430400E-07 -4.235121E-08
  1.268965E+00  2.600000E+02     1  1.610778E-01 -5.809022E+01  8.514304E-02 -1.367360E-01
  1.268965E+00  2.600000E+02     2  9.390941E-01 -5.828324E+01  4.937010E-01 -7.988473E-01
  1.268965E+00  2.600000E+02     3  1.681981E-01  1.029579E+02 -3.771605E-02  1.639149E-01
  1.268965E+00  2.600000E+02     4  9.635834E-02 -4.831974E+01  6.407571E-02 -7.196689E-02
  1.268965E+00  2.600000E+02     5  1.312931E-02  1.288602E+02 -8.237633E-03  1.022352E-02
  1.268965E+00  2.600000E+02     6  6.185116E-07 -2.331519E+00  6.179995E-07 -2.516194E-08
  1.268965E+00  2.700000E+02     1  1.593418E-03  8.621401E+01  1.052133E-04  1.589941E-03
  1.268965E+00  2.700000E+02     2  9.539930E-01 -5.826635E+01  5.017729E-01 -8.113732E-01
  1.268965E+00  2.700000E+02     3  1.679652E-01  1.025002E+02 -3.635479E-02  1.639837E-01
  1.268965E+00  2.700000E+02     4  9.819669E-02 -4.803269E+01  6.566476E-02 -7.301184E-02
  1.268965E+00  2.700000E+02     5  1.816458E-03 -8.463875E+01  1.697209E-04 -1.808512E-03
  1.268965E+00  2.700000E+02     6  8.317149E-09  1.240002E+02 -4.650914E-09  6.895214E-09
  1.268965E+00  2.800000E+02     1  1.636233E-01  1.213113E+02 -8.503288E-02  1.397926E-01
  1.268965E+00  2.800000E+02     2  9.390599E-01 -5.824239E+01  4.942524E-01 -7.984660E-01
  1.268965E+00  2.800000E+02     3  1.670042E-01  1.024563E+02 -3.602196E-02  1.630731E-01
  1.268965E+00  2.800000E+02     4  9.632629E-02 -4.786680E+01  6.462111E-02 -7.143434E-02
  1.268965E+00  2.800000E+02     5  1.619584E-02 -5.763256E+01  8.670392E-03 -1.367953E-02
  1.268965E+00  2.800000E+02     6  6.272325E-07  1.764618E+02 -6.260370E-07  3.870859E-08
  1.268965E+00  2.900000E+02     1  3.217734E-01  1.215259E+02 -1.682503E-01  2.742808E-01
  1.268965E+00  2.900000E+02     2  8.948590E-01 -5.821878E+01  4.713019E-01 -7.606887E-01
  1.268965E+00  2.900000E+02     3  1.655540E-01  1.027325E+02 -3.648796E-02  1.614830E-01
  1.268965E+00  2.900000E+02     4  9.092954E-02 -4.790269E+01  6.095842E-02 -6.747038E-02
  1.268965E+00  2.900000E+02     5  3.080526E-02 -5.476586E+01  1.777214E-02 -2.516177E-02
  1.268965E+00  2.900000E+02     6  9.494366E-07  1.766602E+02 -9.478241E-07  5.531118E-08
  1.268965E+00  3.000000E+02     1  4.713840E-01  1.216409E+02 -2.472851E-01  4.013140E-01
  1.268965E+00  3.000000E+02     2  8.229542E-01 -5.820704E+01  4.335745E-01 -6.994760E-01
  1.268965E+00  3.000000E+02     3  1.641374E-01  1.030871E+02 -3.716593E-02  1.598742E-01
  1.268965E+00  3.000000E+02     4  8.240761E-02 -4.827292E+01  5.484912E-02 -6.150275E-02
  1.268965E+00  3.000000E+02     5  4.534001E-02 -5.254349E+01  2.757394E-02 -3.599159E-02
  1.268965E+00  3.000000E+02     6  8.248310E-07  1.766027E+02 -8.233814E-07  4.887926E-08
  1.268965E+00  3.100000E+02     1  6.078348E-01  1.217223E+02 -3.196016E-01  5.170280E-01
  1.268965E+00  3.100000E+02     2  7.258924E-01 -5.821883E+01  3.823104E-01 -6.170564E-01
  1.268965E+00  3.100000E+02     3  1.633030E-01  1.032617E+02 -3.746151E-02  1.589481E-01
  1.268965E+00  3.100000E+02     4  7.135474E-02 -4.911244E+01  4.670714E-02 -5.394387E-02
  1.268965E+00  3.100000E+02     5  5.934199E-02 -5.063818E+01  3.763561E-02 -4.588063E-02
  1.268965E+00  3.100000E+02     6  3.198268E-07  1.759876E+02 -3.190429E-07  2.237885E-08
  1.268965E+00  3.200000E+02     1  7.265363E-01  1.217749E+02 -3.825823E-01  6.176454E-01
  1.268965E+00  3.200000E+02     2  6.071245E-01 -5.826214E+01  3.193680E-01 -5.163374E-01
  1.268965E+00  3.200000E+02     3  1.633846E-01  1.031169E+02 -3.707828E-02  1.591217E-01
  1.268965E+00  3.200000E+02     4  5.851001E-02 -5.049675E+01  3.721951E-02 -4.514565E-02
  1.268965E+00  3.200000E+02     5  7.210042E-02 -4.917009E+01  4.714039E-02 -5.455506E-02
  1.268965E+00  3.200000E+02     6  3.311750E-07 -2.044768E+00  3.309642E-07 -1.181644E-08
  1.268965E+00  3.300000E+02     1  8.233353E-01  1.217986E+02 -4.338443E-01  6.997572E-01
  1.268965E+00  3.300000E+02     2  4.708006E-01 -5.834136E+01  2.471031E-01 -4.007409E-01
  1.268965E+00  3.300000E+02     3  1.643697E-01  1.027036E+02 -3.614613E-02  1.603461E-01
  1.268965E+00  3.300000E+02     4  4.464788E-02 -5.240344E+01  2.723957E-02 -3.537569E-02
  1.268965E+00  3.300000E+02     5  8.284515E-02 -4.820970E+01  5.520853E-02 -6.176841E-02
  1.268965E+00  3.300000E+02     6  8.324023E-07 -2.594056E+00  8.315494E-07 -3.767399E-08
  1.268965E+00  3.400000E+02     1  8.948529E-01  1.217977E+02 -4.715178E-01  7.605476E-01
  1.268965E+00  3.400000E+02     2  3.214376E-01 -5.846867E+01  1.681005E-01 -2.739787E-01
  1.268965E+00  3.400000E+02     3  1.659030E-01  1.022349E+02 -3.515804E-02  1.621348E-01
  1.268965E+00  3.400000E+02     4  3.040682E-02 -5.478670E+01  1.753324E-02 -2.484271E-02
  1.268965E+00  3.400000E+02     5  9.092031E-02 -4.772485E+01  6.116133E-02 -6.727403E-02
  1.268965E+00  3.400000E+02     6  9.508395E-07 -2.589214E+00  9.498687E-07 -4.295410E-08
  1.268965E+00  3.500000E+02     1  9.386543E-01  1.217813E+02 -4.943690E-01  7.979167E-01
  1.268965E+00  3.500000E+02     2  1.635570E-01 -5.874069E+01  8.487174E-02 -1.398131E-01
  1.268965E+00  3.500000E+02     3  1.674318E-01  1.019813E+02 -3.475749E-02  1.637844E-01
  1.268965E+00  3.500000E+02     4  1.614057E-02 -5.825956E+01  8.491100E-03 -1.372658E-02
  1.268965E+00  3.500000E+02     5  9.585750E-02 -4.761296E+01  6.462092E-02 -7.080110E-02
  1.268965E+00  3.500000E+02     6  6.221812E-07 -2.295670E+00  6.216819E-07 -2.492226E-08
  1.244322E+00  0.000000E+00     1  9.178010E-01  1.263337E+02 -5.437856E-01  7.393618E-01
  1.244322E+00  0.000000E+00     2  1.735152E-03 -9.703703E+01 -2.125748E-04 -1.722081E-03
  1.244322E+00  0.000000E+00     3  1.482339E-01  1.068371E+02 -4.293625E-02  1.418794E-01
  1.244322E+00  0.000000E+00     4  2.008207E-03 -8.863339E+01  4.789478E-05 -2.007636E-03
  1.244322E+00  0.000000E+00     5  9.905037E-02 -4.399303E+01  7.125924E-02 -6.879750E-02
  1.244322E+00  0.000000E+00     6  9.170271E-09  1.241270E+02 -5.144788E-09  7.591115E-09
  1.244322E+00  1.000000E+01     1  9.032908E-01  1.263184E+02 -5.349936E-01  7.278160E-01
  1.244322E+00  1.000000E+01     2  1.546399E-01  1.268050E+02 -9.264384E-02  1.238168E-01
  1.244322E+00  1.000000E+01     3  1.487065E-01  1.075928E+02 -4.494642E-02  1.417513E-01
  1.244322E+00  1.000000E+01     4  1.295459E-02  1.367823E+02 -9.440748E-03  8.870946E-03
  1.244322E+00  1.000000E+01     5  9.697544E-02 -4.425615E+01  6.945643E-02 -6.767599E-02
  1.244322E+00  1.000000E+01     6  7.123045E-07  1.755267E+02 -7.101347E-07  5.555538E-08
  1.244322E+00  2.000000E+01     1  8.606435E-01  1.263167E+02 -5.097140E-01  6.934688E-01
  1.244322E+00  2.000000E+01     2  3.067895E-01  1.265644E+02 -1.827623E-01  2.464097E-01
  1.244322E+00  2.000000E+01     3  1.488818E-01  1.088071E+02 -4.799707E-02  1.409329E-01
  1.244322E+00  2.000000E+01     4  2.774127E-02  1.342677E+02 -1.936373E-02  1.986514E-02
  1.244322E+00  2.000000E+01     5  9.137559E-02 -4.456882E+01  6.509671E-02 -6.412423E-02
  1.244322E+00  2.000000E+01     6  1.078534E-06  1.756715E+02 -1.075458E-06  8.140227E-08
  1.244322E+00  3.000000E+01     1  7.912178E-01  1.263260E+02 -4.687009E-01  6.374520E-01
  1.244322E+00  3.000000E+01     2  4.510335E-01  1.264740E+02 -2.681205E-01  3.626880E-01
  1.244322E+00  3.000000E+01     3  1.490089E-01  1.100164E+02 -5.100419E-02  1.400080E-01
  1.244322E+00  3.000000E+01     4  4.282702E-02  1.341284E+02 -2.981911E-02  3.074044E-02
  1.244322E+00  3.000000E+01     5  8.250416E-02 -4.496756E+01  5.837227E-02 -5.830621E-02
  1.244322E+00  3.000000E+01     6  9.396734E-07  1.755238E+02 -9.368072E-07  7.333760E-08
  1.244322E+00  4.000000E+01     1  6.973872E-01  1.263421E+02 -4.132752E-01  5.617406E-01
  1.244322E+00  4.000000E+01     2  5.828637E-01  1.264182E+02 -3.460317E-01  4.690333E-01
  1.244322E+00  4.000000E+01     3  1.492449E-01  1.107301E+02 -5.282753E-02  1.395825E-01
  1.244322E+00  4.000000E+01     4  5.762915E-02  1.344808E+02 -4.037905E-02  4.111753E-02
  1.244322E+00  4.000000E+01     5  7.086977E-02 -4.550353E+01  4.967017E-02 -5.055095E-02
  1.244322E+00  4.000000E+01     6  3.724957E-07  1.745565E+02 -3.708159E-07  3.533619E-08
  1.244322E+00  5.000000E+01     1  5.825233E-01  1.263630E+02 -3.453777E-01  4.690923E-01
  1.244322E+00  5.000000E+01     2  6.977265E-01  1.263732E+02 -4.137810E-01  5.617895E-01
  1.244322E+00  5.000000E+01     3  1.496110E-01  1.106563E+02 -5.277704E-02  1.399930E-01
  1.244322E+00  5.000000E+01     4  7.126831E-02  1.348615E+02 -5.027232E-02  5.051600E-02
  1.244322E+00  5.000000E+01     5  5.724641E-02 -4.617540E+01  3.964045E-02 -4.130117E-02
  1.244322E+00  5.000000E+01     6  3.598037E-07 -2.348091E+00  3.595016E-07 -1.474132E-08
  1.244322E+00  6.000000E+01     1  4.507850E-01  1.263940E+02 -2.674662E-01  3.628621E-01
  1.244322E+00  6.000000E+01     2  7.914795E-01  1.263346E+02 -4.689514E-01  6.375926E-01
  1.244322E+00  6.000000E+01     3  1.500536E-01  1.098370E+02 -5.091997E-02  1.411497E-01
  1.244322E+00  6.000000E+01     4  8.282577E-02  1.351397E+02 -5.870928E-02  5.842369E-02
  1.244322E+00  6.000000E+01     5  4.256595E-02 -4.684269E+01  2.911527E-02 -3.105094E-02
  1.244322E+00  6.000000E+01     6  9.259321E-07 -3.311296E+00  9.243862E-07 -5.348262E-08
  1.244322E+00  7.000000E+01     1  3.067111E-01  1.264560E+02 -1.822493E-01  2.466920E-01
  1.244322E+00  7.000000E+01     2  8.607818E-01  1.263070E+02 -5.096794E-01  6.936658E-01
  1.244322E+00  7.000000E+01     3  1.504495E-01  1.086299E+02 -4.806157E-02  1.425662E-01
  1.244322E+00  7.000000E+01     4  9.156052E-02  1.353374E+02 -6.512323E-02  6.436066E-02
  1.244322E+00  7.000000E+01     5  2.768051E-02 -4.707133E+01  1.885284E-02 -2.026773E-02
  1.244322E+00  7.000000E+01     6  1.063589E-06 -3.387565E+00  1.061731E-06 -6.284720E-08
  1.244322E+00  8.000000E+01     1  1.547604E-01  1.266456E+02 -9.237087E-02  1.241709E-01
  1.244322E+00  8.000000E+01     2  9.032820E-01  1.262979E+02 -5.347283E-01  7.279999E-01
  1.244322E+00  8.000000E+01     3  1.505655E-01  1.075476E+02 -4.539514E-02  1.435593E-01
  1.244322E+00  8.000000E+01     4  9.698936E-02  1.355322E+02 -6.921593E-02  6.794183E-02
  1.244322E+00  8.000000E+01     5  1.310369E-02 -4.526332E+01  9.223028E-03 -9.308194E-03
  1.244322E+00  8.000000E+01     6  6.973750E-07 -3.174864E+00  6.963047E-07 -3.862305E-08
  1.244322E+00  9.000000E+01     1  1.389211E-03 -9.908314E+01 -2.193112E-04 -1.371791E-03
  1.244322E+00  9.000000E+01     2  9.176233E-01  1.263120E+02 -5.434004E-01  7.394244E-01
  1.244322E+00  9.000000E+01     3  1.501299E-01  1.070238E+02 -4.395346E-02  1.435517E-01
  1.244322E+00  9.000000E+01     4  9.886239E-02  1.357804E+02 -7.085197E-02  6.894760E-02
  1.244322E+00  9.000000E+01     5  1.625182E-03  8.823241E+01  5.012944E-05  1.624409E-03
  1.244322E+00  9.000000E+01     6  9.881556E-09  1.301291E+02 -6.368781E-09  7.555381E-09
  1.244322E+00  1.000000E+02     1  1.567002E-01 -5.403412E+01  9.203056E-02 -1.268280E-01
  1.244322E+00  1.000000E+02     2  9.033741E-01  1.263473E+02 -5.354101E-01  7.276130E-01
  1.244322E+00  1.000000E+02     3  1.490372E-01  1.072204E+02 -4.412221E-02  1.423563E-01
  1.244322E+00  1.000000E+02     4  9.711137E-02  1.360640E+02 -6.993137E-02  6.738117E-02
  1.244322E+00  1.000000E+02     5  1.548727E-02  1.265875E+02 -9.231180E-03  1.243547E-02
  1.244322E+00  1.000000E+02     6  7.096432E-07  1.756644E+02 -7.076124E-07  5.364814E-08
  1.244322E+00  1.100000E+02     1  3.086016E-01 -5.381692E+01  1.821883E-01 -2.490830E-01
  1.244322E+00  1.100000E+02     2  8.609895E-01  1.263934E+02 -5.108474E-01  6.930641E-01
  1.244322E+00  1.100000E+02     3  1.474868E-01  1.079632E+02 -4.548585E-02  1.402975E-01
  1.244322E+00  1.100000E+02     4  9.182450E-02  1.362736E+02 -6.635686E-02  6.347051E-02
  1.244322E+00  1.100000E+02     5  2.995879E-02  1.297668E+02 -1.916359E-02  2.302794E-02
  1.244322E+00  1.100000E+02     6  1.072157E-06  1.758495E+02 -1.069345E-06  7.759928E-08
  1.244322E+00  1.200000E+02     1  4.525583E-01 -5.371668E+01  2.678143E-01 -3.648075E-01
  1.244322E+00  1.200000E+02     2  7.918458E-01  1.264343E+02 -4.702782E-01  6.370699E-01
  1.244322E+00  1.200000E+02     3  1.459050E-01  1.088301E+02 -4.709261E-02  1.380961E-01
  1.244322E+00  1.200000E+02     4  8.326720E-02  1.362338E+02 -6.013291E-02  5.759739E-02
  1.244322E+00  1.200000E+02     5  4.465846E-02  1.319521E+02 -2.985459E-02  3.321266E-02
  1.244322E+00  1.200000E+02     6  9.300597E-07  1.758220E+02 -9.275881E-07  6.775977E-08
  1.244322E+00  1.300000E+02     1  5.840938E-01 -5.365355E+01  3.461727E-01 -4.704573E-01
  1.244322E+00  1.300000E+02     2  6.983044E-01  1.264537E+02 -4.149140E-01  5.616720E-01
  1.244322E+00  1.300000E+02     3  1.447451E-01  1.093521E+02 -4.796447E-02  1.365670E-01
  1.244322E+00  1.300000E+02     4  7.193611E-02  1.357587E+02 -5.153562E-02  5.018848E-02
  1.244322E+00  1.300000E+02     5  5.908105E-02  1.337099E+02 -4.082541E-02  4.270663E-02
  1.244322E+00  1.300000E+02     6  3.605401E-07  1.754827E+02 -3.594202E-07  2.839592E-08
  1.244322E+00  1.400000E+02     1  6.986863E-01 -5.361837E+01  4.144333E-01 -5.625012E-01
  1.244322E+00  1.400000E+02     2  5.837024E-01  1.264396E+02 -3.467043E-01  4.695792E-01
  1.244322E+00  1.400000E+02     3  1.443342E-01  1.092397E+02 -4.756122E-02  1.362728E-01
  1.244322E+00  1.400000E+02     4  5.858604E-02  1.347165E+02 -4.122113E-02  4.163103E-02
  1.244322E+00  1.400000E+02     5  7.239556E-02  1.349965E+02 -5.118824E-02  5.119453E-02
  1.244322E+00  1.400000E+02     6  3.723972E-07 -3.432949E+00  3.717290E-07 -2.229930E-08
  1.244322E+00  1.500000E+02     1  7.922269E-01 -5.360919E+01  4.700201E-01 -6.377339E-01
  1.244322E+00  1.500000E+02     2  4.521636E-01  1.263853E+02 -2.682288E-01  3.640127E-01
  1.244322E+00  1.500000E+02     3  1.447865E-01  1.085246E+02 -4.600039E-02  1.372847E-01
  1.244322E+00  1.500000E+02     4  4.413990E-02  1.330703E+02 -3.014293E-02  3.224491E-02
  1.244322E+00  1.500000E+02     5  8.370930E-02  1.357854E+02 -5.999721E-02  5.837450E-02
  1.244322E+00  1.500000E+02     6  9.379017E-07 -3.712088E+00  9.359340E-07 -6.072242E-08
  1.244322E+00  1.600000E+02     1  8.613990E-01 -5.362050E+01  5.109223E-01 -6.935175E-01
  1.244322E+00  1.600000E+02     2  3.082142E-01  1.262805E+02 -1.823825E-01  2.484604E-01
  1.244322E+00  1.600000E+02     3  1.459353E-01  1.075449E+02 -4.399273E-02  1.391465E-01
  1.244322E+00  1.600000E+02     4  2.944957E-02  1.308196E+02 -1.925059E-02  2.228659E-02
  1.244322E+00  1.600000E+02     5  9.229159E-02  1.361381E+02 -6.654340E-02  6.395087E-02
  1.244322E+00  1.600000E+02     6  1.073484E-06 -3.680339E+00  1.071271E-06 -6.890683E-08
  1.244322E+00  1.700000E+02     1  9.038511E-01 -5.364209E+01  5.358278E-01 -7.278980E-01
  1.244322E+00  1.700000E+02     2  1.563284E-01  1.260474E+02 -9.199222E-02  1.263962E-01
  1.244322E+00  1.700000E+02     3  1.473401E-01  1.067816E+02 -4.254076E-02  1.410652E-01
  1.244322E+00  1.700000E+02     4  1.502077E-02  1.273227E+02 -9.107152E-03  1.194501E-02
  1.244322E+00  1.700000E+02     5  9.765224E-02  1.361799E+02 -7.045775E-02  6.761410E-02
  1.244322E+00  1.700000E+02     6  7.042345E-07 -3.496847E+00  7.029233E-07 -4.295380E-08
  1.244322E+00  1.800000E+02     1  9.181945E-01 -5.366231E+01  5.440698E-01 -7.396412E-01
  1.244322E+00  1.800000E+02     2  1.172796E-03  6.851948E+01  4.294601E-04  1.091336E-03
  1.244322E+00  1.800000E+02     3  1.484714E-01  1.066307E+02 -4.249271E-02  1.422608E-01
  1.244322E+00  1.800000E+02     4  1.371929E-03  7.613411E+01  3.287828E-04  1.331950E-03
  1.244322E+00  1.800000E+02     5  9.950837E-02  1.360465E+02 -7.163645E-02  6.906616E-02
  1.244322E+00  1.800000E+02     6  5.999142E-09  1.217513E+02 -3.156947E-09  5.101313E-09
  1.244322E+00  1.900000E+02     1  9.039390E-01 -5.367266E+01  5.354913E-01 -7.282546E-01
  1.244322E+00  1.900000E+02     2  1.550940E-01 -5.331016E+01  9.266600E-02 -1.243670E-01
  1.244322E+00  1.900000E+02     3  1.490000E-01  1.072243E+02 -4.412083E-02  1.423177E-01
  1.244322E+00  1.900000E+02     4  1.348419E-02 -4.473350E+01  9.579009E-03 -9.490312E-03
  1.244322E+00  1.900000E+02     5  9.773297E-02  1.358318E+02 -7.010363E-02  6.809710E-02
  1.244322E+00  1.900000E+02     6  7.099574E-07  1.757268E+02 -7.079838E-07  5.290068E-08
  1.244322E+00  2.000000E+02     1  8.614763E-01 -5.367061E+01  5.103613E-01 -6.940265E-01
  1.244322E+00  2.000000E+02     2  3.070437E-01 -5.351719E+01  1.825625E-01 -2.468740E-01
  1.244322E+00  2.000000E+02     3  1.489517E-01  1.083696E+02 -4.694148E-02  1.413616E-01
  1.244322E+00  2.000000E+02     4  2.805664E-02 -4.672611E+01  1.923245E-02 -2.042762E-02
  1.244322E+00  2.000000E+02     5  9.235024E-02  1.355580E+02 -6.593436E-02  6.466241E-02
  1.244322E+00  2.000000E+02     6  1.076073E-06  1.758303E+02 -1.073225E-06  7.824263E-08
  1.244322E+00  2.100000E+02     1  7.921415E-01 -5.365910E+01  4.694138E-01 -6.380743E-01
  1.244322E+00  2.100000E+02     2  4.511542E-01 -5.359249E+01  2.677711E-01 -3.630961E-01
  1.244322E+00  2.100000E+02     3  1.485975E-01  1.096220E+02 -4.990110E-02  1.399682E-01
  1.244322E+00  2.100000E+02     4  4.299136E-02 -4.665772E+01  2.950735E-02 -3.126618E-02
  1.244322E+00  2.100000E+02     5  8.358595E-02  1.351856E+02 -5.929530E-02  5.891246E-02
  1.244322E+00  2.100000E+02     6  9.371467E-07  1.757481E+02 -9.345675E-07  6.948085E-08
  1.244322E+00  2.200000E+02     1  6.982978E-01 -5.364299E+01  4.139612E-01 -5.623663E-01
  1.244322E+00  2.200000E+02     2  5.829811E-01 -5.363352E+01  3.456774E-01 -4.694401E-01
  1.244322E+00  2.200000E+02     3  1.482241E-01  1.104731E+02 -5.184386E-02  1.388618E-01
  1.244322E+00  2.200000E+02     4  5.778422E-02 -4.610674E+01  4.006279E-02 -4.164120E-02
  1.244322E+00  2.200000E+02     5  7.193672E-02  1.346584E+02 -5.056278E-02  5.116930E-02
  1.244322E+00  2.200000E+02     6  3.699264E-07  1.752033E+02 -3.686308E-07  3.093368E-08
  1.244322E+00  2.300000E+02     1  5.833256E-01 -5.362448E+01  3.459558E-01 -4.696631E-01
  1.244322E+00  2.300000E+02     2  6.979780E-01 -5.366296E+01  4.135757E-01 -5.622530E-01
  1.244322E+00  2.300000E+02     3  1.480072E-01  1.105790E+02 -5.202425E-02  1.385627E-01
  1.244322E+00  2.300000E+02     4  7.157031E-02 -4.553025E+01  5.013734E-02 -5.107404E-02
  1.244322E+00  2.300000E+02     5  5.818770E-02  1.339725E+02 -4.040049E-02  4.187612E-02
  1.244322E+00  2.300000E+02     6  3.620940E-07 -3.040707E+00  3.615842E-07 -1.920744E-08
  1.244322E+00  2.400000E+02     1  4.514095E-01 -5.359864E+01  2.678836E-01 -3.633303E-01
  1.244322E+00  2.400000E+02     2  7.919503E-01 -5.368709E+01  4.689888E-01 -6.381494E-01
  1.244322E+00  2.400000E+02     3  1.480037E-01  1.099218E+02 -5.043032E-02  1.391469E-01
  1.244322E+00  2.400000E+02     4  8.337438E-02 -4.508375E+01  5.886835E-02 -5.904070E-02
  1.244322E+00  2.400000E+02     5  4.330092E-02  1.332600E+02 -2.967456E-02  3.153395E-02
  1.244322E+00  2.400000E+02     6  9.281013E-07 -3.547767E+00  9.263227E-07 -5.743151E-08
  1.244322E+00  2.500000E+02     1  3.071172E-01 -5.354585E+01  1.824827E-01 -2.470244E-01
  1.244322E+00  2.500000E+02     2  8.614699E-01 -5.370392E+01  5.099541E-01 -6.943178E-01
  1.244322E+00  2.500000E+02     3  1.481381E-01  1.088187E+02 -4.778556E-02  1.402192E-01
  1.244322E+00  2.500000E+02     4  9.235598E-02 -4.476837E+01  6.556902E-02 -6.504099E-02
  1.244322E+00  2.500000E+02     5  2.816179E-02  1.329249E+02 -1.917927E-02  2.062140E-02
  1.244322E+00  2.500000E+02     6  1.065511E-06 -3.545696E+00  1.063472E-06 -6.589610E-08
  1.244322E+00  2.600000E+02     1  1.549275E-01 -5.338096E+01  9.241296E-02 -1.243478E-01
  1.244322E+00  2.600000E+02     2  9.041043E-01 -5.370775E+01  5.351431E-01 -7.287157E-01
  1.244322E+00  2.600000E+02     3  1.481817E-01  1.077681E+02 -4.521994E-02  1.411133E-01
  1.244322E+00  2.600000E+02     4  9.793796E-02 -4.451979E+01  6.983058E-02 -6.866975E-02
  1.244322E+00  2.600000E+02     5  1.330389E-02  1.343792E+02 -9.304791E-03  9.508642E-03
  1.244322E+00  2.600000E+02     6  6.989794E-07 -3.341169E+00  6.977912E-07 -4.073746E-08
  1.244322E+00  2.700000E+02     1  1.359541E-03  8.730585E+01  6.390454E-05  1.358038E-03
  1.244322E+00  2.700000E+02     2  9.184564E-01 -5.369417E+01  5.438136E-01 -7.401547E-01
  1.244322E+00  2.700000E+02     3  1.478514E-01  1.072067E+02 -4.373736E-02  1.412341E-01
  1.244322E+00  2.700000E+02     4  9.982306E-02 -4.428208E+01  7.146444E-02 -6.969560E-02
  1.244322E+00  2.700000E+02     5  1.590504E-03 -8.563386E+01  1.210848E-04 -1.585888E-03
  1.244322E+00  2.700000E+02     6  8.056134E-09  1.301745E+02 -5.197153E-09  6.155558E-09
  1.244322E+00  2.800000E+02     1  1.570265E-01  1.260408E+02 -9.238822E-02  1.269714E-01
  1.244322E+00  2.800000E+02     2  9.041088E-01 -5.366427E+01  5.356986E-01 -7.283130E-01
  1.244322E+00  2.800000E+02     3  1.470309E-01  1.073055E+02 -4.373674E-02  1.403752E-01
  1.244322E+00  2.800000E+02     4  9.795876E-02 -4.406068E+01  7.039352E-02 -6.812246E-02
  1.244322E+00  2.800000E+02     5  1.583732E-02 -5.241578E+01  9.659610E-03 -1.255041E-02
  1.244322E+00  2.800000E+02     6  7.087703E-07  1.757332E+02 -7.068058E-07  5.273364E-08
  1.244322E+00  2.900000E+02     1  3.091474E-01  1.262345E+02 -1.827344E-01  2.493597E-01
  1.244322E+00  2.900000E+02     2  8.615758E-01 -5.362629E+01  5.109571E-01 -6.937115E-01
  1.244322E+00  2.900000E+02     3  1.459020E-01  1.079048E+02 -4.485549E-02  1.388358E-01
  1.244322E+00  2.900000E+02     4  9.250161E-02 -4.394228E+01  6.660480E-02 -6.418995E-02
  1.244322E+00  2.900000E+02     5  3.057198E-02 -4.956362E+01  1.982909E-02 -2.326914E-02
  1.244322E+00  2.900000E+02     6  1.071712E-06  1.758730E+02 -1.068933E-06  7.712878E-08
  1.244322E+00  3.000000E+02     1  4.532565E-01  1.263255E+02 -2.684967E-01  3.651725E-01
  1.244322E+00  3.000000E+02     2  7.923095E-01 -5.359356E+01  4.702432E-01 -6.376721E-01
  1.244322E+00  3.000000E+02     3  1.448461E-01  1.086090E+02 -4.622157E-02  1.372733E-01
  1.244322E+00  3.000000E+02     4  8.380645E-02 -4.407526E+01  6.020879E-02 -5.829599E-02
  1.244322E+00  3.000000E+02     5  4.545832E-02 -4.753662E+01  3.068977E-02 -3.353501E-02
  1.244322E+00  3.000000E+02     6  9.300598E-07  1.758141E+02 -9.275788E-07  6.788828E-08
  1.244322E+00  3.100000E+02     1  5.848383E-01  1.263810E+02 -3.468977E-01  4.708479E-01
  1.244322E+00  3.100000E+02     2  6.987296E-01 -5.358010E+01  4.148346E-01 -5.622591E-01
  1.244322E+00  3.100000E+02     3  1.442320E-01  1.089937E+02 -4.694235E-02  1.363792E-01
  1.244322E+00  3.100000E+02     4  7.243828E-02 -4.461887E+01  5.156119E-02 -5.087974E-02
  1.244322E+00  3.100000E+02     5  5.994514E-02 -4.590514E+01  4.171272E-02 -4.305193E-02
  1.244322E+00  3.100000E+02     6  3.609973E-07  1.753428E+02 -3.598054E-07  2.931074E-08
  1.244322E+00  3.200000E+02     1  6.993521E-01  1.264079E+02 -4.150862E-01  5.628471E-01
  1.244322E+00  3.200000E+02     2  5.841856E-01 -5.359647E+01  3.466957E-01 -4.701860E-01
  1.244322E+00  3.200000E+02     3  1.442723E-01  1.088211E+02 -4.654432E-02  1.365581E-01
  1.244322E+00  3.200000E+02     4  5.916476E-02 -4.568235E+01  4.133461E-02 -4.233106E-02
  1.244322E+00  3.200000E+02     5  7.317577E-02 -4.473143E+01  5.198506E-02 -5.149997E-02
  1.244322E+00  3.200000E+02     6  3.715350E-07 -3.174228E+00  3.709650E-07 -2.057278E-08
  1.244322E+00  3.300000E+02     1  7.927009E-01  1.264084E+02 -4.704975E-01  6.379708E-01
  1.244322E+00  3.300000E+02     2  4.527632E-01 -5.364967E+01  2.683622E-01 -3.646591E-01
  1.244322E+00  3.300000E+02     3  1.449717E-01  1.081556E+02 -4.517289E-02  1.377541E-01
  1.244322E+00  3.300000E+02     4  4.485906E-02 -4.728834E+01  3.042831E-02 -3.296139E-02
  1.244322E+00  3.300000E+02     5  8.426899E-02 -4.404198E+01  6.057513E-02 -5.858256E-02
  1.244322E+00  3.300000E+02     6  9.366328E-07 -3.574452E+00  9.348107E-07 -5.839483E-08
  1.244322E+00  3.400000E+02     1  8.616036E-01  1.263889E+02 -5.111574E-01  6.935985E-01
  1.244322E+00  3.400000E+02     2  3.089178E-01 -5.375433E+01  1.826472E-01 -2.491389E-01
  1.244322E+00  3.400000E+02     3  1.461153E-01  1.073278E+02 -4.351860E-02  1.394841E-01
  1.244322E+00  3.400000E+02     4  3.028807E-02 -4.944456E+01  1.969280E-02 -2.301218E-02
  1.244322E+00  3.400000E+02     5  9.253653E-02 -4.377361E+01  6.681869E-02 -6.401776E-02
  1.244322E+00  3.400000E+02     6  1.071868E-06 -3.547653E+00  1.069814E-06 -6.632576E-08
  1.244322E+00  3.500000E+02     1  9.037531E-01  1.263601E+02 -5.357970E-01  7.277990E-01
  1.244322E+00  3.500000E+02     2  1.570557E-01 -5.400777E+01  9.229778E-02 -1.270732E-01
  1.244322E+00  3.500000E+02     3  1.473242E-01  1.067752E+02 -4.252031E-02  1.410548E-01
  1.244322E+00  3.500000E+02     4  1.588415E-02 -5.283840E+01  9.595062E-03 -1.265864E-02
  1.244322E+00  3.500000E+02     5  9.754175E-02 -4.380176E+01  7.039968E-02 -6.751502E-02
  1.244322E+00  3.500000E+02     6  7.023353E-07 -3.297556E+00  7.011724E-07 -4.039934E-08
  1.221062E+00  0.000000E+00     1  8.842180E-01  1.310115E+02 -5.802328E-01  6.672116E-01
  1.221062E+00  0.000000E+00     2  1.509993E-03 -9.565882E+01 -1.488920E-04 -1.502634E-03
  1.221062E+00  0.000000E+00     3  1.296006E-01  1.114520E+02 -4.739778E-02  1.206224E-01
  1.221062E+00  0.000000E+00     4  1.792574E-03 -8.910560E+01  2.798136E-05 -1.792355E-03
  1.221062E+00  0.000000E+00     5  1.003184E-01 -4.006766E+01  7.677213E-02 -6.457410E-02
  1.221062E+00  0.000000E+00     6  9.007129E-09  1.327245E+02 -6.111102E-09  6.616858E-09
  1.221062E+00  1.000000E+01     1  8.702590E-01  1.310000E+02 -5.709411E-01  6.567930E-01
  1.221062E+00  1.000000E+01     2  1.489084E-01  1.316270E+02 -9.891661E-02  1.113069E-01
  1.221062E+00  1.000000E+01     3  1.302855E-01  1.123722E+02 -4.958940E-02  1.204790E-01
  1.221062E+00  1.000000E+01     4  1.319749E-02  1.425292E+02 -1.047436E-02  8.028789E-03
  1.221062E+00  1.000000E+01     5  9.823890E-02 -4.027451E+01  7.495195E-02 -6.350658E-02
  1.221062E+00  1.000000E+01     6  7.990992E-07  1.746717E+02 -7.956462E-07  7.420649E-08
  1.221062E+00  2.000000E+01     1  8.292247E-01  1.310099E+02 -5.441287E-01  6.257296E-01
  1.221062E+00  2.000000E+01     2  2.953374E-01  1.313777E+02 -1.952241E-01  2.216117E-01
  1.221062E+00  2.000000E+01     3  1.310005E-01  1.139745E+02 -5.322952E-02  1.196986E-01
  1.221062E+00  2.000000E+01     4  2.801729E-02  1.398481E+02 -2.141466E-02  1.806601E-02
  1.221062E+00  2.000000E+01     5  9.262911E-02 -4.044165E+01  7.049696E-02 -6.008603E-02
  1.221062E+00  2.000000E+01     6  1.207899E-06  1.747522E+02 -1.202836E-06  1.104783E-07
  1.221062E+00  3.000000E+01     1  7.623565E-01  1.310381E+02 -5.005337E-01  5.750248E-01
  1.221062E+00  3.000000E+01     2  4.343027E-01  1.312647E+02 -2.864396E-01  3.264524E-01
  1.221062E+00  3.000000E+01     3  1.317553E-01  1.155990E+02 -5.692754E-02  1.188221E-01
  1.221062E+00  3.000000E+01     4  4.327714E-02  1.394006E+02 -3.285936E-02  2.816333E-02
  1.221062E+00  3.000000E+01     5  8.368374E-02 -4.061258E+01  6.352670E-02 -5.447318E-02
  1.221062E+00  3.000000E+01     6  1.050171E-06  1.746062E+02 -1.045521E-06  9.871661E-08
  1.221062E+00  4.000000E+01     1  6.718879E-01  1.310790E+02 -4.414965E-01  5.064723E-01
  1.221062E+00  4.000000E+01     2  5.614118E-01  1.311813E+02 -3.696582E-01  4.225352E-01
  1.221062E+00  4.000000E+01     3  1.323796E-01  1.165622E+02 -5.919606E-02  1.184068E-01
  1.221062E+00  4.000000E+01     4  5.833518E-02  1.394111E+02 -4.429958E-02  3.795444E-02
  1.221062E+00  4.000000E+01     5  7.186175E-02 -4.085188E+01  5.435645E-02 -4.700518E-02
  1.221062E+00  4.000000E+01     6  4.148751E-07  1.738272E+02 -4.124696E-07  4.461072E-08
  1.221062E+00  5.000000E+01     1  5.610788E-01  1.311283E+02 -3.690483E-01  4.226261E-01
  1.221062E+00  5.000000E+01     2  6.721772E-01  1.311085E+02 -4.419481E-01  5.064624E-01
  1.221062E+00  5.000000E+01     3  1.326634E-01  1.164650E+02 -5.912154E-02  1.187612E-01
  1.221062E+00  5.000000E+01     4  7.220668E-02  1.394645E+02 -5.487730E-02  4.692852E-02
  1.221062E+00  5.000000E+01     5  5.794675E-02 -4.118143E+01  4.361237E-02 -3.815478E-02
  1.221062E+00  5.000000E+01     6  4.035201E-07 -3.756957E+00  4.026530E-07 -2.644037E-08
  1.221062E+00  6.000000E+01     1  4.340216E-01  1.311878E+02 -2.858157E-01  3.266254E-01
  1.221062E+00  6.000000E+01     2  7.625353E-01  1.310455E+02 -5.007249E-01  5.750953E-01
  1.221062E+00  6.000000E+01     3  1.325793E-01  1.153549E+02 -5.677364E-02  1.198083E-01
  1.221062E+00  6.000000E+01     4  8.390444E-02  1.394602E+02 -6.376353E-02  5.453593E-02
  1.221062E+00  6.000000E+01     5  4.295680E-02 -4.150116E+01  3.217216E-02 -2.846469E-02
  1.221062E+00  6.000000E+01     6  1.037370E-06 -4.488302E+00  1.034189E-06 -8.117998E-08
  1.221062E+00  7.000000E+01     1  2.951984E-01  1.312726E+02 -1.947254E-01  2.218651E-01
  1.221062E+00  7.000000E+01     2  8.292676E-01  1.309989E+02 -5.440362E-01  6.258669E-01
  1.221062E+00  7.000000E+01     3  1.322761E-01  1.137093E+02 -5.318776E-02  1.211116E-01
  1.221062E+00  7.000000E+01     4  9.269339E-02  1.394393E+02 -7.042075E-02  6.027423E-02
  1.221062E+00  7.000000E+01     5  2.786414E-02 -4.144347E+01  2.088722E-02 -1.844274E-02
  1.221062E+00  7.000000E+01     6  1.193190E-06 -4.518882E+00  1.189480E-06 -9.400858E-08
  1.221062E+00  8.000000E+01     1  1.489586E-01  1.314687E+02 -9.864192E-02  1.116173E-01
  1.221062E+00  8.000000E+01     2  8.701702E-01  1.309776E+02 -5.706265E-01  6.569487E-01
  1.221062E+00  8.000000E+01     3  1.318617E-01  1.122428E+02 -4.991383E-02  1.220497E-01
  1.221062E+00  8.000000E+01     4  9.814860E-02  1.394935E+02 -7.462553E-02  6.375091E-02
  1.221062E+00  8.000000E+01     5  1.324846E-02 -3.955495E+01  1.021475E-02 -8.436854E-03
  1.221062E+00  8.000000E+01     6  7.835529E-07 -4.317842E+00  7.813290E-07 -5.899311E-08
  1.221062E+00  9.000000E+01     1  1.204956E-03 -9.668687E+01 -1.403088E-04 -1.196759E-03
  1.221062E+00  9.000000E+01     2  8.840040E-01  1.309875E+02 -5.798138E-01  6.672923E-01
  1.221062E+00  9.000000E+01     3  1.312936E-01  1.115843E+02 -4.829900E-02  1.220870E-01
  1.221062E+00  9.000000E+01     4  1.000775E-01  1.396895E+02 -7.631408E-02  6.474305E-02
  1.221062E+00  9.000000E+01     5  1.431642E-03  8.936528E+01  1.585941E-05  1.431554E-03
  1.221062E+00  9.000000E+01     6  9.888870E-09  1.327123E+02 -6.707796E-09  7.266033E-09
  1.221062E+00  1.000000E+02     1  1.505824E-01 -4.917109E+01  9.845114E-02 -1.139405E-01
  1.221062E+00  1.000000E+02     2  8.703706E-01  1.310269E+02 -5.713230E-01  6.566087E-01
  1.221062E+00  1.000000E+02     3  1.305207E-01  1.119755E+02 -4.884216E-02  1.210376E-01
  1.221062E+00  1.000000E+02     4  9.842111E-02  1.400138E+02 -7.541017E-02  6.324573E-02
  1.221062E+00  1.000000E+02     5  1.520814E-02  1.325632E+02 -1.028683E-02  1.120127E-02
  1.221062E+00  1.000000E+02     6  7.966701E-07  1.747155E+02 -7.932840E-07  7.337423E-08
  1.221062E+00  1.100000E+02     1  2.968231E-01 -4.898526E+01  1.947911E-01 -2.239651E-01
  1.221062E+00  1.100000E+02     2  8.296556E-01  1.310851E+02 -5.452327E-01  6.253397E-01
  1.221062E+00  1.100000E+02     3  1.296301E-01  1.131578E+02 -5.097901E-02  1.191852E-01
  1.221062E+00  1.100000E+02     4  9.321366E-02  1.403549E+02 -7.177561E-02  5.947309E-02
  1.221062E+00  1.100000E+02     5  2.980614E-02  1.354761E+02 -2.125051E-02  2.090029E-02
  1.221062E+00  1.100000E+02     6  1.202536E-06  1.748508E+02 -1.197683E-06  1.079280E-07
  1.221062E+00  1.200000E+02     1  4.356016E-01 -4.891643E+01  2.862596E-01 -3.283355E-01
  1.221062E+00  1.200000E+02     2  7.630914E-01  1.311453E+02 -5.020918E-01  5.746409E-01
  1.221062E+00  1.200000E+02     3  1.287853E-01  1.145071E+02 -5.342100E-02  1.171829E-01
  1.221062E+00  1.200000E+02     4  8.462745E-02  1.405309E+02 -6.532962E-02  5.379448E-02
  1.221062E+00  1.200000E+02     5  4.483291E-02  1.373057E+02 -3.295140E-02  3.040058E-02
  1.221062E+00  1.200000E+02     6  1.042252E-06  1.748065E+02 -1.037973E-06  9.434423E-08
  1.221062E+00  1.300000E+02     1  5.625354E-01 -4.888505E+01  3.699074E-01 -4.238096E-01
  1.221062E+00  1.300000E+02     2  6.728821E-01  1.311897E+02 -4.431291E-01  5.063664E-01
  1.221062E+00  1.300000E+02     3  1.281049E-01  1.153403E+02 -5.482818E-02  1.157789E-01
  1.221062E+00  1.300000E+02     4  7.308302E-02  1.403458E+02 -5.626738E-02  4.663807E-02
  1.221062E+00  1.300000E+02     5  5.968531E-02  1.386831E+02 -4.482779E-02  3.940565E-02
  1.221062E+00  1.300000E+02     6  4.051212E-07  1.745207E+02 -4.032701E-07  3.868355E-08
  1.221062E+00  1.400000E+02     1  6.731421E-01 -4.887919E+01  4.426911E-01 -5.070945E-01
  1.221062E+00  1.400000E+02     2  5.622529E-01  1.312044E+02 -3.703829E-01  4.230187E-01
  1.221062E+00  1.400000E+02     3  1.276833E-01  1.152350E+02 -5.443550E-02  1.154981E-01
  1.221062E+00  1.400000E+02     4  5.933669E-02  1.396493E+02 -4.522027E-02  3.841836E-02
  1.221062E+00  1.400000E+02     5  7.338480E-02  1.396165E+02 -5.589901E-02  4.754607E-02
  1.221062E+00  1.400000E+02     6  4.137632E-07 -4.601637E+00  4.124294E-07 -3.319514E-08
  1.221062E+00  1.500000E+02     1  7.633650E-01 -4.889490E+01  5.018685E-01 -5.751993E-01
  1.221062E+00  1.500000E+02     2  4.352779E-01  1.311805E+02 -2.866017E-01  3.276069E-01
  1.221062E+00  1.500000E+02     3  1.276535E-01  1.142176E+02 -5.236386E-02  1.164193E-01
  1.221062E+00  1.500000E+02     4  4.441483E-02  1.383661E+02 -3.319586E-02  2.950783E-02
  1.221062E+00  1.500000E+02     5  8.493590E-02  1.401108E+02 -6.517014E-02  5.446980E-02
  1.221062E+00  1.500000E+02     6  1.047045E-06 -4.807273E+00  1.043362E-06 -8.774691E-08
  1.221062E+00  1.600000E+02     1  8.299921E-01 -4.892547E+01  5.453382E-01 -6.256941E-01
  1.221062E+00  1.600000E+02     2  2.964566E-01  1.311042E+02 -1.948997E-01  2.233844E-01
  1.221062E+00  1.600000E+02     3  1.281041E-01  1.127556E+02 -4.955080E-02  1.181329E-01
  1.221062E+00  1.600000E+02     4  2.933176E-02  1.364272E+02 -2.125085E-02  2.021766E-02
  1.221062E+00  1.600000E+02     5  9.359539E-02  1.402425E+02 -7.195222E-02  5.985795E-02
  1.221062E+00  1.600000E+02     6  1.201187E-06 -4.748428E+00  1.197065E-06 -9.943533E-08
  1.221062E+00  1.700000E+02     1  8.708155E-01 -4.895974E+01  5.717680E-01 -6.568113E-01
  1.221062E+00  1.700000E+02     2  1.501872E-01  1.308950E+02 -9.832388E-02  1.135280E-01
  1.221062E+00  1.700000E+02     3  1.289191E-01  1.115498E+02 -4.735316E-02  1.199076E-01
  1.221062E+00  1.700000E+02     4  1.471657E-02  1.330620E+02 -1.004832E-02  1.075215E-02
  1.221062E+00  1.700000E+02     5  9.893246E-02  1.401447E+02 -7.594698E-02  6.340100E-02
  1.221062E+00  1.700000E+02     6  7.891981E-07 -4.557495E+00  7.867028E-07 -6.270924E-08
  1.221062E+00  1.800000E+02     1  8.845762E-01 -4.898524E+01  5.805062E-01 -6.674486E-01
  1.221062E+00  1.800000E+02     2  1.017344E-03  6.502896E+01  4.294819E-04  9.222439E-04
  1.221062E+00  1.800000E+02     3  1.297994E-01  1.112028E+02 -4.694451E-02  1.210128E-01
  1.221062E+00  1.800000E+02     4  1.237315E-03  7.064371E+01  4.100973E-04  1.167376E-03
  1.221062E+00  1.800000E+02     5  1.007406E-01  1.399596E+02 -7.712617E-02  6.480915E-02
  1.221062E+00  1.800000E+02     6  6.585061E-09  1.258067E+02 -3.852609E-09  5.340452E-09
  1.221062E+00  1.900000E+02     1  8.708432E-01 -4.899286E+01  5.714064E-01 -6.571625E-01
  1.221062E+00  1.900000E+02     2  1.493329E-01 -4.847748E+01  9.899492E-02 -1.118048E-01
  1.221062E+00  1.900000E+02     3  1.304976E-01  1.119312E+02 -4.873986E-02  1.210539E-01
  1.221062E+00  1.900000E+02     4  1.369143E-02 -3.887095E+01  1.065962E-02 -8.592309E-03
  1.221062E+00  1.900000E+02     5  9.893389E-02  1.397851E+02 -7.554867E-02  6.387732E-02
  1.221062E+00  1.900000E+02     6  7.964366E-07  1.747445E+02 -7.930884E-07  7.295175E-08
  1.221062E+00  2.000000E+02     1  8.299706E-01 -4.898006E+01  5.447277E-01 -6.261972E-01
  1.221062E+00  2.000000E+02     2  2.955409E-01 -4.869666E+01  1.950704E-01 -2.220179E-01
  1.221062E+00  2.000000E+02     3  1.309730E-01  1.134621E+02 -5.214588E-02  1.201447E-01
  1.221062E+00  2.000000E+02     4  2.826135E-02 -4.105742E+01  2.131052E-02 -1.856248E-02
  1.221062E+00  2.000000E+02     5  9.351993E-02  1.396420E+02 -7.126339E-02  6.055994E-02
  1.221062E+00  2.000000E+02     6  1.205072E-06  1.748300E+02 -1.200169E-06  1.085895E-07
  1.221062E+00  2.100000E+02     1  7.631786E-01 -4.895037E+01  5.011890E-01 -5.755443E-01
  1.221062E+00  2.100000E+02     2  4.343567E-01 -4.879605E+01  2.861287E-01 -3.267967E-01
  1.221062E+00  2.100000E+02     3  1.312752E-01  1.151563E+02 -5.580367E-02  1.188240E-01
  1.221062E+00  2.100000E+02     4  4.334590E-02 -4.131078E+01  3.255884E-02 -2.861449E-02
  1.221062E+00  2.100000E+02     5  8.466781E-02  1.394833E+02 -6.436590E-02  5.500607E-02
  1.221062E+00  2.100000E+02     6  1.047308E-06  1.747554E+02 -1.042924E-06  9.573250E-08
  1.221062E+00  2.200000E+02     1  6.726913E-01 -4.890999E+01  4.421222E-01 -5.069927E-01
  1.221062E+00  2.200000E+02     2  5.614590E-01 -4.886597E+01  3.693405E-01 -4.228756E-01
  1.221062E+00  2.200000E+02     3  1.313721E-01  1.163004E+02 -5.820796E-02  1.177729E-01
  1.221062E+00  2.200000E+02     4  5.839337E-02 -4.112027E+01  4.398952E-02 -3.840192E-02
  1.221062E+00  2.200000E+02     5  7.282533E-02  1.392395E+02 -5.516120E-02  4.754757E-02
  1.221062E+00  2.200000E+02     6  4.120708E-07  1.743513E+02 -4.100698E-07  4.055989E-08
  1.221062E+00  2.300000E+02     1  5.617793E-01 -4.886333E+01  3.695707E-01 -4.230999E-01
  1.221062E+00  2.300000E+02     2  6.723687E-01 -4.892439E+01  4.417828E-01 -5.068605E-01
  1.221062E+00  2.300000E+02     3  1.311915E-01  1.164257E+02 -5.838507E-02  1.174836E-01
  1.221062E+00  2.300000E+02     4  7.243270E-02 -4.089200E+01  5.475513E-02 -4.741700E-02
  1.221062E+00  2.300000E+02     5  5.878877E-02  1.388838E+02 -4.429014E-02  3.865880E-02
  1.221062E+00  2.300000E+02     6  4.059808E-07 -4.382982E+00  4.047935E-07 -3.102622E-08
  1.221062E+00  2.400000E+02     1  4.345617E-01 -4.880897E+01  2.861900E-01 -3.270155E-01
  1.221062E+00  2.400000E+02     2  7.629632E-01 -4.897420E+01  5.008081E-01 -5.755902E-01
  1.221062E+00  2.400000E+02     3  1.307820E-01  1.155082E+02 -5.632001E-02  1.180339E-01
  1.221062E+00  2.400000E+02     4  8.440852E-02 -4.074675E+01  6.394806E-02 -5.509486E-02
  1.221062E+00  2.400000E+02     5  4.360828E-02  1.385109E+02 -3.266617E-02  2.888951E-02
  1.221062E+00  2.400000E+02     6  1.039590E-06 -4.720730E+00  1.036064E-06 -8.555732E-08
  1.221062E+00  2.500000E+02     1  2.955495E-01 -4.873257E+01  1.949369E-01 -2.221466E-01
  1.221062E+00  2.500000E+02     2  8.299271E-01 -4.901106E+01  5.443603E-01 -6.264590E-01
  1.221062E+00  2.500000E+02     3  1.303062E-01  1.139815E+02 -5.296183E-02  1.190578E-01
  1.221062E+00  2.500000E+02     4  9.347050E-02 -4.066324E+01  7.090229E-02 -6.090648E-02
  1.221062E+00  2.500000E+02     5  2.828962E-02  1.384675E+02 -2.117705E-02  1.875727E-02
  1.221062E+00  2.500000E+02     6  1.195106E-06 -4.685277E+00  1.191113E-06 -9.761916E-08
  1.221062E+00  2.600000E+02     1  1.491079E-01 -4.855786E+01  9.868910E-02 -1.117750E-01
  1.221062E+00  2.600000E+02     2  8.709670E-01 -4.902758E+01  5.710892E-01 -6.576021E-01
  1.221062E+00  2.600000E+02     3  1.298547E-01  1.125482E+02 -4.979414E-02  1.199283E-01
  1.221062E+00  2.600000E+02     4  9.908734E-02 -4.056176E+01  7.527719E-02 -6.443326E-02
  1.221062E+00  2.600000E+02     5  1.342886E-02  1.400638E+02 -1.029671E-02  8.620445E-03
  1.221062E+00  2.600000E+02     6  7.851748E-07 -4.505897E+00  7.827480E-07 -6.168466E-08
  1.221062E+00  2.700000E+02     1  1.170815E-03  8.912927E+01  1.779228E-05  1.170680E-03
  1.221062E+00  2.700000E+02     2  8.848004E-01 -4.901828E+01  5.802682E-01 -6.679525E-01
  1.221062E+00  2.700000E+02     3  1.293672E-01  1.118434E+02 -4.813388E-02  1.200792E-01
  1.221062E+00  2.700000E+02     4  1.010149E-01 -4.037614E+01  7.695400E-02 -6.543775E-02
  1.221062E+00  2.700000E+02     5  1.393330E-03 -8.515478E+01  1.176866E-04 -1.388351E-03
  1.221062E+00  2.700000E+02     6  7.649979E-09  1.357948E+02 -5.483868E-09  5.333796E-09
  1.221062E+00  2.800000E+02     1  1.508586E-01  1.308898E+02 -9.875298E-02  1.140446E-01
  1.221062E+00  2.800000E+02     2  8.710472E-01 -4.898390E+01  5.716431E-01 -6.572271E-01
  1.221062E+00  2.800000E+02     3  1.287878E-01  1.121194E+02 -4.849360E-02  1.193091E-01
  1.221062E+00  2.800000E+02     4  9.921516E-02 -4.010805E+01  7.588282E-02 -6.391750E-02
  1.221062E+00  2.800000E+02     5  1.552210E-02 -4.668826E+01  1.064765E-02 -1.129438E-02
  1.221062E+00  2.800000E+02     6  7.955207E-07  1.748057E+02 -7.922537E-07  7.202188E-08
  1.221062E+00  2.900000E+02     1  2.973003E-01  1.310563E+02 -1.952669E-01  2.241837E-01
  1.221062E+00  2.900000E+02     2  8.301606E-01 -4.893311E+01  5.453655E-01 -6.258939E-01
  1.221062E+00  2.900000E+02     3  1.282028E-01  1.131319E+02 -5.036433E-02  1.178957E-01
  1.221062E+00  2.900000E+02     4  9.380245E-02 -3.984779E+01  7.201677E-02 -6.010395E-02
  1.221062E+00  2.900000E+02     5  3.036753E-02 -4.403675E+01  2.183103E-02 -2.110907E-02
  1.221062E+00  2.900000E+02     6  1.201656E-06  1.748825E+02 -1.196866E-06  1.071852E-07
  1.221062E+00  3.000000E+02     1  4.362247E-01  1.311179E+02 -2.868662E-01  3.286332E-01
  1.221062E+00  3.000000E+02     2  7.634587E-01 -4.888036E+01  5.020761E-01 -5.751424E-01
  1.221062E+00  3.000000E+02     3  1.277572E-01  1.142842E+02 -5.254174E-02  1.164529E-01
  1.221062E+00  3.000000E+02     4  8.505272E-02 -3.975323E+01  6.538903E-02 -5.438971E-02
  1.221062E+00  3.000000E+02     5  4.557587E-02 -4.232335E+01  3.369683E-02 -3.068687E-02
  1.221062E+00  3.000000E+02     6  1.041701E-06  1.747990E+02 -1.037412E-06  9.443005E-08
  1.221062E+00  3.100000E+02     1  5.632076E-01  1.311432E+02 -3.705583E-01  4.241337E-01
  1.221062E+00  3.100000E+02     2  6.732107E-01 -4.884120E+01  4.430724E-01 -5.068525E-01
  1.221062E+00  3.100000E+02     3  1.275176E-01  1.149435E+02 -5.377720E-02  1.156233E-01
  1.221062E+00  3.100000E+02     4  7.346592E-02 -3.999802E+01  5.627979E-02 -4.722104E-02
  1.221062E+00  3.100000E+02     5  6.049427E-02 -4.103704E+01  4.562994E-02 -3.971732E-02
  1.221062E+00  3.100000E+02     6  4.049949E-07  1.743642E+02 -4.030372E-07  3.977250E-08
  1.221062E+00  3.200000E+02     1  6.737455E-01  1.311422E+02 -4.432772E-01  5.073838E-01
  1.221062E+00  3.200000E+02     2  5.626553E-01 -4.882814E+01  3.704071E-01 -4.235322E-01
  1.221062E+00  3.200000E+02     3  1.274920E-01  1.147511E+02 -5.337793E-02  1.157800E-01
  1.221062E+00  3.200000E+02     4  5.981445E-02 -4.071498E+01  4.533718E-02 -3.901676E-02
  1.221062E+00  3.200000E+02     5  7.411648E-02 -4.018597E+01  5.662159E-02 -4.782519E-02
  1.221062E+00  3.200000E+02     6  4.134237E-07 -4.330230E+00  4.122435E-07 -3.121549E-08
  1.221062E+00  3.300000E+02     1  7.637926E-01  1.311192E+02 -5.022917E-01  5.753974E-01
  1.221062E+00  3.300000E+02     2  4.358224E-01 -4.885069E+01  2.867814E-01 -3.281731E-01
  1.221062E+00  3.300000E+02     3  1.277133E-01  1.137793E+02 -5.149587E-02  1.168711E-01
  1.221062E+00  3.300000E+02     4  4.506832E-02 -4.196838E+01  3.350892E-02 -3.013810E-02
  1.221062E+00  3.300000E+02     5  8.545899E-02 -3.976478E+01  6.569035E-02 -5.466275E-02
  1.221062E+00  3.300000E+02     6  1.046154E-06 -4.678106E+00  1.042669E-06 -8.532189E-08
  1.221062E+00  3.400000E+02     1  8.301729E-01  1.310819E+02 -5.455374E-01  6.257604E-01
  1.221062E+00  3.400000E+02     2  2.971307E-01 -4.892645E+01  1.952230E-01 -2.239970E-01
  1.221062E+00  3.400000E+02     3  1.282050E-01  1.124931E+02 -4.904776E-02  1.184519E-01
  1.221062E+00  3.400000E+02     4  3.014207E-02 -4.383245E+01  2.174352E-02 -2.087494E-02
  1.221062E+00  3.400000E+02     5  9.382245E-02 -3.969472E+01  7.219247E-02 -5.992411E-02
  1.221062E+00  3.400000E+02     6  1.199751E-06 -4.644306E+00  1.195812E-06 -9.714347E-08
  1.221062E+00  3.500000E+02     1  8.707220E-01  1.310418E+02 -5.717240E-01  6.567256E-01
  1.221062E+00  3.500000E+02     2  1.509000E-01 -4.915324E+01  9.869437E-02 -1.141501E-01
  1.221062E+00  3.500000E+02     3  1.288853E-01  1.115411E+02 -4.732266E-02  1.198832E-01
  1.221062E+00  3.500000E+02     4  1.557415E-02 -4.711142E+01  1.059938E-02 -1.141085E-02
  1.221062E+00  3.500000E+02     5  9.882930E-02 -3.984250E+01  7.588197E-02 -6.331790E-02
  1.221062E+00  3.500000E+02     6  7.872640E-07 -4.439725E+00  7.849017E-07 -6.094235E-08
  1.199059E+00  0.000000E+00     1  8.523224E-01  1.357818E+02 -6.108500E-01  5.944036E-01
  1.199059E+00  0.000000E+00     2  1.310998E-03 -9.296621E+01 -6.784024E-05 -1.309241E-03
  1.199059E+00  0.000000E+00     3  1.125083E-01  1.161165E+02 -4.952595E-02  1.010212E-01
  1.199059E+00  0.000000E+00     4  1.582913E-03 -8.813356E+01  5.155510E-05 -1.582073E-03
  1.199059E+00  0.000000E+00     5  1.011076E-01 -3.601801E+01  8.177910E-02 -5.945528E-02
  1.199059E+00  0.000000E+00     6  8.920533E-09  1.380262E+02 -6.631971E-09  5.965975E-09
  1.199059E+00  1.000000E+01     1  8.389067E-01  1.357734E+02 -6.011500E-01  5.851351E-01
  1.199059E+00  1.000000E+01     2  1.434916E-01  1.365297E+02 -1.041362E-01  9.871921E-02
  1.199059E+00  1.000000E+01     3  1.134818E-01  1.172281E+02 -5.192174E-02  1.009072E-01
  1.199059E+00  1.000000E+01     4  1.343070E-02  1.481902E+02 -1.141345E-02  7.079326E-03
  1.199059E+00  1.000000E+01     5  9.905992E-02 -3.617750E+01  7.996040E-02 -5.847395E-02
  1.199059E+00  1.000000E+01     6  8.887635E-07  1.735759E+02 -8.831829E-07  9.944099E-08
  1.199059E+00  2.000000E+01     1  7.994547E-01  1.357928E+02 -5.730678E-01  5.574236E-01
  1.199059E+00  2.000000E+01     2  2.845587E-01  1.362756E+02 -2.056427E-01  1.966844E-01
  1.199059E+00  2.000000E+01     3  1.149617E-01  1.192598E+02 -5.618988E-02  1.002940E-01
  1.199059E+00  2.000000E+01     4  2.832350E-02  1.454524E+02 -2.332880E-02  1.606200E-02
  1.199059E+00  2.000000E+01     5  9.353428E-02 -3.622354E+01  7.545576E-02 -5.527288E-02
  1.199059E+00  2.000000E+01     6  1.341373E-06  1.736056E+02 -1.333028E-06  1.493910E-07
  1.199059E+00  3.000000E+01     1  7.350749E-01  1.358371E+02 -5.273143E-01  5.121276E-01
  1.199059E+00  3.000000E+01     2  4.185718E-01  1.361397E+02 -3.018033E-01  2.900296E-01
  1.199059E+00  3.000000E+01     3  1.166145E-01  1.213208E+02 -6.061964E-02  9.962023E-02
  1.199059E+00  3.000000E+01     4  4.376711E-02  1.447072E+02 -3.572317E-02  2.528666E-02
  1.199059E+00  3.000000E+01     5  8.464051E-02 -3.619841E+01  6.830292E-02 -4.998726E-02
  1.199059E+00  3.000000E+01     6  1.163951E-06  1.734542E+02 -1.156363E-06  1.326875E-07
  1.199059E+00  4.000000E+01     1  6.478427E-01  1.359004E+02 -4.652358E-01  4.508390E-01
  1.199059E+00  4.000000E+01     2  5.412319E-01  1.360285E+02 -3.895169E-01  3.757774E-01
  1.199059E+00  4.000000E+01     3  1.178136E-01  1.225351E+02 -6.336200E-02  9.932422E-02
  1.199059E+00  4.000000E+01     4  5.904687E-02  1.443792E+02 -4.799858E-02  3.438996E-02
  1.199059E+00  4.000000E+01     5  7.275478E-02 -3.616734E+01  5.873470E-02 -4.293591E-02
  1.199059E+00  4.000000E+01     6  4.589709E-07  1.728244E+02 -4.553763E-07  5.733029E-08
  1.199059E+00  5.000000E+01     1  5.408959E-01  1.359775E+02 -3.889402E-01  3.758909E-01
  1.199059E+00  5.000000E+01     2  6.481029E-01  1.359294E+02 -4.656508E-01  4.507845E-01
  1.199059E+00  5.000000E+01     3  1.180296E-01  1.224155E+02 -6.327032E-02  9.963861E-02
  1.199059E+00  5.000000E+01     4  7.306878E-02  1.441224E+02 -5.920551E-02  4.282236E-02
  1.199059E+00  5.000000E+01     5  5.864184E-02 -3.616183E+01  4.734470E-02 -3.460267E-02
  1.199059E+00  5.000000E+01     6  4.472266E-07 -5.306144E+00  4.453101E-07 -4.135833E-08
  1.199059E+00  6.000000E+01     1  4.182609E-01  1.360664E+02 -3.012084E-01  2.901994E-01
  1.199059E+00  6.000000E+01     2  7.351966E-01  1.358444E+02 -5.274672E-01  5.121449E-01
  1.199059E+00  6.000000E+01     3  1.172568E-01  1.210131E+02 -6.041462E-02  1.004949E-01
  1.199059E+00  6.000000E+01     4  8.478953E-02  1.438640E+02 -6.847766E-02  5.000074E-02
  1.199059E+00  6.000000E+01     5  4.339088E-02 -3.611518E+01  3.505262E-02 -2.557504E-02
  1.199059E+00  6.000000E+01     6  1.150678E-06 -5.847086E+00  1.144692E-06 -1.172240E-07
  1.199059E+00  7.000000E+01     1  2.843755E-01  1.361760E+02 -2.051684E-01  1.969147E-01
  1.199059E+00  7.000000E+01     2  7.994273E-01  1.357816E+02 -5.729384E-01  5.575173E-01
  1.199059E+00  7.000000E+01     3  1.159973E-01  1.189043E+02 -5.606707E-02  1.015473E-01
  1.199059E+00  7.000000E+01     4  9.350693E-02  1.436534E+02 -7.531483E-02  5.541862E-02
  1.199059E+00  7.000000E+01     5  2.809536E-02 -3.573832E+01  2.280481E-02 -1.641006E-02
  1.199059E+00  7.000000E+01     6  1.326036E-06 -5.834516E+00  1.319166E-06 -1.347990E-07
  1.199059E+00  8.000000E+01     1  1.434982E-01  1.363783E+02 -1.038799E-01  9.899850E-02
  1.199059E+00  8.000000E+01     2  8.387562E-01  1.357502E+02 -6.008045E-01  5.852742E-01
  1.199059E+00  8.000000E+01     3  1.148256E-01  1.170104E+02 -5.214833E-02  1.023009E-01
  1.199059E+00  8.000000E+01     4  9.888752E-02  1.435853E+02 -7.957890E-02  5.870214E-02
  1.199059E+00  8.000000E+01     5  1.341353E-02 -3.377633E+01  1.114952E-02 -7.457285E-03
  1.199059E+00  8.000000E+01     6  8.724014E-07 -5.652084E+00  8.681600E-07 -8.592068E-08
  1.199059E+00  9.000000E+01     1  1.033744E-03 -9.390357E+01 -7.037465E-05 -1.031346E-03
  1.199059E+00  9.000000E+01     2  8.520786E-01  1.357562E+02 -6.104099E-01  5.945063E-01
  1.199059E+00  9.000000E+01     3  1.140316E-01  1.161941E+02 -5.033514E-02  1.023209E-01
  1.199059E+00  9.000000E+01     4  1.008237E-01  1.437293E+02 -8.128720E-02  5.964742E-02
  1.199059E+00  9.000000E+01     5  1.242303E-03  9.065119E+01 -1.411891E-05  1.242223E-03
  1.199059E+00  9.000000E+01     6  9.473724E-09  1.380301E+02 -7.043680E-09  6.335458E-09
  1.199059E+00  1.000000E+02     1  1.448493E-01 -4.421366E+01  1.038199E-01 -1.010086E-01
  1.199059E+00  1.000000E+02     2  8.390389E-01  1.357980E+02 -6.014956E-01  5.849694E-01
  1.199059E+00  1.000000E+02     3  1.136574E-01  1.168007E+02 -5.124678E-02  1.014483E-01
  1.199059E+00  1.000000E+02     4  9.927872E-02  1.440742E+02 -8.039371E-02  5.825045E-02
  1.199059E+00  1.000000E+02     5  1.498541E-02  1.388129E+02 -1.127747E-02  9.868189E-03
  1.199059E+00  1.000000E+02     6  8.862174E-07  1.736239E+02 -8.807354E-07  9.841895E-08
  1.199059E+00  1.100000E+02     1  2.857723E-01 -4.406538E+01  2.053407E-01 -1.987486E-01
  1.199059E+00  1.100000E+02     2  7.999508E-01  1.358652E+02 -5.741274E-01  5.570450E-01
  1.199059E+00  1.100000E+02     3  1.136460E-01  1.184644E+02 -5.416507E-02  9.990773E-02
  1.199059E+00  1.100000E+02     4  9.422691E-02  1.445107E+02 -7.672179E-02  5.470355E-02
  1.199059E+00  1.100000E+02     5  2.973379E-02  1.413269E+02 -2.321389E-02  1.857993E-02
  1.199059E+00  1.100000E+02     6  1.335940E-06  1.736911E+02 -1.327849E-06  1.468056E-07
  1.199059E+00  1.200000E+02     1  4.196782E-01 -4.403231E+01  3.017268E-01 -2.917032E-01
  1.199059E+00  1.200000E+02     2  7.358913E-01  1.359410E+02 -5.288295E-01  5.117376E-01
  1.199059E+00  1.200000E+02     3  1.137996E-01  1.203216E+02 -5.745212E-02  9.823244E-02
  1.199059E+00  1.200000E+02     4  8.572688E-02  1.448605E+02 -7.010338E-02  4.934180E-02
  1.199059E+00  1.200000E+02     5  4.507800E-02  1.427168E+02 -3.586637E-02  2.730622E-02
  1.199059E+00  1.200000E+02     6  1.155939E-06  1.736168E+02 -1.148773E-06  1.285148E-07
  1.199059E+00  1.300000E+02     1  5.422619E-01 -4.403482E+01  3.898415E-01 -3.769238E-01
  1.199059E+00  1.300000E+02     2  6.488931E-01  1.360078E+02 -4.668364E-01  4.506951E-01
  1.199059E+00  1.300000E+02     3  1.137753E-01  1.214692E+02 -5.939535E-02  9.704133E-02
  1.199059E+00  1.300000E+02     4  7.409511E-02  1.449346E+02 -6.064664E-02  4.256841E-02
  1.199059E+00  1.300000E+02     5  6.030588E-02  1.436742E+02 -4.858612E-02  3.572378E-02
  1.199059E+00  1.300000E+02     6  4.490813E-07  1.733642E+02 -4.460729E-07  5.189456E-08
  1.199059E+00  1.400000E+02     1  6.490694E-01 -4.405777E+01  4.664466E-01 -4.513520E-01
  1.199059E+00  1.400000E+02     2  5.420590E-01  1.360513E+02 -3.902618E-01  3.761964E-01
  1.199059E+00  1.400000E+02     3  1.133460E-01  1.213684E+02 -5.900096E-02  9.677911E-02
  1.199059E+00  1.400000E+02     4  6.006260E-02  1.445855E+02 -4.894986E-02  3.480557E-02
  1.199059E+00  1.400000E+02     5  7.429215E-02  1.442560E+02 -6.029815E-02  4.339882E-02
  1.199059E+00  1.400000E+02     6  4.576871E-07 -5.936826E+00  4.552323E-07 -4.733942E-08
  1.199059E+00  1.500000E+02     1  7.360965E-01 -4.409574E+01  5.286483E-01 -5.122197E-01
  1.199059E+00  1.500000E+02     2  4.194117E-01  1.360605E+02 -3.020070E-01  2.910291E-01
  1.199059E+00  1.500000E+02     3  1.126607E-01  1.200387E+02 -5.639616E-02  9.752896E-02
  1.199059E+00  1.500000E+02     4  4.473991E-02  1.437209E+02 -3.606681E-02  2.647348E-02
  1.199059E+00  1.500000E+02     5  8.595493E-02  1.444844E+02 -6.996364E-02  4.993335E-02
  1.199059E+00  1.500000E+02     6  1.160512E-06 -6.075614E+00  1.153994E-06 -1.228296E-07
  1.199059E+00  1.600000E+02     1  8.002469E-01 -4.414203E+01  5.742697E-01 -5.573234E-01
  1.199059E+00  1.600000E+02     2  2.854306E-01  1.360183E+02 -2.053849E-01  1.982112E-01
  1.199059E+00  1.600000E+02     3  1.121477E-01  1.180596E+02 -5.275319E-02  9.896569E-02
  1.199059E+00  1.600000E+02     4  2.929568E-02  1.422233E+02 -2.315542E-02  1.794611E-02
  1.199059E+00  1.600000E+02     5  9.456718E-02  1.444330E+02 -7.692435E-02  5.500543E-02
  1.199059E+00  1.600000E+02     6  1.334110E-06 -5.990587E+00  1.326824E-06 -1.392344E-07
  1.199059E+00  1.700000E+02     1  8.394741E-01 -4.418589E+01  6.019720E-01 -5.851039E-01
  1.199059E+00  1.700000E+02     2  1.444492E-01  1.358432E+02 -1.036331E-01  1.006267E-01
  1.199059E+00  1.700000E+02     3  1.121419E-01  1.163615E+02 -4.979476E-02  1.004803E-01
  1.199059E+00  1.700000E+02     4  1.448471E-02  1.392560E+02 -1.097410E-02  9.453881E-03
  1.199059E+00  1.700000E+02     5  9.978991E-02  1.442280E+02 -8.096448E-02  5.833335E-02
  1.199059E+00  1.700000E+02     6  8.780635E-07 -5.803338E+00  8.735632E-07 -8.878474E-08
  1.199059E+00  1.800000E+02     1  8.526637E-01 -4.421500E+01  6.111280E-01 -5.946074E-01
  1.199059E+00  1.800000E+02     2  8.765702E-04  6.243089E+01  4.056927E-04  7.770385E-04
  1.199059E+00  1.800000E+02     3  1.126737E-01  1.157951E+02 -4.903035E-02  1.014465E-01
  1.199059E+00  1.800000E+02     4  1.091470E-03  6.637209E+01  4.374561E-04  9.999696E-04
  1.199059E+00  1.800000E+02     5  1.015184E-01  1.440086E+02 -8.213902E-02  5.965868E-02
  1.199059E+00  1.800000E+02     6  6.505043E-09  1.298364E+02 -4.167118E-09  4.995068E-09
  1.199059E+00  1.900000E+02     1  8.394492E-01 -4.422008E+01  6.016049E-01 -5.854456E-01
  1.199059E+00  1.900000E+02     2  1.438901E-01 -4.356599E+01  1.042601E-01 -9.916758E-02
  1.199059E+00  1.900000E+02     3  1.136133E-01  1.166841E+02 -5.102037E-02  1.015130E-01
  1.199059E+00  1.900000E+02     4  1.389231E-02 -3.314324E+01  1.163212E-02 -7.595396E-03
  1.199059E+00  1.900000E+02     5  9.971676E-02  1.438733E+02 -8.054275E-02  5.879029E-02
  1.199059E+00  1.900000E+02     6  8.859817E-07  1.736327E+02 -8.805165E-07  9.825625E-08
  1.199059E+00  2.000000E+02     1  8.001395E-01 -4.419821E+01  5.736459E-01 -5.578115E-01
  1.199059E+00  2.000000E+02     2  2.847164E-01 -4.379271E+01  2.055221E-01 -1.970384E-01
  1.199059E+00  2.000000E+02     3  1.148202E-01  1.186509E+02 -5.505306E-02  1.007612E-01
  1.199059E+00  2.000000E+02     4  2.850478E-02 -3.537815E+01  2.324133E-02 -1.650342E-02
  1.199059E+00  2.000000E+02     5  9.436569E-02  1.438447E+02 -7.619287E-02  5.567343E-02
  1.199059E+00  2.000000E+02     6  1.338489E-06  1.736771E+02 -1.330347E-06  1.474095E-07
  1.199059E+00  2.100000E+02     1  7.358231E-01 -4.415269E+01  5.279427E-01 -5.125545E-01
  1.199059E+00  2.100000E+02     2  4.185679E-01 -4.391606E+01  3.015182E-01 -2.903203E-01
  1.199059E+00  2.100000E+02     3  1.160263E-01  1.208217E+02 -5.944813E-02  9.963946E-02
  1.199059E+00  2.100000E+02     4  4.375787E-02 -3.593013E+01  3.543219E-02 -2.567704E-02
  1.199059E+00  2.100000E+02     5  8.555061E-02  1.438768E+02 -6.910357E-02  5.043415E-02
  1.199059E+00  2.100000E+02     6  1.161073E-06  1.735921E+02 -1.153819E-06  1.295833E-07
  1.199059E+00  2.200000E+02     1  6.485665E-01 -4.408989E+01  4.658323E-01 -4.512635E-01
  1.199059E+00  2.200000E+02     2  5.412232E-01 -4.401475E+01  3.892266E-01 -3.760654E-01
  1.199059E+00  2.200000E+02     3  1.167558E-01  1.222693E+02 -6.233584E-02  9.872265E-02
  1.199059E+00  2.200000E+02     4  5.903501E-02 -3.609160E+01  4.770479E-02 -3.477623E-02
  1.199059E+00  2.200000E+02     5  7.363672E-02  1.438983E+02 -5.949645E-02  4.338823E-02
  1.199059E+00  2.200000E+02     6  4.561754E-07  1.732937E+02 -4.530541E-07  5.327242E-08
  1.199059E+00  2.300000E+02     1  5.415190E-01 -4.401550E+01  3.894344E-01 -3.762761E-01
  1.199059E+00  2.300000E+02     2  6.482534E-01 -4.410072E+01  4.655221E-01 -4.511336E-01
  1.199059E+00  2.300000E+02     3  1.166025E-01  1.224158E+02 -6.250595E-02  9.843353E-02
  1.199059E+00  2.300000E+02     4  7.325175E-02 -3.619210E+01  5.911722E-02 -4.325475E-02
  1.199059E+00  2.300000E+02     5  5.940244E-02  1.438727E+02 -4.797986E-02  3.502260E-02
  1.199059E+00  2.300000E+02     6  4.497267E-07 -5.838381E+00  4.473939E-07 -4.574743E-08
  1.199059E+00  2.400000E+02     1  4.187353E-01 -4.393157E+01  3.015601E-01 -2.905180E-01
  1.199059E+00  2.400000E+02     2  7.356033E-01 -4.417359E+01  5.275981E-01 -5.125938E-01
  1.199059E+00  2.400000E+02     3  1.156053E-01  1.212313E+02 -5.994077E-02  9.885188E-02
  1.199059E+00  2.400000E+02     4  8.528331E-02 -3.631858E+01  6.871585E-02 -5.051113E-02
  1.199059E+00  2.400000E+02     5  4.397110E-02  1.438611E+02 -3.551059E-02  2.593175E-02
  1.199059E+00  2.400000E+02     6  1.152951E-06 -6.033470E+00  1.146565E-06 -1.211861E-07
  1.199059E+00  2.500000E+02     1  2.846820E-01 -4.383034E+01  2.053677E-01 -1.971495E-01
  1.199059E+00  2.500000E+02     2  8.000796E-01 -4.422756E+01  5.733172E-01 -5.580634E-01
  1.199059E+00  2.500000E+02     3  1.142506E-01  1.192494E+02 -5.582419E-02  9.968377E-02
  1.199059E+00  2.500000E+02     4  9.429690E-02 -3.643766E+01  7.586220E-02 -5.600744E-02
  1.199059E+00  2.500000E+02     5  2.847051E-02  1.441339E+02 -2.307218E-02  1.668066E-02
  1.199059E+00  2.500000E+02     6  1.328035E-06 -5.956945E+00  1.320864E-06 -1.378249E-07
  1.199059E+00  2.600000E+02     1  1.436306E-01 -4.364859E+01  1.039292E-01 -9.913867E-02
  1.199059E+00  2.600000E+02     2  8.395466E-01 -4.425471E+01  6.013206E-01 -5.858771E-01
  1.199059E+00  2.600000E+02     3  1.130784E-01  1.173837E+02 -5.201010E-02  1.004075E-01
  1.199059E+00  2.600000E+02     4  9.984243E-02 -3.646506E+01  8.029523E-02 -5.933959E-02
  1.199059E+00  2.600000E+02     5  1.357263E-02  1.458159E+02 -1.122778E-02  7.625836E-03
  1.199059E+00  2.600000E+02     6  8.741288E-07 -5.773644E+00  8.696944E-07 -8.793618E-08
  1.199059E+00  2.700000E+02     1  9.936005E-04  9.202278E+01 -3.507097E-05  9.929814E-04
  1.199059E+00  2.700000E+02     2  8.528550E-01 -4.424932E+01  6.109088E-01 -5.951068E-01
  1.199059E+00  2.700000E+02     3  1.123561E-01  1.165073E+02 -5.014583E-02  1.005450E-01
  1.199059E+00  2.700000E+02     4  1.017596E-01 -3.633138E+01  8.197793E-02 -6.028793E-02
  1.199059E+00  2.700000E+02     5  1.192138E-03 -8.366254E+01  1.315930E-04 -1.184853E-03
  1.199059E+00  2.700000E+02     6  7.638947E-09  1.381765E+02 -5.692564E-09  5.093940E-09
  1.199059E+00  2.800000E+02     1  1.450904E-01  1.358429E+02 -1.040926E-01  1.010740E-01
  1.199059E+00  2.800000E+02     2  8.396725E-01 -4.421204E+01  6.018471E-01 -5.855168E-01
  1.199059E+00  2.800000E+02     3  1.121259E-01  1.169782E+02 -5.086609E-02  9.992427E-02
  1.199059E+00  2.800000E+02     4  1.000399E-01 -3.603640E+01  8.089658E-02 -5.885337E-02
  1.199059E+00  2.800000E+02     5  1.526879E-02 -4.052817E+01  1.160560E-02 -9.921992E-03
  1.199059E+00  2.800000E+02     6  8.850229E-07  1.736620E+02 -8.796137E-07  9.770026E-08
  1.199059E+00  2.900000E+02     1  2.861986E-01  1.359727E+02 -2.057794E-01  1.989082E-01
  1.199059E+00  2.900000E+02     2  8.003900E-01 -4.415153E+01  5.742799E-01 -5.575183E-01
  1.199059E+00  2.900000E+02     3  1.123409E-01  1.184455E+02 -5.351051E-02  9.877800E-02
  1.199059E+00  2.900000E+02     4  9.475072E-02 -3.567001E+01  7.697442E-02 -5.525067E-02
  1.199059E+00  2.900000E+02     5  3.024792E-02 -3.826318E+01  2.374990E-02 -1.873177E-02
  1.199059E+00  2.900000E+02     6  1.335087E-06  1.736976E+02 -1.327018E-06  1.465598E-07
  1.199059E+00  3.000000E+02     1  4.202422E-01  1.359989E+02 -3.022914E-01  2.919305E-01
  1.199059E+00  3.000000E+02     2  7.361795E-01 -4.408228E+01  5.288283E-01 -5.121532E-01
  1.199059E+00  3.000000E+02     3  1.128020E-01  1.200748E+02 -5.652849E-02  9.761563E-02
  1.199059E+00  3.000000E+02     4  8.606715E-02 -3.538921E+01  7.016511E-02 -4.984387E-02
  1.199059E+00  3.000000E+02     5  4.576386E-02 -3.697793E+01  3.655925E-02 -2.752730E-02
  1.199059E+00  3.000000E+02     6  1.155509E-06  1.735966E+02 -1.148300E-06  1.288724E-07
  1.199059E+00  3.100000E+02     1  5.428727E-01  1.359905E+02 -3.904472E-01  3.771761E-01
  1.199059E+00  3.100000E+02     2  6.491447E-01 -4.401999E+01  4.667982E-01 -4.510967E-01
  1.199059E+00  3.100000E+02     3  1.131382E-01  1.210184E+02 -5.830167E-02  9.695963E-02
  1.199059E+00  3.100000E+02     4  7.439291E-02 -3.536552E+01  6.066565E-02 -4.305791E-02
  1.199059E+00  3.100000E+02     5  6.105248E-02 -3.609964E+01  4.933001E-02 -3.597159E-02
  1.199059E+00  3.100000E+02     6  4.491660E-07  1.732285E+02 -4.460328E-07  5.296084E-08
  1.199059E+00  3.200000E+02     1  6.496142E-01  1.359610E+02 -4.669860E-01  4.515780E-01
  1.199059E+00  3.200000E+02     2  5.424013E-01 -4.397782E+01  3.903166E-01 -3.766325E-01
  1.199059E+00  3.200000E+02     3  1.130602E-01  1.208110E+02 -5.791021E-02  9.710308E-02
  1.199059E+00  3.200000E+02     4  6.047474E-02 -3.573489E+01  4.908904E-02 -3.531940E-02
  1.199059E+00  3.200000E+02     5  7.496089E-02 -3.558827E+01  6.095969E-02 -4.362397E-02
  1.199059E+00  3.200000E+02     6  4.570577E-07 -5.736348E+00  4.547690E-07 -4.568337E-08
  1.199059E+00  3.300000E+02     1  7.364745E-01  1.359163E+02 -5.290274E-01  5.123716E-01
  1.199059E+00  3.300000E+02     2  4.199206E-01 -4.396717E+01  3.022327E-01 -2.915282E-01
  1.199059E+00  3.300000E+02     3  1.126260E-01  1.195304E+02 -5.551173E-02  9.799527E-02
  1.199059E+00  3.300000E+02     4  4.535844E-02 -3.658423E+01  3.642199E-02 -2.703380E-02
  1.199059E+00  3.300000E+02     5  8.642157E-02 -3.542156E+01  7.042578E-02 -5.008890E-02
  1.199059E+00  3.300000E+02     6  1.159302E-06 -5.988472E+00  1.152975E-06 -1.209480E-07
  1.199059E+00  3.400000E+02     1  8.003948E-01  1.358639E+02 -5.744333E-01  5.573672E-01
  1.199059E+00  3.400000E+02     2  2.860908E-01 -4.400870E+01  2.057663E-01 -1.987666E-01
  1.199059E+00  3.400000E+02     3  1.121878E-01  1.177607E+02 -5.225476E-02  9.927503E-02
  1.199059E+00  3.400000E+02     4  3.009941E-02 -3.804172E+01  2.370516E-02 -1.854831E-02
  1.199059E+00  3.400000E+02     5  9.475355E-02 -3.552352E+01  7.711774E-02 -5.505532E-02
  1.199059E+00  3.400000E+02     6  1.332363E-06 -5.925874E+00  1.325243E-06 -1.375554E-07
  1.199059E+00  3.500000E+02     1  8.393710E-01  1.358149E+02 -6.019066E-01  5.850232E-01
  1.199059E+00  3.500000E+02     2  1.451580E-01 -4.419960E+01  1.040660E-01 -1.011984E-01
  1.199059E+00  3.500000E+02     3  1.120933E-01  1.163710E+02 -4.978987E-02  1.004285E-01
  1.199059E+00  3.500000E+02     4  1.534858E-02 -4.098940E+01  1.158558E-02 -1.006743E-02
  1.199059E+00  3.500000E+02     5  9.967015E-02 -3.576800E+01  8.087140E-02 -5.825766E-02
  1.199059E+00  3.500000E+02     6  8.758620E-07 -5.735803E+00  8.714768E-07 -8.753498E-08
  1.178204E+00  0.000000E+00     1  8.221757E-01  1.406363E+02 -6.356535E-01  5.214571E-01
  1.178204E+00  0.000000E+00     2  1.150666E-03 -8.971113E+01  5.801240E-06 -1.150651E-03
  1.178204E+00  0.000000E+00     3  9.671004E-02  1.207923E+02 -4.950847E-02  8.307673E-02
  1.178204E+00  0.000000E+00     4  1.404456E-03 -8.598882E+01  9.824340E-05 -1.401016E-03
  1.178204E+00  0.000000E+00     5  1.016457E-01 -3.179329E+01  8.639419E-02 -5.355266E-02
  1.178204E+00  0.000000E+00     6  8.649606E-09  1.413497E+02 -6.755107E-09  5.402241E-09
  1.178204E+00  1.000000E+01     1  8.092845E-01  1.406309E+02 -6.256385E-01  5.133399E-01
  1.178204E+00  1.000000E+01     2  1.383508E-01  1.415237E+02 -1.083101E-01  8.608062E-02
  1.178204E+00  1.000000E+01     3  9.805197E-02  1.221223E+02 -5.213707E-02  8.304164E-02
  1.178204E+00  1.000000E+01     4  1.361624E-02  1.539982E+02 -1.223800E-02  5.969359E-03
  1.178204E+00  1.000000E+01     5  9.964704E-02 -3.191065E+01  8.458772E-02 -5.267305E-02
  1.178204E+00  1.000000E+01     6  9.803238E-07  1.723047E+02 -9.714951E-07  1.312706E-07
  1.178204E+00  2.000000E+01     1  7.713589E-01  1.406580E+02 -5.965503E-01  4.890013E-01
  1.178204E+00  2.000000E+01     2  2.743800E-01  1.412590E+02 -2.140118E-01  1.717071E-01
  1.178204E+00  2.000000E+01     3  1.005034E-01  1.246167E+02 -5.709434E-02  8.271141E-02
  1.178204E+00  2.000000E+01     4  2.860617E-02  1.511747E+02 -2.506169E-02  1.379218E-02
  1.178204E+00  2.000000E+01     5  9.425825E-02 -3.185899E+01  8.005821E-02 -4.975239E-02
  1.178204E+00  2.000000E+01     6  1.477121E-06  1.722861E+02 -1.463754E-06  1.982696E-07
  1.178204E+00  3.000000E+01     1  7.093634E-01  1.407162E+02 -5.490608E-01  4.491422E-01
  1.178204E+00  3.000000E+01     2  4.037570E-01  1.410950E+02 -3.141990E-01  2.535719E-01
  1.178204E+00  3.000000E+01     3  1.032873E-01  1.271103E+02 -6.231851E-02  8.236916E-02
  1.178204E+00  3.000000E+01     4  4.425887E-02  1.500942E+02 -3.836563E-02  2.206640E-02
  1.178204E+00  3.000000E+01     5  8.548474E-02 -3.166841E+01  7.275612E-02 -4.487970E-02
  1.178204E+00  3.000000E+01     6  1.278792E-06  1.721230E+02 -1.266726E-06  1.752553E-07
  1.178204E+00  4.000000E+01     1  6.252066E-01  1.408011E+02 -4.845078E-01  3.951399E-01
  1.178204E+00  4.000000E+01     2  5.222539E-01  1.409528E+02 -4.055969E-01  3.289990E-01
  1.178204E+00  4.000000E+01     3  1.052047E-01  1.285543E+02 -6.556951E-02  8.227193E-02
  1.178204E+00  4.000000E+01     4  5.976967E-02  1.494116E+02 -5.145240E-02  3.041486E-02
  1.178204E+00  4.000000E+01     5  7.359818E-02 -3.138962E+01  6.282673E-02 -3.833399E-02
  1.178204E+00  4.000000E+01     6  5.028853E-07  1.716353E+02 -4.975356E-07  7.315680E-08
  1.178204E+00  5.000000E+01     1  5.219034E-01  1.409072E+02 -4.050625E-01  3.291011E-01
  1.178204E+00  5.000000E+01     2  6.254629E-01  1.408268E+02 -4.848840E-01  3.950839E-01
  1.178204E+00  5.000000E+01     3  1.053378E-01  1.284155E+02 -6.545271E-02  8.253484E-02
  1.178204E+00  5.000000E+01     4  7.391977E-02  1.488576E+02 -6.326677E-02  3.822888E-02
  1.178204E+00  5.000000E+01     5  5.932997E-02 -3.104887E+01  5.082963E-02 -3.060056E-02
  1.178204E+00  5.000000E+01     6  4.919871E-07 -7.032832E+00  4.882855E-07 -6.023795E-08
  1.178204E+00  6.000000E+01     1  4.034237E-01  1.410291E+02 -3.136480E-01  2.537236E-01
  1.178204E+00  6.000000E+01     2  7.094575E-01  1.407219E+02 -5.491786E-01  4.491468E-01
  1.178204E+00  6.000000E+01     3  1.037043E-01  1.267457E+02 -6.204259E-02  8.309811E-02
  1.178204E+00  6.000000E+01     4  8.560676E-02  1.483781E+02 -7.289640E-02  4.488466E-02
  1.178204E+00  6.000000E+01     5  4.383702E-02 -3.060617E+01  3.772996E-02 -2.231892E-02
  1.178204E+00  6.000000E+01     6  1.266160E-06 -7.377481E+00  1.255678E-06 -1.625823E-07
  1.178204E+00  7.000000E+01     1  2.741771E-01  1.411670E+02 -2.135776E-01  1.719236E-01
  1.178204E+00  7.000000E+01     2  7.712850E-01  1.406459E+02 -5.963900E-01  4.890803E-01
  1.178204E+00  7.000000E+01     3  1.012335E-01  1.241777E+02 -5.686902E-02  8.375048E-02
  1.178204E+00  7.000000E+01     4  9.417574E-02  1.480151E+02 -7.987875E-02  4.988442E-02
  1.178204E+00  7.000000E+01     5  2.833888E-02 -2.986617E+01  2.457522E-02 -1.411208E-02
  1.178204E+00  7.000000E+01     6  1.462078E-06 -7.309046E+00  1.450197E-06 -1.860073E-07
  1.178204E+00  8.000000E+01     1  1.383468E-01  1.413746E+02 -1.080826E-01  8.635967E-02
  1.178204E+00  8.000000E+01     2  8.090836E-01  1.406069E+02 -6.252674E-01  5.134753E-01
  1.178204E+00  8.000000E+01     3  9.908978E-02  1.218253E+02 -5.225317E-02  8.419258E-02
  1.178204E+00  8.000000E+01     4  9.941096E-02  1.478512E+02 -8.416820E-02  5.289852E-02
  1.178204E+00  8.000000E+01     5  1.357951E-02 -2.783802E+01  1.200797E-02 -6.341271E-03
  1.178204E+00  8.000000E+01     6  9.638786E-07 -7.124009E+00  9.564375E-07 -1.195376E-07
  1.178204E+00  9.000000E+01     1  8.580525E-04 -9.053917E+01 -8.074448E-06 -8.580146E-04
  1.178204E+00  9.000000E+01     2  8.218976E-01  1.406096E+02 -6.351951E-01  5.215773E-01
  1.178204E+00  9.000000E+01     3  9.800041E-02  1.208315E+02 -5.022671E-02  8.415081E-02
  1.178204E+00  9.000000E+01     4  1.013153E-01  1.479486E+02 -8.587211E-02  5.376594E-02
  1.178204E+00  9.000000E+01     5  1.042504E-03  9.213463E+01 -3.883091E-05  1.041781E-03
  1.178204E+00  9.000000E+01     6  9.129238E-09  1.421721E+02 -7.210793E-09  5.598880E-09
  1.178204E+00  1.000000E+02     1  1.394483E-01 -3.915295E+01  1.081371E-01 -8.804665E-02
  1.178204E+00  1.000000E+02     2  8.094225E-01  1.406523E+02 -6.259365E-01  5.131942E-01
  1.178204E+00  1.000000E+02     3  9.813798E-02  1.216779E+02 -5.153658E-02  8.351672E-02
  1.178204E+00  1.000000E+02     4  9.988646E-02  1.482963E+02 -8.498109E-02  5.249303E-02
  1.178204E+00  1.000000E+02     5  1.478669E-02  1.454661E+02 -1.218115E-02  8.382477E-03
  1.178204E+00  1.000000E+02     6  9.780181E-07  1.723315E+02 -9.692714E-07  1.305084E-07
  1.178204E+00  1.100000E+02     1  2.753669E-01 -3.905412E+01  2.138365E-01 -1.734961E-01
  1.178204E+00  1.100000E+02     2  7.718986E-01  1.407254E+02 -5.975425E-01  4.886415E-01
  1.178204E+00  1.100000E+02     3  9.925871E-02  1.238542E+02 -5.529517E-02  8.243018E-02
  1.178204E+00  1.100000E+02     4  9.503386E-02  1.487924E+02 -8.128207E-02  4.924085E-02
  1.178204E+00  1.100000E+02     5  2.969427E-02  1.474099E+02 -2.501878E-02  1.599406E-02
  1.178204E+00  1.100000E+02     6  1.472093E-06  1.723353E+02 -1.458941E-06  1.963424E-07
  1.178204E+00  1.200000E+02     1  4.046959E-01 -3.906575E+01  3.142154E-01 -2.550441E-01
  1.178204E+00  1.200000E+02     2  7.102390E-01  1.408138E+02 -5.505037E-01  4.487595E-01
  1.178204E+00  1.200000E+02     3  1.006904E-01  1.262124E+02 -5.948590E-02  8.124033E-02
  1.178204E+00  1.200000E+02     4  8.668499E-02  1.492760E+02 -7.451773E-02  4.428765E-02
  1.178204E+00  1.200000E+02     5  4.535210E-02  1.482491E+02 -3.856491E-02  2.386548E-02
  1.178204E+00  1.200000E+02     6  1.271274E-06  1.722232E+02 -1.259581E-06  1.720225E-07
  1.178204E+00  1.300000E+02     1  5.231918E-01 -3.910808E+01  4.059746E-01 -3.300216E-01
  1.178204E+00  1.300000E+02     2  6.262969E-01  1.409017E+02 -4.860472E-01  3.949759E-01
  1.178204E+00  1.300000E+02     3  1.014984E-01  1.276484E+02 -6.199662E-02  8.036382E-02
  1.178204E+00  1.300000E+02     4  7.503303E-02  1.495826E+02 -6.470551E-02  3.798884E-02
  1.178204E+00  1.300000E+02     5  6.093217E-02  1.487283E+02 -5.207968E-02  3.162967E-02
  1.178204E+00  1.300000E+02     6  4.935196E-07  1.719876E+02 -4.887019E-07  6.879002E-08
  1.178204E+00  1.400000E+02     1  6.264131E-01 -3.916198E+01  4.856980E-01 -3.955892E-01
  1.178204E+00  1.400000E+02     2  5.230516E-01  1.409757E+02 -4.063477E-01  3.293395E-01
  1.178204E+00  1.400000E+02     3  1.010564E-01  1.275525E+02 -6.159264E-02  8.011708E-02
  1.178204E+00  1.400000E+02     4  6.077048E-02  1.495864E+02 -5.240807E-02  3.076437E-02
  1.178204E+00  1.400000E+02     5  7.515748E-02  1.489490E+02 -6.438802E-02  3.876635E-02
  1.178204E+00  1.400000E+02     6  5.019905E-07 -7.457886E+00  4.977440E-07 -6.515708E-08
  1.178204E+00  1.500000E+02     1  7.103988E-01 -3.922101E+01  5.503550E-01 -4.491947E-01
  1.178204E+00  1.500000E+02     2  4.044821E-01  1.410232E+02 -3.144446E-01  2.544217E-01
  1.178204E+00  1.500000E+02     3  9.953156E-02  1.259362E+02 -5.841352E-02  8.058779E-02
  1.178204E+00  1.500000E+02     4  4.508715E-02  1.491944E+02 -3.872578E-02  2.309036E-02
  1.178204E+00  1.500000E+02     5  8.686311E-02  1.489350E+02 -7.440544E-02  4.482222E-02
  1.178204E+00  1.500000E+02     6  1.275546E-06 -7.533246E+00  1.264536E-06 -1.672259E-07
  1.178204E+00  1.600000E+02     1  7.721706E-01 -3.927996E+01  5.977077E-01 -4.888691E-01
  1.178204E+00  1.600000E+02     2  2.750601E-01  1.410226E+02 -2.138302E-01  1.730164E-01
  1.178204E+00  1.600000E+02     3  9.777407E-02  1.234454E+02 -5.388737E-02  8.158382E-02
  1.178204E+00  1.600000E+02     4  2.930588E-02  1.482474E+02 -2.491962E-02  1.542229E-02
  1.178204E+00  1.600000E+02     5  9.535289E-02  1.487383E+02 -8.150818E-02  4.948323E-02
  1.178204E+00  1.600000E+02     6  1.469739E-06 -7.413391E+00  1.457454E-06 -1.896366E-07
  1.178204E+00  1.700000E+02     1  8.098529E-01 -3.933029E+01  6.264255E-01 -5.132766E-01
  1.178204E+00  1.700000E+02     2  1.390654E-01  1.408904E+02 -1.079064E-01  8.772329E-02
  1.178204E+00  1.700000E+02     3  9.670213E-02  1.212253E+02 -5.013087E-02  8.269339E-02
  1.178204E+00  1.700000E+02     4  1.430726E-02  1.458621E+02 -1.184196E-02  8.029050E-03
  1.178204E+00  1.700000E+02     5  1.004015E-01  1.484598E+02 -8.556949E-02  5.251977E-02
  1.178204E+00  1.700000E+02     6  9.692105E-07 -7.218782E+00  9.615281E-07 -1.217895E-07
  1.178204E+00  1.800000E+02     1  8.224871E-01 -3.936125E+01  6.359163E-01 -5.216277E-01
  1.178204E+00  1.800000E+02     2  7.562320E-04  6.030011E+01  3.746804E-04  6.568877E-04
  1.178204E+00  1.800000E+02     3  9.678824E-02  1.204232E+02 -4.901193E-02  8.346134E-02
  1.178204E+00  1.800000E+02     4  9.588992E-04  6.288129E+01  4.371004E-04  8.534817E-04
  1.178204E+00  1.800000E+02     5  1.020259E-01  1.482231E+02 -8.673274E-02  5.372824E-02
  1.178204E+00  1.800000E+02     6  6.472212E-09  1.341152E+02 -4.505326E-09  4.646672E-09
  1.178204E+00  1.900000E+02     1  8.097752E-01 -3.936392E+01  6.260640E-01 -5.135949E-01
  1.178204E+00  1.900000E+02     2  1.387332E-01 -3.856306E+01  1.084786E-01 -8.648288E-02
  1.178204E+00  1.900000E+02     3  9.805992E-02  1.215028E+02 -5.124029E-02  8.360730E-02
  1.178204E+00  1.900000E+02     4  1.405795E-02 -2.723244E+01  1.249973E-02 -6.432935E-03
  1.178204E+00  1.900000E+02     5  1.002489E-01  1.481227E+02 -8.512948E-02  5.294165E-02
  1.178204E+00  1.900000E+02     6  9.778042E-07  1.723305E+02 -9.690571E-07  1.304968E-07
  1.178204E+00  2.000000E+02     1  7.719754E-01 -3.933465E+01  5.970897E-01 -4.893156E-01
  1.178204E+00  2.000000E+02     2  2.745051E-01 -3.879978E+01  2.139329E-01 -1.720051E-01
  1.178204E+00  2.000000E+02     3  1.002361E-01  1.239419E+02 -5.596706E-02  8.315624E-02
  1.178204E+00  2.000000E+02     4  2.873836E-02 -2.952217E+01  2.500712E-02 -1.416112E-02
  1.178204E+00  2.000000E+02     5  9.501600E-02  1.481865E+02 -8.074162E-02  5.008823E-02
  1.178204E+00  2.000000E+02     6  1.474502E-06  1.723268E+02 -1.461299E-06  1.968806E-07
  1.178204E+00  2.100000E+02     1  7.100329E-01 -3.927528E+01  5.496460E-01 -4.494842E-01
  1.178204E+00  2.100000E+02     2  4.037068E-01 -3.895227E+01  3.139507E-01 -2.537995E-01
  1.178204E+00  2.100000E+02     3  1.026180E-01  1.265829E+02 -6.115886E-02  8.240179E-02
  1.178204E+00  2.100000E+02     4  4.417991E-02 -3.042229E+01  3.809707E-02 -2.237135E-02
  1.178204E+00  2.100000E+02     5  8.630891E-02  1.483800E+02 -7.349586E-02  4.525028E-02
  1.178204E+00  2.100000E+02     6  1.276165E-06  1.722147E+02 -1.264402E-06  1.728707E-07
  1.178204E+00  2.200000E+02     1  6.258476E-01 -3.919085E+01  4.850603E-01 -3.954766E-01
  1.178204E+00  2.200000E+02     2  5.221956E-01 -3.908396E+01  4.053402E-01 -3.292226E-01
  1.178204E+00  2.200000E+02     3  1.041558E-01  1.283000E+02 -6.455362E-02  8.173900E-02
  1.178204E+00  2.200000E+02     4  5.968638E-02 -3.097125E+01  5.117663E-02 -3.071508E-02
  1.178204E+00  2.200000E+02     5  7.438825E-02  1.486461E+02 -6.352532E-02  3.870588E-02
  1.178204E+00  2.200000E+02     6  5.003355E-07  1.719706E+02 -4.954304E-07  6.988787E-08
  1.178204E+00  2.300000E+02     1  5.224470E-01 -3.908732E+01  4.055160E-01 -3.294049E-01
  1.178204E+00  2.300000E+02     2  6.255719E-01 -3.919918E+01  4.847892E-01 -3.953728E-01
  1.178204E+00  2.300000E+02     3  1.040325E-01  1.284519E+02 -6.469341E-02  8.147104E-02
  1.178204E+00  2.300000E+02     4  7.404837E-02 -3.140559E+01  6.320028E-02 -3.858608E-02
  1.178204E+00  2.300000E+02     5  6.000057E-02  1.489531E+02 -5.140519E-02  3.094470E-02
  1.178204E+00  2.300000E+02     6  4.942848E-07 -7.416737E+00  4.901493E-07 -6.380489E-08
  1.178204E+00  2.400000E+02     1  4.038318E-01 -3.897019E+01  3.139684E-01 -2.539763E-01
  1.178204E+00  2.400000E+02     2  7.098373E-01 -3.929421E+01  5.493460E-01 -4.495419E-01
  1.178204E+00  2.400000E+02     3  1.022809E-01  1.270092E+02 -6.156721E-02  8.167530E-02
  1.178204E+00  2.400000E+02     4  8.607224E-02 -3.178394E+01  7.316488E-02 -4.533576E-02
  1.178204E+00  2.400000E+02     5  4.434023E-02  1.493367E+02 -3.814053E-02  2.261319E-02
  1.178204E+00  2.400000E+02     6  1.268193E-06 -7.508223E+00  1.257320E-06 -1.657129E-07
  1.178204E+00  2.500000E+02     1  2.744414E-01 -3.883996E+01  2.137626E-01 -1.721151E-01
  1.178204E+00  2.500000E+02     2  7.719224E-01 -3.936294E+01  5.968072E-01 -4.895767E-01
  1.178204E+00  2.500000E+02     3  9.978919E-02  1.245687E+02 -5.661973E-02  8.217110E-02
  1.178204E+00  2.500000E+02     4  9.495862E-02 -3.207526E+01  8.046331E-02 -5.042614E-02
  1.178204E+00  2.500000E+02     5  2.866309E-02  1.499794E+02 -2.481782E-02  1.434045E-02
  1.178204E+00  2.500000E+02     6  1.463793E-06 -7.388375E+00  1.451639E-06 -1.882356E-07
  1.178204E+00  2.600000E+02     1  1.384689E-01 -3.865043E+01  1.081402E-01 -8.648317E-02
  1.178204E+00  2.600000E+02     2  8.098612E-01 -3.939842E+01  6.258211E-01 -5.140263E-01
  1.178204E+00  2.600000E+02     3  9.766979E-02  1.222429E+02 -5.210778E-02  8.260851E-02
  1.178204E+00  2.600000E+02     4  1.003640E-01 -3.220589E+01  8.492185E-02 -5.349035E-02
  1.178204E+00  2.600000E+02     5  1.372427E-02  1.517715E+02 -1.209202E-02  6.491423E-03
  1.178204E+00  2.600000E+02     6  9.652775E-07 -7.193294E+00  9.576802E-07 -1.208693E-07
  1.178204E+00  2.700000E+02     1  8.123980E-04  9.465908E+01 -6.598834E-05  8.097136E-04
  1.178204E+00  2.700000E+02     2  8.226513E-01 -3.939599E+01  6.357268E-01 -5.221173E-01
  1.178204E+00  2.700000E+02     3  9.662153E-02  1.211872E+02 -5.003403E-02  8.265783E-02
  1.178204E+00  2.700000E+02     4  1.022353E-01 -3.211458E+01  8.659191E-02 -5.434971E-02
  1.178204E+00  2.700000E+02     5  9.865793E-04 -8.306517E+01  1.191200E-04 -9.793616E-04
  1.178204E+00  2.700000E+02     6  7.854695E-09  1.420406E+02 -6.193010E-09  4.831445E-09
  1.178204E+00  2.800000E+02     1  1.396423E-01  1.408946E+02 -1.083605E-01  8.807924E-02
  1.178204E+00  2.800000E+02     2  8.100143E-01 -3.935675E+01  6.263132E-01 -5.136682E-01
  1.178204E+00  2.800000E+02     3  9.682356E-02  1.218956E+02 -5.115892E-02  8.220442E-02
  1.178204E+00  2.800000E+02     4  1.006036E-01 -3.180412E+01  8.549844E-02 -5.301979E-02
  1.178204E+00  2.800000E+02     5  1.502370E-02 -3.404864E+01  1.244808E-02 -8.411720E-03
  1.178204E+00  2.800000E+02     6  9.772003E-07  1.723555E+02 -9.685154E-07  1.299933E-07
  1.178204E+00  2.900000E+02     1  2.757322E-01  1.409779E+02 -2.142171E-01  1.736067E-01
  1.178204E+00  2.900000E+02     2  7.722749E-01 -3.928900E+01  5.977112E-01 -4.890294E-01
  1.178204E+00  2.900000E+02     3  9.806013E-02  1.238698E+02 -5.464964E-02  8.141993E-02
  1.178204E+00  2.900000E+02     4  9.548286E-02 -3.136152E+01  8.153286E-02 -4.969275E-02
  1.178204E+00  2.900000E+02     5  3.014604E-02 -3.229868E+01  2.548167E-02 -1.610802E-02
  1.178204E+00  2.900000E+02     6  1.471597E-06  1.723443E+02 -1.458480E-06  1.960472E-07
  1.178204E+00  3.000000E+02     1  4.051962E-01  1.409606E+02 -3.147213E-01  2.552145E-01
  1.178204E+00  3.000000E+02     2  7.104497E-01 -3.920613E+01  5.505110E-01 -4.490840E-01
  1.178204E+00  3.000000E+02     3  9.968390E-02  1.259872E+02 -5.857472E-02  8.065904E-02
  1.178204E+00  3.000000E+02     4  8.692953E-02 -3.093310E+01  7.456537E-02 -4.468498E-02
  1.178204E+00  3.000000E+02     5  4.597204E-02 -3.153211E+01  3.918414E-02 -2.404229E-02
  1.178204E+00  3.000000E+02     6  1.271156E-06  1.722155E+02 -1.259442E-06  1.721745E-07
  1.178204E+00  3.100000E+02     1  5.237437E-01  1.409134E+02 -4.065268E-01  3.302173E-01
  1.178204E+00  3.100000E+02     2  6.264689E-01 -3.912250E+01  4.860137E-01 -3.952897E-01
  1.178204E+00  3.100000E+02     3  1.007620E-01  1.271967E+02 -6.091596E-02  8.026344E-02
  1.178204E+00  3.100000E+02     4  7.523263E-02 -3.067293E+01  6.470709E-02 -3.837891E-02
  1.178204E+00  3.100000E+02     5  6.161685E-02 -3.110679E+01  5.275671E-02 -3.183341E-02
  1.178204E+00  3.100000E+02     6  4.938456E-07  1.718951E+02 -4.889129E-07  6.962506E-08
  1.178204E+00  3.200000E+02     1  6.269084E-01  1.408540E+02 -4.861922E-01  3.957666E-01
  1.178204E+00  3.200000E+02     2  5.233262E-01 -3.905074E+01  4.064090E-01 -3.296998E-01
  1.178204E+00  3.200000E+02     3  1.006318E-01  1.269658E+02 -6.051381E-02  8.040427E-02
  1.178204E+00  3.200000E+02     4  6.110191E-02 -3.070264E+01  5.253718E-02 -3.119757E-02
  1.178204E+00  3.200000E+02     5  7.577276E-02 -3.093616E+01  6.499337E-02 -3.895347E-02
  1.178204E+00  3.200000E+02     6  5.012029E-07 -7.296801E+00  4.971439E-07 -6.365739E-08
  1.178204E+00  3.300000E+02     1  7.107409E-01  1.407892E+02 -5.507000E-01  4.493130E-01
  1.178204E+00  3.300000E+02     2  4.049447E-01 -3.900387E+01  3.146840E-01 -2.548612E-01
  1.178204E+00  3.300000E+02     3  9.937977E-02  1.253792E+02 -5.753941E-02  8.102812E-02
  1.178204E+00  3.300000E+02     4  4.565612E-02 -3.111744E+01  3.908666E-02 -2.359481E-02
  1.178204E+00  3.300000E+02     5  8.728935E-02 -3.099508E+01  7.482544E-02 -4.495091E-02
  1.178204E+00  3.300000E+02     6  1.274285E-06 -7.457982E+00  1.263505E-06 -1.654010E-07
  1.178204E+00  3.400000E+02     1  7.723011E-01  1.407251E+02 -5.978518E-01  4.888990E-01
  1.178204E+00  3.400000E+02     2  2.756965E-01 -3.900676E+01  2.142360E-01 -1.735267E-01
  1.178204E+00  3.400000E+02     3  9.776344E-02  1.231059E+02 -5.339730E-02  8.189272E-02
  1.178204E+00  3.400000E+02     4  3.009290E-02 -3.209499E+01  2.549375E-02 -1.598909E-02
  1.178204E+00  3.400000E+02     5  9.551793E-02 -3.122868E+01  8.167785E-02 -4.952177E-02
  1.178204E+00  3.400000E+02     6  1.468052E-06 -7.356338E+00  1.455969E-06 -1.879692E-07
  1.178204E+00  3.500000E+02     1  8.097554E-01  1.406706E+02 -6.263579E-01  5.132053E-01
  1.178204E+00  3.500000E+02     2  1.397655E-01 -3.915850E+01  1.083744E-01 -8.825740E-02
  1.178204E+00  3.500000E+02     3  9.667976E-02  1.212337E+02 -5.013141E-02  8.266691E-02
  1.178204E+00  3.500000E+02     4  1.517553E-02 -3.458991E+01  1.249305E-02 -8.615131E-03
  1.178204E+00  3.500000E+02     5  1.002852E-01 -3.153525E+01  8.547494E-02 -5.245148E-02
  1.178204E+00  3.500000E+02     6  9.671645E-07 -7.163476E+00  9.596152E-07 -1.206062E-07
  1.158401E+00  0.000000E+00     1  7.936130E-01  1.455650E+02 -6.545469E-01  4.487648E-01
  1.158401E+00  0.000000E+00     2  9.950677E-04 -8.612627E+01  6.722470E-05 -9.927943E-04
  1.158401E+00  0.000000E+00     3  8.217449E-02  1.256894E+02 -4.793990E-02  6.674139E-02
  1.158401E+00  0.000000E+00     4  1.225956E-03 -8.382312E+01  1.319105E-04 -1.218839E-03
  1.158401E+00  0.000000E+00     5  1.019437E-01 -2.743632E+01  9.047741E-02 -4.697183E-02
  1.158401E+00  0.000000E+00     6  8.514687E-09  1.454066E+02 -7.009309E-09  4.834200E-09
  1.158401E+00  1.000000E+01     1  7.812371E-01  1.455611E+02 -6.443096E-01  4.418105E-01
  1.158401E+00  1.000000E+01     2  1.335040E-01  1.465875E+02 -1.114395E-01  7.351581E-02
  1.158401E+00  1.000000E+01     3  8.395167E-02  1.272150E+02 -5.077462E-02  6.685673E-02
  1.158401E+00  1.000000E+01     4  1.382406E-02  1.598980E+02 -1.298193E-02  4.751231E-03
  1.158401E+00  1.000000E+01     5  1.000237E-01 -2.752639E+01  8.870080E-02 -4.622665E-02
  1.158401E+00  1.000000E+01     6  1.072096E-06  1.708608E+02 -1.058486E-06  1.702855E-07
  1.158401E+00  2.000000E+01     1  7.447926E-01  1.455920E+02 -6.144796E-01  4.208692E-01
  1.158401E+00  2.000000E+01     2  2.647917E-01  1.463105E+02 -2.203215E-01  1.468778E-01
  1.158401E+00  2.000000E+01     3  8.754389E-02  1.300934E+02 -5.638142E-02  6.697065E-02
  1.158401E+00  2.000000E+01     4  2.893253E-02  1.569599E+02 -2.662461E-02  1.132349E-02
  1.158401E+00  2.000000E+01     5  9.483064E-02 -2.741750E+01  8.417877E-02 -4.366675E-02
  1.158401E+00  2.000000E+01     6  1.612196E-06  1.707842E+02 -1.591386E-06  2.581989E-07
  1.158401E+00  3.000000E+01     1  6.850926E-01  1.456594E+02 -5.656802E-01  3.864683E-01
  1.158401E+00  3.000000E+01     2  3.898056E-01  1.461143E+02 -3.235977E-01  2.173314E-01
  1.158401E+00  3.000000E+01     3  9.163486E-02  1.328888E+02 -6.236458E-02  6.713871E-02
  1.158401E+00  3.000000E+01     4  4.479181E-02  1.554938E+02 -4.075679E-02  1.857929E-02
  1.158401E+00  3.000000E+01     5  8.624984E-02 -2.711242E+01  7.677220E-02 -3.930731E-02
  1.158401E+00  3.000000E+01     6  1.392089E-06  1.705888E+02 -1.373352E-06  2.276321E-07
  1.158401E+00  4.000000E+01     1  6.038715E-01  1.457626E+02 -4.992286E-01  3.397522E-01
  1.158401E+00  4.000000E+01     2  5.043773E-01  1.459388E+02 -4.178464E-01  2.824905E-01
  1.158401E+00  4.000000E+01     3  9.437996E-02  1.344650E+02 -6.611065E-02  6.735695E-02
  1.158401E+00  4.000000E+01     4  6.050712E-02  1.544340E+02 -5.458280E-02  2.611187E-02
  1.158401E+00  4.000000E+01     5  7.442950E-02 -2.662705E+01  6.653571E-02 -3.335790E-02
  1.158401E+00  4.000000E+01     6  5.459307E-07  1.701854E+02 -5.379407E-07  9.305968E-08
  1.158401E+00  5.000000E+01     1  5.040188E-01  1.458976E+02 -4.173461E-01  2.825900E-01
  1.158401E+00  5.000000E+01     2  6.041177E-01  1.457869E+02 -4.995764E-01  3.396785E-01
  1.158401E+00  5.000000E+01     3  9.444656E-02  1.343195E+02 -6.598593E-02  6.757226E-02
  1.158401E+00  5.000000E+01     4  7.473760E-02  1.535981E+02 -6.694224E-02  3.323319E-02
  1.158401E+00  5.000000E+01     5  6.005220E-02 -2.596252E+01  5.399177E-02 -2.628984E-02
  1.158401E+00  5.000000E+01     6  5.359782E-07 -8.861315E+00  5.295808E-07 -8.256385E-08
  1.158401E+00  6.000000E+01     1  3.894524E-01  1.460560E+02 -3.230834E-01  2.174633E-01
  1.158401E+00  6.000000E+01     2  6.851567E-01  1.456658E+02 -5.657763E-01  3.864414E-01
  1.158401E+00  6.000000E+01     3  9.186818E-02  1.324978E+02 -6.206261E-02  6.773475E-02
  1.158401E+00  6.000000E+01     4  8.632822E-02  1.529400E+02 -7.687791E-02  3.927276E-02
  1.158401E+00  6.000000E+01     5  4.433459E-02 -2.509323E+01  4.015024E-02 -1.880196E-02
  1.158401E+00  6.000000E+01     6  1.380216E-06 -9.053268E+00  1.363021E-06 -2.171806E-07
  1.158401E+00  7.000000E+01     1  2.645643E-01  1.462282E+02 -2.199213E-01  1.470677E-01
  1.158401E+00  7.000000E+01     2  7.446749E-01  1.455814E+02 -6.143047E-01  4.209163E-01
  1.158401E+00  7.000000E+01     3  8.802066E-02  1.296018E+02 -5.610857E-02  6.781936E-02
  1.158401E+00  7.000000E+01     4  9.468349E-02  1.524751E+02 -8.396625E-02  4.375651E-02
  1.158401E+00  7.000000E+01     5  2.862114E-02 -2.392395E+01  2.616214E-02 -1.160655E-02
  1.158401E+00  7.000000E+01     6  1.597573E-06 -8.923561E+00  1.578236E-06 -2.478102E-07
  1.158401E+00  8.000000E+01     1  1.334773E-01  1.464471E+02 -1.112368E-01  7.377373E-02
  1.158401E+00  8.000000E+01     2  7.809925E-01  1.455383E+02 -6.439316E-01  4.419291E-01
  1.158401E+00  8.000000E+01     3  8.473425E-02  1.268563E+02 -5.082447E-02  6.779946E-02
  1.158401E+00  8.000000E+01     4  9.972160E-02  1.522529E+02 -8.825475E-02  4.642732E-02
  1.158401E+00  8.000000E+01     5  1.374686E-02 -2.176120E+01  1.276722E-02 -5.096498E-03
  1.158401E+00  8.000000E+01     6  1.055662E-06 -8.719170E+00  1.043462E-06 -1.600294E-07
  1.158401E+00  9.000000E+01     1  7.096186E-04 -8.652381E+01  4.302687E-05 -7.083129E-04
  1.158401E+00  9.000000E+01     2  7.933094E-01  1.455385E+02 -6.540891E-01  4.488956E-01
  1.158401E+00  9.000000E+01     3  8.327255E-02  1.256934E+02 -4.858515E-02  6.762988E-02
  1.158401E+00  9.000000E+01     4  1.015707E-01  1.523134E+02 -8.994110E-02  4.719329E-02
  1.158401E+00  9.000000E+01     5  8.690849E-04  9.450850E+01 -6.831610E-05  8.663957E-04
  1.158401E+00  9.000000E+01     6  8.835961E-09  1.453484E+02 -7.268683E-09  5.023988E-09
  1.158401E+00  1.000000E+02     1  1.343807E-01 -3.401843E+01  1.113825E-01 -7.518058E-02
  1.158401E+00  1.000000E+02     2  7.813763E-01  1.455796E+02 -6.445673E-01  4.416809E-01
  1.158401E+00  1.000000E+02     3  8.398288E-02  1.267642E+02 -5.026569E-02  6.727915E-02
  1.158401E+00  1.000000E+02     4  1.002698E-01  1.526404E+02 -8.905354E-02  4.608137E-02
  1.158401E+00  1.000000E+02     5  1.466885E-02  1.523224E+02 -1.299037E-02  6.813617E-03
  1.158401E+00  1.000000E+02     6  1.069936E-06  1.708695E+02 -1.056379E-06  1.697816E-07
  1.158401E+00  1.100000E+02     1  2.655790E-01 -3.397411E+01  2.202421E-01 -1.484104E-01
  1.158401E+00  1.100000E+02     2  7.453597E-01  1.456536E+02 -6.153997E-01  4.205286E-01
  1.158401E+00  1.100000E+02     3  8.639642E-02  1.293841E+02 -5.481987E-02  6.677667E-02
  1.158401E+00  1.100000E+02     4  9.565939E-02  1.531467E+02 -8.534409E-02  4.321002E-02
  1.158401E+00  1.100000E+02     5  2.973923E-02  1.535765E+02 -2.663236E-02  1.323402E-02
  1.158401E+00  1.100000E+02     6  1.607614E-06  1.708100E+02 -1.586979E-06  2.567514E-07
  1.158401E+00  1.200000E+02     1  3.905869E-01 -3.403608E+01  3.236736E-01 -2.186173E-01
  1.158401E+00  1.200000E+02     2  6.860041E-01  1.457488E+02 -5.670358E-01  3.860986E-01
  1.158401E+00  1.200000E+02     3  8.927450E-02  1.321162E+02 -5.987068E-02  6.622263E-02
  1.158401E+00  1.200000E+02     4  8.752381E-02  1.537047E+02 -7.846710E-02  3.877283E-02
  1.158401E+00  1.200000E+02     5  4.568223E-02  1.537837E+02 -4.098302E-02  2.018064E-02
  1.158401E+00  1.200000E+02     6  1.385230E-06  1.706510E+02 -1.366830E-06  2.250280E-07
  1.158401E+00  1.300000E+02     1  5.052157E-01 -3.412150E+01  4.182427E-01 -2.834006E-01
  1.158401E+00  1.300000E+02     2  6.049785E-01  1.458537E+02 -5.006845E-01  3.395793E-01
  1.158401E+00  1.300000E+02     3  9.101589E-02  1.337391E+02 -6.292611E-02  6.575862E-02
  1.158401E+00  1.300000E+02     4  7.591824E-02  1.541959E+02 -6.834826E-02  3.304684E-02
  1.158401E+00  1.300000E+02     5  6.156236E-02  1.537512E+02 -5.521420E-02  2.722714E-02
  1.158401E+00  1.300000E+02     6  5.373496E-07  1.704228E+02 -5.298603E-07  8.940188E-08
  1.158401E+00  1.400000E+02     1  6.050314E-01 -3.420594E+01  5.003744E-01 -3.401300E-01
  1.158401E+00  1.400000E+02     2  5.051375E-01  1.459577E+02 -4.185695E-01  2.827781E-01
  1.158401E+00  1.400000E+02     3  9.056865E-02  1.336560E+02 -6.252200E-02  6.552619E-02
  1.158401E+00  1.400000E+02     4  6.148435E-02  1.545381E+02 -5.551245E-02  2.643280E-02
  1.158401E+00  1.400000E+02     5  7.596087E-02  1.536230E+02 -6.805262E-02  3.374752E-02
  1.158401E+00  1.400000E+02     6  5.451743E-07 -9.154964E+00  5.382297E-07 -8.674008E-08
  1.158401E+00  1.500000E+02     1  6.861137E-01 -3.428250E+01  5.669154E-01 -3.864698E-01
  1.158401E+00  1.500000E+02     2  3.904197E-01  1.460476E+02 -3.238540E-01  2.180508E-01
  1.158401E+00  1.500000E+02     3  8.811289E-02  1.318657E+02 -5.880535E-02  6.561869E-02
  1.158401E+00  1.500000E+02     4  4.548259E-02  1.546564E+02 -4.110522E-02  1.946861E-02
  1.158401E+00  1.500000E+02     5  8.764024E-02  1.534096E+02 -7.837048E-02  3.922856E-02
  1.158401E+00  1.500000E+02     6  1.388795E-06 -9.159741E+00  1.371086E-06 -2.210789E-07
  1.158401E+00  1.600000E+02     1  7.456026E-01 -3.434922E+01  6.155799E-01 -4.206954E-01
  1.158401E+00  1.600000E+02     2  2.652963E-01  1.460967E+02 -2.201907E-01  1.479804E-01
  1.158401E+00  1.600000E+02     3  8.494271E-02  1.289871E+02 -5.344132E-02  6.602492E-02
  1.158401E+00  1.600000E+02     4  2.938350E-02  1.543616E+02 -2.649048E-02  1.271395E-02
  1.158401E+00  1.600000E+02     5  9.594721E-02  1.531200E+02 -8.558065E-02  4.337994E-02
  1.158401E+00  1.600000E+02     6  1.604517E-06 -8.990234E+00  1.584806E-06 -2.507317E-07
  1.158401E+00  1.700000E+02     1  7.817975E-01 -3.440195E+01  6.450566E-01 -4.417118E-01
  1.158401E+00  1.700000E+02     2  1.340026E-01  1.460188E+02 -1.111177E-01  7.489694E-02
  1.158401E+00  1.700000E+02     3  8.263743E-02  1.262975E+02 -4.891956E-02  6.660196E-02
  1.158401E+00  1.700000E+02     4  1.418837E-02  1.527489E+02 -1.261358E-02  6.496733E-03
  1.158401E+00  1.700000E+02     5  1.007832E-01  1.528100E+02 -8.964630E-02  4.605216E-02
  1.158401E+00  1.700000E+02     6  1.060472E-06 -8.769130E+00  1.048076E-06 -1.616725E-07
  1.158401E+00  1.800000E+02     1  7.939001E-01 -3.443317E+01  6.547979E-01 -4.489065E-01
  1.158401E+00  1.800000E+02     2  6.357975E-04  5.753440E+01  3.412917E-04  5.364312E-04
  1.158401E+00  1.800000E+02     3  8.220696E-02  1.252574E+02 -4.745406E-02  6.712747E-02
  1.158401E+00  1.800000E+02     4  8.219113E-04  5.845273E+01  4.300254E-04  7.004400E-04
  1.158401E+00  1.800000E+02     5  1.022978E-01  1.525724E+02 -9.079884E-02  4.712123E-02
  1.158401E+00  1.800000E+02     6  6.546719E-09  1.364732E+02 -4.746711E-09  4.508687E-09
  1.158401E+00  1.900000E+02     1  7.816825E-01 -3.443492E+01  6.447074E-01 -4.420179E-01
  1.158401E+00  1.900000E+02     2  1.338622E-01 -3.349463E+01  1.116327E-01 -7.387305E-02
  1.158401E+00  1.900000E+02     3  8.387565E-02  1.265105E+02 -4.990349E-02  6.741487E-02
  1.158401E+00  1.900000E+02     4  1.423301E-02 -2.130496E+01  1.326032E-02 -5.171307E-03
  1.158401E+00  1.900000E+02     5  1.005760E-01  1.524923E+02 -8.920576E-02  4.645279E-02
  1.158401E+00  1.900000E+02     6  1.069625E-06  1.708562E+02 -1.056033E-06  1.699776E-07
  1.158401E+00  2.000000E+02     1  7.453487E-01 -3.440215E+01  6.149815E-01 -4.211205E-01
  1.158401E+00  2.000000E+02     2  2.648779E-01 -3.374035E+01  2.202627E-01 -1.471212E-01
  1.158401E+00  2.000000E+02     3  8.718166E-02  1.293612E+02 -5.529125E-02  6.740563E-02
  1.158401E+00  2.000000E+02     4  2.900946E-02 -2.363599E+01  2.657588E-02 -1.163061E-02
  1.158401E+00  2.000000E+02     5  9.552157E-02  1.526090E+02 -8.481243E-02  4.394568E-02
  1.158401E+00  2.000000E+02     6  1.609630E-06  1.708036E+02 -1.588940E-06  2.572507E-07
  1.158401E+00  2.100000E+02     1  6.856928E-01 -3.433352E+01  5.662235E-01 -3.867371E-01
  1.158401E+00  2.100000E+02     2  3.897063E-01 -3.392502E+01  3.233661E-01 -2.174980E-01
  1.158401E+00  2.100000E+02     3  9.090361E-02  1.323577E+02 -6.124693E-02  6.717351E-02
  1.158401E+00  2.100000E+02     4  4.464395E-02 -2.491869E+01  4.048790E-02 -1.880991E-02
  1.158401E+00  2.100000E+02     5  8.699637E-02  1.529149E+02 -7.745562E-02  3.961054E-02
  1.158401E+00  2.100000E+02     6  1.389520E-06  1.706553E+02 -1.371080E-06  2.256216E-07
  1.158401E+00  2.200000E+02     1  6.044401E-01 -3.423063E+01  4.997389E-01 -3.400130E-01
  1.158401E+00  2.200000E+02     2  5.042694E-01 -3.409182E+01  4.176058E-01 -2.826535E-01
  1.158401E+00  2.200000E+02     3  9.334173E-02  1.342503E+02 -6.513327E-02  6.686057E-02
  1.158401E+00  2.200000E+02     4  6.035781E-02 -2.587175E+01  5.430833E-02 -2.633762E-02
  1.158401E+00  2.200000E+02     5  7.513662E-02  1.533870E+02 -6.717611E-02  3.365829E-02
  1.158401E+00  2.200000E+02     6  5.434553E-07  1.704569E+02 -5.359346E-07  9.009889E-08
  1.158401E+00  2.300000E+02     1  5.044927E-01 -3.409794E+01  4.177606E-01 -2.828233E-01
  1.158401E+00  2.300000E+02     2  6.041862E-01 -3.423559E+01  4.994996E-01 -3.399133E-01
  1.158401E+00  2.300000E+02     3  9.324240E-02  1.344134E+02 -6.525391E-02  6.660385E-02
  1.158401E+00  2.300000E+02     4  7.481817E-02 -2.662371E+01  6.688511E-02 -3.352820E-02
  1.158401E+00  2.300000E+02     5  6.064086E-02  1.540177E+02 -5.451188E-02  2.656632E-02
  1.158401E+00  2.300000E+02     6  5.382017E-07 -9.178549E+00  5.313106E-07 -8.584941E-08
  1.158401E+00  2.400000E+02     1  3.898014E-01 -3.394410E+01  3.233725E-01 -2.176588E-01
  1.158401E+00  2.400000E+02     2  6.855088E-01 -3.434950E+01  5.659637E-01 -3.867912E-01
  1.158401E+00  2.400000E+02     3  9.063173E-02  1.328173E+02 -6.159904E-02  6.648060E-02
  1.158401E+00  2.400000E+02     4  8.676941E-02 -2.721324E+01  7.716496E-02 -3.967996E-02
  1.158401E+00  2.400000E+02     5  4.476601E-02  1.548279E+02 -4.051476E-02  1.904074E-02
  1.158401E+00  2.400000E+02     6  1.382138E-06 -9.159405E+00  1.364515E-06 -2.200111E-07
  1.158401E+00  2.500000E+02     1  2.647888E-01 -3.377937E+01  2.200884E-01 -1.472216E-01
  1.158401E+00  2.500000E+02     2  7.452937E-01 -3.442860E+01  6.147416E-01 -4.213733E-01
  1.158401E+00  2.500000E+02     3  8.682652E-02  1.300395E+02 -5.585681E-02  6.647451E-02
  1.158401E+00  2.500000E+02     4  9.545946E-02 -2.762910E+01  8.457404E-02 -4.426896E-02
  1.158401E+00  2.500000E+02     5  2.889499E-02  1.559006E+02 -2.637645E-02  1.179844E-02
  1.158401E+00  2.500000E+02     6  1.599152E-06 -8.983505E+00  1.579536E-06 -2.497077E-07
  1.158401E+00  2.600000E+02     1  1.335857E-01 -3.357806E+01  1.112947E-01 -7.388258E-02
  1.158401E+00  2.600000E+02     2  7.817515E-01 -3.446895E+01  6.445017E-01 -4.424397E-01
  1.158401E+00  2.600000E+02     3  8.359099E-02  1.273117E+02 -5.066875E-02  6.648406E-02
  1.158401E+00  2.600000E+02     4  1.006701E-01 -2.782670E+01  8.902900E-02 -4.699270E-02
  1.158401E+00  2.600000E+02     5  1.387217E-02  1.578391E+02 -1.284741E-02  5.232715E-03
  1.158401E+00  2.600000E+02     6  1.056920E-06 -8.763882E+00  1.044580E-06 -1.610353E-07
  1.158401E+00  2.700000E+02     1  6.592063E-04  9.853628E+01 -9.784967E-05  6.519036E-04
  1.158401E+00  2.700000E+02     2  7.940347E-01 -3.446848E+01  6.546321E-01 -4.493862E-01
  1.158401E+00  2.700000E+02     3  8.215311E-02  1.260818E+02 -4.838327E-02  6.639422E-02
  1.158401E+00  2.700000E+02     4  1.024721E-01 -2.776664E+01  9.067269E-02 -4.773883E-02
  1.158401E+00  2.700000E+02     5  8.060408E-04 -8.094135E+01  1.269074E-04 -7.959877E-04
  1.158401E+00  2.700000E+02     6  7.794341E-09  1.445773E+02 -6.351598E-09  4.517626E-09
  1.158401E+00  2.800000E+02     1  1.345402E-01  1.460247E+02 -1.115713E-01  7.518576E-02
  1.158401E+00  2.800000E+02     2  7.819240E-01 -3.442932E+01  6.449499E-01 -4.420914E-01
  1.158401E+00  2.800000E+02     3  8.287045E-02  1.270130E+02 -4.988772E-02  6.617195E-02
  1.158401E+00  2.800000E+02     4  1.009439E-01 -2.745954E+01  8.957126E-02 -4.654749E-02
  1.158401E+00  2.800000E+02     5  1.487006E-02 -2.728786E+01  1.321524E-02 -6.817346E-03
  1.158401E+00  2.800000E+02     6  1.069203E-06  1.708828E+02 -1.055695E-06  1.694203E-07
  1.158401E+00  2.900000E+02     1  2.658971E-01  1.460539E+02 -2.205786E-01  1.484802E-01
  1.158401E+00  2.900000E+02     2  7.456763E-01 -3.435873E+01  6.155708E-01 -4.208392E-01
  1.158401E+00  2.900000E+02     3  8.531578E-02  1.294296E+02 -5.418657E-02  6.589839E-02
  1.158401E+00  2.900000E+02     4  9.604109E-02 -2.698363E+01  8.558569E-02 -4.357730E-02
  1.158401E+00  2.900000E+02     5  3.014032E-02 -2.620957E+01  2.704143E-02 -1.331165E-02
  1.158401E+00  2.900000E+02     6  1.607157E-06  1.708163E+02 -1.586556E-06  2.565030E-07
  1.158401E+00  3.000000E+02     1  3.910354E-01  1.459865E+02 -3.241316E-01  2.187404E-01
  1.158401E+00  3.000000E+02     2  6.861463E-01 -3.426729E+01  5.670449E-01 -3.863377E-01
  1.158401E+00  3.000000E+02     3  8.829460E-02  1.319149E+02 -5.898315E-02  6.570331E-02
  1.158401E+00  3.000000E+02     4  8.768692E-02 -2.645938E+01  7.850176E-02 -3.907007E-02
  1.158401E+00  3.000000E+02     5  4.624654E-02 -2.606116E+01  4.154445E-02 -2.031751E-02
  1.158401E+00  3.000000E+02     6  1.385112E-06  1.706449E+02 -1.366690E-06  2.251538E-07
  1.158401E+00  3.100000E+02     1  5.057167E-01  1.458965E+02 -4.187468E-01  2.835497E-01
  1.158401E+00  3.100000E+02     2  6.050841E-01 -3.416584E+01  5.006560E-01 -3.398093E-01
  1.158401E+00  3.100000E+02     3  9.022841E-02  1.332963E+02 -6.187607E-02  6.566977E-02
  1.158401E+00  3.100000E+02     4  7.603822E-02 -2.600293E+01  6.834099E-02 -3.333646E-02
  1.158401E+00  3.100000E+02     5  6.219230E-02 -2.613363E+01  5.583433E-02 -2.739361E-02
  1.158401E+00  3.100000E+02     6  5.376502E-07  1.703449E+02 -5.300345E-07  9.017317E-08
  1.158401E+00  3.200000E+02     1  6.054804E-01  1.458071E+02 -5.008234E-01  3.402682E-01
  1.158401E+00  3.200000E+02     2  5.053582E-01 -3.406461E+01  4.186420E-01 -2.830650E-01
  1.158401E+00  3.200000E+02     3  9.004754E-02  1.330546E+02 -6.147497E-02  6.579807E-02
  1.158401E+00  3.200000E+02     4  6.175287E-02 -2.570076E+01  5.564373E-02 -2.678043E-02
  1.158401E+00  3.200000E+02     5  7.652607E-02 -2.629863E+01  6.860539E-02 -3.390486E-02
  1.158401E+00  3.200000E+02     6  5.444188E-07 -9.017959E+00  5.376894E-07 -8.533441E-08
  1.158401E+00  3.300000E+02     1  6.864189E-01  1.457256E+02 -5.672224E-01  3.865614E-01
  1.158401E+00  3.300000E+02     2  3.908467E-01 -3.397762E+01  3.241120E-01 -2.184321E-01
  1.158401E+00  3.300000E+02     3  8.786288E-02  1.312730E+02 -5.795856E-02  6.603553E-02
  1.158401E+00  3.300000E+02     4  4.601317E-02 -2.564091E+01  4.148196E-02 -1.991126E-02
  1.158401E+00  3.300000E+02     5  8.802607E-02 -2.654464E+01  7.874693E-02 -3.933840E-02
  1.158401E+00  3.300000E+02     6  1.387571E-06 -9.097788E+00  1.370116E-06 -2.194027E-07
  1.158401E+00  3.400000E+02     1  7.457119E-01  1.456547E+02 -6.156987E-01  4.207153E-01
  1.158401E+00  3.400000E+02     2  2.659139E-01 -3.393489E+01  2.206214E-01 -1.484465E-01
  1.158401E+00  3.400000E+02     3  8.487161E-02  1.286168E+02 -5.296916E-02  6.631334E-02
  1.158401E+00  3.400000E+02     4  3.015432E-02 -2.604820E+01  2.709139E-02 -1.324158E-02
  1.158401E+00  3.400000E+02     5  9.608867E-02 -2.685936E+01  8.572246E-02 -4.341306E-02
  1.158401E+00  3.400000E+02     6  1.602868E-06 -8.947833E+00  1.583362E-06 -2.493023E-07
  1.158401E+00  3.500000E+02     1  7.817005E-01  1.455987E+02 -6.449817E-01  4.416494E-01
  1.158401E+00  3.500000E+02     2  1.346923E-01 -3.403877E+01  1.116140E-01 -7.539454E-02
  1.158401E+00  3.500000E+02     3  8.260954E-02  1.263162E+02 -4.892475E-02  6.656355E-02
  1.158401E+00  3.500000E+02     4  1.505171E-02 -2.795523E+01  1.329539E-02 -7.055962E-03
  1.158401E+00  3.500000E+02     5  1.006669E-01 -2.718661E+01  8.954553E-02 -4.599371E-02
  1.158401E+00  3.500000E+02     6  1.058464E-06 -8.739897E+00  1.046173E-06 -1.608326E-07
