sea_state_id,hs_m,tp_s,heading_deg,metric,mean,standard_deviation,p50,p95,p95_bootstrap_ci_lower,p95_bootstrap_ci_upper,p99,maximum
Hs1_Tp6,1.0,6.0,0.0,landing_center.max_abs_vertical_velocity_m_s,0.030509301937124516,0.003769223369400852,0.03030825183617441,0.0373407374906628,0.036639314353425254,0.03778310875317605,0.040108183898598444,0.04610806966233783
Hs1_Tp6,1.0,6.0,0.0,leg_1.max_abs_vertical_velocity_m_s,0.02245985643651015,0.00273571449278311,0.022401015692372975,0.02748357180922301,0.026806434969296498,0.027962719658884628,0.029486889184891583,0.03396010830480775
Hs1_Tp6,1.0,6.0,0.0,leg_2.max_abs_vertical_velocity_m_s,0.03902773032078287,0.004847570763683755,0.03852175149770112,0.04759863238142402,0.046793412766402684,0.04833509364459735,0.0513599164174278,0.06007369475411903
Hs1_Tp6,1.0,6.0,0.0,leg_3.max_abs_vertical_velocity_m_s,0.03902773032078254,0.0048475707636837,0.03852175149770173,0.047598632381424075,0.04679341276640196,0.048312110740962214,0.05135991641742627,0.060073694754117765
Hs1_Tp6,1.0,6.0,0.0,leg_4.max_abs_vertical_velocity_m_s,0.02245985643650982,0.0027357144927830416,0.022401015692372336,0.027483571809222854,0.026803558509863365,0.027960726005588753,0.02948688918489056,0.03396010830480746
Hs1_Tp6,1.0,6.0,0.0,leg_forward_port.max_abs_vertical_velocity_m_s,0.016537619086442135,0.0019839174757084565,0.016414758029687917,0.02006204900623874,0.01962415400345855,0.020359172096830955,0.021413660236556397,0.024455136156232668
Hs1_Tp6,1.0,6.0,0.0,leg_forward_starboard.max_abs_vertical_velocity_m_s,0.01653761908644155,0.001983917475708315,0.016414758029686352,0.020062049006237433,0.01969986758520275,0.02036035098320419,0.02141366023655511,0.02445513615623262
Hs1_Tp6,1.0,6.0,0.0,leg_aft_port.max_abs_vertical_velocity_m_s,0.04631122352616377,0.005769037015851916,0.0457441799640442,0.05628337671186174,0.055605931426833094,0.057522885552128776,0.061265036920059864,0.07250836335618606
Hs1_Tp6,1.0,6.0,0.0,leg_aft_starboard.max_abs_vertical_velocity_m_s,0.04631122352616319,0.00576903701585182,0.045744179964044236,0.05628337671186192,0.055605931426833725,0.05752264394604941,0.061265036920057185,0.07250836335618373
Hs1_Tp6,1.0,6.0,0.0,four_feet.max_vertical_span_m,0.02102316836998709,0.002577060477900833,0.020658704183470426,0.025763228575282057,0.02523161128736502,0.026074829204310736,0.028427644307693296,0.03415848946060484
Hs1_Tp6,1.0,6.0,0.0,four_feet.max_vertical_velocity_span_m_s,0.01808087914506376,0.002224286349959341,0.017788168531341325,0.022048180237166978,0.021716184375853126,0.022290220926244293,0.023875548202638017,0.02968793642295242
Hs1_Tp6,1.0,6.0,0.0,platform.max_tilt_deg,0.12297616453205544,0.015074655150069081,0.1208442114896642,0.1507034039966096,0.14771409145918998,0.15251986924281363,0.16628904844963202,0.1998119382457522
Hs1_Tp6,1.0,6.0,0.0,platform.max_tilt_rate_deg_s,0.10576508400141414,0.013011083739856754,0.10405285737791496,0.1289720270874624,0.1270211192420401,0.13040473369217676,0.13966131519225886,0.1736611955873508
Hs1_Tp6,1.0,6.0,0.0,deck_edge.minimum_dynamic_elevation_m,-0.15672416732927127,0.01960346724491585,-0.15437376526655244,-0.12902454007877015,-0.1310227053766504,-0.1271966311179824,-0.12100725884667218,-0.10955269090482878
Hs1_Tp6,1.0,6.0,0.0,deck_edge.max_immersion_m,0.0,0.0,0.0,0.0,0.0,0.0,0.0,0.0
Hs1_Tp6,1.0,6.0,30.0,landing_center.max_abs_vertical_velocity_m_s,0.028718275680159045,0.0036699829340165395,0.028290460278454936,0.03479152524615531,0.034404074978681434,0.03580663231801253,0.03925547374994114,0.047021095188699014
Hs1_Tp6,1.0,6.0,30.0,leg_1.max_abs_vertical_velocity_m_s,0.02158135176142525,0.002728431242329728,0.021225664461654643,0.02660359559559447,0.025942386632699262,0.026962428511642513,0.028875408346051207,0.03529264891964789
Hs1_Tp6,1.0,6.0,30.0,leg_2.max_abs_vertical_velocity_m_s,0.03629617543185915,0.004640599003345208,0.03579643726753881,0.044291812208477215,0.04367563625850564,0.044946363210033355,0.049014200232895384,0.05802713786016561
Hs1_Tp6,1.0,6.0,30.0,leg_3.max_abs_vertical_velocity_m_s,0.03965317464403573,0.005051537124525595,0.03901185348982952,0.048405857175423755,0.047875784051721944,0.04910735003262108,0.054251076441522404,0.0644482147496867
Hs1_Tp6,1.0,6.0,30.0,leg_4.max_abs_vertical_velocity_m_s,0.024837976851916396,0.003176376801577704,0.02463333867726459,0.030379845084878298,0.02990124936991911,0.03120161647209081,0.033704679438981915,0.03829129742366748
Hs1_Tp6,1.0,6.0,30.0,leg_forward_port.max_abs_vertical_velocity_m_s,0.021489902591745904,0.0026456598205143,0.021143405730282158,0.02646150019893467,0.02584877516843496,0.026834355889005297,0.027950478409141197,0.035756158028269855
Hs1_Tp6,1.0,6.0,30.0,leg_forward_starboard.max_abs_vertical_velocity_m_s,0.025976043379994273,0.0032572548922359416,0.025695982720352117,0.031769533428792664,0.031373314050851545,0.032324775751650874,0.034899799680046806,0.038183790660124325
Hs1_Tp6,1.0,6.0,30.0,leg_aft_port.max_abs_vertical_velocity_m_s,0.0440738955571968,0.005584034497369646,0.04349108427756792,0.054169483396532936,0.05335137540352513,0.055019791263785575,0.059386133851041904,0.06857779149596713
Hs1_Tp6,1.0,6.0,30.0,leg_aft_starboard.max_abs_vertical_velocity_m_s,0.04997399355599944,0.006345318919391579,0.04905784594339589,0.060925721850017184,0.06015729903366879,0.06155727614136092,0.06776748465535928,0.08029951753952819
Hs1_Tp6,1.0,6.0,30.0,four_feet.max_vertical_span_m,0.03248892964331792,0.003910938610682605,0.032172124662180134,0.03919289476985292,0.03875431774995502,0.039819221519262864,0.04306793287503554,0.04976480032404329
Hs1_Tp6,1.0,6.0,30.0,four_feet.max_vertical_velocity_span_m_s,0.028043656617449515,0.003404535135522685,0.02774031741592792,0.03374693718993582,0.033457318796766215,0.034564657595548214,0.037467237424121405,0.043237709308752634
Hs1_Tp6,1.0,6.0,30.0,platform.max_tilt_deg,0.14411782392243527,0.016733294859739446,0.14266911402625987,0.17463469888201338,0.1715836073667517,0.1767897825406361,0.188465095297001,0.2272223190937265
Hs1_Tp6,1.0,6.0,30.0,platform.max_tilt_rate_deg_s,0.1216389300353639,0.01418507469067391,0.12046052063599832,0.1464175702103735,0.1431318415286637,0.14922165621115943,0.16025424374996486,0.18975742009189825
Hs1_Tp6,1.0,6.0,30.0,deck_edge.minimum_dynamic_elevation_m,-0.18271325038546152,0.0225205013021375,-0.17981674865809372,-0.15129250989640683,-0.15296816384154951,-0.148958459378506,-0.1415570343340275,-0.12314949567962374
Hs1_Tp6,1.0,6.0,30.0,deck_edge.max_immersion_m,0.0,0.0,0.0,0.0,0.0,0.0,0.0,0.0
Hs1_Tp6,1.0,6.0,60.0,landing_center.max_abs_vertical_velocity_m_s,0.04890908208734515,0.006352768071689505,0.04818107986002461,0.06044114005185417,0.059214710878157197,0.06119413695357309,0.0672619811972312,0.0749781413823506
Hs1_Tp6,1.0,6.0,60.0,leg_1.max_abs_vertical_velocity_m_s,0.04954725035579519,0.0063451252803962705,0.049121187698888055,0.060776042831407896,0.05981189107817983,0.06179074298339664,0.06669004755922897,0.07657961397907789
Hs1_Tp6,1.0,6.0,60.0,leg_2.max_abs_vertical_velocity_m_s,0.04670596507052741,0.005856758096857653,0.04624564242177322,0.05750143941799118,0.05645100505870895,0.058273726871390624,0.06172194434272749,0.07538889693282347
Hs1_Tp6,1.0,6.0,60.0,leg_3.max_abs_vertical_velocity_m_s,0.07054348100349073,0.009202982705548675,0.06948821063762742,0.0871587708734454,0.08576385234250025,0.08913146866640653,0.09641418341230834,0.10416698665579266
Hs1_Tp6,1.0,6.0,60.0,leg_4.max_abs_vertical_velocity_m_s,0.05632274431813613,0.007497216799172226,0.05527577154191664,0.0706988043669088,0.06941918201312328,0.07175776029320273,0.07715910071978478,0.08377710304342925
Hs1_Tp6,1.0,6.0,60.0,leg_forward_port.max_abs_vertical_velocity_m_s,0.06778546622293309,0.008745809559372703,0.0669055590025499,0.08315524508142359,0.0814994486194593,0.08553640048358328,0.09220868469390987,0.10446482405111628
Hs1_Tp6,1.0,6.0,60.0,leg_forward_starboard.max_abs_vertical_velocity_m_s,0.06543609158129347,0.008768662249463053,0.0643962459170736,0.08224570684021258,0.08047115479935958,0.08420738556583957,0.0894133539921823,0.10078927666527948
Hs1_Tp6,1.0,6.0,60.0,leg_aft_port.max_abs_vertical_velocity_m_s,0.04947646956703939,0.006357034448936422,0.04890386140049291,0.060559559614197164,0.059785436483066424,0.06164127112304737,0.0672705184359613,0.07971953751079039
Hs1_Tp6,1.0,6.0,60.0,leg_aft_starboard.max_abs_vertical_velocity_m_s,0.09592214564401134,0.012545670534737374,0.09495612580062815,0.11861209983465994,0.11709593112841618,0.12110082693261953,0.13181493546916623,0.14170900105862402
Hs1_Tp6,1.0,6.0,60.0,four_feet.max_vertical_span_m,0.090233132039636,0.01200766557333412,0.08898847908510638,0.11198496976929262,0.10949983649002215,0.11485924285763231,0.1230416230661461,0.1408691169365068
Hs1_Tp6,1.0,6.0,60.0,four_feet.max_vertical_velocity_span_m_s,0.07343426413901032,0.009572452034223168,0.07264596528527593,0.09057098644098989,0.08923421440978667,0.09223592231008533,0.1006242660392084,0.11319892478109725
Hs1_Tp6,1.0,6.0,60.0,platform.max_tilt_deg,0.3988290722768198,0.053749051856564145,0.3941587851276135,0.4954657563223276,0.4842609207831854,0.5076076194158976,0.54169359709196,0.6223127798234168
Hs1_Tp6,1.0,6.0,60.0,platform.max_tilt_rate_deg_s,0.3224816123468831,0.0424479828685689,0.3191456723996622,0.4002548746735669,0.3914858143285447,0.4073044463213324,0.4420861500978834,0.4985157336880383
Hs1_Tp6,1.0,6.0,60.0,deck_edge.minimum_dynamic_elevation_m,-0.35400560110252133,0.04665311634260201,-0.3503743955723655,-0.2865505176790225,-0.2906629314070819,-0.2828507653309563,-0.26122108983157055,-0.22785102710254534
Hs1_Tp6,1.0,6.0,60.0,deck_edge.max_immersion_m,0.0,0.0,0.0,0.0,0.0,0.0,0.0,0.0
Hs1_Tp6,1.0,6.0,90.0,landing_center.max_abs_vertical_velocity_m_s,0.10169826101918779,0.01260387610785007,0.10071050908701716,0.12325338780634017,0.12177823624644336,0.12529670416899236,0.13442938391181142,0.1608649956056659
Hs1_Tp6,1.0,6.0,90.0,leg_1.max_abs_vertical_velocity_m_s,0.08036557524503922,0.010198712466917005,0.07925207419517707,0.09845167683313778,0.09695621833325938,0.10167103451694556,0.10867640630559273,0.12211497418408648
Hs1_Tp6,1.0,6.0,90.0,leg_2.max_abs_vertical_velocity_m_s,0.08036557524503923,0.010198712466917007,0.07925207419517705,0.0984516768331377,0.09695621833325938,0.10159197457689348,0.10867640630559267,0.12211497418408657
Hs1_Tp6,1.0,6.0,90.0,leg_3.max_abs_vertical_velocity_m_s,0.15879297408503412,0.019887745547763437,0.15701140519318654,0.19360100668305943,0.191230950032252,0.19723443320140172,0.21199293193058377,0.24416667466471895
Hs1_Tp6,1.0,6.0,90.0,leg_4.max_abs_vertical_velocity_m_s,0.15879297408503418,0.019887745547763444,0.15701140519318657,0.19360100668305963,0.19109863165023186,0.19723443320140166,0.2119929319305838,0.24416667466471895
Hs1_Tp6,1.0,6.0,90.0,leg_forward_port.max_abs_vertical_velocity_m_s,0.10625850318235137,0.014555766944871273,0.10499384551399372,0.13290853891080479,0.1300884739099397,0.13532477891906755,0.1471943368520175,0.16344997491058605
Hs1_Tp6,1.0,6.0,90.0,leg_forward_starboard.max_abs_vertical_velocity_m_s,0.21551839891494023,0.02700107708838337,0.21339774235011547,0.2640509129546271,0.2609875137714893,0.26945757990957114,0.28737286176084337,0.32259532852121203
Hs1_Tp6,1.0,6.0,90.0,leg_aft_port.max_abs_vertical_velocity_m_s,0.10625850318235142,0.014555766944871273,0.10499384551399392,0.1329085389108047,0.13055227697873192,0.1353247789190675,0.14719433685201733,0.16344997491058638
Hs1_Tp6,1.0,6.0,90.0,leg_aft_starboard.max_abs_vertical_velocity_m_s,0.21551839891494018,0.02700107708838335,0.21339774235011547,0.26405091295462707,0.260493847530415,0.2694156303783421,0.2873728617608434,0.322595328521212
Hs1_Tp6,1.0,6.0,90.0,four_feet.max_vertical_span_m,0.17598860304693487,0.022771923363021144,0.17395208713473193,0.21684987061399,0.2134965630314212,0.22163665158899679,0.2380788378083158,0.27238576268697057
Hs1_Tp6,1.0,6.0,90.0,four_feet.max_vertical_velocity_span_m_s,0.1507419438502594,0.019152634579845645,0.14871741313042514,0.18534458975058868,0.18300764073033085,0.18825128695120003,0.20227392775119368,0.22472503887553508
Hs1_Tp6,1.0,6.0,90.0,platform.max_tilt_deg,1.0294548863036228,0.13320560178741667,1.0175421759317287,1.2684750889143928,1.2488597341903496,1.2964725246995967,1.39265508484032,1.5933353041211311
Hs1_Tp6,1.0,6.0,90.0,platform.max_tilt_rate_deg_s,0.881773182926908,0.11203437559278495,0.8699305805883384,1.084183238375941,1.0704975751674264,1.1068708622569288,1.1832123199464142,1.3145413131297683
Hs1_Tp6,1.0,6.0,90.0,deck_edge.minimum_dynamic_elevation_m,-0.5106676529250989,0.06634782440537301,-0.5049636001258162,-0.4137670114719668,-0.4202234786094299,-0.40662441879377065,-0.3837030646360839,-0.3206851612710908
Hs1_Tp6,1.0,6.0,90.0,deck_edge.max_immersion_m,0.0,0.0,0.0,0.0,0.0,0.0,0.0,0.0
Hs1_Tp6,1.0,6.0,120.0,landing_center.max_abs_vertical_velocity_m_s,0.04890908208734515,0.006352768071689505,0.04818107986002461,0.06044114005185417,0.05918272856302731,0.06114882367446621,0.0672619811972312,0.0749781413823506
Hs1_Tp6,1.0,6.0,120.0,leg_1.max_abs_vertical_velocity_m_s,0.04670596507052741,0.005856758096857654,0.04624564242177322,0.05750143941799118,0.056465086936153076,0.05826690794382122,0.06172194434272749,0.07538889693282347
Hs1_Tp6,1.0,6.0,120.0,leg_2.max_abs_vertical_velocity_m_s,0.04954725035579519,0.00634512528039627,0.049121187698888055,0.06077604283140789,0.05982504196784858,0.06178482359844435,0.06669004755922897,0.07657961397907792
Hs1_Tp6,1.0,6.0,120.0,leg_3.max_abs_vertical_velocity_m_s,0.056322744318136116,0.007497216799172226,0.05527577154191664,0.0706988043669088,0.0694419971720771,0.07201173085239754,0.0771591007197848,0.08377710304342925
Hs1_Tp6,1.0,6.0,120.0,leg_4.max_abs_vertical_velocity_m_s,0.07054348100349071,0.009202982705548673,0.06948821063762742,0.08715877087344537,0.08575852206481928,0.08913081252337629,0.09641418341230834,0.10416698665579266
Hs1_Tp6,1.0,6.0,120.0,leg_forward_port.max_abs_vertical_velocity_m_s,0.04947646956703939,0.006357034448936423,0.04890386140049291,0.06055955961419716,0.059783969401343895,0.061565608470208665,0.0672705184359613,0.07971953751079039
Hs1_Tp6,1.0,6.0,120.0,leg_forward_starboard.max_abs_vertical_velocity_m_s,0.09592214564401133,0.012545670534737374,0.09495612580062815,0.11861209983465994,0.11700218501679073,0.1211927847391186,0.13181493546916623,0.141709001058624
Hs1_Tp6,1.0,6.0,120.0,leg_aft_port.max_abs_vertical_velocity_m_s,0.06778546622293308,0.008745809559372705,0.06690555900254988,0.08315524508142359,0.08149007955414558,0.08547380370696382,0.09220868469390987,0.10446482405111628
Hs1_Tp6,1.0,6.0,120.0,leg_aft_starboard.max_abs_vertical_velocity_m_s,0.06543609158129347,0.008768662249463053,0.06439624591707363,0.08224570684021258,0.08046368126617412,0.08406285897709267,0.0894133539921823,0.10078927666527948
Hs1_Tp6,1.0,6.0,120.0,four_feet.max_vertical_span_m,0.090233132039636,0.012007665573334119,0.08898847908510636,0.11198496976929266,0.10957061487020772,0.1148592428576323,0.12304162306614608,0.1408691169365068
Hs1_Tp6,1.0,6.0,120.0,four_feet.max_vertical_velocity_span_m_s,0.0734342641390103,0.009572452034223168,0.07264596528527592,0.09057098644098989,0.08923602255175077,0.09244312039475158,0.10062426603920842,0.11319892478109725
Hs1_Tp6,1.0,6.0,120.0,platform.max_tilt_deg,0.3988290722768198,0.053749051856564145,0.3941587851276135,0.4954657563223276,0.48423060448305455,0.5077132675023027,0.54169359709196,0.6223127798234168
Hs1_Tp6,1.0,6.0,120.0,platform.max_tilt_rate_deg_s,0.3224816123468831,0.0424479828685689,0.3191456723996622,0.4002548746735669,0.391540291217563,0.4074872376055613,0.4420861500978834,0.4985157336880383
Hs1_Tp6,1.0,6.0,120.0,deck_edge.minimum_dynamic_elevation_m,-0.35400560110252133,0.04665311634260202,-0.3503743955723655,-0.2865505176790225,-0.29078872770133957,-0.2828466720198431,-0.26122108983157055,-0.22785102710254534
Hs1_Tp6,1.0,6.0,120.0,deck_edge.max_immersion_m,0.0,0.0,0.0,0.0,0.0,0.0,0.0,0.0
Hs1_Tp6,1.0,6.0,150.0,landing_center.max_abs_vertical_velocity_m_s,0.028718275680159045,0.0036699829340165395,0.028290460278454936,0.03479152524615531,0.03440594074558386,0.03580905227716051,0.03925547374994114,0.047021095188699014
Hs1_Tp6,1.0,6.0,150.0,leg_1.max_abs_vertical_velocity_m_s,0.03629617543185915,0.004640599003345208,0.03579643726753881,0.044291812208477215,0.04377353701982314,0.04501261401366738,0.049014200232895384,0.05802713786016562
Hs1_Tp6,1.0,6.0,150.0,leg_2.max_abs_vertical_velocity_m_s,0.021581351761425248,0.0027284312423297274,0.021225664461654643,0.026603595595594467,0.02588833998754391,0.0269968152120457,0.028875408346051214,0.03529264891964789
Hs1_Tp6,1.0,6.0,150.0,leg_3.max_abs_vertical_velocity_m_s,0.02483797685191639,0.0031763768015777034,0.024633338677264586,0.030379845084878298,0.029900116206401598,0.031202362016368453,0.03370467943898191,0.03829129742366747
Hs1_Tp6,1.0,6.0,150.0,leg_4.max_abs_vertical_velocity_m_s,0.03965317464403573,0.005051537124525594,0.039011853489829516,0.04840585717542375,0.04797292789221493,0.04915874565358916,0.05425107644152241,0.0644482147496867
Hs1_Tp6,1.0,6.0,150.0,leg_forward_port.max_abs_vertical_velocity_m_s,0.04407389555719679,0.005584034497369646,0.04349108427756792,0.054169483396532936,0.053342863626554514,0.05502463742884043,0.05938613385104192,0.06857779149596713
Hs1_Tp6,1.0,6.0,150.0,leg_forward_starboard.max_abs_vertical_velocity_m_s,0.04997399355599944,0.006345318919391579,0.04905784594339589,0.060925721850017184,0.06015800150302196,0.06149915035582414,0.06776748465535928,0.08029951753952819
Hs1_Tp6,1.0,6.0,150.0,leg_aft_port.max_abs_vertical_velocity_m_s,0.0214899025917459,0.0026456598205142996,0.02114340573028215,0.026461500198934666,0.025806129737238045,0.02676915453337591,0.027950478409141187,0.035756158028269855
Hs1_Tp6,1.0,6.0,150.0,leg_aft_starboard.max_abs_vertical_velocity_m_s,0.025976043379994273,0.0032572548922359416,0.02569598272035211,0.03176953342879267,0.03137596737793507,0.03236082513189977,0.034899799680046806,0.038183790660124325
Hs1_Tp6,1.0,6.0,150.0,four_feet.max_vertical_span_m,0.03248892964331792,0.003910938610682605,0.03217212466218013,0.03919289476985293,0.038748619500959564,0.0400547204563326,0.04306793287503555,0.04976480032404329
Hs1_Tp6,1.0,6.0,150.0,four_feet.max_vertical_velocity_span_m_s,0.028043656617449515,0.0034045351355226844,0.027740317415927918,0.033746937189935815,0.03346036696480319,0.03456397250789724,0.03746723742412139,0.04323770930875262
Hs1_Tp6,1.0,6.0,150.0,platform.max_tilt_deg,0.14411782392243527,0.016733294859739446,0.14266911402625987,0.17463469888201338,0.17186376437926112,0.1767613901101791,0.18846509529700106,0.2272223190937265
Hs1_Tp6,1.0,6.0,150.0,platform.max_tilt_rate_deg_s,0.1216389300353639,0.014185074690673908,0.12046052063599832,0.1464175702103735,0.14317532808983607,0.14922165621115943,0.16025424374996486,0.1897574200918982
Hs1_Tp6,1.0,6.0,150.0,deck_edge.minimum_dynamic_elevation_m,-0.18271325038546152,0.022520501302137494,-0.17981674865809372,-0.15129250989640683,-0.1529269064223957,-0.14895845937850644,-0.1415570343340275,-0.12314949567962374
Hs1_Tp6,1.0,6.0,150.0,deck_edge.max_immersion_m,0.0,0.0,0.0,0.0,0.0,0.0,0.0,0.0
Hs1_Tp6,1.0,6.0,180.0,landing_center.max_abs_vertical_velocity_m_s,0.030509301937124516,0.003769223369400852,0.03030825183617441,0.0373407374906628,0.03664243543667139,0.03778310875317605,0.040108183898598444,0.04610806966233783
Hs1_Tp6,1.0,6.0,180.0,leg_1.max_abs_vertical_velocity_m_s,0.03902773032078335,0.004847570763683816,0.0385217514977019,0.0475986323814245,0.04679341276640321,0.048311292606191346,0.051359916417427785,0.060073694754119715
Hs1_Tp6,1.0,6.0,180.0,leg_2.max_abs_vertical_velocity_m_s,0.022459856436510613,0.0027357144927831734,0.022401015692373624,0.027483571809223603,0.026803295780806282,0.027960926897768065,0.029486889184892298,0.033960108304808403
Hs1_Tp6,1.0,6.0,180.0,leg_3.max_abs_vertical_velocity_m_s,0.022459856436509353,0.0027357144927829783,0.02240101569237169,0.027483571809222253,0.026789511721939874,0.027964743849153394,0.029486889184889842,0.03396010830480681
Hs1_Tp6,1.0,6.0,180.0,leg_4.max_abs_vertical_velocity_m_s,0.03902773032078207,0.00484757076368364,0.03852175149770094,0.04759863238142359,0.04689155247827481,0.04831129260618994,0.05135991641742629,0.060073694754117064
Hs1_Tp6,1.0,6.0,180.0,leg_forward_port.max_abs_vertical_velocity_m_s,0.04631122352616465,0.005769037015852035,0.045744179964044895,0.05628337671186265,0.05560603074010445,0.057522643946049716,0.061265036920060495,0.07250836335618731
Hs1_Tp6,1.0,6.0,180.0,leg_forward_starboard.max_abs_vertical_velocity_m_s,0.0463112235261623,0.0057690370158517005,0.04574417996404354,0.05628337671186102,0.05560603074010218,0.057522885552128464,0.06126503692005656,0.07250836335618246
Hs1_Tp6,1.0,6.0,180.0,leg_aft_port.max_abs_vertical_velocity_m_s,0.0165376190864429,0.001983917475708552,0.016414758029688385,0.0200620490062389,0.019701435644127525,0.020360350983207112,0.021413660236557164,0.024455136156233938
Hs1_Tp6,1.0,6.0,180.0,leg_aft_starboard.max_abs_vertical_velocity_m_s,0.016537619086440778,0.0019839174757082193,0.016414758029685894,0.020062049006237283,0.019699720517127577,0.020360354388834368,0.021413660236554347,0.02445513615623135
Hs1_Tp6,1.0,6.0,180.0,four_feet.max_vertical_span_m,0.021023168369987844,0.002577060477900975,0.020658704183471335,0.025763228575283858,0.025252196042892038,0.026073759114714695,0.028427644307692918,0.034158489460606824
Hs1_Tp6,1.0,6.0,180.0,four_feet.max_vertical_velocity_span_m_s,0.018080879145064455,0.002224286349959501,0.01778816853134175,0.0220481802371677,0.021627490189591262,0.022294783724000258,0.02387554820263965,0.029687936422953802
Hs1_Tp6,1.0,6.0,180.0,platform.max_tilt_deg,0.12297616453205544,0.015074655150069081,0.1208442114896642,0.1507034039966096,0.1477832340054072,0.1525198692428137,0.16628904844963202,0.19981193824575222
Hs1_Tp6,1.0,6.0,180.0,platform.max_tilt_rate_deg_s,0.10576508400141414,0.013011083739856754,0.10405285737791496,0.12897202708746244,0.12702000949057213,0.1304145475694895,0.13966131519225888,0.17366119558735077
Hs1_Tp6,1.0,6.0,180.0,deck_edge.minimum_dynamic_elevation_m,-0.15672416732927316,0.019603467244916198,-0.15437376526655466,-0.1290245400787706,-0.1310370211488084,-0.12712358516539046,-0.12100725884667574,-0.10955269090482878
Hs1_Tp6,1.0,6.0,180.0,deck_edge.max_immersion_m,0.0,0.0,0.0,0.0,0.0,0.0,0.0,0.0
Hs1_Tp8,1.0,8.0,0.0,landing_center.max_abs_vertical_velocity_m_s,0.08340999698460584,0.01010525506444006,0.08256010859350629,0.10183986695723124,0.10016189685588615,0.102869020994507,0.11094053898273391,0.12092014264605282
Hs1_Tp8,1.0,8.0,0.0,leg_1.max_abs_vertical_velocity_m_s,0.06524891483671647,0.00792283324972853,0.06444152588975485,0.07960812034845333,0.07828648828597683,0.08098525708805124,0.08523049509243578,0.09833268633290607
Hs1_Tp8,1.0,8.0,0.0,leg_2.max_abs_vertical_velocity_m_s,0.10706083684729788,0.01334872563992797,0.10572229933004615,0.13189642530213788,0.12964675992325703,0.13321794146908353,0.14321259101042277,0.15727940698556878
Hs1_Tp8,1.0,8.0,0.0,leg_3.max_abs_vertical_velocity_m_s,0.1070608368472982,0.01334872563992801,0.1057222993300469,0.13189642530213844,0.12964930218249446,0.13321794146908453,0.14321259101042216,0.15727940698556886
Hs1_Tp8,1.0,8.0,0.0,leg_4.max_abs_vertical_velocity_m_s,0.06524891483671684,0.007922833249728572,0.06444152588975442,0.0796081203484527,0.07829477577476644,0.08109237375774514,0.08523049509243706,0.09833268633290691
Hs1_Tp8,1.0,8.0,0.0,leg_forward_port.max_abs_vertical_velocity_m_s,0.05839580216424684,0.0074618535768975055,0.05773798460454621,0.07211434061074146,0.07068742084170927,0.07311070196892112,0.0784345585418353,0.09003530631357434
Hs1_Tp8,1.0,8.0,0.0,leg_forward_starboard.max_abs_vertical_velocity_m_s,0.05839580216424744,0.007461853576897709,0.05773798460454503,0.07211434061074008,0.07069128107958493,0.07313213943086852,0.07843455854183863,0.09003530631357691
Hs1_Tp8,1.0,8.0,0.0,leg_aft_port.max_abs_vertical_velocity_m_s,0.1290538037126388,0.016307734817161478,0.12784354034549225,0.1596355403560799,0.15588930457189748,0.1614833206130819,0.17413424348601816,0.18876174328250034
Hs1_Tp8,1.0,8.0,0.0,leg_aft_starboard.max_abs_vertical_velocity_m_s,0.12905380371263933,0.016307734817161565,0.1278435403454938,0.15963554035608138,0.15592657077991462,0.1614502008241328,0.17413424348601833,0.18876174328249937
Hs1_Tp8,1.0,8.0,0.0,four_feet.max_vertical_span_m,0.0865005635019834,0.011078881421697608,0.08553571222264132,0.10705798024621015,0.10486287533381368,0.1094672715487506,0.11671852762941619,0.13775695052103787
Hs1_Tp8,1.0,8.0,0.0,four_feet.max_vertical_velocity_span_m_s,0.06091726710742545,0.007777269759682298,0.06000977519458379,0.07531970334965503,0.0736683310153218,0.0763580787171092,0.08208488804907745,0.09874150799167525
Hs1_Tp8,1.0,8.0,0.0,platform.max_tilt_deg,0.5059897415140228,0.06480651824540773,0.5003457915827254,0.6262414666298874,0.6134010812930338,0.6403223496942575,0.6827513629289885,0.805816759613383
Hs1_Tp8,1.0,8.0,0.0,platform.max_tilt_rate_deg_s,0.3563388605754004,0.04549356161473187,0.3510304373719524,0.4405866931483142,0.4309161842581307,0.44964516105015884,0.48016000826640026,0.5775938107532332
Hs1_Tp8,1.0,8.0,0.0,deck_edge.minimum_dynamic_elevation_m,-0.6019753429081462,0.07744456636957549,-0.594985876009158,-0.49031305917259166,-0.4956429533284208,-0.48510645361003857,-0.45133499698491275,-0.43110451761695723
Hs1_Tp8,1.0,8.0,0.0,deck_edge.max_immersion_m,0.0,0.0,0.0,0.0,0.0,0.0,0.0,0.0
Hs1_Tp8,1.0,8.0,30.0,landing_center.max_abs_vertical_velocity_m_s,0.09335454017736176,0.011325436328023046,0.09248689768384702,0.11363341643974835,0.11241613038524838,0.1156732133064586,0.12394132041810808,0.14013876249221208
Hs1_Tp8,1.0,8.0,30.0,leg_1.max_abs_vertical_velocity_m_s,0.08422173251924452,0.010413952825569249,0.08323732998495219,0.10407023138400356,0.10173856935360036,0.10544771798667789,0.11331513574118854,0.1287879084141578
Hs1_Tp8,1.0,8.0,30.0,leg_2.max_abs_vertical_velocity_m_s,0.11865300873170252,0.014782979110353185,0.11739895580123458,0.1455565500599312,0.14254891392499525,0.14915080324824515,0.1583544235965284,0.1729430907978491
Hs1_Tp8,1.0,8.0,30.0,leg_3.max_abs_vertical_velocity_m_s,0.11872660464627177,0.014647602659941403,0.11762132890348001,0.14643328906686967,0.14324286573391945,0.14874654376316043,0.15527711813207323,0.1782754606532273
Hs1_Tp8,1.0,8.0,30.0,leg_4.max_abs_vertical_velocity_m_s,0.0782812874454288,0.009709462648143137,0.07739527730110349,0.09616333953368228,0.09373358375189694,0.09782385873740096,0.10503503238633133,0.11809486157487158
Hs1_Tp8,1.0,8.0,30.0,leg_forward_port.max_abs_vertical_velocity_m_s,0.09340575262726142,0.0117880825924094,0.09203110358121463,0.11520863102494451,0.11293912407368803,0.11792778559080322,0.1283719008130593,0.14406472316797048
Hs1_Tp8,1.0,8.0,30.0,leg_forward_starboard.max_abs_vertical_velocity_m_s,0.07995853325275931,0.009912123209423192,0.07886219780692422,0.09815828816016284,0.09647062246935875,0.09944171423302837,0.10718436207658533,0.11873965400669756
Hs1_Tp8,1.0,8.0,30.0,leg_aft_port.max_abs_vertical_velocity_m_s,0.143479867051217,0.01850498889280145,0.14144668188127568,0.17784402758963538,0.1739326347072373,0.182061999788216,0.19558220996042103,0.21436175389082182
Hs1_Tp8,1.0,8.0,30.0,leg_aft_starboard.max_abs_vertical_velocity_m_s,0.14654553189004815,0.01833613254094722,0.1451348237783327,0.18014849358332397,0.1775140636459262,0.18339533663345448,0.19341967626596213,0.22017419340638553
Hs1_Tp8,1.0,8.0,30.0,four_feet.max_vertical_span_m,0.1232756551960918,0.015603798534761555,0.12155906325454258,0.15235494540557365,0.1488123822915872,0.1544389402148877,0.1646764996767701,0.19354109449485635
Hs1_Tp8,1.0,8.0,30.0,four_feet.max_vertical_velocity_span_m_s,0.08791809823059474,0.010975979125986066,0.08659614637722936,0.10877451978491699,0.1065319058326094,0.10947014954197831,0.11606974631605674,0.14023466327851808
Hs1_Tp8,1.0,8.0,30.0,platform.max_tilt_deg,0.6053255689651382,0.07794558477557452,0.5977585250457627,0.7538017001255072,0.7355683828880143,0.7621749179325427,0.8196583915732422,0.9419789744600674
Hs1_Tp8,1.0,8.0,30.0,platform.max_tilt_rate_deg_s,0.43257031089620296,0.05578975590803561,0.4263032288355892,0.5332505520872974,0.5256553627150206,0.5441959277725349,0.581926906611795,0.6714256222544425
Hs1_Tp8,1.0,8.0,30.0,deck_edge.minimum_dynamic_elevation_m,-0.7257160203075345,0.09375295294347527,-0.7173960610052055,-0.5886567986732556,-0.5955096934501835,-0.5793923807112282,-0.5358273368683352,-0.5003345520782814
Hs1_Tp8,1.0,8.0,30.0,deck_edge.max_immersion_m,0.0,0.0,0.0,0.0,0.0,0.0,0.0,0.0
Hs1_Tp8,1.0,8.0,60.0,landing_center.max_abs_vertical_velocity_m_s,0.20514768109753478,0.02672503160953946,0.20234732664545457,0.25367978739521563,0.24894531215818816,0.2591646785286905,0.2762191341467234,0.3067337965040822
Hs1_Tp8,1.0,8.0,60.0,leg_1.max_abs_vertical_velocity_m_s,0.22832091702856325,0.030636655569975624,0.22602341268764287,0.28487392199679845,0.27900711766055597,0.28986802873728135,0.31310346957144575,0.3391792551720094
Hs1_Tp8,1.0,8.0,60.0,leg_2.max_abs_vertical_velocity_m_s,0.20624360168027756,0.027387916841320723,0.2031157771449295,0.2577951551892941,0.25200506993924066,0.26257198071015153,0.28020282739874786,0.30957945852533103
Hs1_Tp8,1.0,8.0,60.0,leg_3.max_abs_vertical_velocity_m_s,0.2580963781460548,0.03505908187648122,0.25398486180529256,0.32346370574246974,0.3145747794952632,0.3309152831571433,0.35807967717213046,0.38612716287059123
Hs1_Tp8,1.0,8.0,60.0,leg_4.max_abs_vertical_velocity_m_s,0.2214073045358019,0.02955005482722291,0.21845458395917067,0.2756165096650575,0.26824775095063064,0.2821973183631933,0.30421236178516203,0.3339447594885327
Hs1_Tp8,1.0,8.0,60.0,leg_forward_port.max_abs_vertical_velocity_m_s,0.2964984100644505,0.040732511347551195,0.2923046202449065,0.3712738923794987,0.3649631568159059,0.3758062070185221,0.40842599083175934,0.4481333476398349
Hs1_Tp8,1.0,8.0,60.0,leg_forward_starboard.max_abs_vertical_velocity_m_s,0.24522462849943263,0.03394253094051039,0.24283411168529345,0.3065376177826693,0.2999648332333803,0.3147401209292051,0.3459531156571925,0.3746572865675113
Hs1_Tp8,1.0,8.0,60.0,leg_aft_port.max_abs_vertical_velocity_m_s,0.22103269244150994,0.03053723986794244,0.2184855705817404,0.2759480372308485,0.2708746380073656,0.2829906758826575,0.3065494752070504,0.328578334650197
Hs1_Tp8,1.0,8.0,60.0,leg_aft_starboard.max_abs_vertical_velocity_m_s,0.3354851200443817,0.0471016041561225,0.33080429783989995,0.42550152378973183,0.4113527861149018,0.43652863130021197,0.47363508492900175,0.5027140421862214
Hs1_Tp8,1.0,8.0,60.0,four_feet.max_vertical_span_m,0.3468535676118438,0.04980726149703359,0.3411980843688599,0.4400341143292478,0.4316034571404026,0.44731610153855855,0.4781367776745177,0.5245452496251147
Hs1_Tp8,1.0,8.0,60.0,four_feet.max_vertical_velocity_span_m_s,0.2601318966091671,0.037631644407864116,0.25696496167707644,0.3286628491618159,0.32447784613101366,0.3353124409807622,0.3650758742235114,0.3873032956201077
Hs1_Tp8,1.0,8.0,60.0,platform.max_tilt_deg,1.5591034846146645,0.22642229548191248,1.5385716474579438,1.977214799441387,1.9462234050934055,2.0084121915126962,2.1707632484188477,2.3711766252122173
Hs1_Tp8,1.0,8.0,60.0,platform.max_tilt_rate_deg_s,1.1720832441351536,0.17098058098928895,1.1592694748723216,1.4817271567564774,1.461384957066458,1.5135347854028798,1.6411076473324873,1.7652186109350962
Hs1_Tp8,1.0,8.0,60.0,deck_edge.minimum_dynamic_elevation_m,-1.2979808851971821,0.18196342559407655,-1.2765127155760247,-1.027447077620342,-1.045941804775469,-1.0196911291595785,-0.9413022522103315,-0.8125189877913566
Hs1_Tp8,1.0,8.0,60.0,deck_edge.max_immersion_m,0.0,0.0,0.0,0.0,0.0,0.0,0.0,0.0
Hs1_Tp8,1.0,8.0,90.0,landing_center.max_abs_vertical_velocity_m_s,0.3046644305455146,0.03950809771224726,0.30140974305251844,0.37644270053365203,0.3699777741626567,0.38467162412378175,0.4099400328390048,0.45237267176809876
Hs1_Tp8,1.0,8.0,90.0,leg_1.max_abs_vertical_velocity_m_s,0.3404396052213301,0.047251680161764884,0.33520634481311073,0.4261661822136749,0.42061692626851044,0.4326600403246477,0.46974337596552757,0.5161652898243823
Hs1_Tp8,1.0,8.0,90.0,leg_2.max_abs_vertical_velocity_m_s,0.3404396052213301,0.04725168016176487,0.33520634481311046,0.42616618221367486,0.4206187681184146,0.43264337085431603,0.46974337596552757,0.5161652898243823
Hs1_Tp8,1.0,8.0,90.0,leg_3.max_abs_vertical_velocity_m_s,0.39773131447320714,0.053997633481961085,0.391365586228576,0.49375583127810174,0.4859655979151563,0.5091318470543597,0.5577573465520038,0.5885875857698368
Hs1_Tp8,1.0,8.0,90.0,leg_4.max_abs_vertical_velocity_m_s,0.39773131447320725,0.05399763348196111,0.39136558622857587,0.4937558312781023,0.48592390980856326,0.50914444789657,0.5577573465520039,0.5885875857698366
Hs1_Tp8,1.0,8.0,90.0,leg_forward_port.max_abs_vertical_velocity_m_s,0.45426970263966243,0.06469785522702816,0.4477290353832286,0.573716052457577,0.5647490648955138,0.5870199831686695,0.6251396243823286,0.6885881018836696
Hs1_Tp8,1.0,8.0,90.0,leg_forward_starboard.max_abs_vertical_velocity_m_s,0.52786655323839,0.07445898644095325,0.5186541018251013,0.6645931608919561,0.6517855805337792,0.6774333326690682,0.7390556103754286,0.807336857360446
Hs1_Tp8,1.0,8.0,90.0,leg_aft_port.max_abs_vertical_velocity_m_s,0.45426970263966243,0.06469785522702813,0.44772903538322867,0.573716052457576,0.564740166134426,0.58674707927132,0.6251396243823287,0.6885881018836696
Hs1_Tp8,1.0,8.0,90.0,leg_aft_starboard.max_abs_vertical_velocity_m_s,0.5278665532383899,0.07445898644095321,0.5186541018251013,0.6645931608919564,0.6518121720988818,0.6774754231133289,0.7390556103754282,0.807336857360446
Hs1_Tp8,1.0,8.0,90.0,four_feet.max_vertical_span_m,0.54108595690926,0.078262249373197,0.5345684776034614,0.6833358431283579,0.6738561370839105,0.7008624188560967,0.7640189614219197,0.8538133654409309
Hs1_Tp8,1.0,8.0,90.0,four_feet.max_vertical_velocity_span_m_s,0.42017906991527937,0.0604369900499886,0.4135617538431283,0.5304061984513816,0.5197756329995196,0.5430227527995765,0.5879272273015638,0.6664704892847804
Hs1_Tp8,1.0,8.0,90.0,platform.max_tilt_deg,3.165111675452956,0.45779927583642205,3.1269873264804966,3.9972101063117447,3.941480309114693,4.114733527946024,4.469170386304243,4.994427626714524
Hs1_Tp8,1.0,8.0,90.0,platform.max_tilt_rate_deg_s,2.4578602770739453,0.3535294538581647,2.419151927517497,3.1026398486490727,3.040273889932248,3.1630926644325954,3.4391122291886225,3.8985553035409093
Hs1_Tp8,1.0,8.0,90.0,deck_edge.minimum_dynamic_elevation_m,-1.4791857074981674,0.2088684717118725,-1.4580370978595825,-1.179223984855639,-1.2004372983155467,-1.153874473396455,-1.0790830350707283,-0.8804382933297941
Hs1_Tp8,1.0,8.0,90.0,deck_edge.max_immersion_m,0.0,0.0,0.0,0.0,0.0,0.0,0.0,0.0
Hs1_Tp8,1.0,8.0,120.0,landing_center.max_abs_vertical_velocity_m_s,0.20514768109753478,0.02672503160953946,0.20234732664545457,0.25367978739521563,0.24890222419125596,0.25900308506566017,0.2762191341467234,0.3067337965040822
Hs1_Tp8,1.0,8.0,120.0,leg_1.max_abs_vertical_velocity_m_s,0.20624360168027756,0.027387916841320723,0.20311577714492954,0.2577951551892941,0.2519366297503629,0.2626023774504361,0.28020282739874786,0.30957945852533103
Hs1_Tp8,1.0,8.0,120.0,leg_2.max_abs_vertical_velocity_m_s,0.22832091702856325,0.03063665556997562,0.22602341268764287,0.28487392199679845,0.2792742839814015,0.2904677180937264,0.31310346957144575,0.3391792551720095
Hs1_Tp8,1.0,8.0,120.0,leg_3.max_abs_vertical_velocity_m_s,0.2214073045358019,0.02955005482722291,0.21845458395917064,0.2756165096650575,0.2679990121528142,0.2821973183631934,0.30421236178516203,0.3339447594885327
Hs1_Tp8,1.0,8.0,120.0,leg_4.max_abs_vertical_velocity_m_s,0.2580963781460548,0.03505908187648122,0.25398486180529267,0.3234637057424697,0.3154032535178165,0.3308570047478156,0.3580796771721304,0.38612716287059123
Hs1_Tp8,1.0,8.0,120.0,leg_forward_port.max_abs_vertical_velocity_m_s,0.22103269244150994,0.030537239867942444,0.21848557058174042,0.2759480372308486,0.27128863612316906,0.28310602394025497,0.3065494752070504,0.328578334650197
Hs1_Tp8,1.0,8.0,120.0,leg_forward_starboard.max_abs_vertical_velocity_m_s,0.3354851200443817,0.0471016041561225,0.33080429783989995,0.42550152378973183,0.4113527861149018,0.43652863130021197,0.47363508492900175,0.5027140421862214
Hs1_Tp8,1.0,8.0,120.0,leg_aft_port.max_abs_vertical_velocity_m_s,0.2964984100644505,0.040732511347551195,0.2923046202449065,0.3712738923794987,0.36601503393885376,0.3758007606450211,0.40842599083175934,0.4481333476398349
Hs1_Tp8,1.0,8.0,120.0,leg_aft_starboard.max_abs_vertical_velocity_m_s,0.24522462849943263,0.03394253094051038,0.2428341116852934,0.3065376177826692,0.2999648332333803,0.3147401209292051,0.34595311565719244,0.3746572865675113
Hs1_Tp8,1.0,8.0,120.0,four_feet.max_vertical_span_m,0.3468535676118438,0.04980726149703359,0.3411980843688599,0.4400341143292478,0.43159540133348456,0.44754533735302493,0.4781367776745177,0.5245452496251148
Hs1_Tp8,1.0,8.0,120.0,four_feet.max_vertical_velocity_span_m_s,0.2601318966091671,0.037631644407864116,0.2569649616770764,0.3286628491618159,0.3242669204016221,0.33560914664740615,0.3650758742235114,0.3873032956201078
Hs1_Tp8,1.0,8.0,120.0,platform.max_tilt_deg,1.5591034846146645,0.22642229548191248,1.5385716474579436,1.977214799441387,1.9463748208011293,2.00441655286337,2.1707632484188477,2.3711766252122173
Hs1_Tp8,1.0,8.0,120.0,platform.max_tilt_rate_deg_s,1.1720832441351536,0.17098058098928895,1.1592694748723216,1.4817271567564774,1.4627383583439901,1.5135330370072413,1.6411076473324873,1.7652186109350962
Hs1_Tp8,1.0,8.0,120.0,deck_edge.minimum_dynamic_elevation_m,-1.2979808851971824,0.18196342559407655,-1.2765127155760247,-1.027447077620342,-1.0468938849576477,-1.0196911291595785,-0.9413022522103315,-0.812518987791357
Hs1_Tp8,1.0,8.0,120.0,deck_edge.max_immersion_m,0.0,0.0,0.0,0.0,0.0,0.0,0.0,0.0
Hs1_Tp8,1.0,8.0,150.0,landing_center.max_abs_vertical_velocity_m_s,0.09335454017736176,0.011325436328023046,0.09248689768384702,0.11363341643974835,0.11240870102192245,0.1156732133064586,0.12394132041810808,0.14013876249221208
Hs1_Tp8,1.0,8.0,150.0,leg_1.max_abs_vertical_velocity_m_s,0.11865300873170255,0.014782979110353185,0.11739895580123458,0.1455565500599312,0.14253884958522825,0.1490377281874338,0.1583544235965284,0.1729430907978491
Hs1_Tp8,1.0,8.0,150.0,leg_2.max_abs_vertical_velocity_m_s,0.08422173251924452,0.010413952825569247,0.08323732998495217,0.10407023138400356,0.10176095156794786,0.1054564446815043,0.11331513574118854,0.12878790841415777
Hs1_Tp8,1.0,8.0,150.0,leg_3.max_abs_vertical_velocity_m_s,0.07828128744542878,0.009709462648143135,0.07739527730110349,0.09616333953368228,0.09375705064756826,0.09781840729140648,0.10503503238633131,0.11809486157487155
Hs1_Tp8,1.0,8.0,150.0,leg_4.max_abs_vertical_velocity_m_s,0.11872660464627177,0.014647602659941403,0.11762132890348001,0.14643328906686962,0.1432429533574385,0.14856010944198703,0.15527711813207323,0.1782754606532273
Hs1_Tp8,1.0,8.0,150.0,leg_forward_port.max_abs_vertical_velocity_m_s,0.143479867051217,0.01850498889280145,0.14144668188127568,0.17784402758963538,0.17392133507198165,0.182061999788216,0.195582209960421,0.21436175389082185
Hs1_Tp8,1.0,8.0,150.0,leg_forward_starboard.max_abs_vertical_velocity_m_s,0.14654553189004815,0.018336132540947216,0.14513482377833264,0.18014849358332394,0.17750690965626312,0.1830811805038472,0.19341967626596215,0.22017419340638553
Hs1_Tp8,1.0,8.0,150.0,leg_aft_port.max_abs_vertical_velocity_m_s,0.09340575262726142,0.0117880825924094,0.09203110358121462,0.11520863102494448,0.11291602510547026,0.11854091862435866,0.1283719008130593,0.14406472316797045
Hs1_Tp8,1.0,8.0,150.0,leg_aft_starboard.max_abs_vertical_velocity_m_s,0.0799585332527593,0.009912123209423192,0.07886219780692424,0.09815828816016284,0.09660451552332919,0.09945375105472387,0.10718436207658534,0.11873965400669756
Hs1_Tp8,1.0,8.0,150.0,four_feet.max_vertical_span_m,0.12327565519609178,0.015603798534761553,0.12155906325454259,0.15235494540557365,0.14881728750967374,0.15444973300866938,0.1646764996767701,0.19354109449485635
Hs1_Tp8,1.0,8.0,150.0,four_feet.max_vertical_velocity_span_m_s,0.08791809823059472,0.010975979125986064,0.08659614637722933,0.10877451978491695,0.10654978669270186,0.1094709352123446,0.1160697463160567,0.14023466327851805
Hs1_Tp8,1.0,8.0,150.0,platform.max_tilt_deg,0.6053255689651382,0.07794558477557452,0.5977585250457627,0.7538017001255072,0.7342083235033285,0.7621754767129416,0.8196583915732422,0.9419789744600674
Hs1_Tp8,1.0,8.0,150.0,platform.max_tilt_rate_deg_s,0.43257031089620296,0.05578975590803561,0.42630322883558924,0.5332505520872974,0.5257256348026783,0.5441964232749724,0.581926906611795,0.6714256222544425
Hs1_Tp8,1.0,8.0,150.0,deck_edge.minimum_dynamic_elevation_m,-0.7257160203075345,0.09375295294347527,-0.7173960610052055,-0.5886567986732556,-0.5956479407827627,-0.5799133123249305,-0.5358273368683352,-0.5003345520782809
Hs1_Tp8,1.0,8.0,150.0,deck_edge.max_immersion_m,0.0,0.0,0.0,0.0,0.0,0.0,0.0,0.0
Hs1_Tp8,1.0,8.0,180.0,landing_center.max_abs_vertical_velocity_m_s,0.08340999698460584,0.01010525506444006,0.08256010859350629,0.10183986695723124,0.0998411578849751,0.10286756733883633,0.11094053898273391,0.12092014264605282
Hs1_Tp8,1.0,8.0,180.0,leg_1.max_abs_vertical_velocity_m_s,0.10706083684729877,0.013348725639928076,0.1057222993300477,0.13189642530213877,0.12960550677675628,0.13322197436068317,0.14321259101042266,0.15727940698556928
Hs1_Tp8,1.0,8.0,180.0,leg_2.max_abs_vertical_velocity_m_s,0.06524891483671728,0.007922833249728612,0.06444152588975546,0.07960812034845352,0.07829349523988575,0.08098525708805152,0.08523049509243649,0.09833268633290702
Hs1_Tp8,1.0,8.0,180.0,leg_3.max_abs_vertical_velocity_m_s,0.06524891483671601,0.007922833249728492,0.06444152588975383,0.07960812034845251,0.07829477577476597,0.08098525708805047,0.08523049509243635,0.098332686332906
Hs1_Tp8,1.0,8.0,180.0,leg_4.max_abs_vertical_velocity_m_s,0.10706083684729731,0.013348725639927903,0.10572229933004533,0.1318964253021376,0.12960545249629835,0.13322197436068228,0.14321259101042225,0.15727940698556836
Hs1_Tp8,1.0,8.0,180.0,leg_forward_port.max_abs_vertical_velocity_m_s,0.12905380371264039,0.016307734817161686,0.12784354034549447,0.1596355403560836,0.15591431657465976,0.1621322334719076,0.1741342434860203,0.18876174328250256
Hs1_Tp8,1.0,8.0,180.0,leg_forward_starboard.max_abs_vertical_velocity_m_s,0.12905380371263778,0.01630773481716136,0.12784354034549156,0.15963554035607763,0.15588092083999583,0.16212873188493943,0.17413424348601622,0.18876174328249717
Hs1_Tp8,1.0,8.0,180.0,leg_aft_port.max_abs_vertical_velocity_m_s,0.05839580216424804,0.0074618535768977015,0.057737984604546204,0.07211434061074054,0.07068742084170913,0.07311464599860643,0.07843455854183805,0.09003530631357613
Hs1_Tp8,1.0,8.0,180.0,leg_aft_starboard.max_abs_vertical_velocity_m_s,0.058395802164246245,0.007461853576897514,0.05773798460454506,0.07211434061074101,0.07069079975251541,0.07312366884690945,0.0784345585418359,0.09003530631357509
Hs1_Tp8,1.0,8.0,180.0,four_feet.max_vertical_span_m,0.08650056350198394,0.011078881421697705,0.08553571222264114,0.10705798024621055,0.10485097835611693,0.1095028939765018,0.11671852762941655,0.13775695052103976
Hs1_Tp8,1.0,8.0,180.0,four_feet.max_vertical_velocity_span_m_s,0.06091726710742597,0.007777269759682407,0.06000977519458257,0.07531970334965608,0.0737031403127612,0.0764019785625712,0.08208488804907994,0.09874150799167808
Hs1_Tp8,1.0,8.0,180.0,platform.max_tilt_deg,0.5059897415140228,0.06480651824540774,0.5003457915827254,0.6262414666298874,0.6146063445049539,0.6403028606862603,0.6827513629289886,0.8058167596133832
Hs1_Tp8,1.0,8.0,180.0,platform.max_tilt_rate_deg_s,0.3563388605754003,0.04549356161473187,0.3510304373719523,0.44058669314831406,0.4311260087548317,0.4469175207529056,0.48016000826640026,0.5775938107532333
Hs1_Tp8,1.0,8.0,180.0,deck_edge.minimum_dynamic_elevation_m,-0.6019753429081477,0.07744456636957583,-0.5949858760091595,-0.4903130591725918,-0.49579381378469123,-0.4851776727457831,-0.4513349969849132,-0.4311045176169559
Hs1_Tp8,1.0,8.0,180.0,deck_edge.max_immersion_m,0.0,0.0,0.0,0.0,0.0,0.0,0.0,0.0
Hs1_Tp10,1.0,10.0,0.0,landing_center.max_abs_vertical_velocity_m_s,0.14641177418333978,0.018650972031169378,0.14433983022643232,0.17965199906082982,0.17704165555780166,0.18301665288004265,0.19249032493190002,0.2084125784870933
Hs1_Tp10,1.0,10.0,0.0,leg_1.max_abs_vertical_velocity_m_s,0.13788775616382837,0.018213038941702096,0.1362639359779888,0.1697033617421587,0.16794250132075592,0.1719780942446368,0.18213942718078688,0.20180282185456064
Hs1_Tp10,1.0,10.0,0.0,leg_2.max_abs_vertical_velocity_m_s,0.16994159746264206,0.02154098799356462,0.16812893799730744,0.2078995279048233,0.2053067123047259,0.21094299843646527,0.2238890652120493,0.24199455745358178
Hs1_Tp10,1.0,10.0,0.0,leg_3.max_abs_vertical_velocity_m_s,0.16994159746264206,0.021540987993564617,0.16812893799730713,0.20789952790482286,0.2053143345810473,0.21071778097446964,0.2238890652120493,0.24199455745358062
Hs1_Tp10,1.0,10.0,0.0,leg_4.max_abs_vertical_velocity_m_s,0.13788775616382865,0.018213038941702148,0.13626393597798925,0.16970336174215975,0.1679503186868943,0.17198283326884928,0.18213942718078796,0.20180282185456147
Hs1_Tp10,1.0,10.0,0.0,leg_forward_port.max_abs_vertical_velocity_m_s,0.14494507527309788,0.019471347151518412,0.14327409769086635,0.1794639390734868,0.17672122088428002,0.18171771157263972,0.19200009098553483,0.2147762633651539
Hs1_Tp10,1.0,10.0,0.0,leg_forward_starboard.max_abs_vertical_velocity_m_s,0.14494507527309858,0.019471347151518506,0.1432740976908658,0.17946393907348693,0.17672421321078635,0.18179715421430245,0.19200009098553752,0.21477626336515537
Hs1_Tp10,1.0,10.0,0.0,leg_aft_port.max_abs_vertical_velocity_m_s,0.1974252712283087,0.025042758498922464,0.19561268187465436,0.2400561978878971,0.237480121958285,0.24513953822297277,0.2590395321158511,0.2878441410343589
Hs1_Tp10,1.0,10.0,0.0,leg_aft_starboard.max_abs_vertical_velocity_m_s,0.19742527122830858,0.025042758498922468,0.19561268187465564,0.24005619788789653,0.23748012195828663,0.24551579849585053,0.25903953211584846,0.28784414103435746
Hs1_Tp10,1.0,10.0,0.0,four_feet.max_vertical_span_m,0.15925686494425553,0.02166171234511008,0.15726350837844616,0.19737045504441564,0.19268038486466263,0.20082767370478086,0.21944789941878737,0.25108179787483154
Hs1_Tp10,1.0,10.0,0.0,four_feet.max_vertical_velocity_span_m_s,0.10027735113943406,0.013644592161272015,0.09903693369869793,0.12477034528912027,0.1214422013801701,0.12782370284480354,0.13836597648792778,0.15900833109447637
Hs1_Tp10,1.0,10.0,0.0,platform.max_tilt_deg,0.9315816760619179,0.12671136217513979,0.9199214286294748,1.1545291901842878,1.1288458172256648,1.177841681032384,1.2836723994308177,1.4687166055588727
Hs1_Tp10,1.0,10.0,0.0,platform.max_tilt_rate_deg_s,0.5865778086126574,0.07981478248506527,0.5793219194623719,0.729850907387552,0.7093972833781086,0.746540968290495,0.8093792900650532,0.9301278638170486
Hs1_Tp10,1.0,10.0,0.0,deck_edge.minimum_dynamic_elevation_m,-1.0503870913983064,0.14273866154131604,-1.0405203642054281,-0.8379979946952393,-0.8525315264800253,-0.8280396960490364,-0.7739622830583182,-0.657577682602243
Hs1_Tp10,1.0,10.0,0.0,deck_edge.max_immersion_m,0.0,0.0,0.0,0.0,0.0,0.0,0.0,0.0
Hs1_Tp10,1.0,10.0,30.0,landing_center.max_abs_vertical_velocity_m_s,0.18829665433531106,0.024809356801921856,0.1855643331752848,0.23137799010151186,0.22804657946224652,0.23619994691919813,0.2509692337349068,0.27601015510474314
Hs1_Tp10,1.0,10.0,30.0,leg_1.max_abs_vertical_velocity_m_s,0.19099796386940415,0.025671575762686746,0.18894938685924956,0.23639918357076828,0.230940193140056,0.24098978412446428,0.2563739385614505,0.28197167307533466
Hs1_Tp10,1.0,10.0,30.0,leg_2.max_abs_vertical_velocity_m_s,0.20274463431389836,0.02610031967918743,0.19974317797407892,0.24681264841076903,0.24399604870614167,0.2512330534096624,0.26708343039094506,0.29823996237732303
Hs1_Tp10,1.0,10.0,30.0,leg_3.max_abs_vertical_velocity_m_s,0.21062089232334888,0.027261321994092955,0.20844224299772857,0.2581806323782336,0.254791131277759,0.2611658785357025,0.280634705788643,0.3161703001333571
Hs1_Tp10,1.0,10.0,30.0,leg_4.max_abs_vertical_velocity_m_s,0.18126553409233445,0.02425647442196652,0.1788551923925885,0.22325932761514528,0.2195865256492427,0.22715946762862232,0.24431839686255374,0.26744877301009395
Hs1_Tp10,1.0,10.0,30.0,leg_forward_port.max_abs_vertical_velocity_m_s,0.21245456922267664,0.028714045338174732,0.20990956464799262,0.26247162066672725,0.2563596048140462,0.26740204816295066,0.28538597215871997,0.3192329480376688
Hs1_Tp10,1.0,10.0,30.0,leg_forward_starboard.max_abs_vertical_velocity_m_s,0.18240076869960825,0.024401480870333066,0.1803367487744173,0.2241508377231827,0.2205512361397536,0.22870480732662252,0.24595194469767748,0.2767082110039546
Hs1_Tp10,1.0,10.0,30.0,leg_aft_port.max_abs_vertical_velocity_m_s,0.21925339837570187,0.027883568645094167,0.2164647306168732,0.2669332393019234,0.26283094213813235,0.2702213041127249,0.29008717402268014,0.3226726677441551
Hs1_Tp10,1.0,10.0,30.0,leg_aft_starboard.max_abs_vertical_velocity_m_s,0.24352984790618565,0.03155071791909894,0.24105000438813895,0.29978503885304647,0.29408758876094937,0.3025312776245265,0.32753533262529455,0.37247269411756323
Hs1_Tp10,1.0,10.0,30.0,four_feet.max_vertical_span_m,0.22062249499774456,0.03000326923351791,0.2183087631452411,0.27487092285314535,0.2685559265269724,0.27928482904390495,0.30244287073071524,0.34733043099613425
Hs1_Tp10,1.0,10.0,30.0,four_feet.max_vertical_velocity_span_m_s,0.13980888221540358,0.018947390829920138,0.13808167065085072,0.17373148832475788,0.17007508784490677,0.17901251828502185,0.19115256744253556,0.22118182997352012
Hs1_Tp10,1.0,10.0,30.0,platform.max_tilt_deg,1.0102012748406455,0.13670343078866762,0.9988708954295877,1.2510504683824086,1.2298975826727765,1.280726681121926,1.3960863728311654,1.5914824013933757
Hs1_Tp10,1.0,10.0,30.0,platform.max_tilt_rate_deg_s,0.643035401429811,0.08686591725449119,0.6319112417106127,0.796491821228752,0.7848321664279622,0.8217333953360403,0.8768334507042465,1.0166434626637537
Hs1_Tp10,1.0,10.0,30.0,deck_edge.minimum_dynamic_elevation_m,-1.2071468774764655,0.1633838353137784,-1.195553313908396,-0.9731482212287471,-0.990233550184179,-0.9567826370906785,-0.8970566262750508,-0.7931361914426844
Hs1_Tp10,1.0,10.0,30.0,deck_edge.max_immersion_m,0.0,0.0,0.0,0.0,0.0,0.0,0.0,0.0
Hs1_Tp10,1.0,10.0,60.0,landing_center.max_abs_vertical_velocity_m_s,0.3279545652239124,0.04300017671335042,0.32341197899059093,0.40095677040567235,0.3964407358213421,0.41011635026044124,0.4467963206684864,0.4998521968928581
Hs1_Tp10,1.0,10.0,60.0,leg_1.max_abs_vertical_velocity_m_s,0.3601822703721385,0.0479415249242546,0.35561320104612804,0.44304357506869807,0.43733450819814873,0.4514073700290713,0.4923772659472212,0.5528165511455349
Hs1_Tp10,1.0,10.0,60.0,leg_2.max_abs_vertical_velocity_m_s,0.34003951513631403,0.04537360854800846,0.33552818182717564,0.41842175462164105,0.41383369691656796,0.4263642315905662,0.46344000255227524,0.5260105408081173
Hs1_Tp10,1.0,10.0,60.0,leg_3.max_abs_vertical_velocity_m_s,0.34638779370798717,0.04398817805460161,0.34332054605966805,0.42447068689386164,0.416486782559973,0.4314594871486343,0.46699062363078064,0.5095339696135658
Hs1_Tp10,1.0,10.0,60.0,leg_4.max_abs_vertical_velocity_m_s,0.3232807150976056,0.04168594889790143,0.32008629716013803,0.3938300777323123,0.3883899034340443,0.4030844463768735,0.4371923355655081,0.4792685227224014
Hs1_Tp10,1.0,10.0,60.0,leg_forward_port.max_abs_vertical_velocity_m_s,0.4182801462208827,0.05553166133913474,0.4142454023920109,0.5193745358487439,0.5103293508880151,0.527516074839957,0.5677484509985072,0.6380262823903903
Hs1_Tp10,1.0,10.0,60.0,leg_forward_starboard.max_abs_vertical_velocity_m_s,0.3251336960183632,0.041202457234085006,0.32251263267456576,0.39680756972218917,0.3911825772233513,0.40320198934830104,0.43508029223166866,0.46694125558727917
Hs1_Tp10,1.0,10.0,60.0,leg_aft_port.max_abs_vertical_velocity_m_s,0.3556834192394703,0.04784629832960492,0.35069818058263014,0.43974044396265655,0.43358470601333343,0.4476302847717028,0.4844063900066392,0.5520822494248777
Hs1_Tp10,1.0,10.0,60.0,leg_aft_starboard.max_abs_vertical_velocity_m_s,0.3946031783419564,0.04945592868079668,0.3915424577202713,0.4812537415357983,0.47268200055970516,0.4928848622747836,0.5271622637451145,0.5631272829461296
Hs1_Tp10,1.0,10.0,60.0,four_feet.max_vertical_span_m,0.3796478380740062,0.050015657901966076,0.373023230161209,0.4734899854857868,0.4654445773143799,0.47995309673724484,0.5169289031016854,0.5558723993741722
Hs1_Tp10,1.0,10.0,60.0,four_feet.max_vertical_velocity_span_m_s,0.2569813368629015,0.03402952820576912,0.2539708044584156,0.31886284821088473,0.3149328698557324,0.32266561880823813,0.3522818849344044,0.3735388626566388
Hs1_Tp10,1.0,10.0,60.0,platform.max_tilt_deg,1.651828965254121,0.21785285263618162,1.625070921895686,2.060785219468169,2.022578423504292,2.0890400464864376,2.2372296138898773,2.450457161104547
Hs1_Tp10,1.0,10.0,60.0,platform.max_tilt_rate_deg_s,1.1232808036062762,0.1489294283887255,1.1118064097105207,1.3934127004315366,1.3775023415575354,1.407664790709293,1.531927776177683,1.6574261361643887
Hs1_Tp10,1.0,10.0,60.0,deck_edge.minimum_dynamic_elevation_m,-1.536321084926168,0.20299858331306433,-1.515521726120441,-1.2335427832428392,-1.258630395760417,-1.219329947513647,-1.1371272658905938,-1.05726541317173
Hs1_Tp10,1.0,10.0,60.0,deck_edge.max_immersion_m,0.0,0.0,0.0,0.0,0.0,0.0,0.0,0.0
Hs1_Tp10,1.0,10.0,90.0,landing_center.max_abs_vertical_velocity_m_s,0.4263702318423331,0.05532704894228139,0.4210218889928945,0.5233807124762206,0.5175097908619493,0.5326944799751038,0.5762591846461238,0.6447089773860375
Hs1_Tp10,1.0,10.0,90.0,leg_1.max_abs_vertical_velocity_m_s,0.4690473617233589,0.06263531193538577,0.4633442089404476,0.58336470888806,0.5734823220965987,0.5947973247461597,0.6352204484279228,0.7185517732941191
Hs1_Tp10,1.0,10.0,90.0,leg_2.max_abs_vertical_velocity_m_s,0.46904736172335887,0.06263531193538577,0.46334420894044753,0.5833647088880602,0.5745012051101881,0.5947611908963811,0.6352204484279229,0.7185517732941191
Hs1_Tp10,1.0,10.0,90.0,leg_3.max_abs_vertical_velocity_m_s,0.4480138542815033,0.055045781223541694,0.44417002942049943,0.5426369308999466,0.5362880473319391,0.5548550899672513,0.5982746679355772,0.6543911265104075
Hs1_Tp10,1.0,10.0,90.0,leg_4.max_abs_vertical_velocity_m_s,0.4480138542815033,0.055045781223541694,0.44417002942049943,0.5426369308999469,0.5362880473319392,0.5548752576100359,0.5982746679355773,0.6543911265104074
Hs1_Tp10,1.0,10.0,90.0,leg_forward_port.max_abs_vertical_velocity_m_s,0.5453756330791314,0.07225191679940214,0.5383949513174627,0.6798315024553463,0.6656289439116313,0.6931837977741397,0.739855866781677,0.8074457194410397
Hs1_Tp10,1.0,10.0,90.0,leg_forward_starboard.max_abs_vertical_velocity_m_s,0.5065586927843049,0.06135208778638278,0.5016994513944786,0.6128458621855136,0.6016577262954448,0.6243096471691996,0.6687025406961662,0.7502682480146292
Hs1_Tp10,1.0,10.0,90.0,leg_aft_port.max_abs_vertical_velocity_m_s,0.5453756330791314,0.07225191679940211,0.5383949513174626,0.6798315024553463,0.6650627374426216,0.6931748497495631,0.7398558667816774,0.8074457194410395
Hs1_Tp10,1.0,10.0,90.0,leg_aft_starboard.max_abs_vertical_velocity_m_s,0.5065586927843048,0.06135208778638276,0.5016994513944785,0.6128458621855133,0.6015395268901081,0.6243096471691993,0.6687025406961657,0.7502682480146291
Hs1_Tp10,1.0,10.0,90.0,four_feet.max_vertical_span_m,0.45442302198438894,0.060118523775819964,0.4492294468243425,0.5593381801780779,0.5532591027413515,0.5690305033294937,0.6132744287875395,0.6882843218877236
Hs1_Tp10,1.0,10.0,90.0,four_feet.max_vertical_velocity_span_m_s,0.32639031934587026,0.04325377286299323,0.3232229481135829,0.40577101178058084,0.3981775305221247,0.41007619319954214,0.4468718415256279,0.49649401781257524
Hs1_Tp10,1.0,10.0,90.0,platform.max_tilt_deg,2.658172133487115,0.35166656810085023,2.627792033677645,3.271879046206948,3.236492725437132,3.342978082323886,3.587382060144102,4.026156501421433
Hs1_Tp10,1.0,10.0,90.0,platform.max_tilt_rate_deg_s,1.9092378897012796,0.2530152922061675,1.8907101797509582,2.373579558935871,2.3290548496423535,2.39876295133425,2.6140010935104026,2.9042687072262408
Hs1_Tp10,1.0,10.0,90.0,deck_edge.minimum_dynamic_elevation_m,-1.405146773039894,0.18365753588426237,-1.3852044450803602,-1.144316889042083,-1.1631159177784154,-1.124399751606213,-1.0503454069553313,-0.9770954112490968
Hs1_Tp10,1.0,10.0,90.0,deck_edge.max_immersion_m,0.0,0.0,0.0,0.0,0.0,0.0,0.0,0.0
Hs1_Tp10,1.0,10.0,120.0,landing_center.max_abs_vertical_velocity_m_s,0.3279545652239124,0.04300017671335042,0.32341197899059093,0.40095677040567235,0.39670869014498156,0.41019529415965994,0.4467963206684864,0.4998521968928581
Hs1_Tp10,1.0,10.0,120.0,leg_1.max_abs_vertical_velocity_m_s,0.3400395151363141,0.04537360854800846,0.33552818182717564,0.4184217546216411,0.4138668716904267,0.4263642315905662,0.4634400025522753,0.5260105408081173
Hs1_Tp10,1.0,10.0,120.0,leg_2.max_abs_vertical_velocity_m_s,0.3601822703721385,0.0479415249242546,0.355613201046128,0.443043575068698,0.43735375011038063,0.4514073700290713,0.4923772659472212,0.5528165511455349
Hs1_Tp10,1.0,10.0,120.0,leg_3.max_abs_vertical_velocity_m_s,0.32328071509760564,0.04168594889790143,0.32008629716013803,0.3938300777323123,0.3884196490438744,0.40351968996291265,0.4371923355655081,0.47926852272240145
Hs1_Tp10,1.0,10.0,120.0,leg_4.max_abs_vertical_velocity_m_s,0.34638779370798717,0.043988178054601604,0.343320546059668,0.42447068689386164,0.41643366038938173,0.43145713452920753,0.46699062363078064,0.5095339696135658
Hs1_Tp10,1.0,10.0,120.0,leg_forward_port.max_abs_vertical_velocity_m_s,0.3556834192394703,0.04784629832960492,0.3506981805826302,0.43974044396265655,0.43358470601333343,0.4474994755318963,0.4844063900066392,0.5520822494248778
Hs1_Tp10,1.0,10.0,120.0,leg_forward_starboard.max_abs_vertical_velocity_m_s,0.3946031783419564,0.04945592868079668,0.3915424577202713,0.48125374153579825,0.47405185865251354,0.49281182384679934,0.5271622637451144,0.5631272829461296
Hs1_Tp10,1.0,10.0,120.0,leg_aft_port.max_abs_vertical_velocity_m_s,0.4182801462208827,0.055531661339134744,0.41424540239201085,0.5193745358487438,0.5104664598366694,0.5261532391371547,0.5677484509985072,0.6380262823903903
Hs1_Tp10,1.0,10.0,120.0,leg_aft_starboard.max_abs_vertical_velocity_m_s,0.3251336960183633,0.041202457234085006,0.32251263267456576,0.3968075697221893,0.3911331749712457,0.40320198934830104,0.43508029223166866,0.46694125558727917
Hs1_Tp10,1.0,10.0,120.0,four_feet.max_vertical_span_m,0.3796478380740062,0.050015657901966076,0.373023230161209,0.47348998548578675,0.4654412041315363,0.47995448586969636,0.5169289031016854,0.5558723993741721
Hs1_Tp10,1.0,10.0,120.0,four_feet.max_vertical_velocity_span_m_s,0.2569813368629015,0.03402952820576911,0.2539708044584156,0.3188628482108848,0.31494691733066377,0.32266561880823813,0.35228188493440443,0.3735388626566388
Hs1_Tp10,1.0,10.0,120.0,platform.max_tilt_deg,1.651828965254121,0.21785285263618162,1.625070921895686,2.060785219468169,2.0227306100924483,2.089045987620863,2.2372296138898773,2.450457161104547
Hs1_Tp10,1.0,10.0,120.0,platform.max_tilt_rate_deg_s,1.1232808036062762,0.1489294283887255,1.1118064097105207,1.3934127004315366,1.3747579919613147,1.408038140841832,1.531927776177683,1.6574261361643887
Hs1_Tp10,1.0,10.0,120.0,deck_edge.minimum_dynamic_elevation_m,-1.5363210849261681,0.20299858331306436,-1.515521726120441,-1.2335427832428392,-1.2586796221165537,-1.2193250294851439,-1.1371272658905938,-1.05726541317173
Hs1_Tp10,1.0,10.0,120.0,deck_edge.max_immersion_m,0.0,0.0,0.0,0.0,0.0,0.0,0.0,0.0
Hs1_Tp10,1.0,10.0,150.0,landing_center.max_abs_vertical_velocity_m_s,0.18829665433531106,0.024809356801921856,0.1855643331752848,0.23137799010151186,0.22810565508779806,0.23615656646901761,0.2509692337349068,0.27601015510474314
Hs1_Tp10,1.0,10.0,150.0,leg_1.max_abs_vertical_velocity_m_s,0.20274463431389836,0.026100319679187425,0.19974317797407895,0.24681264841076903,0.24399604870614167,0.25123313147031356,0.26708343039094506,0.29823996237732303
Hs1_Tp10,1.0,10.0,150.0,leg_2.max_abs_vertical_velocity_m_s,0.19099796386940415,0.025671575762686746,0.18894938685924956,0.23639918357076828,0.23088983470570046,0.24003714163546203,0.2563739385614505,0.28197167307533466
Hs1_Tp10,1.0,10.0,150.0,leg_3.max_abs_vertical_velocity_m_s,0.18126553409233445,0.024256474421966524,0.17885519239258854,0.2232593276151452,0.21958669531819103,0.22758515259692763,0.24431839686255374,0.26744877301009395
Hs1_Tp10,1.0,10.0,150.0,leg_4.max_abs_vertical_velocity_m_s,0.21062089232334888,0.027261321994092955,0.20844224299772857,0.2581806323782336,0.2544701030093295,0.2611486473361813,0.280634705788643,0.3161703001333571
Hs1_Tp10,1.0,10.0,150.0,leg_forward_port.max_abs_vertical_velocity_m_s,0.21925339837570187,0.027883568645094167,0.21646473061687324,0.2669332393019234,0.2628311640507757,0.2702213041127248,0.2900871740226801,0.32267266774415504
Hs1_Tp10,1.0,10.0,150.0,leg_forward_starboard.max_abs_vertical_velocity_m_s,0.24352984790618565,0.031550717919098935,0.24105000438813895,0.2997850388530464,0.29409475909739924,0.3026165975532868,0.32753533262529455,0.37247269411756323
Hs1_Tp10,1.0,10.0,150.0,leg_aft_port.max_abs_vertical_velocity_m_s,0.21245456922267664,0.028714045338174732,0.2099095646479926,0.2624716206667272,0.2569724271516519,0.26716638551023525,0.2853859721587199,0.3192329480376688
Hs1_Tp10,1.0,10.0,150.0,leg_aft_starboard.max_abs_vertical_velocity_m_s,0.18240076869960825,0.024401480870333066,0.1803367487744173,0.22415083772318267,0.22090110053874837,0.22870480732662252,0.24595194469767748,0.27670821100395465
Hs1_Tp10,1.0,10.0,150.0,four_feet.max_vertical_span_m,0.22062249499774453,0.030003269233517902,0.21830876314524106,0.27487092285314524,0.2685753053695942,0.27928482904390495,0.30244287073071513,0.34733043099613414
Hs1_Tp10,1.0,10.0,150.0,four_feet.max_vertical_velocity_span_m_s,0.13980888221540358,0.018947390829920138,0.1380816706508507,0.17373148832475785,0.17006610492391033,0.1790125182850218,0.19115256744253548,0.2211818299735201
Hs1_Tp10,1.0,10.0,150.0,platform.max_tilt_deg,1.0102012748406453,0.1367034307886676,0.9988708954295878,1.2510504683824084,1.225323420747947,1.2771900157350735,1.396086372831165,1.5914824013933753
Hs1_Tp10,1.0,10.0,150.0,platform.max_tilt_rate_deg_s,0.643035401429811,0.08686591725449119,0.6319112417106127,0.796491821228752,0.7848325986678862,0.8240527837408562,0.8768334507042466,1.0166434626637537
Hs1_Tp10,1.0,10.0,150.0,deck_edge.minimum_dynamic_elevation_m,-1.2071468774764658,0.1633838353137784,-1.195553313908396,-0.9731482212287476,-0.9903295104435879,-0.9567839980218005,-0.8970566262750503,-0.7931361914426849
Hs1_Tp10,1.0,10.0,150.0,deck_edge.max_immersion_m,0.0,0.0,0.0,0.0,0.0,0.0,0.0,0.0
Hs1_Tp10,1.0,10.0,180.0,landing_center.max_abs_vertical_velocity_m_s,0.14641177418333978,0.018650972031169378,0.14433983022643232,0.17965199906082982,0.17704180786901155,0.18302816416927276,0.19249032493190002,0.2084125784870933
Hs1_Tp10,1.0,10.0,180.0,leg_1.max_abs_vertical_velocity_m_s,0.16994159746264226,0.02154098799356464,0.16812893799730777,0.20789952790482324,0.20531433458104786,0.21072614056278036,0.2238890652120492,0.2419945574535813
Hs1_Tp10,1.0,10.0,180.0,leg_2.max_abs_vertical_velocity_m_s,0.13788775616382873,0.018213038941702137,0.13626393597798925,0.1697033617421592,0.16794250132075594,0.17199252182825578,0.18213942718078843,0.20180282185456125
Hs1_Tp10,1.0,10.0,180.0,leg_3.max_abs_vertical_velocity_m_s,0.13788775616382826,0.018213038941702106,0.13626393597798886,0.16970336174215925,0.16795248925577336,0.17197797273119475,0.1821394271807864,0.20180282185456086
Hs1_Tp10,1.0,10.0,180.0,leg_4.max_abs_vertical_velocity_m_s,0.16994159746264187,0.021540987993564593,0.16812893799730672,0.207899527904823,0.20531415355198362,0.21078009363861075,0.22388906521204938,0.24199455745358106
Hs1_Tp10,1.0,10.0,180.0,leg_forward_port.max_abs_vertical_velocity_m_s,0.197425271228309,0.025042758498922485,0.19561268187465475,0.24005619788789662,0.23709358232152103,0.2454919846680732,0.2590395321158492,0.28784414103435824
Hs1_Tp10,1.0,10.0,180.0,leg_forward_starboard.max_abs_vertical_velocity_m_s,0.19742527122830836,0.02504275849892245,0.1956126818746553,0.240056197887897,0.2372807057145889,0.24515716054522635,0.2590395321158504,0.2878441410343581
Hs1_Tp10,1.0,10.0,180.0,leg_aft_port.max_abs_vertical_velocity_m_s,0.14494507527309866,0.0194713471515185,0.1432740976908657,0.17946393907348615,0.17682480525705938,0.18172344124280837,0.1920000909855384,0.21477626336515507
Hs1_Tp10,1.0,10.0,180.0,leg_aft_starboard.max_abs_vertical_velocity_m_s,0.14494507527309775,0.01947134715151842,0.14327409769086652,0.17946393907348754,0.1767242132107872,0.18171771157263775,0.19200009098553392,0.21477626336515426
Hs1_Tp10,1.0,10.0,180.0,four_feet.max_vertical_span_m,0.15925686494425542,0.021661712345110093,0.157263508378446,0.19737045504441492,0.19269843151514202,0.20135579986378135,0.21944789941878753,0.25108179787482987
Hs1_Tp10,1.0,10.0,180.0,four_feet.max_vertical_velocity_span_m_s,0.100277351139434,0.01364459216127204,0.09903693369869776,0.12477034528911876,0.12142405258169522,0.12762308219348859,0.13836597648792787,0.15900833109447568
Hs1_Tp10,1.0,10.0,180.0,platform.max_tilt_deg,0.931581676061918,0.12671136217513979,0.9199214286294748,1.1545291901842878,1.1270943700876426,1.177841681032384,1.2836723994308181,1.4687166055588727
Hs1_Tp10,1.0,10.0,180.0,platform.max_tilt_rate_deg_s,0.5865778086126575,0.07981478248506525,0.579321919462372,0.7298509073875519,0.7102765865564445,0.7465381467581527,0.8093792900650532,0.9301278638170488
Hs1_Tp10,1.0,10.0,180.0,deck_edge.minimum_dynamic_elevation_m,-1.0503870913983062,0.14273866154131604,-1.0405203642054297,-0.8379979946952386,-0.8525315264800257,-0.8283429433610755,-0.7739622830583195,-0.6575776826022413
Hs1_Tp10,1.0,10.0,180.0,deck_edge.max_immersion_m,0.0,0.0,0.0,0.0,0.0,0.0,0.0,0.0
Hs2_Tp6,2.0,6.0,0.0,landing_center.max_abs_vertical_velocity_m_s,0.06101860387424903,0.007538446738801704,0.06061650367234882,0.0746814749813256,0.07327862870685051,0.0755662175063521,0.08021636779719689,0.09221613932467566
Hs2_Tp6,2.0,6.0,0.0,leg_1.max_abs_vertical_velocity_m_s,0.0449197128730203,0.00547142898556622,0.04480203138474595,0.05496714361844602,0.053612869938592995,0.055925439317769256,0.05897377836978317,0.0679202166096155
Hs2_Tp6,2.0,6.0,0.0,leg_2.max_abs_vertical_velocity_m_s,0.07805546064156574,0.00969514152736751,0.07704350299540225,0.09519726476284804,0.09358682553280537,0.0966701872891947,0.1027198328348556,0.12014738950823806
Hs2_Tp6,2.0,6.0,0.0,leg_3.max_abs_vertical_velocity_m_s,0.07805546064156509,0.0096951415273674,0.07704350299540345,0.09519726476284815,0.09358682553280392,0.09662422148192443,0.10271983283485255,0.12014738950823553
Hs2_Tp6,2.0,6.0,0.0,leg_4.max_abs_vertical_velocity_m_s,0.04491971287301964,0.005471428985566083,0.04480203138474467,0.05496714361844571,0.05360711701972673,0.05592145201117751,0.05897377836978112,0.06792021660961492
Hs2_Tp6,2.0,6.0,0.0,leg_forward_port.max_abs_vertical_velocity_m_s,0.03307523817288427,0.003967834951416913,0.032829516059375834,0.04012409801247748,0.0392483080069171,0.04071834419366191,0.042827320473112794,0.048910272312465336
Hs2_Tp6,2.0,6.0,0.0,leg_forward_starboard.max_abs_vertical_velocity_m_s,0.0330752381728831,0.00396783495141663,0.032829516059372704,0.040124098012474865,0.0393997351704055,0.04072070196640838,0.04282732047311022,0.04891027231246524
Hs2_Tp6,2.0,6.0,0.0,leg_aft_port.max_abs_vertical_velocity_m_s,0.09262244705232754,0.011538074031703833,0.0914883599280884,0.11256675342372348,0.11121186285366619,0.11504577110425755,0.12253007384011973,0.14501672671237212
Hs2_Tp6,2.0,6.0,0.0,leg_aft_starboard.max_abs_vertical_velocity_m_s,0.09262244705232638,0.01153807403170364,0.09148835992808847,0.11256675342372384,0.11121186285366745,0.11504528789209882,0.12253007384011437,0.14501672671236746
Hs2_Tp6,2.0,6.0,0.0,four_feet.max_vertical_span_m,0.04204633673997418,0.005154120955801666,0.04131740836694085,0.051526457150564114,0.05046322257473004,0.05214965840862147,0.05685528861538659,0.06831697892120968
Hs2_Tp6,2.0,6.0,0.0,four_feet.max_vertical_velocity_span_m_s,0.03616175829012752,0.004448572699918682,0.03557633706268265,0.044096360474333955,0.04343236875170625,0.044580441852488585,0.047751096405276035,0.05937587284590484
Hs2_Tp6,2.0,6.0,0.0,platform.max_tilt_deg,0.24595232906411088,0.030149310300138163,0.2416884229793284,0.3014068079932192,0.29542818291837997,0.30503973848562727,0.33257809689926404,0.3996238764915044
Hs2_Tp6,2.0,6.0,0.0,platform.max_tilt_rate_deg_s,0.21153016800282828,0.026022167479713507,0.20810571475582992,0.2579440541749248,0.2540422384840802,0.2608094673843535,0.2793226303845177,0.3473223911747016
Hs2_Tp6,2.0,6.0,0.0,deck_edge.minimum_dynamic_elevation_m,-0.31344833465854255,0.0392069344898317,-0.3087475305331049,-0.2580490801575403,-0.2620454107533008,-0.2543932622359648,-0.24201451769334437,-0.21910538180965755
Hs2_Tp6,2.0,6.0,0.0,deck_edge.max_immersion_m,0.0,0.0,0.0,0.0,0.0,0.0,0.0,0.0
Hs2_Tp6,2.0,6.0,30.0,landing_center.max_abs_vertical_velocity_m_s,0.05743655136031809,0.007339965868033079,0.05658092055690987,0.06958305049231062,0.06880814995736287,0.07161326463602506,0.07851094749988229,0.09404219037739803
Hs2_Tp6,2.0,6.0,30.0,leg_1.max_abs_vertical_velocity_m_s,0.0431627035228505,0.005456862484659456,0.04245132892330929,0.05320719119118894,0.051884773265398525,0.053924857023285026,0.057750816692102414,0.07058529783929578
Hs2_Tp6,2.0,6.0,30.0,leg_2.max_abs_vertical_velocity_m_s,0.0725923508637183,0.009281198006690417,0.07159287453507762,0.08858362441695443,0.08735127251701127,0.08989272642006671,0.09802840046579077,0.11605427572033122
Hs2_Tp6,2.0,6.0,30.0,leg_3.max_abs_vertical_velocity_m_s,0.07930634928807145,0.01010307424905119,0.07802370697965905,0.09681171435084751,0.09575156810344389,0.09821470006524216,0.10850215288304481,0.1288964294993734
Hs2_Tp6,2.0,6.0,30.0,leg_4.max_abs_vertical_velocity_m_s,0.04967595370383279,0.006352753603155408,0.04926667735452918,0.060759690169756596,0.05980249873983822,0.06240323294418162,0.06740935887796383,0.07658259484733496
Hs2_Tp6,2.0,6.0,30.0,leg_forward_port.max_abs_vertical_velocity_m_s,0.04297980518349181,0.0052913196410286,0.042286811460564316,0.05292300039786934,0.05169755033686992,0.053668711778010594,0.055900956818282395,0.07151231605653971
Hs2_Tp6,2.0,6.0,30.0,leg_forward_starboard.max_abs_vertical_velocity_m_s,0.051952086759988546,0.006514509784471883,0.051391965440704235,0.06353906685758533,0.06274662810170309,0.06464955150330175,0.06979959936009361,0.07636758132024865
Hs2_Tp6,2.0,6.0,30.0,leg_aft_port.max_abs_vertical_velocity_m_s,0.0881477911143936,0.011168068994739292,0.08698216855513584,0.10833896679306587,0.10670275080705026,0.11003958252757115,0.11877226770208381,0.13715558299193426
Hs2_Tp6,2.0,6.0,30.0,leg_aft_starboard.max_abs_vertical_velocity_m_s,0.09994798711199888,0.012690637838783159,0.09811569188679178,0.12185144370003437,0.12031459806733757,0.12311455228272183,0.13553496931071857,0.16059903507905637
Hs2_Tp6,2.0,6.0,30.0,four_feet.max_vertical_span_m,0.06497785928663584,0.00782187722136521,0.06434424932436027,0.07838578953970585,0.07750863549991004,0.07963844303852573,0.08613586575007108,0.09952960064808658
Hs2_Tp6,2.0,6.0,30.0,four_feet.max_vertical_velocity_span_m_s,0.05608731323489903,0.00680907027104537,0.05548063483185584,0.06749387437987164,0.06691463759353243,0.06912931519109643,0.07493447484824281,0.08647541861750527
Hs2_Tp6,2.0,6.0,30.0,platform.max_tilt_deg,0.28823564784487055,0.03346658971947889,0.28533822805251974,0.34926939776402677,0.3431672147335034,0.3535795650812722,0.376930190594002,0.454444638187453
Hs2_Tp6,2.0,6.0,30.0,platform.max_tilt_rate_deg_s,0.2432778600707278,0.02837014938134782,0.24092104127199665,0.292835140420747,0.2862636830573274,0.29844331242231886,0.3205084874999297,0.3795148401837965
Hs2_Tp6,2.0,6.0,30.0,deck_edge.minimum_dynamic_elevation_m,-0.36542650077092304,0.045041002604275,-0.35963349731618743,-0.30258501979281366,-0.30593632768309903,-0.297916918757012,-0.283114068668055,-0.2462989913592475
Hs2_Tp6,2.0,6.0,30.0,deck_edge.max_immersion_m,0.0,0.0,0.0,0.0,0.0,0.0,0.0,0.0
Hs2_Tp6,2.0,6.0,60.0,landing_center.max_abs_vertical_velocity_m_s,0.0978181641746903,0.01270553614337901,0.09636215972004922,0.12088228010370834,0.11842942175631439,0.12238827390714618,0.1345239623944624,0.1499562827647012
Hs2_Tp6,2.0,6.0,60.0,leg_1.max_abs_vertical_velocity_m_s,0.09909450071159039,0.012690250560792541,0.09824237539777611,0.12155208566281579,0.11962378215635966,0.12358148596679328,0.13338009511845794,0.15315922795815579
Hs2_Tp6,2.0,6.0,60.0,leg_2.max_abs_vertical_velocity_m_s,0.09341193014105482,0.011713516193715306,0.09249128484354643,0.11500287883598236,0.1129020101174179,0.11654745374278125,0.12344388868545499,0.15077779386564694
Hs2_Tp6,2.0,6.0,60.0,leg_3.max_abs_vertical_velocity_m_s,0.14108696200698145,0.01840596541109735,0.13897642127525484,0.1743175417468908,0.1715277046850005,0.17826293733281307,0.19282836682461668,0.20833397331158532
Hs2_Tp6,2.0,6.0,60.0,leg_4.max_abs_vertical_velocity_m_s,0.11264548863627226,0.014994433598344452,0.11055154308383328,0.1413976087338176,0.13883836402624655,0.14351552058640546,0.15431820143956956,0.1675542060868585
Hs2_Tp6,2.0,6.0,60.0,leg_forward_port.max_abs_vertical_velocity_m_s,0.13557093244586618,0.017491619118745406,0.1338111180050998,0.16631049016284719,0.1629988972389186,0.17107280096716657,0.18441736938781975,0.20892964810223255
Hs2_Tp6,2.0,6.0,60.0,leg_forward_starboard.max_abs_vertical_velocity_m_s,0.13087218316258695,0.017537324498926105,0.1287924918341472,0.16449141368042516,0.16094230959871916,0.16841477113167913,0.1788267079843646,0.20157855333055896
Hs2_Tp6,2.0,6.0,60.0,leg_aft_port.max_abs_vertical_velocity_m_s,0.09895293913407878,0.012714068897872844,0.09780772280098582,0.12111911922839433,0.11957087296613285,0.12328254224609474,0.1345410368719226,0.15943907502158078
Hs2_Tp6,2.0,6.0,60.0,leg_aft_starboard.max_abs_vertical_velocity_m_s,0.1918442912880227,0.02509134106947475,0.1899122516012563,0.23722419966931987,0.23419186225683236,0.24220165386523906,0.26362987093833246,0.28341800211724805
Hs2_Tp6,2.0,6.0,60.0,four_feet.max_vertical_span_m,0.180466264079272,0.02401533114666824,0.17797695817021275,0.22396993953858524,0.2189996729800443,0.22971848571526463,0.2460832461322922,0.2817382338730136
Hs2_Tp6,2.0,6.0,60.0,four_feet.max_vertical_velocity_span_m_s,0.14686852827802063,0.019144904068446336,0.14529193057055187,0.18114197288197978,0.17846842881957334,0.18447184462017066,0.2012485320784168,0.2263978495621945
Hs2_Tp6,2.0,6.0,60.0,platform.max_tilt_deg,0.7976581445536396,0.10749810371312829,0.788317570255227,0.9909315126446552,0.9685218415663708,1.0152152388317952,1.08338719418392,1.2446255596468336
Hs2_Tp6,2.0,6.0,60.0,platform.max_tilt_rate_deg_s,0.6449632246937662,0.0848959657371378,0.6382913447993244,0.8005097493471338,0.7829716286570894,0.8146088926426648,0.8841723001957668,0.9970314673760766
Hs2_Tp6,2.0,6.0,60.0,deck_edge.minimum_dynamic_elevation_m,-0.7080112022050427,0.09330623268520402,-0.700748791144731,-0.573101035358045,-0.5813258628141638,-0.5657015306619126,-0.5224421796631411,-0.4557020542050907
Hs2_Tp6,2.0,6.0,60.0,deck_edge.max_immersion_m,0.0,0.0,0.0,0.0,0.0,0.0,0.0,0.0
Hs2_Tp6,2.0,6.0,90.0,landing_center.max_abs_vertical_velocity_m_s,0.20339652203837558,0.02520775221570014,0.20142101817403432,0.24650677561268033,0.24355647249288673,0.2505934083379847,0.26885876782362284,0.3217299912113318
Hs2_Tp6,2.0,6.0,90.0,leg_1.max_abs_vertical_velocity_m_s,0.16073115049007844,0.02039742493383401,0.15850414839035415,0.19690335366627557,0.19391243666651875,0.20334206903389113,0.21735281261118547,0.24422994836817297
Hs2_Tp6,2.0,6.0,90.0,leg_2.max_abs_vertical_velocity_m_s,0.16073115049007847,0.020397424933834014,0.1585041483903541,0.1969033536662754,0.19391243666651875,0.20318394915378696,0.21735281261118533,0.24422994836817313
Hs2_Tp6,2.0,6.0,90.0,leg_3.max_abs_vertical_velocity_m_s,0.31758594817006824,0.039775491095526874,0.3140228103863731,0.38720201336611887,0.382461900064504,0.39446886640280343,0.42398586386116754,0.4883333493294379
Hs2_Tp6,2.0,6.0,90.0,leg_4.max_abs_vertical_velocity_m_s,0.31758594817006836,0.03977549109552689,0.31402281038637314,0.38720201336611926,0.3821972633004637,0.3944688664028033,0.4239858638611676,0.4883333493294379
Hs2_Tp6,2.0,6.0,90.0,leg_forward_port.max_abs_vertical_velocity_m_s,0.21251700636470275,0.029111533889742545,0.20998769102798745,0.26581707782160957,0.2601769478198794,0.2706495578381351,0.294388673704035,0.3268999498211721
Hs2_Tp6,2.0,6.0,90.0,leg_forward_starboard.max_abs_vertical_velocity_m_s,0.43103679782988047,0.05400215417676674,0.42679548470023093,0.5281018259092543,0.5219750275429786,0.5389151598191423,0.5747457235216867,0.6451906570424241
Hs2_Tp6,2.0,6.0,90.0,leg_aft_port.max_abs_vertical_velocity_m_s,0.21251700636470283,0.029111533889742545,0.20998769102798784,0.2658170778216094,0.26110455395746385,0.270649557838135,0.29438867370403465,0.32689994982117276
Hs2_Tp6,2.0,6.0,90.0,leg_aft_starboard.max_abs_vertical_velocity_m_s,0.43103679782988036,0.0540021541767667,0.42679548470023093,0.5281018259092541,0.52098769506083,0.5388312607566842,0.5747457235216868,0.645190657042424
Hs2_Tp6,2.0,6.0,90.0,four_feet.max_vertical_span_m,0.35197720609386973,0.04554384672604229,0.34790417426946385,0.43369974122798,0.4269931260628424,0.44327330317799357,0.4761576756166316,0.5447715253739411
Hs2_Tp6,2.0,6.0,90.0,four_feet.max_vertical_velocity_span_m_s,0.3014838877005188,0.03830526915969129,0.29743482626085027,0.37068917950117736,0.3660152814606617,0.37650257390240005,0.40454785550238737,0.44945007775107015
Hs2_Tp6,2.0,6.0,90.0,platform.max_tilt_deg,2.0589097726072456,0.26641120357483333,2.0350843518634574,2.5369501778287855,2.497719468380699,2.5929450493991935,2.78531016968064,3.1866706082422622
Hs2_Tp6,2.0,6.0,90.0,platform.max_tilt_rate_deg_s,1.763546365853816,0.2240687511855699,1.7398611611766768,2.168366476751882,2.1409951503348528,2.2137417245138575,2.3664246398928284,2.6290826262595366
Hs2_Tp6,2.0,6.0,90.0,deck_edge.minimum_dynamic_elevation_m,-1.0213353058501977,0.13269564881074603,-1.0099272002516324,-0.8275340229439336,-0.8404469572188598,-0.8132488375875413,-0.7674061292721678,-0.6413703225421816
Hs2_Tp6,2.0,6.0,90.0,deck_edge.max_immersion_m,0.0,0.0,0.0,0.0,0.0,0.0,0.0,0.0
Hs2_Tp6,2.0,6.0,120.0,landing_center.max_abs_vertical_velocity_m_s,0.0978181641746903,0.01270553614337901,0.09636215972004922,0.12088228010370834,0.11836545712605462,0.12229764734893242,0.1345239623944624,0.1499562827647012
Hs2_Tp6,2.0,6.0,120.0,leg_1.max_abs_vertical_velocity_m_s,0.09341193014105482,0.011713516193715308,0.09249128484354643,0.11500287883598236,0.11293017387230615,0.11653381588764244,0.12344388868545499,0.15077779386564694
Hs2_Tp6,2.0,6.0,120.0,leg_2.max_abs_vertical_velocity_m_s,0.09909450071159039,0.01269025056079254,0.09824237539777611,0.12155208566281578,0.11965008393569716,0.1235696471968887,0.13338009511845794,0.15315922795815584
Hs2_Tp6,2.0,6.0,120.0,leg_3.max_abs_vertical_velocity_m_s,0.11264548863627223,0.014994433598344452,0.11055154308383328,0.1413976087338176,0.1388839943441542,0.14402346170479507,0.1543182014395696,0.1675542060868585
Hs2_Tp6,2.0,6.0,120.0,leg_4.max_abs_vertical_velocity_m_s,0.14108696200698143,0.018405965411097347,0.13897642127525484,0.17431754174689074,0.17151704412963856,0.17826162504675258,0.19282836682461668,0.20833397331158532
Hs2_Tp6,2.0,6.0,120.0,leg_forward_port.max_abs_vertical_velocity_m_s,0.09895293913407878,0.012714068897872846,0.09780772280098582,0.12111911922839431,0.11956793880268779,0.12313121694041733,0.1345410368719226,0.15943907502158078
Hs2_Tp6,2.0,6.0,120.0,leg_forward_starboard.max_abs_vertical_velocity_m_s,0.19184429128802266,0.02509134106947475,0.1899122516012563,0.23722419966931987,0.23400437003358146,0.2423855694782372,0.26362987093833246,0.283418002117248
Hs2_Tp6,2.0,6.0,120.0,leg_aft_port.max_abs_vertical_velocity_m_s,0.13557093244586615,0.01749161911874541,0.13381111800509976,0.16631049016284719,0.16298015910829117,0.17094760741392764,0.18441736938781975,0.20892964810223255
Hs2_Tp6,2.0,6.0,120.0,leg_aft_starboard.max_abs_vertical_velocity_m_s,0.13087218316258695,0.017537324498926105,0.12879249183414726,0.16449141368042516,0.16092736253234824,0.16812571795418535,0.1788267079843646,0.20157855333055896
Hs2_Tp6,2.0,6.0,120.0,four_feet.max_vertical_span_m,0.180466264079272,0.024015331146668237,0.17797695817021272,0.22396993953858532,0.21914122974041544,0.2297184857152646,0.24608324613229215,0.2817382338730136
Hs2_Tp6,2.0,6.0,120.0,four_feet.max_vertical_velocity_span_m_s,0.1468685282780206,0.019144904068446336,0.14529193057055184,0.18114197288197978,0.17847204510350154,0.18488624078950316,0.20124853207841684,0.2263978495621945
Hs2_Tp6,2.0,6.0,120.0,platform.max_tilt_deg,0.7976581445536396,0.10749810371312829,0.788317570255227,0.9909315126446552,0.9684612089661091,1.0154265350046054,1.08338719418392,1.2446255596468336
Hs2_Tp6,2.0,6.0,120.0,platform.max_tilt_rate_deg_s,0.6449632246937662,0.0848959657371378,0.6382913447993244,0.8005097493471338,0.783080582435126,0.8149744752111227,0.8841723001957668,0.9970314673760766
Hs2_Tp6,2.0,6.0,120.0,deck_edge.minimum_dynamic_elevation_m,-0.7080112022050427,0.09330623268520404,-0.700748791144731,-0.573101035358045,-0.5815774554026791,-0.5656933440396862,-0.5224421796631411,-0.4557020542050907
Hs2_Tp6,2.0,6.0,120.0,deck_edge.max_immersion_m,0.0,0.0,0.0,0.0,0.0,0.0,0.0,0.0
Hs2_Tp6,2.0,6.0,150.0,landing_center.max_abs_vertical_velocity_m_s,0.05743655136031809,0.007339965868033079,0.05658092055690987,0.06958305049231062,0.06881188149116772,0.07161810455432102,0.07851094749988229,0.09404219037739803
Hs2_Tp6,2.0,6.0,150.0,leg_1.max_abs_vertical_velocity_m_s,0.0725923508637183,0.009281198006690417,0.07159287453507762,0.08858362441695443,0.08754707403964627,0.09002522802733476,0.09802840046579077,0.11605427572033124
Hs2_Tp6,2.0,6.0,150.0,leg_2.max_abs_vertical_velocity_m_s,0.043162703522850496,0.005456862484659455,0.04245132892330929,0.053207191191188934,0.05177667997508782,0.0539936304240914,0.05775081669210243,0.07058529783929578
Hs2_Tp6,2.0,6.0,150.0,leg_3.max_abs_vertical_velocity_m_s,0.04967595370383278,0.006352753603155407,0.04926667735452917,0.060759690169756596,0.059800232412803196,0.062404724032736905,0.06740935887796382,0.07658259484733494
Hs2_Tp6,2.0,6.0,150.0,leg_4.max_abs_vertical_velocity_m_s,0.07930634928807145,0.010103074249051188,0.07802370697965903,0.0968117143508475,0.09594585578442986,0.09831749130717832,0.10850215288304482,0.1288964294993734
Hs2_Tp6,2.0,6.0,150.0,leg_forward_port.max_abs_vertical_velocity_m_s,0.08814779111439358,0.011168068994739292,0.08698216855513584,0.10833896679306587,0.10668572725310903,0.11004927485768086,0.11877226770208384,0.13715558299193426
Hs2_Tp6,2.0,6.0,150.0,leg_forward_starboard.max_abs_vertical_velocity_m_s,0.09994798711199888,0.012690637838783159,0.09811569188679178,0.12185144370003437,0.12031600300604392,0.12299830071164829,0.13553496931071857,0.16059903507905637
Hs2_Tp6,2.0,6.0,150.0,leg_aft_port.max_abs_vertical_velocity_m_s,0.0429798051834918,0.005291319641028599,0.0422868114605643,0.05292300039786933,0.05161225947447609,0.05353830906675182,0.055900956818282374,0.07151231605653971
Hs2_Tp6,2.0,6.0,150.0,leg_aft_starboard.max_abs_vertical_velocity_m_s,0.051952086759988546,0.006514509784471883,0.05139196544070422,0.06353906685758534,0.06275193475587014,0.06472165026379954,0.06979959936009361,0.07636758132024865
Hs2_Tp6,2.0,6.0,150.0,four_feet.max_vertical_span_m,0.06497785928663584,0.00782187722136521,0.06434424932436025,0.07838578953970586,0.07749723900191913,0.0801094409126652,0.0861358657500711,0.09952960064808658
Hs2_Tp6,2.0,6.0,150.0,four_feet.max_vertical_velocity_span_m_s,0.05608731323489903,0.006809070271045369,0.055480634831855835,0.06749387437987163,0.06692073392960637,0.06912794501579449,0.07493447484824278,0.08647541861750524
Hs2_Tp6,2.0,6.0,150.0,platform.max_tilt_deg,0.28823564784487055,0.03346658971947889,0.28533822805251974,0.34926939776402677,0.34372752875852225,0.3535227802203582,0.3769301905940021,0.454444638187453
Hs2_Tp6,2.0,6.0,150.0,platform.max_tilt_rate_deg_s,0.2432778600707278,0.028370149381347815,0.24092104127199665,0.292835140420747,0.28635065617967215,0.29844331242231886,0.3205084874999297,0.3795148401837964
Hs2_Tp6,2.0,6.0,150.0,deck_edge.minimum_dynamic_elevation_m,-0.36542650077092304,0.04504100260427499,-0.35963349731618743,-0.30258501979281366,-0.3058538128447914,-0.29791691875701287,-0.283114068668055,-0.2462989913592475
Hs2_Tp6,2.0,6.0,150.0,deck_edge.max_immersion_m,0.0,0.0,0.0,0.0,0.0,0.0,0.0,0.0
Hs2_Tp6,2.0,6.0,180.0,landing_center.max_abs_vertical_velocity_m_s,0.06101860387424903,0.007538446738801704,0.06061650367234882,0.0746814749813256,0.07328487087334278,0.0755662175063521,0.08021636779719689,0.09221613932467566
Hs2_Tp6,2.0,6.0,180.0,leg_1.max_abs_vertical_velocity_m_s,0.0780554606415667,0.009695141527367631,0.0770435029954038,0.095197264762849,0.09358682553280642,0.09662258521238269,0.10271983283485557,0.12014738950823943
Hs2_Tp6,2.0,6.0,180.0,leg_2.max_abs_vertical_velocity_m_s,0.044919712873021225,0.005471428985566347,0.04480203138474725,0.054967143618447206,0.053606591561612564,0.05592185379553613,0.058973778369784596,0.06792021660961681
Hs2_Tp6,2.0,6.0,180.0,leg_3.max_abs_vertical_velocity_m_s,0.044919712873018706,0.0054714289855659565,0.04480203138474338,0.05496714361844451,0.05357902344387975,0.05592948769830679,0.058973778369779684,0.06792021660961362
Hs2_Tp6,2.0,6.0,180.0,leg_4.max_abs_vertical_velocity_m_s,0.07805546064156414,0.00969514152736728,0.07704350299540189,0.09519726476284718,0.09378310495654962,0.09662258521237987,0.10271983283485259,0.12014738950823413
Hs2_Tp6,2.0,6.0,180.0,leg_forward_port.max_abs_vertical_velocity_m_s,0.0926224470523293,0.01153807403170407,0.09148835992808979,0.1125667534237253,0.1112120614802089,0.11504528789209943,0.12253007384012099,0.14501672671237462
Hs2_Tp6,2.0,6.0,180.0,leg_forward_starboard.max_abs_vertical_velocity_m_s,0.0926224470523246,0.011538074031703401,0.09148835992808708,0.11256675342372204,0.11121206148020436,0.11504577110425693,0.12253007384011312,0.14501672671236493
Hs2_Tp6,2.0,6.0,180.0,leg_aft_port.max_abs_vertical_velocity_m_s,0.0330752381728858,0.003967834951417104,0.03282951605937677,0.0401240980124778,0.03940287128825505,0.040720701966414224,0.04282732047311433,0.048910272312467876
Hs2_Tp6,2.0,6.0,180.0,leg_aft_starboard.max_abs_vertical_velocity_m_s,0.033075238172881556,0.003967834951416439,0.03282951605937179,0.04012409801247457,0.039399441034255155,0.040720708777668736,0.04282732047310869,0.0489102723124627
Hs2_Tp6,2.0,6.0,180.0,four_feet.max_vertical_span_m,0.04204633673997569,0.00515412095580195,0.04131740836694267,0.051526457150567716,0.050504392085784076,0.05214751822942939,0.056855288615385836,0.06831697892121365
Hs2_Tp6,2.0,6.0,180.0,four_feet.max_vertical_velocity_span_m_s,0.03616175829012891,0.004448572699919002,0.0355763370626835,0.0440963604743354,0.043254980379182524,0.044589567448000515,0.0477510964052793,0.059375872845907604
Hs2_Tp6,2.0,6.0,180.0,platform.max_tilt_deg,0.24595232906411088,0.030149310300138163,0.2416884229793284,0.3014068079932192,0.2955664680108144,0.3050397384856274,0.33257809689926404,0.39962387649150444
Hs2_Tp6,2.0,6.0,180.0,platform.max_tilt_rate_deg_s,0.21153016800282828,0.026022167479713507,0.20810571475582992,0.2579440541749249,0.25404001898114426,0.260829095138979,0.27932263038451777,0.34732239117470154
Hs2_Tp6,2.0,6.0,180.0,deck_edge.minimum_dynamic_elevation_m,-0.3134483346585463,0.039206934489832396,-0.3087475305331093,-0.2580490801575412,-0.2620740422976168,-0.2542471703307809,-0.24201451769335147,-0.21910538180965755
Hs2_Tp6,2.0,6.0,180.0,deck_edge.max_immersion_m,0.0,0.0,0.0,0.0,0.0,0.0,0.0,0.0
Hs2_Tp8,2.0,8.0,0.0,landing_center.max_abs_vertical_velocity_m_s,0.16681999396921168,0.02021051012888012,0.16512021718701259,0.20367973391446248,0.2003237937117723,0.205738041989014,0.22188107796546783,0.24184028529210563
Hs2_Tp8,2.0,8.0,0.0,leg_1.max_abs_vertical_velocity_m_s,0.13049782967343293,0.01584566649945706,0.1288830517795097,0.15921624069690665,0.15657297657195365,0.16197051417610248,0.17046099018487157,0.19666537266581213
Hs2_Tp8,2.0,8.0,0.0,leg_2.max_abs_vertical_velocity_m_s,0.21412167369459575,0.02669745127985594,0.2114445986600923,0.26379285060427576,0.25929351984651405,0.26643588293816706,0.28642518202084555,0.31455881397113755
Hs2_Tp8,2.0,8.0,0.0,leg_3.max_abs_vertical_velocity_m_s,0.2141216736945964,0.02669745127985602,0.2114445986600938,0.2637928506042769,0.2592986043649889,0.26643588293816906,0.2864251820208443,0.3145588139711377
Hs2_Tp8,2.0,8.0,0.0,leg_4.max_abs_vertical_velocity_m_s,0.13049782967343368,0.015845666499457144,0.12888305177950884,0.1592162406969054,0.15658955154953288,0.16218474751549028,0.17046099018487412,0.19666537266581383
Hs2_Tp8,2.0,8.0,0.0,leg_forward_port.max_abs_vertical_velocity_m_s,0.11679160432849368,0.014923707153795011,0.11547596920909242,0.1442286812214829,0.14137484168341855,0.14622140393784225,0.1568691170836706,0.18007061262714869
Hs2_Tp8,2.0,8.0,0.0,leg_forward_starboard.max_abs_vertical_velocity_m_s,0.11679160432849488,0.014923707153795419,0.11547596920909006,0.14422868122148017,0.14138256215916986,0.14626427886173704,0.15686911708367726,0.18007061262715382
Hs2_Tp8,2.0,8.0,0.0,leg_aft_port.max_abs_vertical_velocity_m_s,0.2581076074252776,0.032615469634322956,0.2556870806909845,0.3192710807121598,0.31177860914379496,0.3229666412261638,0.34826848697203633,0.3775234865650007
Hs2_Tp8,2.0,8.0,0.0,leg_aft_starboard.max_abs_vertical_velocity_m_s,0.25810760742527866,0.03261546963432313,0.2556870806909876,0.31927108071216276,0.31185314155982924,0.3229004016482656,0.34826848697203666,0.37752348656499873
Hs2_Tp8,2.0,8.0,0.0,four_feet.max_vertical_span_m,0.1730011270039668,0.022157762843395216,0.17107142444528264,0.2141159604924203,0.20972575066762736,0.2189345430975012,0.23343705525883238,0.27551390104207574
Hs2_Tp8,2.0,8.0,0.0,four_feet.max_vertical_velocity_span_m_s,0.1218345342148509,0.015554539519364596,0.12001955038916758,0.15063940669931006,0.1473366620306436,0.1527161574342184,0.1641697760981549,0.1974830159833505
Hs2_Tp8,2.0,8.0,0.0,platform.max_tilt_deg,1.0119794830280455,0.12961303649081546,1.0006915831654508,1.2524829332597749,1.2268021625860677,1.280644699388515,1.365502725857977,1.611633519226766
Hs2_Tp8,2.0,8.0,0.0,platform.max_tilt_rate_deg_s,0.7126777211508007,0.09098712322946374,0.7020608747439048,0.8811733862966284,0.8618323685162614,0.8992903221003177,0.9603200165328005,1.1551876215064665
Hs2_Tp8,2.0,8.0,0.0,deck_edge.minimum_dynamic_elevation_m,-1.2039506858162925,0.15488913273915098,-1.189971752018316,-0.9806261183451833,-0.9912859066568416,-0.9702129072200771,-0.9026699939698255,-0.8622090352339145
Hs2_Tp8,2.0,8.0,0.0,deck_edge.max_immersion_m,0.0,0.0,0.0,0.0,0.0,0.0,0.0,0.0
Hs2_Tp8,2.0,8.0,30.0,landing_center.max_abs_vertical_velocity_m_s,0.18670908035472353,0.02265087265604609,0.18497379536769404,0.2272668328794967,0.22483226077049676,0.2313464266129172,0.24788264083621617,0.28027752498442415
Hs2_Tp8,2.0,8.0,30.0,leg_1.max_abs_vertical_velocity_m_s,0.16844346503848903,0.020827905651138498,0.16647465996990438,0.20814046276800713,0.20347713870720072,0.21089543597335578,0.22663027148237708,0.2575758168283156
Hs2_Tp8,2.0,8.0,30.0,leg_2.max_abs_vertical_velocity_m_s,0.23730601746340504,0.02956595822070637,0.23479791160246916,0.2911131001198624,0.2850978278499905,0.2983016064964903,0.3167088471930568,0.3458861815956982
Hs2_Tp8,2.0,8.0,30.0,leg_3.max_abs_vertical_velocity_m_s,0.23745320929254354,0.029295205319882806,0.23524265780696002,0.29286657813373934,0.2864857314678389,0.29749308752632087,0.31055423626414647,0.3565509213064546
Hs2_Tp8,2.0,8.0,30.0,leg_4.max_abs_vertical_velocity_m_s,0.1565625748908576,0.019418925296286273,0.15479055460220698,0.19232667906736456,0.18746716750379389,0.19564771747480192,0.21007006477266266,0.23618972314974315
Hs2_Tp8,2.0,8.0,30.0,leg_forward_port.max_abs_vertical_velocity_m_s,0.18681150525452284,0.0235761651848188,0.18406220716242927,0.23041726204988902,0.22587824814737606,0.23585557118160644,0.2567438016261186,0.28812944633594095
Hs2_Tp8,2.0,8.0,30.0,leg_forward_starboard.max_abs_vertical_velocity_m_s,0.15991706650551862,0.019824246418846385,0.15772439561384843,0.19631657632032568,0.1929412449387175,0.19888342846605675,0.21436872415317065,0.23747930801339512
Hs2_Tp8,2.0,8.0,30.0,leg_aft_port.max_abs_vertical_velocity_m_s,0.286959734102434,0.0370099777856029,0.28289336376255136,0.35568805517927077,0.3478652694144746,0.364123999576432,0.39116441992084205,0.42872350778164364
Hs2_Tp8,2.0,8.0,30.0,leg_aft_starboard.max_abs_vertical_velocity_m_s,0.2930910637800963,0.03667226508189444,0.2902696475566654,0.36029698716664793,0.3550281272918524,0.36679067326690895,0.38683935253192425,0.44034838681277105
Hs2_Tp8,2.0,8.0,30.0,four_feet.max_vertical_span_m,0.2465513103921836,0.03120759706952311,0.24311812650908515,0.3047098908111473,0.2976247645831744,0.3088778804297754,0.3293529993535402,0.3870821889897127
Hs2_Tp8,2.0,8.0,30.0,four_feet.max_vertical_velocity_span_m_s,0.17583619646118948,0.02195195825197213,0.17319229275445872,0.21754903956983399,0.2130638116652188,0.21894029908395662,0.23213949263211348,0.28046932655703616
Hs2_Tp8,2.0,8.0,30.0,platform.max_tilt_deg,1.2106511379302765,0.15589116955114904,1.1955170500915253,1.5076034002510144,1.4711367657760286,1.5243498358650853,1.6393167831464843,1.8839579489201348
Hs2_Tp8,2.0,8.0,30.0,platform.max_tilt_rate_deg_s,0.8651406217924059,0.11157951181607122,0.8526064576711784,1.0665011041745949,1.0513107254300411,1.0883918555450698,1.16385381322359,1.342851244508885
Hs2_Tp8,2.0,8.0,30.0,deck_edge.minimum_dynamic_elevation_m,-1.451432040615069,0.18750590588695054,-1.434792122010411,-1.1773135973465112,-1.191019386900367,-1.1587847614224565,-1.0716546737366703,-1.0006691041565627
Hs2_Tp8,2.0,8.0,30.0,deck_edge.max_immersion_m,0.0,0.0,0.0,0.0,0.0,0.0,0.0,0.0
Hs2_Tp8,2.0,8.0,60.0,landing_center.max_abs_vertical_velocity_m_s,0.41029536219506957,0.05345006321907892,0.40469465329090915,0.5073595747904313,0.4978906243163763,0.518329357057381,0.5524382682934468,0.6134675930081644
Hs2_Tp8,2.0,8.0,60.0,leg_1.max_abs_vertical_velocity_m_s,0.4566418340571265,0.06127331113995125,0.45204682537528573,0.5697478439935969,0.5580142353211119,0.5797360574745627,0.6262069391428915,0.6783585103440188
Hs2_Tp8,2.0,8.0,60.0,leg_2.max_abs_vertical_velocity_m_s,0.4124872033605551,0.054775833682641446,0.406231554289859,0.5155903103785882,0.5040101398784813,0.5251439614203031,0.5604056547974957,0.6191589170506621
Hs2_Tp8,2.0,8.0,60.0,leg_3.max_abs_vertical_velocity_m_s,0.5161927562921096,0.07011816375296244,0.5079697236105851,0.6469274114849395,0.6291495589905264,0.6618305663142866,0.7161593543442609,0.7722543257411825
Hs2_Tp8,2.0,8.0,60.0,leg_4.max_abs_vertical_velocity_m_s,0.4428146090716038,0.05910010965444582,0.43690916791834133,0.551233019330115,0.5364955019012613,0.5643946367263866,0.6084247235703241,0.6678895189770654
Hs2_Tp8,2.0,8.0,60.0,leg_forward_port.max_abs_vertical_velocity_m_s,0.592996820128901,0.08146502269510239,0.584609240489813,0.7425477847589974,0.7299263136318118,0.7516124140370442,0.8168519816635187,0.8962666952796698
Hs2_Tp8,2.0,8.0,60.0,leg_forward_starboard.max_abs_vertical_velocity_m_s,0.49044925699886527,0.06788506188102078,0.4856682233705869,0.6130752355653386,0.5999296664667606,0.6294802418584102,0.691906231314385,0.7493145731350226
Hs2_Tp8,2.0,8.0,60.0,leg_aft_port.max_abs_vertical_velocity_m_s,0.4420653848830199,0.06107447973588488,0.4369711411634808,0.551896074461697,0.5417492760147312,0.565981351765315,0.6130989504141008,0.657156669300394
Hs2_Tp8,2.0,8.0,60.0,leg_aft_starboard.max_abs_vertical_velocity_m_s,0.6709702400887634,0.094203208312245,0.6616085956797999,0.8510030475794637,0.8227055722298036,0.8730572626004239,0.9472701698580035,1.0054280843724428
Hs2_Tp8,2.0,8.0,60.0,four_feet.max_vertical_span_m,0.6937071352236877,0.09961452299406719,0.6823961687377198,0.8800682286584957,0.8632069142808052,0.8946322030771171,0.9562735553490354,1.0490904992502295
Hs2_Tp8,2.0,8.0,60.0,four_feet.max_vertical_velocity_span_m_s,0.5202637932183342,0.07526328881572823,0.5139299233541529,0.6573256983236317,0.6489556922620273,0.6706248819615244,0.7301517484470228,0.7746065912402154
Hs2_Tp8,2.0,8.0,60.0,platform.max_tilt_deg,3.118206969229329,0.45284459096382496,3.0771432949158877,3.954429598882774,3.892446810186811,4.0168243830253925,4.341526496837695,4.742353250424435
Hs2_Tp8,2.0,8.0,60.0,platform.max_tilt_rate_deg_s,2.3441664882703073,0.3419611619785779,2.318538949744643,2.9634543135129547,2.922769914132916,3.0270695708057596,3.2822152946649745,3.5304372218701925
Hs2_Tp8,2.0,8.0,60.0,deck_edge.minimum_dynamic_elevation_m,-2.5959617703943643,0.3639268511881531,-2.5530254311520495,-2.054894155240684,-2.091883609550938,-2.039382258319157,-1.882604504420663,-1.6250379755827131
Hs2_Tp8,2.0,8.0,60.0,deck_edge.max_immersion_m,0.033220799402138325,0.11333776696283598,0.0,0.28224099212835524,0.20000538881849325,0.36098410144845794,0.6154429611165956,0.9137202861312819
Hs2_Tp8,2.0,8.0,90.0,landing_center.max_abs_vertical_velocity_m_s,0.6093288610910292,0.07901619542449452,0.6028194861050369,0.7528854010673041,0.7399555483253134,0.7693432482475635,0.8198800656780096,0.9047453435361975
Hs2_Tp8,2.0,8.0,90.0,leg_1.max_abs_vertical_velocity_m_s,0.6808792104426602,0.09450336032352977,0.6704126896262215,0.8523323644273498,0.8412338525370209,0.8653200806492954,0.9394867519310551,1.0323305796487645
Hs2_Tp8,2.0,8.0,90.0,leg_2.max_abs_vertical_velocity_m_s,0.6808792104426602,0.09450336032352974,0.6704126896262209,0.8523323644273497,0.8412375362368292,0.8652867417086321,0.9394867519310551,1.0323305796487645
Hs2_Tp8,2.0,8.0,90.0,leg_3.max_abs_vertical_velocity_m_s,0.7954626289464143,0.10799526696392217,0.782731172457152,0.9875116625562035,0.9719311958303126,1.0182636941087193,1.1155146931040076,1.1771751715396737
Hs2_Tp8,2.0,8.0,90.0,leg_4.max_abs_vertical_velocity_m_s,0.7954626289464145,0.10799526696392223,0.7827311724571517,0.9875116625562046,0.9718478196171265,1.01828889579314,1.1155146931040079,1.1771751715396732
Hs2_Tp8,2.0,8.0,90.0,leg_forward_port.max_abs_vertical_velocity_m_s,0.9085394052793249,0.12939571045405632,0.8954580707664572,1.147432104915154,1.1294981297910276,1.174039966337339,1.2502792487646572,1.3771762037673392
Hs2_Tp8,2.0,8.0,90.0,leg_forward_starboard.max_abs_vertical_velocity_m_s,1.05573310647678,0.1489179728819065,1.0373082036502026,1.3291863217839122,1.3035711610675584,1.3548666653381365,1.478111220750857,1.614673714720892
Hs2_Tp8,2.0,8.0,90.0,leg_aft_port.max_abs_vertical_velocity_m_s,0.9085394052793249,0.12939571045405626,0.8954580707664573,1.147432104915152,1.129480332268852,1.17349415854264,1.2502792487646575,1.3771762037673392
Hs2_Tp8,2.0,8.0,90.0,leg_aft_starboard.max_abs_vertical_velocity_m_s,1.0557331064767799,0.14891797288190642,1.0373082036502026,1.3291863217839128,1.3036243441977635,1.3549508462266577,1.4781112207508564,1.614673714720892
Hs2_Tp8,2.0,8.0,90.0,four_feet.max_vertical_span_m,1.08217191381852,0.156524498746394,1.0691369552069228,1.3666716862567159,1.347712274167821,1.4017248377121934,1.5280379228438394,1.7076267308818618
Hs2_Tp8,2.0,8.0,90.0,four_feet.max_vertical_velocity_span_m_s,0.8403581398305587,0.1208739800999772,0.8271235076862566,1.0608123969027632,1.0395512659990391,1.086045505599153,1.1758544546031275,1.3329409785695607
Hs2_Tp8,2.0,8.0,90.0,platform.max_tilt_deg,6.330223350905912,0.9155985516728441,6.253974652960993,7.994420212623489,7.882960618229386,8.229467055892048,8.938340772608486,9.988855253429048
Hs2_Tp8,2.0,8.0,90.0,platform.max_tilt_rate_deg_s,4.9157205541478906,0.7070589077163294,4.838303855034994,6.205279697298145,6.080547779864496,6.326185328865191,6.878224458377245,7.797110607081819
Hs2_Tp8,2.0,8.0,90.0,deck_edge.minimum_dynamic_elevation_m,-2.9583714149963347,0.417736943423745,-2.916074195719165,-2.358447969711278,-2.4008745966310934,-2.30774894679291,-2.1581660701414567,-1.7608765866595881
Hs2_Tp8,2.0,8.0,90.0,deck_edge.max_immersion_m,0.14454511666034756,0.25900660038615386,0.0,0.7475997969397462,0.6430342646538998,0.810587161843043,1.1213202967011973,1.6374347012715802
Hs2_Tp8,2.0,8.0,120.0,landing_center.max_abs_vertical_velocity_m_s,0.41029536219506957,0.05345006321907892,0.40469465329090915,0.5073595747904313,0.4978044483825119,0.5180061701313203,0.5524382682934468,0.6134675930081644
Hs2_Tp8,2.0,8.0,120.0,leg_1.max_abs_vertical_velocity_m_s,0.4124872033605551,0.054775833682641446,0.4062315542898591,0.5155903103785882,0.5038732595007258,0.5252047549008722,0.5604056547974957,0.6191589170506621
Hs2_Tp8,2.0,8.0,120.0,leg_2.max_abs_vertical_velocity_m_s,0.4566418340571265,0.06127331113995124,0.45204682537528573,0.5697478439935969,0.558548567962803,0.5809354361874528,0.6262069391428915,0.678358510344019
Hs2_Tp8,2.0,8.0,120.0,leg_3.max_abs_vertical_velocity_m_s,0.4428146090716038,0.05910010965444582,0.4369091679183413,0.551233019330115,0.5359980243056284,0.5643946367263868,0.6084247235703241,0.6678895189770654
Hs2_Tp8,2.0,8.0,120.0,leg_4.max_abs_vertical_velocity_m_s,0.5161927562921096,0.07011816375296244,0.5079697236105853,0.6469274114849394,0.630806507035633,0.6617140094956312,0.7161593543442608,0.7722543257411825
Hs2_Tp8,2.0,8.0,120.0,leg_forward_port.max_abs_vertical_velocity_m_s,0.4420653848830199,0.06107447973588489,0.43697114116348085,0.5518960744616972,0.5425772722463381,0.5662120478805099,0.6130989504141008,0.657156669300394
Hs2_Tp8,2.0,8.0,120.0,leg_forward_starboard.max_abs_vertical_velocity_m_s,0.6709702400887634,0.094203208312245,0.6616085956797999,0.8510030475794637,0.8227055722298036,0.8730572626004239,0.9472701698580035,1.0054280843724428
Hs2_Tp8,2.0,8.0,120.0,leg_aft_port.max_abs_vertical_velocity_m_s,0.592996820128901,0.08146502269510239,0.584609240489813,0.7425477847589974,0.7320300678777075,0.7516015212900422,0.8168519816635187,0.8962666952796698
Hs2_Tp8,2.0,8.0,120.0,leg_aft_starboard.max_abs_vertical_velocity_m_s,0.49044925699886527,0.06788506188102077,0.4856682233705868,0.6130752355653384,0.5999296664667606,0.6294802418584102,0.6919062313143849,0.7493145731350226
Hs2_Tp8,2.0,8.0,120.0,four_feet.max_vertical_span_m,0.6937071352236877,0.09961452299406719,0.6823961687377198,0.8800682286584957,0.8631908026669691,0.8950906747060499,0.9562735553490354,1.0490904992502297
Hs2_Tp8,2.0,8.0,120.0,four_feet.max_vertical_velocity_span_m_s,0.5202637932183342,0.07526328881572823,0.5139299233541528,0.6573256983236317,0.6485338408032442,0.6712182932948123,0.7301517484470228,0.7746065912402156
Hs2_Tp8,2.0,8.0,120.0,platform.max_tilt_deg,3.118206969229329,0.45284459096382496,3.0771432949158872,3.954429598882774,3.8927496416022587,4.00883310572674,4.341526496837695,4.742353250424435
Hs2_Tp8,2.0,8.0,120.0,platform.max_tilt_rate_deg_s,2.3441664882703073,0.3419611619785779,2.318538949744643,2.9634543135129547,2.9254767166879803,3.0270660740144826,3.2822152946649745,3.5304372218701925
Hs2_Tp8,2.0,8.0,120.0,deck_edge.minimum_dynamic_elevation_m,-2.5959617703943647,0.3639268511881531,-2.5530254311520495,-2.054894155240684,-2.0937877699152954,-2.039382258319157,-1.882604504420663,-1.625037975582714
Hs2_Tp8,2.0,8.0,120.0,deck_edge.max_immersion_m,0.033220799402138325,0.11333776696283597,0.0,0.2822409921283548,0.2000130735376763,0.3477460551981092,0.6154429611165956,0.9137202861312819
Hs2_Tp8,2.0,8.0,150.0,landing_center.max_abs_vertical_velocity_m_s,0.18670908035472353,0.02265087265604609,0.18497379536769404,0.2272668328794967,0.2248174020438449,0.2313464266129172,0.24788264083621617,0.28027752498442415
Hs2_Tp8,2.0,8.0,150.0,leg_1.max_abs_vertical_velocity_m_s,0.2373060174634051,0.02956595822070637,0.23479791160246916,0.2911131001198624,0.2850776991704565,0.2980754563748676,0.3167088471930568,0.3458861815956982
Hs2_Tp8,2.0,8.0,150.0,leg_2.max_abs_vertical_velocity_m_s,0.16844346503848903,0.020827905651138495,0.16647465996990435,0.20814046276800713,0.20352190313589572,0.2109128893630086,0.22663027148237708,0.25757581682831554
Hs2_Tp8,2.0,8.0,150.0,leg_3.max_abs_vertical_velocity_m_s,0.15656257489085756,0.01941892529628627,0.15479055460220698,0.19232667906736456,0.18751410129513651,0.19563681458281296,0.21007006477266263,0.2361897231497431
Hs2_Tp8,2.0,8.0,150.0,leg_4.max_abs_vertical_velocity_m_s,0.23745320929254354,0.029295205319882806,0.23524265780696002,0.29286657813373923,0.286485906714877,0.29712021888397405,0.31055423626414647,0.3565509213064546
Hs2_Tp8,2.0,8.0,150.0,leg_forward_port.max_abs_vertical_velocity_m_s,0.286959734102434,0.0370099777856029,0.28289336376255136,0.35568805517927077,0.3478426701439633,0.364123999576432,0.391164419920842,0.4287235077816437
Hs2_Tp8,2.0,8.0,150.0,leg_forward_starboard.max_abs_vertical_velocity_m_s,0.2930910637800963,0.03667226508189443,0.2902696475566653,0.3602969871666479,0.35501381931252624,0.3661623610076944,0.3868393525319243,0.44034838681277105
Hs2_Tp8,2.0,8.0,150.0,leg_aft_port.max_abs_vertical_velocity_m_s,0.18681150525452284,0.0235761651848188,0.18406220716242924,0.23041726204988897,0.22583205021094052,0.23708183724871731,0.2567438016261186,0.2881294463359409
Hs2_Tp8,2.0,8.0,150.0,leg_aft_starboard.max_abs_vertical_velocity_m_s,0.1599170665055186,0.019824246418846385,0.1577243956138485,0.19631657632032568,0.19320903104665837,0.19890750210944774,0.21436872415317068,0.23747930801339512
Hs2_Tp8,2.0,8.0,150.0,four_feet.max_vertical_span_m,0.24655131039218356,0.031207597069523106,0.24311812650908518,0.3047098908111473,0.2976345750193475,0.30889946601733875,0.3293529993535402,0.3870821889897127
Hs2_Tp8,2.0,8.0,150.0,four_feet.max_vertical_velocity_span_m_s,0.17583619646118945,0.021951958251972128,0.17319229275445866,0.2175490395698339,0.21309957338540372,0.2189418704246892,0.2321394926321134,0.2804693265570361
Hs2_Tp8,2.0,8.0,150.0,platform.max_tilt_deg,1.2106511379302765,0.15589116955114904,1.1955170500915253,1.5076034002510144,1.468416647006657,1.5243509534258832,1.6393167831464843,1.8839579489201348
Hs2_Tp8,2.0,8.0,150.0,platform.max_tilt_rate_deg_s,0.8651406217924059,0.11157951181607122,0.8526064576711785,1.0665011041745949,1.0514512696053566,1.0883928465499448,1.16385381322359,1.342851244508885
Hs2_Tp8,2.0,8.0,150.0,deck_edge.minimum_dynamic_elevation_m,-1.451432040615069,0.18750590588695054,-1.434792122010411,-1.1773135973465112,-1.1912958815655255,-1.159826624649861,-1.0716546737366703,-1.0006691041565619
Hs2_Tp8,2.0,8.0,150.0,deck_edge.max_immersion_m,0.0,0.0,0.0,0.0,0.0,0.0,0.0,0.0
Hs2_Tp8,2.0,8.0,180.0,landing_center.max_abs_vertical_velocity_m_s,0.16681999396921168,0.02021051012888012,0.16512021718701259,0.20367973391446248,0.1996823157699502,0.20573513467767265,0.22188107796546783,0.24184028529210563
Hs2_Tp8,2.0,8.0,180.0,leg_1.max_abs_vertical_velocity_m_s,0.21412167369459753,0.026697451279856153,0.2114445986600954,0.26379285060427754,0.25921101355351256,0.26644394872136634,0.2864251820208453,0.31455881397113855
Hs2_Tp8,2.0,8.0,180.0,leg_2.max_abs_vertical_velocity_m_s,0.13049782967343457,0.015845666499457223,0.12888305177951093,0.15921624069690704,0.1565869904797715,0.16197051417610303,0.17046099018487298,0.19666537266581405
Hs2_Tp8,2.0,8.0,180.0,leg_3.max_abs_vertical_velocity_m_s,0.13049782967343201,0.015845666499456984,0.12888305177950765,0.15921624069690501,0.15658955154953194,0.16197051417610095,0.1704609901848727,0.196665372665812
Hs2_Tp8,2.0,8.0,180.0,leg_4.max_abs_vertical_velocity_m_s,0.21412167369459462,0.026697451279855806,0.21144459866009066,0.2637928506042752,0.2592109049925967,0.26644394872136457,0.2864251820208445,0.3145588139711367
Hs2_Tp8,2.0,8.0,180.0,leg_forward_port.max_abs_vertical_velocity_m_s,0.25810760742528077,0.03261546963432337,0.25568708069098894,0.3192710807121672,0.3118286331493195,0.3242644669438152,0.3482684869720406,0.3775234865650051
Hs2_Tp8,2.0,8.0,180.0,leg_forward_starboard.max_abs_vertical_velocity_m_s,0.25810760742527555,0.03261546963432272,0.2556870806909831,0.31927108071215526,0.31176184167999166,0.32425746376987885,0.34826848697203244,0.37752348656499435
Hs2_Tp8,2.0,8.0,180.0,leg_aft_port.max_abs_vertical_velocity_m_s,0.11679160432849608,0.014923707153795403,0.11547596920909241,0.14422868122148108,0.14137484168341827,0.14622929199721285,0.1568691170836761,0.18007061262715227
Hs2_Tp8,2.0,8.0,180.0,leg_aft_starboard.max_abs_vertical_velocity_m_s,0.11679160432849249,0.014923707153795028,0.11547596920909012,0.14422868122148202,0.14138159950503082,0.1462473376938189,0.1568691170836718,0.18007061262715018
Hs2_Tp8,2.0,8.0,180.0,four_feet.max_vertical_span_m,0.17300112700396789,0.02215776284339541,0.17107142444528228,0.2141159604924211,0.20970195671223385,0.2190057879530036,0.2334370552588331,0.2755139010420795
Hs2_Tp8,2.0,8.0,180.0,four_feet.max_vertical_velocity_span_m_s,0.12183453421485194,0.015554539519364814,0.12001955038916513,0.15063940669931217,0.1474062806255224,0.1528039571251424,0.1641697760981599,0.19748301598335616
Hs2_Tp8,2.0,8.0,180.0,platform.max_tilt_deg,1.0119794830280455,0.1296130364908155,1.0006915831654508,1.2524829332597749,1.2292126890099078,1.2806057213725206,1.3655027258579773,1.6116335192267663
Hs2_Tp8,2.0,8.0,180.0,platform.max_tilt_rate_deg_s,0.7126777211508006,0.09098712322946374,0.7020608747439046,0.8811733862966281,0.8622520175096634,0.8938350415058112,0.9603200165328005,1.1551876215064667
Hs2_Tp8,2.0,8.0,180.0,deck_edge.minimum_dynamic_elevation_m,-1.2039506858162954,0.15488913273915167,-1.189971752018319,-0.9806261183451837,-0.9915876275693825,-0.9703553454915662,-0.9026699939698264,-0.8622090352339118
Hs2_Tp8,2.0,8.0,180.0,deck_edge.max_immersion_m,0.0,0.0,0.0,0.0,0.0,0.0,0.0,0.0
Hs2_Tp10,2.0,10.0,0.0,landing_center.max_abs_vertical_velocity_m_s,0.29282354836667956,0.037301944062338756,0.28867966045286464,0.35930399812165964,0.3540833111156033,0.3660333057600853,0.38498064986380004,0.4168251569741866
Hs2_Tp10,2.0,10.0,0.0,leg_1.max_abs_vertical_velocity_m_s,0.27577551232765674,0.03642607788340419,0.2725278719559776,0.3394067234843174,0.33588500264151183,0.3439561884892736,0.36427885436157376,0.4036056437091213
Hs2_Tp10,2.0,10.0,0.0,leg_2.max_abs_vertical_velocity_m_s,0.3398831949252841,0.04308197598712924,0.3362578759946149,0.4157990558096466,0.4106134246094518,0.42188599687293055,0.4477781304240986,0.48398911490716356
Hs2_Tp10,2.0,10.0,0.0,leg_3.max_abs_vertical_velocity_m_s,0.3398831949252841,0.043081975987129234,0.33625787599461426,0.4157990558096457,0.4106286691620946,0.4214355619489393,0.4477781304240986,0.48398911490716123
Hs2_Tp10,2.0,10.0,0.0,leg_4.max_abs_vertical_velocity_m_s,0.2757755123276573,0.036426077883404295,0.2725278719559785,0.3394067234843195,0.3359006373737886,0.34396566653769856,0.3642788543615759,0.40360564370912294
Hs2_Tp10,2.0,10.0,0.0,leg_forward_port.max_abs_vertical_velocity_m_s,0.28989015054619577,0.038942694303036825,0.2865481953817327,0.3589278781469736,0.35344244176856005,0.36343542314527943,0.38400018197106967,0.4295525267303078
Hs2_Tp10,2.0,10.0,0.0,leg_forward_starboard.max_abs_vertical_velocity_m_s,0.28989015054619716,0.03894269430303701,0.2865481953817316,0.35892787814697386,0.3534484264215727,0.3635943084286049,0.38400018197107505,0.42955252673031075
Hs2_Tp10,2.0,10.0,0.0,leg_aft_port.max_abs_vertical_velocity_m_s,0.3948505424566174,0.05008551699784493,0.3912253637493087,0.4801123957757942,0.47496024391657,0.49027907644594554,0.5180790642317022,0.5756882820687178
Hs2_Tp10,2.0,10.0,0.0,leg_aft_starboard.max_abs_vertical_velocity_m_s,0.39485054245661716,0.050085516997844935,0.3912253637493113,0.48011239577579307,0.47496024391657327,0.49103159699170107,0.5180790642316969,0.5756882820687149
Hs2_Tp10,2.0,10.0,0.0,four_feet.max_vertical_span_m,0.31851372988851107,0.04332342469022016,0.3145270167568923,0.3947409100888313,0.38536076972932526,0.4016553474095617,0.43889579883757474,0.5021635957496631
Hs2_Tp10,2.0,10.0,0.0,four_feet.max_vertical_velocity_span_m_s,0.20055470227886812,0.02728918432254403,0.19807386739739585,0.24954069057824055,0.2428844027603402,0.2556474056896071,0.27673195297585557,0.31801666218895275
Hs2_Tp10,2.0,10.0,0.0,platform.max_tilt_deg,1.8631633521238358,0.25342272435027957,1.8398428572589496,2.3090583803685756,2.2576916344513296,2.355683362064768,2.5673447988616354,2.9374332111177455
Hs2_Tp10,2.0,10.0,0.0,platform.max_tilt_rate_deg_s,1.1731556172253148,0.15962956497013053,1.1586438389247438,1.459701814775104,1.4187945667562172,1.49308193658099,1.6187585801301063,1.8602557276340972
Hs2_Tp10,2.0,10.0,0.0,deck_edge.minimum_dynamic_elevation_m,-2.100774182796613,0.2854773230826321,-2.0810407284108563,-1.6759959893904786,-1.7050630529600506,-1.6560793920980728,-1.5479245661166363,-1.315155365204486
Hs2_Tp10,2.0,10.0,0.0,deck_edge.max_immersion_m,0.0007271419237830141,0.012973238947562625,0.0,0.0,0.0,0.0,0.0,0.33193040741624324
Hs2_Tp10,2.0,10.0,30.0,landing_center.max_abs_vertical_velocity_m_s,0.37659330867062213,0.04961871360384371,0.3711286663505696,0.4627559802030237,0.45609315892449304,0.47239989383839626,0.5019384674698136,0.5520203102094863
Hs2_Tp10,2.0,10.0,30.0,leg_1.max_abs_vertical_velocity_m_s,0.3819959277388083,0.05134315152537349,0.3778987737184991,0.47279836714153656,0.461880386280112,0.48197956824892857,0.512747877122901,0.5639433461506693
Hs2_Tp10,2.0,10.0,30.0,leg_2.max_abs_vertical_velocity_m_s,0.4054892686277967,0.05220063935837486,0.39948635594815785,0.49362529682153805,0.48799209741228333,0.5024661068193248,0.5341668607818901,0.5964799247546461
Hs2_Tp10,2.0,10.0,30.0,leg_3.max_abs_vertical_velocity_m_s,0.42124178464669776,0.05452264398818591,0.41688448599545713,0.5163612647564672,0.509582262555518,0.522331757071405,0.561269411577286,0.6323406002667142
Hs2_Tp10,2.0,10.0,30.0,leg_4.max_abs_vertical_velocity_m_s,0.3625310681846689,0.04851294884393304,0.357710384785177,0.44651865523029055,0.4391730512984854,0.45431893525724465,0.4886367937251075,0.5348975460201879
Hs2_Tp10,2.0,10.0,30.0,leg_forward_port.max_abs_vertical_velocity_m_s,0.4249091384453533,0.057428090676349464,0.41981912929598525,0.5249432413334545,0.5127192096280924,0.5348040963259013,0.5707719443174399,0.6384658960753375
Hs2_Tp10,2.0,10.0,30.0,leg_forward_starboard.max_abs_vertical_velocity_m_s,0.3648015373992165,0.04880296174066613,0.3606734975488346,0.4483016754463654,0.4411024722795072,0.45740961465324503,0.49190388939535495,0.5534164220079092
Hs2_Tp10,2.0,10.0,30.0,leg_aft_port.max_abs_vertical_velocity_m_s,0.43850679675140375,0.05576713729018833,0.4329294612337464,0.5338664786038468,0.5256618842762647,0.5404426082254498,0.5801743480453603,0.6453453354883102
Hs2_Tp10,2.0,10.0,30.0,leg_aft_starboard.max_abs_vertical_velocity_m_s,0.4870596958123713,0.06310143583819788,0.4821000087762779,0.5995700777060929,0.5881751775218987,0.605062555249053,0.6550706652505891,0.7449453882351265
Hs2_Tp10,2.0,10.0,30.0,four_feet.max_vertical_span_m,0.4412449899954891,0.06000653846703582,0.4366175262904822,0.5497418457062907,0.5371118530539448,0.5585696580878099,0.6048857414614305,0.6946608619922685
Hs2_Tp10,2.0,10.0,30.0,four_feet.max_vertical_velocity_span_m_s,0.27961776443080716,0.037894781659840275,0.27616334130170145,0.34746297664951575,0.34015017568981354,0.3580250365700437,0.3823051348850711,0.44236365994704024
Hs2_Tp10,2.0,10.0,30.0,platform.max_tilt_deg,2.020402549681291,0.27340686157733524,1.9977417908591755,2.5021009367648173,2.459795165345553,2.561453362243852,2.792172745662331,3.1829648027867514
Hs2_Tp10,2.0,10.0,30.0,platform.max_tilt_rate_deg_s,1.286070802859622,0.17373183450898239,1.2638224834212255,1.592983642457504,1.5696643328559243,1.6434667906720806,1.753666901408493,2.0332869253275074
Hs2_Tp10,2.0,10.0,30.0,deck_edge.minimum_dynamic_elevation_m,-2.414293754952931,0.3267676706275568,-2.391106627816792,-1.9462964424574942,-1.980467100368358,-1.913565274181357,-1.7941132525501016,-1.5862723828853689
Hs2_Tp10,2.0,10.0,30.0,deck_edge.max_immersion_m,0.010014581656087134,0.06060308371761769,0.0,0.0002297336135353454,0.0,0.0639068357767993,0.3108525772938335,0.839194904024402
Hs2_Tp10,2.0,10.0,60.0,landing_center.max_abs_vertical_velocity_m_s,0.6559091304478248,0.08600035342670084,0.6468239579811819,0.8019135408113447,0.7928814716426842,0.8202327005208825,0.8935926413369728,0.9997043937857162
Hs2_Tp10,2.0,10.0,60.0,leg_1.max_abs_vertical_velocity_m_s,0.720364540744277,0.0958830498485092,0.7112264020922561,0.8860871501373961,0.8746690163962975,0.9028147400581426,0.9847545318944424,1.1056331022910697
Hs2_Tp10,2.0,10.0,60.0,leg_2.max_abs_vertical_velocity_m_s,0.6800790302726281,0.09074721709601692,0.6710563636543513,0.8368435092432821,0.8276673938331359,0.8527284631811324,0.9268800051045505,1.0520210816162345
Hs2_Tp10,2.0,10.0,60.0,leg_3.max_abs_vertical_velocity_m_s,0.6927755874159743,0.08797635610920322,0.6866410921193361,0.8489413737877233,0.832973565119946,0.8629189742972686,0.9339812472615613,1.0190679392271316
Hs2_Tp10,2.0,10.0,60.0,leg_4.max_abs_vertical_velocity_m_s,0.6465614301952112,0.08337189779580285,0.6401725943202761,0.7876601554646246,0.7767798068680886,0.806168892753747,0.8743846711310161,0.9585370454448028
Hs2_Tp10,2.0,10.0,60.0,leg_forward_port.max_abs_vertical_velocity_m_s,0.8365602924417654,0.11106332267826947,0.8284908047840218,1.0387490716974879,1.0206587017760302,1.055032149679914,1.1354969019970145,1.2760525647807806
Hs2_Tp10,2.0,10.0,60.0,leg_forward_starboard.max_abs_vertical_velocity_m_s,0.6502673920367265,0.08240491446817001,0.6450252653491315,0.7936151394443783,0.7823651544467026,0.8064039786966021,0.8701605844633373,0.9338825111745583
Hs2_Tp10,2.0,10.0,60.0,leg_aft_port.max_abs_vertical_velocity_m_s,0.7113668384789406,0.09569259665920984,0.7013963611652603,0.8794808879253131,0.8671694120266669,0.8952605695434056,0.9688127800132784,1.1041644988497554
Hs2_Tp10,2.0,10.0,60.0,leg_aft_starboard.max_abs_vertical_velocity_m_s,0.7892063566839128,0.09891185736159336,0.7830849154405426,0.9625074830715966,0.9453640011194103,0.9857697245495672,1.054324527490229,1.1262545658922591
Hs2_Tp10,2.0,10.0,60.0,four_feet.max_vertical_span_m,0.7592956761480124,0.10003131580393215,0.746046460322418,0.9469799709715736,0.9308891546287598,0.9599061934744897,1.0338578062033708,1.1117447987483444
Hs2_Tp10,2.0,10.0,60.0,four_feet.max_vertical_velocity_span_m_s,0.513962673725803,0.06805905641153824,0.5079416089168312,0.6377256964217695,0.6298657397114648,0.6453312376164763,0.7045637698688088,0.7470777253132777
Hs2_Tp10,2.0,10.0,60.0,platform.max_tilt_deg,3.303657930508242,0.43570570527236324,3.250141843791372,4.121570438936338,4.045156847008584,4.178080092972875,4.474459227779755,4.900914322209094
Hs2_Tp10,2.0,10.0,60.0,platform.max_tilt_rate_deg_s,2.2465616072125525,0.297858856777451,2.2236128194210414,2.7868254008630733,2.7550046831150707,2.815329581418586,3.063855552355366,3.3148522723287774
Hs2_Tp10,2.0,10.0,60.0,deck_edge.minimum_dynamic_elevation_m,-3.072642169852336,0.40599716662612867,-3.031043452240882,-2.4670855664856783,-2.517260791520834,-2.438659895027294,-2.2742545317811875,-2.11453082634346
Hs2_Tp10,2.0,10.0,60.0,deck_edge.max_immersion_m,0.19510849672134833,0.28872916146170813,0.031043452240882008,0.8082631848680603,0.7418574059800601,0.8664292567819473,1.190584045427351,1.6994553616533565
Hs2_Tp10,2.0,10.0,90.0,landing_center.max_abs_vertical_velocity_m_s,0.8527404636846662,0.11065409788456278,0.842043777985789,1.0467614249524413,1.0350195817238985,1.0653889599502075,1.1525183692922476,1.289417954772075
Hs2_Tp10,2.0,10.0,90.0,leg_1.max_abs_vertical_velocity_m_s,0.9380947234467178,0.12527062387077154,0.9266884178808952,1.16672941777612,1.1469646441931973,1.1895946494923193,1.2704408968558456,1.4371035465882382
Hs2_Tp10,2.0,10.0,90.0,leg_2.max_abs_vertical_velocity_m_s,0.9380947234467177,0.12527062387077154,0.9266884178808951,1.1667294177761205,1.1490024102203762,1.1895223817927623,1.2704408968558458,1.4371035465882382
Hs2_Tp10,2.0,10.0,90.0,leg_3.max_abs_vertical_velocity_m_s,0.8960277085630066,0.11009156244708339,0.8883400588409989,1.0852738617998932,1.0725760946638783,1.1097101799345026,1.1965493358711543,1.308782253020815
Hs2_Tp10,2.0,10.0,90.0,leg_4.max_abs_vertical_velocity_m_s,0.8960277085630066,0.11009156244708339,0.8883400588409989,1.0852738617998938,1.0725760946638785,1.1097505152200717,1.1965493358711545,1.3087822530208149
Hs2_Tp10,2.0,10.0,90.0,leg_forward_port.max_abs_vertical_velocity_m_s,1.0907512661582628,0.14450383359880428,1.0767899026349255,1.3596630049106926,1.3312578878232626,1.3863675955482795,1.479711733563354,1.6148914388820794
Hs2_Tp10,2.0,10.0,90.0,leg_forward_starboard.max_abs_vertical_velocity_m_s,1.0131173855686098,0.12270417557276556,1.0033989027889572,1.2256917243710272,1.2033154525908896,1.2486192943383991,1.3374050813923324,1.5005364960292584
Hs2_Tp10,2.0,10.0,90.0,leg_aft_port.max_abs_vertical_velocity_m_s,1.0907512661582628,0.14450383359880423,1.0767899026349252,1.3596630049106926,1.3301254748852431,1.3863496994991262,1.4797117335633547,1.614891438882079
Hs2_Tp10,2.0,10.0,90.0,leg_aft_starboard.max_abs_vertical_velocity_m_s,1.0131173855686095,0.12270417557276551,1.003398902788957,1.2256917243710266,1.2030790537802163,1.2486192943383987,1.3374050813923315,1.5005364960292582
Hs2_Tp10,2.0,10.0,90.0,four_feet.max_vertical_span_m,0.9088460439687779,0.12023704755163993,0.898458893648685,1.1186763603561558,1.106518205482703,1.1380610066589874,1.226548857575079,1.3765686437754472
Hs2_Tp10,2.0,10.0,90.0,four_feet.max_vertical_velocity_span_m_s,0.6527806386917405,0.08650754572598646,0.6464458962271658,0.8115420235611617,0.7963550610442494,0.8201523863990843,0.8937436830512558,0.9929880356251505
Hs2_Tp10,2.0,10.0,90.0,platform.max_tilt_deg,5.31634426697423,0.7033331362017005,5.25558406735529,6.543758092413896,6.472985450874264,6.685956164647772,7.174764120288204,8.052313002842865
Hs2_Tp10,2.0,10.0,90.0,platform.max_tilt_rate_deg_s,3.8184757794025592,0.506030584412335,3.7814203595019165,4.747159117871742,4.658109699284707,4.7975259026685,5.228002187020805,5.8085374144524815
Hs2_Tp10,2.0,10.0,90.0,deck_edge.minimum_dynamic_elevation_m,-2.810293546079788,0.36731507176852474,-2.7704088901607204,-2.288633778084166,-2.3262318355568308,-2.248799503212426,-2.1006908139106626,-1.9541908224981936
Hs2_Tp10,2.0,10.0,90.0,deck_edge.max_immersion_m,0.07697039214871601,0.17392929270331506,0.0,0.5034381317747468,0.43503937971744483,0.548894633788389,0.75376133657141,1.1457035203168147
Hs2_Tp10,2.0,10.0,120.0,landing_center.max_abs_vertical_velocity_m_s,0.6559091304478248,0.08600035342670084,0.6468239579811819,0.8019135408113447,0.7934173802899631,0.8203905883193199,0.8935926413369728,0.9997043937857162
Hs2_Tp10,2.0,10.0,120.0,leg_1.max_abs_vertical_velocity_m_s,0.6800790302726282,0.09074721709601692,0.6710563636543513,0.8368435092432822,0.8277337433808534,0.8527284631811324,0.9268800051045506,1.0520210816162345
Hs2_Tp10,2.0,10.0,120.0,leg_2.max_abs_vertical_velocity_m_s,0.720364540744277,0.0958830498485092,0.711226402092256,0.886087150137396,0.8747075002207613,0.9028147400581426,0.9847545318944424,1.1056331022910697
Hs2_Tp10,2.0,10.0,120.0,leg_3.max_abs_vertical_velocity_m_s,0.6465614301952113,0.08337189779580285,0.6401725943202761,0.7876601554646246,0.7768392980877488,0.8070393799258253,0.8743846711310161,0.9585370454448029
Hs2_Tp10,2.0,10.0,120.0,leg_4.max_abs_vertical_velocity_m_s,0.6927755874159743,0.08797635610920321,0.686641092119336,0.8489413737877233,0.8328673207787635,0.8629142690584151,0.9339812472615613,1.0190679392271316
Hs2_Tp10,2.0,10.0,120.0,leg_forward_port.max_abs_vertical_velocity_m_s,0.7113668384789406,0.09569259665920984,0.7013963611652604,0.8794808879253131,0.8671694120266669,0.8949989510637926,0.9688127800132784,1.1041644988497556
Hs2_Tp10,2.0,10.0,120.0,leg_forward_starboard.max_abs_vertical_velocity_m_s,0.7892063566839128,0.09891185736159336,0.7830849154405426,0.9625074830715965,0.9481037173050271,0.9856236476935987,1.0543245274902289,1.1262545658922591
Hs2_Tp10,2.0,10.0,120.0,leg_aft_port.max_abs_vertical_velocity_m_s,0.8365602924417654,0.11106332267826949,0.8284908047840217,1.0387490716974876,1.0209329196733388,1.0523064782743095,1.1354969019970145,1.2760525647807806
Hs2_Tp10,2.0,10.0,120.0,leg_aft_starboard.max_abs_vertical_velocity_m_s,0.6502673920367266,0.08240491446817001,0.6450252653491315,0.7936151394443786,0.7822663499424914,0.8064039786966021,0.8701605844633373,0.9338825111745583
Hs2_Tp10,2.0,10.0,120.0,four_feet.max_vertical_span_m,0.7592956761480124,0.10003131580393215,0.746046460322418,0.9469799709715735,0.9308824082630726,0.9599089717393927,1.0338578062033708,1.1117447987483442
Hs2_Tp10,2.0,10.0,120.0,four_feet.max_vertical_velocity_span_m_s,0.513962673725803,0.06805905641153823,0.5079416089168312,0.6377256964217696,0.6298938346613275,0.6453312376164763,0.7045637698688089,0.7470777253132777
Hs2_Tp10,2.0,10.0,120.0,platform.max_tilt_deg,3.303657930508242,0.43570570527236324,3.250141843791372,4.121570438936338,4.0454612201848965,4.178091975241726,4.474459227779755,4.900914322209094
Hs2_Tp10,2.0,10.0,120.0,platform.max_tilt_rate_deg_s,2.2465616072125525,0.297858856777451,2.2236128194210414,2.7868254008630733,2.7495159839226293,2.816076281683664,3.063855552355366,3.3148522723287774
Hs2_Tp10,2.0,10.0,120.0,deck_edge.minimum_dynamic_elevation_m,-3.0726421698523363,0.4059971666261287,-3.031043452240882,-2.4670855664856783,-2.5173592442331074,-2.4386500589702877,-2.2742545317811875,-2.11453082634346
Hs2_Tp10,2.0,10.0,120.0,deck_edge.max_immersion_m,0.19510849672134833,0.28872916146170813,0.031043452240882008,0.8082631848680603,0.7341660925212484,0.8927045532136133,1.1905840454273502,1.6994553616533565
Hs2_Tp10,2.0,10.0,150.0,landing_center.max_abs_vertical_velocity_m_s,0.37659330867062213,0.04961871360384371,0.3711286663505696,0.4627559802030237,0.45621131017559613,0.47231313293803523,0.5019384674698136,0.5520203102094863
Hs2_Tp10,2.0,10.0,150.0,leg_1.max_abs_vertical_velocity_m_s,0.4054892686277967,0.05220063935837485,0.3994863559481579,0.49362529682153805,0.48799209741228333,0.5024662629406271,0.5341668607818901,0.5964799247546461
Hs2_Tp10,2.0,10.0,150.0,leg_2.max_abs_vertical_velocity_m_s,0.3819959277388083,0.05134315152537349,0.3778987737184991,0.47279836714153656,0.4617796694114009,0.48007428327092405,0.512747877122901,0.5639433461506693
Hs2_Tp10,2.0,10.0,150.0,leg_3.max_abs_vertical_velocity_m_s,0.3625310681846689,0.04851294884393305,0.3577103847851771,0.4465186552302904,0.43917339063638205,0.45517030519385526,0.4886367937251075,0.5348975460201879
Hs2_Tp10,2.0,10.0,150.0,leg_4.max_abs_vertical_velocity_m_s,0.42124178464669776,0.05452264398818591,0.41688448599545713,0.5163612647564672,0.508940206018659,0.5222972946723626,0.561269411577286,0.6323406002667142
Hs2_Tp10,2.0,10.0,150.0,leg_forward_port.max_abs_vertical_velocity_m_s,0.43850679675140375,0.05576713729018833,0.4329294612337465,0.5338664786038468,0.5256623281015514,0.5404426082254496,0.5801743480453602,0.6453453354883101
Hs2_Tp10,2.0,10.0,150.0,leg_forward_starboard.max_abs_vertical_velocity_m_s,0.4870596958123713,0.06310143583819787,0.4821000087762779,0.5995700777060928,0.5881895181947985,0.6052331951065736,0.6550706652505891,0.7449453882351265
Hs2_Tp10,2.0,10.0,150.0,leg_aft_port.max_abs_vertical_velocity_m_s,0.4249091384453533,0.057428090676349464,0.4198191292959852,0.5249432413334544,0.5139448543033038,0.5343327710204705,0.5707719443174398,0.6384658960753375
Hs2_Tp10,2.0,10.0,150.0,leg_aft_starboard.max_abs_vertical_velocity_m_s,0.3648015373992165,0.04880296174066613,0.3606734975488346,0.44830167544636534,0.44180220107749674,0.45740961465324503,0.49190388939535495,0.5534164220079093
Hs2_Tp10,2.0,10.0,150.0,four_feet.max_vertical_span_m,0.44124498999548906,0.060006538467035804,0.4366175262904821,0.5497418457062905,0.5371506107391883,0.5585696580878099,0.6048857414614303,0.6946608619922683
Hs2_Tp10,2.0,10.0,150.0,four_feet.max_vertical_velocity_span_m_s,0.27961776443080716,0.037894781659840275,0.2761633413017014,0.3474629766495157,0.34013220984782067,0.3580250365700436,0.38230513488507095,0.4423636599470402
Hs2_Tp10,2.0,10.0,150.0,platform.max_tilt_deg,2.0204025496812905,0.2734068615773352,1.9977417908591757,2.502100936764817,2.450646841495894,2.554380031470147,2.79217274566233,3.1829648027867505
Hs2_Tp10,2.0,10.0,150.0,platform.max_tilt_rate_deg_s,1.286070802859622,0.17373183450898239,1.2638224834212255,1.592983642457504,1.5696651973357725,1.6481055674817124,1.7536669014084931,2.0332869253275074
Hs2_Tp10,2.0,10.0,150.0,deck_edge.minimum_dynamic_elevation_m,-2.4142937549529315,0.3267676706275568,-2.391106627816792,-1.9462964424574951,-1.9806590208871757,-1.913567996043601,-1.7941132525501007,-1.5862723828853698
Hs2_Tp10,2.0,10.0,150.0,deck_edge.max_immersion_m,0.010014581656087141,0.060603083717617724,0.0,0.0002297336135353454,0.0,0.06390683577679927,0.31085257729383436,0.839194904024402
Hs2_Tp10,2.0,10.0,180.0,landing_center.max_abs_vertical_velocity_m_s,0.29282354836667956,0.037301944062338756,0.28867966045286464,0.35930399812165964,0.3540836157380231,0.3660563283385455,0.38498064986380004,0.4168251569741866
Hs2_Tp10,2.0,10.0,180.0,leg_1.max_abs_vertical_velocity_m_s,0.3398831949252845,0.04308197598712928,0.33625787599461554,0.4157990558096465,0.4106286691620957,0.4214522811255607,0.4477781304240984,0.4839891149071626
Hs2_Tp10,2.0,10.0,180.0,leg_2.max_abs_vertical_velocity_m_s,0.27577551232765746,0.036426077883404274,0.2725278719559785,0.3394067234843184,0.3358850026415119,0.34398504365651156,0.36427885436157686,0.4036056437091225
Hs2_Tp10,2.0,10.0,180.0,leg_3.max_abs_vertical_velocity_m_s,0.2757755123276565,0.03642607788340421,0.2725278719559777,0.3394067234843185,0.3359049785115467,0.3439559454623895,0.3642788543615728,0.4036056437091217
Hs2_Tp10,2.0,10.0,180.0,leg_4.max_abs_vertical_velocity_m_s,0.33988319492528374,0.043081975987129185,0.33625787599461343,0.415799055809646,0.41062830710396725,0.4215601872772215,0.44777813042409875,0.4839891149071621
Hs2_Tp10,2.0,10.0,180.0,leg_forward_port.max_abs_vertical_velocity_m_s,0.394850542456618,0.05008551699784497,0.3912253637493095,0.48011239577579323,0.47418716464304206,0.4909839693361464,0.5180790642316984,0.5756882820687165
Hs2_Tp10,2.0,10.0,180.0,leg_forward_starboard.max_abs_vertical_velocity_m_s,0.3948505424566167,0.0500855169978449,0.3912253637493106,0.480112395775794,0.4745614114291778,0.4903143210904527,0.5180790642317008,0.5756882820687163
Hs2_Tp10,2.0,10.0,180.0,leg_aft_port.max_abs_vertical_velocity_m_s,0.2898901505461973,0.038942694303037,0.2865481953817314,0.3589278781469723,0.35364961051411875,0.36344688248561674,0.3840001819710768,0.42955252673031014
Hs2_Tp10,2.0,10.0,180.0,leg_aft_starboard.max_abs_vertical_velocity_m_s,0.2898901505461955,0.03894269430303684,0.28654819538173304,0.3589278781469751,0.3534484264215744,0.3634354231452755,0.38400018197106783,0.4295525267303085
Hs2_Tp10,2.0,10.0,180.0,four_feet.max_vertical_span_m,0.31851372988851084,0.043323424690220186,0.314527016756892,0.39474091008882983,0.38539686303028403,0.4027115997275627,0.43889579883757507,0.5021635957496597
Hs2_Tp10,2.0,10.0,180.0,four_feet.max_vertical_velocity_span_m_s,0.200554702278868,0.02728918432254408,0.19807386739739552,0.24954069057823752,0.24284810516339045,0.25524616438697717,0.27673195297585573,0.31801666218895136
Hs2_Tp10,2.0,10.0,180.0,platform.max_tilt_deg,1.863163352123836,0.25342272435027957,1.8398428572589496,2.3090583803685756,2.254188740175285,2.355683362064768,2.5673447988616362,2.9374332111177455
Hs2_Tp10,2.0,10.0,180.0,platform.max_tilt_rate_deg_s,1.173155617225315,0.1596295649701305,1.158643838924744,1.4597018147751037,1.420553173112889,1.4930762935163053,1.6187585801301063,1.8602557276340976
Hs2_Tp10,2.0,10.0,180.0,deck_edge.minimum_dynamic_elevation_m,-2.1007741827966124,0.2854773230826321,-2.0810407284108594,-1.6759959893904772,-1.7050630529600515,-1.656685886722151,-1.547924566116639,-1.3151553652044825
Hs2_Tp10,2.0,10.0,180.0,deck_edge.max_immersion_m,0.0007271419237830071,0.012973238947562393,0.0,0.0,0.0,0.0,0.0,0.33193040741623747
Hs3_Tp6,3.0,6.0,0.0,landing_center.max_abs_vertical_velocity_m_s,0.09152790581137354,0.011307670108202555,0.09092475550852322,0.1120222124719884,0.10991794306027576,0.11334932625952815,0.12032455169579534,0.1383242089870135
Hs3_Tp6,3.0,6.0,0.0,leg_1.max_abs_vertical_velocity_m_s,0.06737956930953046,0.00820714347834933,0.06720304707711892,0.08245071542766903,0.0804193049078895,0.08388815897665389,0.08846066755467474,0.10188032491442325
Hs3_Tp6,3.0,6.0,0.0,leg_2.max_abs_vertical_velocity_m_s,0.11708319096234861,0.014542712291051266,0.11556525449310337,0.14279589714427204,0.14038023829920804,0.14500528093379206,0.1540797492522834,0.18022108426235708
Hs3_Tp6,3.0,6.0,0.0,leg_3.max_abs_vertical_velocity_m_s,0.11708319096234762,0.014542712291051101,0.11556525449310517,0.1427958971442722,0.14038023829920587,0.14493633222288665,0.15407974925227882,0.18022108426235328
Hs3_Tp6,3.0,6.0,0.0,leg_4.max_abs_vertical_velocity_m_s,0.06737956930952946,0.008207143478349124,0.06720304707711701,0.08245071542766856,0.0804106755295901,0.08388217801676626,0.08846066755467168,0.10188032491442238
Hs3_Tp6,3.0,6.0,0.0,leg_forward_port.max_abs_vertical_velocity_m_s,0.049612857259326404,0.005951752427125369,0.04924427408906375,0.06018614701871622,0.05887246201037565,0.061077516290492864,0.06424098070966919,0.073365408468698
Hs3_Tp6,3.0,6.0,0.0,leg_forward_starboard.max_abs_vertical_velocity_m_s,0.04961285725932464,0.005951752427124946,0.049244274089059056,0.0601861470187123,0.05909960275560825,0.06108105294961257,0.06424098070966533,0.07336540846869785
Hs3_Tp6,3.0,6.0,0.0,leg_aft_port.max_abs_vertical_velocity_m_s,0.13893367057849132,0.01730711104755575,0.1372325398921326,0.16885013013558522,0.16681779428049928,0.17256865665638632,0.1837951107601796,0.2175250900685582
Hs3_Tp6,3.0,6.0,0.0,leg_aft_starboard.max_abs_vertical_velocity_m_s,0.13893367057848957,0.01730711104755546,0.13723253989213272,0.16885013013558575,0.16681779428050117,0.17256793183814823,0.18379511076017155,0.2175250900685512
Hs3_Tp6,3.0,6.0,0.0,four_feet.max_vertical_span_m,0.06306950510996127,0.007731181433702499,0.06197611255041128,0.07728968572584617,0.07569483386209507,0.07822448761293221,0.0852829329230799,0.10247546838181451
Hs3_Tp6,3.0,6.0,0.0,four_feet.max_vertical_velocity_span_m_s,0.05424263743519128,0.0066728590498780225,0.053364505594023975,0.06614454071150093,0.06514855312755938,0.06687066277873288,0.07162664460791406,0.08906380926885726
Hs3_Tp6,3.0,6.0,0.0,platform.max_tilt_deg,0.3689284935961663,0.045223965450207244,0.36253263446899264,0.45211021198982876,0.4431422743775699,0.4575596077284409,0.4988671453488961,0.5994358147372566
Hs3_Tp6,3.0,6.0,0.0,platform.max_tilt_rate_deg_s,0.3172952520042424,0.03903325121957026,0.31215857213374487,0.3869160812623872,0.3810633577261203,0.39121420107653027,0.41898394557677654,0.5209835867620524
Hs3_Tp6,3.0,6.0,0.0,deck_edge.minimum_dynamic_elevation_m,-0.4701725019878138,0.05881040173474755,-0.46312129579965733,-0.3870736202363104,-0.3930681161299512,-0.3815898933539472,-0.36302177654001655,-0.3286580727144863
Hs3_Tp6,3.0,6.0,0.0,deck_edge.max_immersion_m,0.0,0.0,0.0,0.0,0.0,0.0,0.0,0.0
Hs3_Tp6,3.0,6.0,30.0,landing_center.max_abs_vertical_velocity_m_s,0.08615482704047714,0.011009948802049618,0.0848713808353648,0.10437457573846592,0.1032122249360443,0.10741989695403759,0.11776642124982342,0.14106328556609704
Hs3_Tp6,3.0,6.0,30.0,leg_1.max_abs_vertical_velocity_m_s,0.06474405528427575,0.008185293726989184,0.06367699338496394,0.07981078678678341,0.07782715989809778,0.08088728553492754,0.08662622503815362,0.10587794675894366
Hs3_Tp6,3.0,6.0,30.0,leg_2.max_abs_vertical_velocity_m_s,0.10888852629557746,0.013921797010035625,0.10738931180261643,0.13287543662543164,0.13102690877551693,0.13483908963010005,0.14704260069868616,0.17408141358049684
Hs3_Tp6,3.0,6.0,30.0,leg_3.max_abs_vertical_velocity_m_s,0.11895952393210718,0.015154611373576784,0.11703556046948857,0.14521757152627127,0.14362735215516584,0.14732205009786326,0.1627532293245672,0.19334464424906012
Hs3_Tp6,3.0,6.0,30.0,leg_4.max_abs_vertical_velocity_m_s,0.07451393055574919,0.009529130404733112,0.07390001603179377,0.09113953525463489,0.08970374810975733,0.09360484941627242,0.10111403831694574,0.11487389227100243
Hs3_Tp6,3.0,6.0,30.0,leg_forward_port.max_abs_vertical_velocity_m_s,0.06446970777523771,0.0079369794615429,0.06343021719084647,0.079384500596804,0.07754632550530488,0.0805030676670159,0.0838514352274236,0.10726847408480956
Hs3_Tp6,3.0,6.0,30.0,leg_forward_starboard.max_abs_vertical_velocity_m_s,0.07792813013998282,0.009771764676707824,0.07708794816105635,0.095308600286378,0.09411994215255463,0.09697432725495261,0.10469939904014042,0.11455137198037298
Hs3_Tp6,3.0,6.0,30.0,leg_aft_port.max_abs_vertical_velocity_m_s,0.1322216866715904,0.016752103492108938,0.13047325283270375,0.1625084501895988,0.16005412621057538,0.1650593737913567,0.1781584015531257,0.20573337448790138
Hs3_Tp6,3.0,6.0,30.0,leg_aft_starboard.max_abs_vertical_velocity_m_s,0.14992198066799833,0.019035956758174738,0.14717353783018766,0.18277716555005155,0.18047189710100636,0.18467182842408275,0.20330245396607785,0.24089855261858456
Hs3_Tp6,3.0,6.0,30.0,four_feet.max_vertical_span_m,0.09746678892995375,0.011732815832047817,0.0965163739865404,0.11757868430955877,0.11626295324986505,0.11945766455778858,0.12920379862510661,0.14929440097212987
Hs3_Tp6,3.0,6.0,30.0,four_feet.max_vertical_velocity_span_m_s,0.08413096985234855,0.010213605406568054,0.08322095224778377,0.10124081156980747,0.10037195639029864,0.10369397278664463,0.11240171227236422,0.1297131279262579
Hs3_Tp6,3.0,6.0,30.0,platform.max_tilt_deg,0.4323534717673058,0.05019988457921834,0.4280073420787796,0.5239040966460402,0.5147508221002551,0.5303693476219082,0.565395285891003,0.6816669572811795
Hs3_Tp6,3.0,6.0,30.0,platform.max_tilt_rate_deg_s,0.3649167901060917,0.042555224072021725,0.361381561907995,0.4392527106311205,0.4293955245859911,0.44766496863347827,0.48076273124989455,0.5692722602756948
Hs3_Tp6,3.0,6.0,30.0,deck_edge.minimum_dynamic_elevation_m,-0.5481397511563846,0.0675615039064125,-0.5394502459742812,-0.45387752968922046,-0.4589044915246485,-0.446875378135518,-0.4246711030020825,-0.36944848703887123
Hs3_Tp6,3.0,6.0,30.0,deck_edge.max_immersion_m,0.0,0.0,0.0,0.0,0.0,0.0,0.0,0.0
Hs3_Tp6,3.0,6.0,60.0,landing_center.max_abs_vertical_velocity_m_s,0.14672724626203545,0.019058304215068517,0.1445432395800738,0.18132342015556252,0.1776441326344716,0.18358241086071928,0.2017859435916936,0.22493442414705178
Hs3_Tp6,3.0,6.0,60.0,leg_1.max_abs_vertical_velocity_m_s,0.14864175106738559,0.019035375841188813,0.14736356309666415,0.1823281284942237,0.1794356732345395,0.1853722289501899,0.2000701426776869,0.22973884193723368
Hs3_Tp6,3.0,6.0,60.0,leg_2.max_abs_vertical_velocity_m_s,0.14011789521158224,0.01757027429057296,0.13873692726531967,0.17250431825397353,0.16935301517612686,0.17482118061417187,0.18516583302818249,0.2261666907984704
Hs3_Tp6,3.0,6.0,60.0,leg_3.max_abs_vertical_velocity_m_s,0.21163044301047218,0.027608948116646027,0.20846463191288225,0.2614763126203362,0.25729155702750073,0.2673944059992196,0.289242550236925,0.312500959967378
Hs3_Tp6,3.0,6.0,60.0,leg_4.max_abs_vertical_velocity_m_s,0.16896823295440838,0.022491650397516678,0.1658273146257499,0.2120964131007264,0.20825754603936983,0.21527328087960818,0.23147730215935436,0.2513313091302878
Hs3_Tp6,3.0,6.0,60.0,leg_forward_port.max_abs_vertical_velocity_m_s,0.2033563986687993,0.02623742867811811,0.20071667700764967,0.2494657352442708,0.24449834585837793,0.25660920145074984,0.27662605408172963,0.3133944721533488
Hs3_Tp6,3.0,6.0,60.0,leg_forward_starboard.max_abs_vertical_velocity_m_s,0.1963082747438804,0.02630598674838916,0.1931887377512208,0.24673712052063773,0.24141346439807876,0.2526221566975187,0.2682400619765469,0.30236782999583844
Hs3_Tp6,3.0,6.0,60.0,leg_aft_port.max_abs_vertical_velocity_m_s,0.14842940870111818,0.019071103346809268,0.14671158420147873,0.18167867884259148,0.17935630944919928,0.1849238133691421,0.2018115553078839,0.23915861253237117
Hs3_Tp6,3.0,6.0,60.0,leg_aft_starboard.max_abs_vertical_velocity_m_s,0.287766436932034,0.03763701160421212,0.2848683774018844,0.3558362995039798,0.3512877933852485,0.3633024807978586,0.3954448064074987,0.42512700317587204
Hs3_Tp6,3.0,6.0,60.0,four_feet.max_vertical_span_m,0.270699396118908,0.036022996720002365,0.2669654372553191,0.33595490930787786,0.32849950947006645,0.3445777285728969,0.36912486919843834,0.4226073508095204
Hs3_Tp6,3.0,6.0,60.0,four_feet.max_vertical_velocity_span_m_s,0.22030279241703093,0.028717356102669504,0.2179378958558278,0.2717129593229697,0.26770264322936,0.276707766930256,0.30187279811762524,0.3395967743432917
Hs3_Tp6,3.0,6.0,60.0,platform.max_tilt_deg,1.1964872168304594,0.16124715556969244,1.1824763553828403,1.4863972689669827,1.4527827623495562,1.5228228582476928,1.62508079127588,1.8669383394702503
Hs3_Tp6,3.0,6.0,60.0,platform.max_tilt_rate_deg_s,0.9674448370406493,0.1273439486057067,0.9574370171989866,1.2007646240207008,1.174457442985634,1.2219133389639971,1.32625845029365,1.4955472010641149
Hs3_Tp6,3.0,6.0,60.0,deck_edge.minimum_dynamic_elevation_m,-1.0620168033075639,0.13995934902780605,-1.0511231867170965,-0.8596515530370675,-0.8719887942212456,-0.848552295992869,-0.7836632694947117,-0.683553081307636
Hs3_Tp6,3.0,6.0,60.0,deck_edge.max_immersion_m,0.0,0.0,0.0,0.0,0.0,0.0,0.0,0.0
Hs3_Tp6,3.0,6.0,90.0,landing_center.max_abs_vertical_velocity_m_s,0.3050947830575634,0.037811628323550214,0.30213152726105147,0.3697601634190205,0.3653347087393301,0.37589011250697707,0.40328815173543425,0.48259498681699764
Hs3_Tp6,3.0,6.0,90.0,leg_1.max_abs_vertical_velocity_m_s,0.24109672573511765,0.030596137400751018,0.23775622258553122,0.29535503049941336,0.2908686549997781,0.30501310355083666,0.3260292189167782,0.3663449225522595
Hs3_Tp6,3.0,6.0,90.0,leg_2.max_abs_vertical_velocity_m_s,0.2410967257351177,0.03059613740075102,0.23775622258553114,0.2953550304994131,0.2908686549997781,0.3047759237306804,0.326029218916778,0.3663449225522597
Hs3_Tp6,3.0,6.0,90.0,leg_3.max_abs_vertical_velocity_m_s,0.47637892225510237,0.05966323664329031,0.4710342155795596,0.5808030200491783,0.573692850096756,0.5917032996042051,0.6359787957917513,0.7325000239941568
Hs3_Tp6,3.0,6.0,90.0,leg_4.max_abs_vertical_velocity_m_s,0.47637892225510253,0.05966323664329033,0.4710342155795597,0.5808030200491789,0.5732958949506956,0.591703299604205,0.6359787957917514,0.7325000239941568
Hs3_Tp6,3.0,6.0,90.0,leg_forward_port.max_abs_vertical_velocity_m_s,0.31877550954705414,0.043667300834613815,0.3149815365419812,0.39872561673241436,0.39026542172981904,0.4059743367572026,0.4415830105560525,0.49034992473175815
Hs3_Tp6,3.0,6.0,90.0,leg_forward_starboard.max_abs_vertical_velocity_m_s,0.6465551967448206,0.0810032312651501,0.6401932270503464,0.7921527388638814,0.782962541314468,0.8083727397287135,0.8621185852825302,0.9677859855636362
Hs3_Tp6,3.0,6.0,90.0,leg_aft_port.max_abs_vertical_velocity_m_s,0.31877550954705425,0.043667300834613815,0.31498153654198174,0.39872561673241413,0.39165683093619574,0.4059743367572025,0.441583010556052,0.49034992473175915
Hs3_Tp6,3.0,6.0,90.0,leg_aft_starboard.max_abs_vertical_velocity_m_s,0.6465551967448205,0.08100323126515005,0.6401932270503464,0.7921527388638812,0.7814815425912449,0.8082468911350262,0.8621185852825303,0.9677859855636359
Hs3_Tp6,3.0,6.0,90.0,four_feet.max_vertical_span_m,0.5279658091408046,0.06831577008906344,0.5218562614041957,0.65054961184197,0.6404896890942636,0.6649099547669903,0.7142365134249473,0.8171572880609117
Hs3_Tp6,3.0,6.0,90.0,four_feet.max_vertical_velocity_span_m_s,0.4522258315507782,0.057457903739536936,0.4461522393912754,0.5560337692517661,0.5490229221909926,0.5647538608536,0.606821783253581,0.6741751166266052
Hs3_Tp6,3.0,6.0,90.0,platform.max_tilt_deg,3.0883646589108684,0.39961680536224997,3.0526265277951863,3.8054252667431783,3.7465792025710485,3.88941757409879,4.17796525452096,4.780005912363393
Hs3_Tp6,3.0,6.0,90.0,platform.max_tilt_rate_deg_s,2.6453195487807237,0.33610312677835485,2.609791741765015,3.2525497151278233,3.2114927255022794,3.3206125867707863,3.5496369598392423,3.9436239393893047
Hs3_Tp6,3.0,6.0,90.0,deck_edge.minimum_dynamic_elevation_m,-1.5320029587752966,0.19904347321611904,-1.5148908003774486,-1.2413010344159003,-1.2606704358282896,-1.219873256381312,-1.1511091939082516,-0.9620554838132724
Hs3_Tp6,3.0,6.0,90.0,deck_edge.max_immersion_m,0.0,0.0,0.0,0.0,0.0,0.0,0.0,0.0
Hs3_Tp6,3.0,6.0,120.0,landing_center.max_abs_vertical_velocity_m_s,0.14672724626203545,0.019058304215068517,0.1445432395800738,0.18132342015556252,0.17754818568908193,0.18344647102339862,0.2017859435916936,0.22493442414705178
Hs3_Tp6,3.0,6.0,120.0,leg_1.max_abs_vertical_velocity_m_s,0.14011789521158224,0.017570274290572962,0.13873692726531967,0.17250431825397353,0.16939526080845924,0.17480072383146367,0.18516583302818249,0.2261666907984704
Hs3_Tp6,3.0,6.0,120.0,leg_2.max_abs_vertical_velocity_m_s,0.14864175106738559,0.01903537584118881,0.14736356309666415,0.18232812849422367,0.17947512590354575,0.18535447079533307,0.2000701426776869,0.22973884193723376
Hs3_Tp6,3.0,6.0,120.0,leg_3.max_abs_vertical_velocity_m_s,0.16896823295440835,0.022491650397516678,0.1658273146257499,0.2120964131007264,0.20832599151623127,0.2160351925571926,0.2314773021593544,0.2513313091302878
Hs3_Tp6,3.0,6.0,120.0,leg_4.max_abs_vertical_velocity_m_s,0.21163044301047212,0.02760894811664602,0.20846463191288225,0.2614763126203361,0.25727556619445785,0.26739243757012887,0.289242550236925,0.312500959967378
Hs3_Tp6,3.0,6.0,120.0,leg_forward_port.max_abs_vertical_velocity_m_s,0.14842940870111818,0.019071103346809268,0.14671158420147873,0.18167867884259148,0.17935190820403168,0.184696825410626,0.2018115553078839,0.23915861253237117
Hs3_Tp6,3.0,6.0,120.0,leg_forward_starboard.max_abs_vertical_velocity_m_s,0.28776643693203396,0.03763701160421212,0.2848683774018844,0.3558362995039798,0.3510065550503722,0.3635783542173558,0.3954448064074987,0.425127003175872
Hs3_Tp6,3.0,6.0,120.0,leg_aft_port.max_abs_vertical_velocity_m_s,0.20335639866879923,0.026237428678118114,0.20071667700764964,0.2494657352442708,0.24447023866243675,0.25642141112089145,0.27662605408172963,0.3133944721533488
Hs3_Tp6,3.0,6.0,120.0,leg_aft_starboard.max_abs_vertical_velocity_m_s,0.1963082747438804,0.02630598674838916,0.1931887377512209,0.24673712052063773,0.24139104379852236,0.25218857693127805,0.2682400619765469,0.30236782999583844
Hs3_Tp6,3.0,6.0,120.0,four_feet.max_vertical_span_m,0.270699396118908,0.03602299672000236,0.26696543725531907,0.33595490930787797,0.3287118446106232,0.3445777285728969,0.36912486919843823,0.4226073508095204
Hs3_Tp6,3.0,6.0,120.0,four_feet.max_vertical_velocity_span_m_s,0.2203027924170309,0.028717356102669504,0.21793789585582776,0.2717129593229697,0.2677080676552523,0.2773293611842548,0.30187279811762524,0.3395967743432917
Hs3_Tp6,3.0,6.0,120.0,platform.max_tilt_deg,1.1964872168304594,0.16124715556969244,1.1824763553828403,1.4863972689669827,1.4526918134491638,1.523139802506908,1.62508079127588,1.8669383394702503
Hs3_Tp6,3.0,6.0,120.0,platform.max_tilt_rate_deg_s,0.9674448370406493,0.1273439486057067,0.9574370171989866,1.2007646240207008,1.174620873652689,1.222461712816684,1.32625845029365,1.4955472010641149
Hs3_Tp6,3.0,6.0,120.0,deck_edge.minimum_dynamic_elevation_m,-1.0620168033075639,0.13995934902780605,-1.0511231867170965,-0.8596515530370675,-0.8723661831040187,-0.8485400160595293,-0.7836632694947117,-0.683553081307636
Hs3_Tp6,3.0,6.0,120.0,deck_edge.max_immersion_m,0.0,0.0,0.0,0.0,0.0,0.0,0.0,0.0
Hs3_Tp6,3.0,6.0,150.0,landing_center.max_abs_vertical_velocity_m_s,0.08615482704047714,0.011009948802049618,0.0848713808353648,0.10437457573846592,0.10321782223675158,0.10742715683148153,0.11776642124982342,0.14106328556609704
Hs3_Tp6,3.0,6.0,150.0,leg_1.max_abs_vertical_velocity_m_s,0.10888852629557746,0.013921797010035625,0.10738931180261643,0.13287543662543164,0.1313206110594694,0.13503784204100214,0.14704260069868616,0.17408141358049686
Hs3_Tp6,3.0,6.0,150.0,leg_2.max_abs_vertical_velocity_m_s,0.06474405528427574,0.008185293726989182,0.06367699338496394,0.0798107867867834,0.07766501996263173,0.08099044563613711,0.08662622503815365,0.10587794675894366
Hs3_Tp6,3.0,6.0,150.0,leg_3.max_abs_vertical_velocity_m_s,0.07451393055574917,0.00952913040473311,0.07390001603179376,0.09113953525463489,0.0897003486192048,0.09360708604910536,0.10111403831694572,0.11487389227100242
Hs3_Tp6,3.0,6.0,150.0,leg_4.max_abs_vertical_velocity_m_s,0.11895952393210718,0.015154611373576782,0.11703556046948854,0.14521757152627124,0.1439187836766448,0.14747623696076748,0.16275322932456723,0.19334464424906012
Hs3_Tp6,3.0,6.0,150.0,leg_forward_port.max_abs_vertical_velocity_m_s,0.13222168667159037,0.016752103492108938,0.13047325283270375,0.1625084501895988,0.16002859087966353,0.1650739122865213,0.17815840155312576,0.20573337448790138
Hs3_Tp6,3.0,6.0,150.0,leg_forward_starboard.max_abs_vertical_velocity_m_s,0.14992198066799833,0.019035956758174738,0.14717353783018766,0.18277716555005155,0.18047400450906587,0.18449745106747242,0.20330245396607785,0.24089855261858456
Hs3_Tp6,3.0,6.0,150.0,leg_aft_port.max_abs_vertical_velocity_m_s,0.0644697077752377,0.007936979461542898,0.06343021719084646,0.07938450059680399,0.07741838921171414,0.08030746360012772,0.08385143522742355,0.10726847408480956
Hs3_Tp6,3.0,6.0,150.0,leg_aft_starboard.max_abs_vertical_velocity_m_s,0.07792813013998282,0.009771764676707824,0.07708794816105632,0.09530860028637801,0.0941279021338052,0.09708247539569931,0.10469939904014042,0.11455137198037298
Hs3_Tp6,3.0,6.0,150.0,four_feet.max_vertical_span_m,0.09746678892995375,0.011732815832047817,0.09651637398654038,0.11757868430955878,0.11624585850287869,0.1201641613689978,0.12920379862510664,0.14929440097212987
Hs3_Tp6,3.0,6.0,150.0,four_feet.max_vertical_velocity_span_m_s,0.08413096985234855,0.010213605406568054,0.08322095224778375,0.10124081156980744,0.10038110089440956,0.10369191752369172,0.11240171227236417,0.12971312792625786
Hs3_Tp6,3.0,6.0,150.0,platform.max_tilt_deg,0.4323534717673058,0.05019988457921834,0.4280073420787796,0.5239040966460402,0.5155912931377834,0.5302841703305373,0.5653952858910032,0.6816669572811795
Hs3_Tp6,3.0,6.0,150.0,platform.max_tilt_rate_deg_s,0.3649167901060917,0.042555224072021725,0.361381561907995,0.4392527106311205,0.4295259842695082,0.44766496863347827,0.48076273124989455,0.5692722602756946
Hs3_Tp6,3.0,6.0,150.0,deck_edge.minimum_dynamic_elevation_m,-0.5481397511563846,0.06756150390641248,-0.5394502459742812,-0.45387752968922046,-0.4587807192671871,-0.4468753781355193,-0.4246711030020825,-0.36944848703887123
Hs3_Tp6,3.0,6.0,150.0,deck_edge.max_immersion_m,0.0,0.0,0.0,0.0,0.0,0.0,0.0,0.0
Hs3_Tp6,3.0,6.0,180.0,landing_center.max_abs_vertical_velocity_m_s,0.09152790581137354,0.011307670108202555,0.09092475550852322,0.1120222124719884,0.10992730631001416,0.11334932625952815,0.12032455169579534,0.1383242089870135
Hs3_Tp6,3.0,6.0,180.0,leg_1.max_abs_vertical_velocity_m_s,0.11708319096235004,0.014542712291051446,0.1155652544931057,0.1427958971442735,0.14038023829920965,0.14493387781857403,0.15407974925228335,0.18022108426235914
Hs3_Tp6,3.0,6.0,180.0,leg_2.max_abs_vertical_velocity_m_s,0.06737956930953184,0.00820714347834952,0.06720304707712087,0.08245071542767081,0.08040988734241884,0.0838827806933042,0.0884606675546769,0.10188032491442521
Hs3_Tp6,3.0,6.0,180.0,leg_3.max_abs_vertical_velocity_m_s,0.06737956930952806,0.008207143478348935,0.06720304707711508,0.08245071542766676,0.08036853516581963,0.08389423154746017,0.08846066755466953,0.10188032491442042
Hs3_Tp6,3.0,6.0,180.0,leg_4.max_abs_vertical_velocity_m_s,0.1170831909623462,0.014542712291050919,0.11556525449310283,0.14279589714427077,0.14067465743482443,0.1449338778185698,0.15407974925227888,0.1802210842623512
Hs3_Tp6,3.0,6.0,180.0,leg_forward_port.max_abs_vertical_velocity_m_s,0.13893367057849396,0.017307111047556105,0.1372325398921347,0.16885013013558794,0.16681809222031335,0.17256793183814914,0.18379511076018148,0.2175250900685619
Hs3_Tp6,3.0,6.0,180.0,leg_forward_starboard.max_abs_vertical_velocity_m_s,0.1389336705784869,0.017307111047555102,0.13723253989213063,0.16885013013558306,0.16681809222030655,0.17256865665638538,0.1837951107601697,0.2175250900685474
Hs3_Tp6,3.0,6.0,180.0,leg_aft_port.max_abs_vertical_velocity_m_s,0.04961285725932871,0.005951752427125655,0.049244274089065156,0.060186147018716704,0.059104306932382576,0.06108105294962134,0.06424098070967149,0.07336540846870182
Hs3_Tp6,3.0,6.0,180.0,leg_aft_starboard.max_abs_vertical_velocity_m_s,0.04961285725932234,0.005951752427124658,0.04924427408905768,0.06018614701871185,0.05909916155138273,0.06108106316650311,0.06424098070966304,0.07336540846869405
Hs3_Tp6,3.0,6.0,180.0,four_feet.max_vertical_span_m,0.06306950510996354,0.007731181433702924,0.061976112550414006,0.07728968572585157,0.07575658812867611,0.07822127734414408,0.08528293292307876,0.10247546838182048
Hs3_Tp6,3.0,6.0,180.0,four_feet.max_vertical_velocity_span_m_s,0.054242637435193364,0.006672859049878502,0.053364505594025245,0.0661445407115031,0.06488247056877379,0.06688435117200077,0.07162664460791895,0.0890638092688614
Hs3_Tp6,3.0,6.0,180.0,platform.max_tilt_deg,0.3689284935961663,0.045223965450207244,0.36253263446899264,0.45211021198982876,0.4433497020162216,0.45755960772844106,0.4988671453488961,0.5994358147372567
Hs3_Tp6,3.0,6.0,180.0,platform.max_tilt_rate_deg_s,0.3172952520042424,0.03903325121957026,0.31215857213374487,0.3869160812623873,0.3810600284717164,0.3912436427084685,0.41898394557677665,0.5209835867620523
Hs3_Tp6,3.0,6.0,180.0,deck_edge.minimum_dynamic_elevation_m,-0.47017250198781946,0.058810401734748594,-0.463121295799664,-0.38707362023631176,-0.3931110634464252,-0.3813707554961714,-0.3630217765400272,-0.3286580727144863
Hs3_Tp6,3.0,6.0,180.0,deck_edge.max_immersion_m,0.0,0.0,0.0,0.0,0.0,0.0,0.0,0.0
Hs3_Tp8,3.0,8.0,0.0,landing_center.max_abs_vertical_velocity_m_s,0.25022999095381754,0.03031576519332018,0.24768032578051888,0.3055196008716937,0.30048569056765845,0.308607062983521,0.3328216169482017,0.36276042793815844
Hs3_Tp8,3.0,8.0,0.0,leg_1.max_abs_vertical_velocity_m_s,0.1957467445101494,0.02376849974918559,0.19332457766926456,0.23882436104535998,0.23485946485793047,0.2429557712641537,0.25569148527730734,0.2949980589987182
Hs3_Tp8,3.0,8.0,0.0,leg_2.max_abs_vertical_velocity_m_s,0.3211825105418936,0.04004617691978391,0.3171668979901384,0.3956892759064137,0.3889402797697711,0.3996538244072506,0.4296377730312683,0.47183822095670636
Hs3_Tp8,3.0,8.0,0.0,leg_3.max_abs_vertical_velocity_m_s,0.3211825105418946,0.04004617691978403,0.3171668979901407,0.39568927590641534,0.38894790654748335,0.3996538244072536,0.4296377730312665,0.4718382209567066
Hs3_Tp8,3.0,8.0,0.0,leg_4.max_abs_vertical_velocity_m_s,0.1957467445101505,0.023768499749185715,0.19332457766926325,0.2388243610453581,0.2348843273242993,0.24327712127323542,0.25569148527731117,0.2949980589987207
Hs3_Tp8,3.0,8.0,0.0,leg_forward_port.max_abs_vertical_velocity_m_s,0.17518740649274053,0.022385560730692516,0.17321395381363863,0.21634302183222437,0.21206226252512783,0.21933210590676339,0.23530367562550591,0.270105918940723
Hs3_Tp8,3.0,8.0,0.0,leg_forward_starboard.max_abs_vertical_velocity_m_s,0.1751874064927423,0.02238556073069313,0.17321395381363508,0.21634302183222026,0.21207384323875478,0.21939641829260556,0.2353036756255159,0.2701059189407307
Hs3_Tp8,3.0,8.0,0.0,leg_aft_port.max_abs_vertical_velocity_m_s,0.3871614111379164,0.04892320445148443,0.3835306210364767,0.4789066210682397,0.46766791371569244,0.4844499618392457,0.5224027304580545,0.566285229847501
Hs3_Tp8,3.0,8.0,0.0,leg_aft_starboard.max_abs_vertical_velocity_m_s,0.387161411137918,0.048923204451484695,0.3835306210364814,0.4789066210682441,0.46777971233974386,0.4843506024723984,0.522402730458055,0.5662852298474981
Hs3_Tp8,3.0,8.0,0.0,four_feet.max_vertical_span_m,0.2595016905059502,0.033236644265092825,0.25660713666792395,0.3211739407386304,0.31458862600144105,0.32840181464625184,0.35015558288824855,0.4132708515631136
Hs3_Tp8,3.0,8.0,0.0,four_feet.max_vertical_velocity_span_m_s,0.18275180132227634,0.02333180927904689,0.18002932558375137,0.22595911004896507,0.2210049930459654,0.2290742361513276,0.24625466414723235,0.29622452397502574
Hs3_Tp8,3.0,8.0,0.0,platform.max_tilt_deg,1.5179692245420684,0.1944195547362232,1.5010373747481762,1.8787243998896623,1.8402032438791016,1.9209670490827726,2.0482540887869654,2.417450278840149
Hs3_Tp8,3.0,8.0,0.0,platform.max_tilt_rate_deg_s,1.0690165817262012,0.13648068484419562,1.0530913121158572,1.3217600794449427,1.292748552774392,1.3489354831504765,1.440480024799201,1.7327814322596997
Hs3_Tp8,3.0,8.0,0.0,deck_edge.minimum_dynamic_elevation_m,-1.8059260287244387,0.23233369910872648,-1.784957628027474,-1.470939177517775,-1.4869288599852624,-1.4553193608301158,-1.3540049909547383,-1.2933135528508717
Hs3_Tp8,3.0,8.0,0.0,deck_edge.max_immersion_m,0.0,0.0,0.0,0.0,0.0,0.0,0.0,0.0
Hs3_Tp8,3.0,8.0,30.0,landing_center.max_abs_vertical_velocity_m_s,0.2800636205320853,0.033976308984069135,0.2774606930515411,0.34090024931924506,0.3372483911557451,0.3470196399193758,0.37182396125432426,0.42041628747663623
Hs3_Tp8,3.0,8.0,30.0,leg_1.max_abs_vertical_velocity_m_s,0.25266519755773353,0.031241858476707747,0.24971198995485655,0.3122106941520107,0.30521570806080106,0.31634315396003365,0.3399454072235656,0.3863637252424734
Hs3_Tp8,3.0,8.0,30.0,leg_2.max_abs_vertical_velocity_m_s,0.35595902619510755,0.04434893733105955,0.3521968674037037,0.43666965017979364,0.42764674177498574,0.44745240974473544,0.4750632707895852,0.5188292723935474
Hs3_Tp8,3.0,8.0,30.0,leg_3.max_abs_vertical_velocity_m_s,0.3561798139388153,0.04394280797982421,0.35286398671044006,0.439299867200609,0.4297285972017584,0.4462396312894813,0.4658313543962197,0.5348263819596819
Hs3_Tp8,3.0,8.0,30.0,leg_4.max_abs_vertical_velocity_m_s,0.2348438623362864,0.02912838794442941,0.23218583190331046,0.28849001860104684,0.28120075125569083,0.2934715762122029,0.315105097158994,0.3542845847246147
Hs3_Tp8,3.0,8.0,30.0,leg_forward_port.max_abs_vertical_velocity_m_s,0.28021725788178425,0.0353642477772282,0.2760933107436439,0.34562589307483355,0.3388173722210641,0.3537833567724097,0.3851157024391779,0.43219416950391143
Hs3_Tp8,3.0,8.0,30.0,leg_forward_starboard.max_abs_vertical_velocity_m_s,0.23987559975827794,0.029736369628269577,0.23658659342077265,0.29447486448048854,0.28941186740807623,0.2983251426990851,0.321553086229756,0.3562189620200927
Hs3_Tp8,3.0,8.0,30.0,leg_aft_port.max_abs_vertical_velocity_m_s,0.43043960115365104,0.05551496667840435,0.42434004564382705,0.5335320827689062,0.5217979041217119,0.546185999364648,0.5867466298812631,0.6430852616724655
Hs3_Tp8,3.0,8.0,30.0,leg_aft_starboard.max_abs_vertical_velocity_m_s,0.43963659567014446,0.055008397622841654,0.4354044713349981,0.5404454807499719,0.5325421909377785,0.5501860099003635,0.5802590287978864,0.6605225802191566
Hs3_Tp8,3.0,8.0,30.0,four_feet.max_vertical_span_m,0.3698269655882754,0.04681139560428466,0.36467718976362773,0.45706483621672095,0.44643714687476155,0.46331682064466306,0.49402949903031024,0.580623283484569
Hs3_Tp8,3.0,8.0,30.0,four_feet.max_vertical_velocity_span_m_s,0.26375429469178424,0.0329279373779582,0.2597884391316881,0.326323559354751,0.31959571749782817,0.32841044862593494,0.34820923894817024,0.42070398983555424
Hs3_Tp8,3.0,8.0,30.0,platform.max_tilt_deg,1.8159767068954147,0.23383675432672357,1.793275575137288,2.2614051003765216,2.2067051486640428,2.286524753797628,2.4589751747197264,2.825936923380202
Hs3_Tp8,3.0,8.0,30.0,platform.max_tilt_rate_deg_s,1.297710932688609,0.16736926772410682,1.2789096865067675,1.5997516562618923,1.5769660881450616,1.6325877833176046,1.745780719835385,2.0142768667633275
Hs3_Tp8,3.0,8.0,30.0,deck_edge.minimum_dynamic_elevation_m,-2.1771480609226033,0.2812588588304258,-2.1521881830156167,-1.7659703960197668,-1.7865290803505505,-1.7381771421336847,-1.6074820106050054,-1.501003656234844
Hs3_Tp8,3.0,8.0,30.0,deck_edge.max_immersion_m,0.000702128757147185,0.013165770571829783,0.0,0.0,0.0,0.0,0.0,0.38507084608394626
Hs3_Tp8,3.0,8.0,60.0,landing_center.max_abs_vertical_velocity_m_s,0.6154430432926044,0.08017509482861838,0.6070419799363638,0.7610393621856468,0.7468359364745645,0.7774940355860716,0.8286574024401702,0.9202013895122467
Hs3_Tp8,3.0,8.0,60.0,leg_1.max_abs_vertical_velocity_m_s,0.6849627510856897,0.09190996670992688,0.6780702380629287,0.8546217659903954,0.8370213529816679,0.869604086211844,0.9393104087143372,1.0175377655160283
Hs3_Tp8,3.0,8.0,60.0,leg_2.max_abs_vertical_velocity_m_s,0.6187308050408327,0.08216375052396217,0.6093473314347886,0.7733854655678822,0.756015209817722,0.7877159421304546,0.8406084821962436,0.928738375575993
Hs3_Tp8,3.0,8.0,60.0,leg_3.max_abs_vertical_velocity_m_s,0.7742891344381644,0.10517724562944367,0.7619545854158777,0.9703911172274092,0.9437243384857896,0.9927458494714299,1.0742390315163914,1.1583814886117736
Hs3_Tp8,3.0,8.0,60.0,leg_4.max_abs_vertical_velocity_m_s,0.6642219136074057,0.08865016448166874,0.655363751877512,0.8268495289951725,0.8047432528518919,0.8465919550895799,0.9126370853554862,1.001834278465598
Hs3_Tp8,3.0,8.0,60.0,leg_forward_port.max_abs_vertical_velocity_m_s,0.8894952301933514,0.12219753404265359,0.8769138607347196,1.1138216771384961,1.0948894704477177,1.1274186210555661,1.225277972495278,1.3444000429195047
Hs3_Tp8,3.0,8.0,60.0,leg_forward_starboard.max_abs_vertical_velocity_m_s,0.7356738854982979,0.10182759282153117,0.7285023350558804,0.9196128533480079,0.8998944997001409,0.9442203627876153,1.0378593469715776,1.1239718597025339
Hs3_Tp8,3.0,8.0,60.0,leg_aft_port.max_abs_vertical_velocity_m_s,0.6630980773245299,0.09161171960382733,0.6554567117452212,0.8278441116925455,0.8126239140220968,0.8489720276479726,0.9196484256211512,0.985735003950591
Hs3_Tp8,3.0,8.0,60.0,leg_aft_starboard.max_abs_vertical_velocity_m_s,1.006455360133145,0.1413048124683675,0.9924128935196999,1.2765045713691956,1.2340583583447053,1.309585893900636,1.4209052547870051,1.5081421265586643
Hs3_Tp8,3.0,8.0,60.0,four_feet.max_vertical_span_m,1.0405607028355315,0.14942178449110077,1.0235942531065798,1.3201023429877434,1.2948103714212078,1.3419483046156757,1.434410333023553,1.5736357488753443
Hs3_Tp8,3.0,8.0,60.0,four_feet.max_vertical_velocity_span_m_s,0.7803956898275013,0.11289493322359234,0.7708948850312294,0.9859885474854476,0.973433538393041,1.0059373229422865,1.0952276226705342,1.161909886860323
Hs3_Tp8,3.0,8.0,60.0,platform.max_tilt_deg,4.677310453843994,0.6792668864457374,4.615714942373831,5.931644398324161,5.838670215280216,6.025236574538089,6.512289745256544,7.113529875636652
Hs3_Tp8,3.0,8.0,60.0,platform.max_tilt_rate_deg_s,3.516249732405461,0.5129417429678669,3.4778084246169647,4.445181470269432,4.3841548711993745,4.54060435620864,4.923322941997462,5.295655832805289
Hs3_Tp8,3.0,8.0,60.0,deck_edge.minimum_dynamic_elevation_m,-3.8939426555915464,0.5458902767822297,-3.8295381467280745,-3.082341232861026,-3.137825414326407,-3.0590733874787355,-2.8239067566309943,-2.4375569633740697
Hs3_Tp8,3.0,8.0,60.0,deck_edge.max_immersion_m,0.8990790113151194,0.5359108505344053,0.8295381467280742,1.9233614881925327,1.80000808322774,2.0414761521726867,2.423164441674894,2.870580429196923
Hs3_Tp8,3.0,8.0,90.0,landing_center.max_abs_vertical_velocity_m_s,0.9139932916365439,0.11852429313674179,0.9042292291575553,1.1293281016009562,1.1099333224879702,1.1540148723713453,1.2298200985170145,1.3571180153042963
Hs3_Tp8,3.0,8.0,90.0,leg_1.max_abs_vertical_velocity_m_s,1.0213188156639903,0.14175504048529464,1.005619034439332,1.2784985466410248,1.2618507788055313,1.2979801209739432,1.4092301278965826,1.5484958694731468
Hs3_Tp8,3.0,8.0,90.0,leg_2.max_abs_vertical_velocity_m_s,1.0213188156639903,0.1417550404852946,1.0056190344393314,1.2784985466410246,1.2618563043552438,1.297930112562948,1.4092301278965826,1.5484958694731468
Hs3_Tp8,3.0,8.0,90.0,leg_3.max_abs_vertical_velocity_m_s,1.1931939434196215,0.16199290044588327,1.174096758685728,1.4812674938343053,1.457896793745469,1.527395541163079,1.6732720396560115,1.7657627573095105
Hs3_Tp8,3.0,8.0,90.0,leg_4.max_abs_vertical_velocity_m_s,1.1931939434196217,0.16199290044588333,1.1740967586857276,1.481267493834307,1.4577717294256898,1.5274333436897098,1.6732720396560117,1.7657627573095098
Hs3_Tp8,3.0,8.0,90.0,leg_forward_port.max_abs_vertical_velocity_m_s,1.3628091079189872,0.1940935656810845,1.3431871061496858,1.7211481573727307,1.6942471946865414,1.7610599495060086,1.8754188731469859,2.0657643056510087
Hs3_Tp8,3.0,8.0,90.0,leg_forward_starboard.max_abs_vertical_velocity_m_s,1.58359965971517,0.22337695932285975,1.5559623054753038,1.9937794826758681,1.9553567416013378,2.032299998007205,2.2171668311262858,2.422010572081338
Hs3_Tp8,3.0,8.0,90.0,leg_aft_port.max_abs_vertical_velocity_m_s,1.3628091079189872,0.19409356568108438,1.343187106149686,1.7211481573727279,1.694220498403278,1.7602412378139598,1.875418873146986,2.0657643056510087
Hs3_Tp8,3.0,8.0,90.0,leg_aft_starboard.max_abs_vertical_velocity_m_s,1.5835996597151698,0.22337695932285961,1.5559623054753038,1.9937794826758692,1.9554365162966452,2.032426269339987,2.217166831126285,2.422010572081338
Hs3_Tp8,3.0,8.0,90.0,four_feet.max_vertical_span_m,1.6232578707277798,0.234786748119591,1.6037054328103841,2.050007529385074,2.0215684112517316,2.10258725656829,2.292056884265759,2.5614400963227926
Hs3_Tp8,3.0,8.0,90.0,four_feet.max_vertical_velocity_span_m_s,1.260537209745838,0.1813109701499658,1.2406852615293849,1.5912185953541447,1.5593268989985587,1.6290682583987293,1.7637816819046912,1.999411467854341
Hs3_Tp8,3.0,8.0,90.0,platform.max_tilt_deg,9.495335026358868,1.3733978275092662,9.38096197944149,11.991630318935234,11.824440927344078,12.344200583838072,13.40751115891273,14.983282880143571
Hs3_Tp8,3.0,8.0,90.0,platform.max_tilt_rate_deg_s,7.373580831221836,1.060588361574494,7.257455782552491,9.307919545947218,9.120821669796744,9.489277993297787,10.317336687565867,11.695665910622727
Hs3_Tp8,3.0,8.0,90.0,deck_edge.minimum_dynamic_elevation_m,-4.437557122494502,0.6266054151356175,-4.374111293578747,-3.5376719545669166,-3.6013118949466403,-3.461623420189365,-3.237249105212185,-2.641314879989382
Hs3_Tp8,3.0,8.0,90.0,deck_edge.max_immersion_m,1.4386644173187955,0.6238017716051698,1.3741112935787472,2.6213996954096195,2.4645513969808497,2.715880742764565,3.181980445051796,3.9561520519073703
Hs3_Tp8,3.0,8.0,120.0,landing_center.max_abs_vertical_velocity_m_s,0.6154430432926044,0.08017509482861838,0.6070419799363638,0.7610393621856468,0.7467066725737679,0.7770092551969805,0.8286574024401702,0.9202013895122467
Hs3_Tp8,3.0,8.0,120.0,leg_1.max_abs_vertical_velocity_m_s,0.6187308050408327,0.08216375052396217,0.6093473314347886,0.7733854655678822,0.7558098892510887,0.7878071323513083,0.8406084821962436,0.928738375575993
Hs3_Tp8,3.0,8.0,120.0,leg_2.max_abs_vertical_velocity_m_s,0.6849627510856897,0.09190996670992686,0.6780702380629287,0.8546217659903954,0.8378228519442046,0.8714031542811792,0.9393104087143372,1.0175377655160285
Hs3_Tp8,3.0,8.0,120.0,leg_3.max_abs_vertical_velocity_m_s,0.6642219136074057,0.08865016448166874,0.655363751877512,0.8268495289951725,0.8039970364584426,0.8465919550895802,0.9126370853554862,1.001834278465598
Hs3_Tp8,3.0,8.0,120.0,leg_4.max_abs_vertical_velocity_m_s,0.7742891344381644,0.10517724562944367,0.761954585415878,0.9703911172274091,0.9462097605534495,0.9925710142434467,1.0742390315163912,1.1583814886117736
Hs3_Tp8,3.0,8.0,120.0,leg_forward_port.max_abs_vertical_velocity_m_s,0.6630980773245299,0.09161171960382733,0.6554567117452212,0.8278441116925458,0.8138659083695072,0.8493180718207649,0.9196484256211512,0.985735003950591
Hs3_Tp8,3.0,8.0,120.0,leg_forward_starboard.max_abs_vertical_velocity_m_s,1.006455360133145,0.1413048124683675,0.9924128935196999,1.2765045713691956,1.2340583583447053,1.309585893900636,1.4209052547870051,1.5081421265586643
Hs3_Tp8,3.0,8.0,120.0,leg_aft_port.max_abs_vertical_velocity_m_s,0.8894952301933514,0.12219753404265359,0.8769138607347196,1.1138216771384961,1.0980451018165613,1.1274022819350633,1.225277972495278,1.3444000429195047
Hs3_Tp8,3.0,8.0,120.0,leg_aft_starboard.max_abs_vertical_velocity_m_s,0.7356738854982979,0.10182759282153114,0.7285023350558801,0.9196128533480076,0.8998944997001409,0.9442203627876153,1.0378593469715773,1.1239718597025339
Hs3_Tp8,3.0,8.0,120.0,four_feet.max_vertical_span_m,1.0405607028355315,0.14942178449110077,1.0235942531065798,1.3201023429877434,1.2947862040004536,1.3426360120590748,1.434410333023553,1.5736357488753445
Hs3_Tp8,3.0,8.0,120.0,four_feet.max_vertical_velocity_span_m_s,0.7803956898275013,0.11289493322359234,0.7708948850312292,0.9859885474854476,0.9728007612048662,1.0068274399422186,1.0952276226705342,1.1619098868603235
Hs3_Tp8,3.0,8.0,120.0,platform.max_tilt_deg,4.677310453843994,0.6792668864457374,4.615714942373831,5.931644398324161,5.8391244624033884,6.0132496585901105,6.512289745256544,7.113529875636652
Hs3_Tp8,3.0,8.0,120.0,platform.max_tilt_rate_deg_s,3.516249732405461,0.5129417429678669,3.4778084246169647,4.445181470269432,4.388215075031971,4.540599111021724,4.923322941997462,5.295655832805289
Hs3_Tp8,3.0,8.0,120.0,deck_edge.minimum_dynamic_elevation_m,-3.8939426555915473,0.5458902767822297,-3.8295381467280745,-3.082341232861026,-3.1406816548729433,-3.0590733874787355,-2.8239067566309943,-2.437556963374071
Hs3_Tp8,3.0,8.0,120.0,deck_edge.max_immersion_m,0.8990790113151192,0.5359108505344053,0.8295381467280742,1.9233614881925327,1.8000196103065147,2.021619082797164,2.423164441674894,2.870580429196923
Hs3_Tp8,3.0,8.0,150.0,landing_center.max_abs_vertical_velocity_m_s,0.2800636205320853,0.033976308984069135,0.2774606930515411,0.34090024931924506,0.33722610306576734,0.3470196399193758,0.37182396125432426,0.42041628747663623
Hs3_Tp8,3.0,8.0,150.0,leg_1.max_abs_vertical_velocity_m_s,0.35595902619510766,0.04434893733105955,0.3521968674037037,0.43666965017979364,0.4276165487556848,0.4471131845623014,0.4750632707895852,0.5188292723935474
Hs3_Tp8,3.0,8.0,150.0,leg_2.max_abs_vertical_velocity_m_s,0.25266519755773353,0.03124185847670774,0.24971198995485652,0.3122106941520107,0.3052828547038436,0.3163693340445129,0.3399454072235656,0.3863637252424733
Hs3_Tp8,3.0,8.0,150.0,leg_3.max_abs_vertical_velocity_m_s,0.23484386233628635,0.029128387944429405,0.23218583190331046,0.28849001860104684,0.2812711519427048,0.29345522187421946,0.31510509715899393,0.35428458472461466
Hs3_Tp8,3.0,8.0,150.0,leg_4.max_abs_vertical_velocity_m_s,0.3561798139388153,0.04394280797982421,0.35286398671044006,0.4392998672006089,0.4297288600723155,0.44568032832596105,0.4658313543962197,0.5348263819596819
Hs3_Tp8,3.0,8.0,150.0,leg_forward_port.max_abs_vertical_velocity_m_s,0.43043960115365104,0.05551496667840435,0.42434004564382705,0.5335320827689062,0.5217640052159449,0.546185999364648,0.586746629881263,0.6430852616724656
Hs3_Tp8,3.0,8.0,150.0,leg_forward_starboard.max_abs_vertical_velocity_m_s,0.43963659567014446,0.05500839762284165,0.43540447133499793,0.5404454807499718,0.5325207289687893,0.5492435415115415,0.5802590287978865,0.6605225802191566
Hs3_Tp8,3.0,8.0,150.0,leg_aft_port.max_abs_vertical_velocity_m_s,0.28021725788178425,0.0353642477772282,0.27609331074364385,0.34562589307483343,0.33874807531641077,0.35562275587307596,0.3851157024391779,0.4321941695039113
Hs3_Tp8,3.0,8.0,150.0,leg_aft_starboard.max_abs_vertical_velocity_m_s,0.23987559975827788,0.029736369628269577,0.23658659342077273,0.29447486448048854,0.2898135465699876,0.2983612531641716,0.32155308622975604,0.3562189620200927
Hs3_Tp8,3.0,8.0,150.0,four_feet.max_vertical_span_m,0.3698269655882753,0.046811395604284656,0.3646771897636278,0.45706483621672095,0.44645186252902125,0.46334919902600813,0.49402949903031024,0.580623283484569
Hs3_Tp8,3.0,8.0,150.0,four_feet.max_vertical_velocity_span_m_s,0.2637542946917842,0.03292793737795819,0.259788439131688,0.3263235593547509,0.31964936007810557,0.3284128056370338,0.3482092389481701,0.4207039898355541
Hs3_Tp8,3.0,8.0,150.0,platform.max_tilt_deg,1.8159767068954147,0.23383675432672357,1.793275575137288,2.2614051003765216,2.2026249705099854,2.286526430138825,2.4589751747197264,2.825936923380202
Hs3_Tp8,3.0,8.0,150.0,platform.max_tilt_rate_deg_s,1.297710932688609,0.16736926772410682,1.2789096865067677,1.5997516562618923,1.5771769044080348,1.6325892698249174,1.745780719835385,2.0142768667633275
Hs3_Tp8,3.0,8.0,150.0,deck_edge.minimum_dynamic_elevation_m,-2.1771480609226033,0.2812588588304258,-2.1521881830156167,-1.7659703960197668,-1.786943822348288,-1.7397399369747915,-1.6074820106050054,-1.5010036562348428
Hs3_Tp8,3.0,8.0,150.0,deck_edge.max_immersion_m,0.0007021287571471837,0.013165770571829776,0.0,0.0,0.0,0.0,0.0,0.38507084608394626
Hs3_Tp8,3.0,8.0,180.0,landing_center.max_abs_vertical_velocity_m_s,0.25022999095381754,0.03031576519332018,0.24768032578051888,0.3055196008716937,0.2995234736549253,0.30860270201650897,0.3328216169482017,0.36276042793815844
Hs3_Tp8,3.0,8.0,180.0,leg_1.max_abs_vertical_velocity_m_s,0.3211825105418963,0.04004617691978423,0.3171668979901431,0.39568927590641634,0.3888165203302688,0.3996659230820495,0.429637773031268,0.4718382209567078
Hs3_Tp8,3.0,8.0,180.0,leg_2.max_abs_vertical_velocity_m_s,0.19574674451015184,0.023768499749185837,0.1933245776692664,0.23882436104536056,0.23488048571965725,0.24295577126415455,0.25569148527730945,0.29499805899872106
Hs3_Tp8,3.0,8.0,180.0,leg_3.max_abs_vertical_velocity_m_s,0.195746744510148,0.023768499749185476,0.19332457766926148,0.23882436104535754,0.23488432732429793,0.2429557712641514,0.25569148527730906,0.294998058998718
Hs3_Tp8,3.0,8.0,180.0,leg_4.max_abs_vertical_velocity_m_s,0.32118251054189195,0.04004617691978371,0.317166897990136,0.3956892759064128,0.38881635748889504,0.39966592308204685,0.4296377730312667,0.4718382209567051
Hs3_Tp8,3.0,8.0,180.0,leg_forward_port.max_abs_vertical_velocity_m_s,0.38716141113792113,0.048923204451485056,0.3835306210364834,0.47890662106825077,0.4677429497239793,0.4863967004157228,0.522402730458061,0.5662852298475076
Hs3_Tp8,3.0,8.0,180.0,leg_forward_starboard.max_abs_vertical_velocity_m_s,0.38716141113791336,0.048923204451484084,0.3835306210364747,0.4789066210682329,0.4676427625199875,0.4863861956548183,0.5224027304580486,0.5662852298474915
Hs3_Tp8,3.0,8.0,180.0,leg_aft_port.max_abs_vertical_velocity_m_s,0.1751874064927441,0.022385560730693106,0.1732139538136386,0.21634302183222162,0.2120622625251274,0.21934393799581928,0.23530367562551413,0.2701059189407284
Hs3_Tp8,3.0,8.0,180.0,leg_aft_starboard.max_abs_vertical_velocity_m_s,0.17518740649273873,0.022385560730692543,0.1732139538136352,0.21634302183222304,0.21207239925754623,0.21937100654072833,0.2353036756255077,0.2701059189407253
Hs3_Tp8,3.0,8.0,180.0,four_feet.max_vertical_span_m,0.25950169050595184,0.03323664426509312,0.25660713666792345,0.32117394073863165,0.3145529350683508,0.3285086819295054,0.35015558288824966,0.41327085156311927
Hs3_Tp8,3.0,8.0,180.0,four_feet.max_vertical_velocity_span_m_s,0.18275180132227792,0.02333180927904722,0.1800293255837477,0.22595911004896824,0.22110942093828362,0.22920593568771358,0.24625466414723984,0.29622452397503424
Hs3_Tp8,3.0,8.0,180.0,platform.max_tilt_deg,1.5179692245420684,0.19441955473622324,1.5010373747481762,1.8787243998896623,1.8438190335148616,1.920908582058781,2.048254088786966,2.4174502788401497
Hs3_Tp8,3.0,8.0,180.0,platform.max_tilt_rate_deg_s,1.069016581726201,0.13648068484419562,1.053091312115857,1.3217600794449422,1.2933780262644952,1.3407525622587166,1.440480024799201,1.7327814322597002
Hs3_Tp8,3.0,8.0,180.0,deck_edge.minimum_dynamic_elevation_m,-1.8059260287244432,0.2323336991087275,-1.7849576280274786,-1.4709391775177756,-1.4873814413540738,-1.4555330182373494,-1.3540049909547396,-1.2933135528508677
Hs3_Tp8,3.0,8.0,180.0,deck_edge.max_immersion_m,0.0,0.0,0.0,0.0,0.0,0.0,0.0,0.0
Hs3_Tp10,3.0,10.0,0.0,landing_center.max_abs_vertical_velocity_m_s,0.43923532255001935,0.05595291609350814,0.43301949067929696,0.5389559971824894,0.531124966673405,0.549049958640128,0.5774709747957001,0.6252377354612799
Hs3_Tp10,3.0,10.0,0.0,leg_1.max_abs_vertical_velocity_m_s,0.4136632684914851,0.05463911682510629,0.4087918079339664,0.509110085226476,0.5038275039622677,0.5159342827339104,0.5464182815423606,0.6054084655636819
Hs3_Tp10,3.0,10.0,0.0,leg_2.max_abs_vertical_velocity_m_s,0.5098247923879262,0.06462296398069386,0.5043868139919223,0.62369858371447,0.6159201369141778,0.6328289953093958,0.6716671956361479,0.7259836723607453
Hs3_Tp10,3.0,10.0,0.0,leg_3.max_abs_vertical_velocity_m_s,0.5098247923879262,0.06462296398069385,0.5043868139919214,0.6236985837144686,0.6159430037431419,0.632153342923409,0.6716671956361479,0.7259836723607418
Hs3_Tp10,3.0,10.0,0.0,leg_4.max_abs_vertical_velocity_m_s,0.41366326849148594,0.05463911682510644,0.40879180793396774,0.5091100852264793,0.503850956060683,0.5159484998065478,0.5464182815423639,0.6054084655636844
Hs3_Tp10,3.0,10.0,0.0,leg_forward_port.max_abs_vertical_velocity_m_s,0.4348352258192937,0.05841404145455524,0.42982229307259906,0.5383918172204604,0.5301636626528401,0.5451531347179192,0.5760002729566045,0.6443287900954617
Hs3_Tp10,3.0,10.0,0.0,leg_forward_starboard.max_abs_vertical_velocity_m_s,0.43483522581929573,0.05841404145455552,0.4298222930725974,0.5383918172204608,0.530172639632359,0.5453914626429074,0.5760002729566126,0.6443287900954662
Hs3_Tp10,3.0,10.0,0.0,leg_aft_port.max_abs_vertical_velocity_m_s,0.5922758136849261,0.0751282754967674,0.586838045623963,0.7201685936636912,0.712440365874855,0.7354186146689183,0.7771185963475533,0.8635324231030768
Hs3_Tp10,3.0,10.0,0.0,leg_aft_starboard.max_abs_vertical_velocity_m_s,0.5922758136849258,0.0751282754967674,0.5868380456239669,0.7201685936636896,0.7124403658748599,0.7365473954875517,0.7771185963475453,0.8635324231030723
Hs3_Tp10,3.0,10.0,0.0,four_feet.max_vertical_span_m,0.4777705948327666,0.06498513703533024,0.4717905251353385,0.5921113651332469,0.5780411545939879,0.6024830211143426,0.6583436982563621,0.7532453936244946
Hs3_Tp10,3.0,10.0,0.0,four_feet.max_vertical_velocity_span_m_s,0.3008320534183022,0.04093377648381605,0.2971108010960938,0.3743110358673608,0.3643266041405103,0.38347110853441063,0.4150979294637833,0.4770249932834291
Hs3_Tp10,3.0,10.0,0.0,platform.max_tilt_deg,2.7947450281857535,0.38013408652541936,2.7597642858884246,3.463587570552863,3.386537451676994,3.5335250430971517,3.8510171982924533,4.406149816676618
Hs3_Tp10,3.0,10.0,0.0,platform.max_tilt_rate_deg_s,1.7597334258379722,0.2394443474551958,1.7379657583871158,2.189552722162656,2.1281918501343258,2.239622904871485,2.4281378701951595,2.7903835914511457
Hs3_Tp10,3.0,10.0,0.0,deck_edge.minimum_dynamic_elevation_m,-3.1511612741949193,0.4282159846239481,-3.1215610926162842,-2.513993984085718,-2.557594579440076,-2.484119088147109,-2.3218868491749545,-1.972733047806729
Hs3_Tp10,3.0,10.0,0.0,deck_edge.max_immersion_m,0.25089975558155864,0.32335009649254487,0.12156109261628445,0.8936385861912832,0.8187424388547732,0.9888230887698058,1.3814878529479322,1.997895611124365
Hs3_Tp10,3.0,10.0,30.0,landing_center.max_abs_vertical_velocity_m_s,0.5648899630059332,0.07442807040576557,0.5566929995258545,0.6941339703045356,0.6841397383867396,0.7085998407575944,0.7529077012047205,0.8280304653142294
Hs3_Tp10,3.0,10.0,30.0,leg_1.max_abs_vertical_velocity_m_s,0.5729938916082125,0.07701472728806023,0.5668481605777487,0.7091975507123048,0.6928205794201681,0.7229693523733929,0.7691218156843516,0.845915019226004
Hs3_Tp10,3.0,10.0,30.0,leg_2.max_abs_vertical_velocity_m_s,0.6082339029416951,0.07830095903756229,0.5992295339222368,0.7404379452323071,0.731988146118425,0.7536991602289872,0.8012502911728352,0.894719887131969
Hs3_Tp10,3.0,10.0,30.0,leg_3.max_abs_vertical_velocity_m_s,0.6318626769700466,0.08178396598227887,0.6253267289931856,0.7745418971347007,0.764373393833277,0.7834976356071075,0.8419041173659291,0.9485109004000714
Hs3_Tp10,3.0,10.0,30.0,leg_4.max_abs_vertical_velocity_m_s,0.5437966022770033,0.07276942326589957,0.5365655771777655,0.6697779828454358,0.6587595769477281,0.6814784028858669,0.7329551905876612,0.8023463190302819
Hs3_Tp10,3.0,10.0,30.0,leg_forward_port.max_abs_vertical_velocity_m_s,0.6373637076680299,0.0861421360145242,0.6297286939439779,0.7874148620001817,0.7690788144421385,0.802206144488852,0.8561579164761599,0.9576988441130063
Hs3_Tp10,3.0,10.0,30.0,leg_forward_starboard.max_abs_vertical_velocity_m_s,0.5472023060988247,0.0732044426109992,0.5410102463232519,0.6724525131695481,0.6616537084192609,0.6861144219798676,0.7378558340930325,0.8301246330118638
Hs3_Tp10,3.0,10.0,30.0,leg_aft_port.max_abs_vertical_velocity_m_s,0.6577601951271056,0.0836507059352825,0.6493941918506196,0.8007997179057702,0.7884928264143971,0.8106639123381747,0.8702615220680404,0.9680180032324652
Hs3_Tp10,3.0,10.0,30.0,leg_aft_starboard.max_abs_vertical_velocity_m_s,0.730589543718557,0.09465215375729683,0.7231500131644168,0.8993551165591394,0.8822627662828482,0.9075938328735794,0.9826059978758837,1.1174180823526898
Hs3_Tp10,3.0,10.0,30.0,four_feet.max_vertical_span_m,0.6618674849932337,0.09000980770055372,0.6549262894357233,0.824612768559436,0.8056677795809173,0.8378544871317148,0.9073286121921458,1.0419912929884028
Hs3_Tp10,3.0,10.0,30.0,four_feet.max_vertical_velocity_span_m_s,0.41942664664621077,0.05684217248976041,0.41424501195255214,0.5211944649742737,0.5102252635347203,0.5370375548550655,0.5734577023276066,0.6635454899205604
Hs3_Tp10,3.0,10.0,30.0,platform.max_tilt_deg,3.030603824521936,0.4101102923660028,2.9966126862887634,3.753151405147226,3.6896927480183295,3.842180043365778,4.188259118493496,4.774447204180127
Hs3_Tp10,3.0,10.0,30.0,platform.max_tilt_rate_deg_s,1.929106204289433,0.26059775176347355,1.8957337251318382,2.3894754636862556,2.3544964992838864,2.4652001860081207,2.6305003521127395,3.049930387991261
Hs3_Tp10,3.0,10.0,30.0,deck_edge.minimum_dynamic_elevation_m,-3.6214406324293966,0.49015150594133516,-3.586659941725188,-2.9194446636862414,-2.970700650552537,-2.8703479112720354,-2.6911698788251526,-2.3794085743280533
Hs3_Tp10,3.0,10.0,30.0,deck_edge.max_immersion_m,0.6344554901204554,0.4691082692573456,0.5866599417251881,1.495403478737288,1.4299099510258966,1.5958602536651985,1.9662788659407506,2.7587923560366026
Hs3_Tp10,3.0,10.0,60.0,landing_center.max_abs_vertical_velocity_m_s,0.9838636956717373,0.12900053014005125,0.9702359369717728,1.202870311217017,1.1893222074640262,1.2303490507813237,1.3403889620054592,1.4995565906785742
Hs3_Tp10,3.0,10.0,60.0,leg_1.max_abs_vertical_velocity_m_s,1.0805468111164156,0.1438245747727638,1.066839603138384,1.3291307252060942,1.3120035245944461,1.3542221100872138,1.4771317978416636,1.6584496534366044
Hs3_Tp10,3.0,10.0,60.0,leg_2.max_abs_vertical_velocity_m_s,1.020118545408942,0.1361208256440254,1.006584545481527,1.255265263864923,1.241501090749704,1.2790926947716985,1.3903200076568258,1.5780316224243518
Hs3_Tp10,3.0,10.0,60.0,leg_3.max_abs_vertical_velocity_m_s,1.0391633811239616,0.13196453416380483,1.0299616381790042,1.2734120606815849,1.249460347679919,1.2943784614459029,1.400971870892342,1.5286019088406975
Hs3_Tp10,3.0,10.0,60.0,leg_4.max_abs_vertical_velocity_m_s,0.9698421452928168,0.1250578466937043,0.9602588914804141,1.181490233196937,1.1651697103021328,1.2092533391306206,1.3115770066965242,1.4378055681672042
Hs3_Tp10,3.0,10.0,60.0,leg_forward_port.max_abs_vertical_velocity_m_s,1.2548404386626482,0.16659498401740422,1.2427362071760326,1.5581236075462317,1.5309880526640454,1.582548224519871,1.7032453529955216,1.914078847171171
Hs3_Tp10,3.0,10.0,60.0,leg_forward_starboard.max_abs_vertical_velocity_m_s,0.9754010880550896,0.12360737170225503,0.9675378980236973,1.1904227091665676,1.173547731670054,1.2096059680449032,1.3052408766950059,1.4008237667618375
Hs3_Tp10,3.0,10.0,60.0,leg_aft_port.max_abs_vertical_velocity_m_s,1.0670502577184109,0.14353889498881478,1.0520945417478904,1.3192213318879698,1.3007541180400004,1.3428908543151084,1.4532191700199175,1.6562467482746333
Hs3_Tp10,3.0,10.0,60.0,leg_aft_starboard.max_abs_vertical_velocity_m_s,1.1838095350258693,0.14836778604239004,1.174627373160814,1.443761224607395,1.4180460016791154,1.4786545868243508,1.5814867912353436,1.6893818488383887
Hs3_Tp10,3.0,10.0,60.0,four_feet.max_vertical_span_m,1.1389435142220186,0.15004697370589823,1.1190696904836268,1.4204699564573604,1.3963337319431397,1.4398592902117344,1.550786709305056,1.6676171981225165
Hs3_Tp10,3.0,10.0,60.0,four_feet.max_vertical_velocity_span_m_s,0.7709440105887044,0.10208858461730735,0.7619124133752467,0.9565885446326542,0.9447986095671972,0.9679968564247143,1.056845654803213,1.1206165879699164
Hs3_Tp10,3.0,10.0,60.0,platform.max_tilt_deg,4.955486895762363,0.6535585579085449,4.875212765687058,6.182355658404507,6.067735270512875,6.267120139459313,6.711688841669632,7.351371483313642
Hs3_Tp10,3.0,10.0,60.0,platform.max_tilt_rate_deg_s,3.369842410818829,0.4467882851661765,3.335419229131562,4.18023810129461,4.132507024672606,4.222994372127879,4.595783328533049,4.972278408493166
Hs3_Tp10,3.0,10.0,60.0,deck_edge.minimum_dynamic_elevation_m,-4.608963254778503,0.608995749939193,-4.546565178361323,-3.7006283497285173,-3.775891187281251,-3.6579898425409407,-3.4113817976717815,-3.1717962395151904
Hs3_Tp10,3.0,10.0,60.0,deck_edge.max_immersion_m,1.608963254778504,0.608995749939193,1.5465651783613232,2.7123947773020904,2.6127861089700897,2.7996438851729213,3.2858760681410266,4.049183042480035
Hs3_Tp10,3.0,10.0,90.0,landing_center.max_abs_vertical_velocity_m_s,1.2791106955269993,0.16598114682684417,1.2630656669786835,1.570142137428662,1.5525293725858478,1.5980834399253112,1.7287775539383714,1.9341269321581125
Hs3_Tp10,3.0,10.0,90.0,leg_1.max_abs_vertical_velocity_m_s,1.4071420851700767,0.1879059358061573,1.3900326268213428,1.75009412666418,1.720446966289796,1.784391974238479,1.9056613452837685,2.1556553198823574
Hs3_Tp10,3.0,10.0,90.0,leg_2.max_abs_vertical_velocity_m_s,1.4071420851700767,0.1879059358061573,1.3900326268213425,1.7500941266641807,1.7235036153305643,1.7842835726891435,1.9056613452837687,2.1556553198823574
Hs3_Tp10,3.0,10.0,90.0,leg_3.max_abs_vertical_velocity_m_s,1.34404156284451,0.16513734367062508,1.3325100882614982,1.6279107926998397,1.6088641419958174,1.664565269901754,1.7948240038067316,1.9631733795312227
Hs3_Tp10,3.0,10.0,90.0,leg_4.max_abs_vertical_velocity_m_s,1.34404156284451,0.16513734367062508,1.3325100882614982,1.6279107926998408,1.6088641419958178,1.6646257728301075,1.7948240038067318,1.9631733795312223
Hs3_Tp10,3.0,10.0,90.0,leg_forward_port.max_abs_vertical_velocity_m_s,1.6361268992373943,0.21675575039820644,1.615184853952388,2.039494507366039,1.9968868317348938,2.0795513933224195,2.219567600345031,2.4223371583231192
Hs3_Tp10,3.0,10.0,90.0,leg_forward_starboard.max_abs_vertical_velocity_m_s,1.5196760783529146,0.18405626335914832,1.5050983541834357,1.8385375865565408,1.8049731788863344,1.8729289415075987,2.0061076220884986,2.2508047440438874
Hs3_Tp10,3.0,10.0,90.0,leg_aft_port.max_abs_vertical_velocity_m_s,1.6361268992373943,0.21675575039820633,1.6151848539523879,2.039494507366039,1.9951882123278648,2.0795245492486893,2.219567600345032,2.4223371583231184
Hs3_Tp10,3.0,10.0,90.0,leg_aft_starboard.max_abs_vertical_velocity_m_s,1.5196760783529144,0.18405626335914826,1.5050983541834353,1.8385375865565399,1.8046185806703243,1.872928941507598,2.0061076220884972,2.2508047440438874
Hs3_Tp10,3.0,10.0,90.0,four_feet.max_vertical_span_m,1.3632690659531668,0.18035557132745988,1.3476883404730275,1.6780145405342337,1.6597773082240543,1.707091509988481,1.8398232863626185,2.064852965663171
Hs3_Tp10,3.0,10.0,90.0,four_feet.max_vertical_velocity_span_m_s,0.9791709580376108,0.12976131858897968,0.9696688443407486,1.2173130353417425,1.194532591566374,1.2302285795986263,1.3406155245768838,1.4894820534377258
Hs3_Tp10,3.0,10.0,90.0,platform.max_tilt_deg,7.974516400461345,1.0549997043025507,7.883376101032935,9.815637138620843,9.709478176311396,10.028934246971659,10.762146180432307,12.078469504264298
Hs3_Tp10,3.0,10.0,90.0,platform.max_tilt_rate_deg_s,5.727713669103839,0.7590458766185024,5.6721305392528745,7.120738676807612,6.98716454892706,7.19628885400275,7.842003280531207,8.712806121678723
Hs3_Tp10,3.0,10.0,90.0,deck_edge.minimum_dynamic_elevation_m,-4.215440319119683,0.5509726076527871,-4.155613335241081,-3.432950667126249,-3.489347753335246,-3.3731992548186387,-3.151036220865994,-2.9312862337472905
Hs3_Tp10,3.0,10.0,90.0,deck_edge.max_immersion_m,1.2155697426199148,0.5506803208503308,1.155613335241081,2.2551571976621205,2.1525590695761676,2.3233419506825834,2.630642004857115,3.218555280475222
Hs3_Tp10,3.0,10.0,120.0,landing_center.max_abs_vertical_velocity_m_s,0.9838636956717373,0.12900053014005125,0.9702359369717728,1.202870311217017,1.1901260704349448,1.2305858824789797,1.3403889620054592,1.4995565906785742
Hs3_Tp10,3.0,10.0,120.0,leg_1.max_abs_vertical_velocity_m_s,1.0201185454089423,0.1361208256440254,1.006584545481527,1.2552652638649233,1.2416006150712802,1.2790926947716985,1.3903200076568258,1.5780316224243518
Hs3_Tp10,3.0,10.0,120.0,leg_2.max_abs_vertical_velocity_m_s,1.0805468111164156,0.1438245747727638,1.066839603138384,1.329130725206094,1.312061250331142,1.3542221100872138,1.4771317978416636,1.6584496534366044
Hs3_Tp10,3.0,10.0,120.0,leg_3.max_abs_vertical_velocity_m_s,0.969842145292817,0.1250578466937043,0.9602588914804141,1.181490233196937,1.165258947131623,1.2105590698887378,1.3115770066965242,1.4378055681672044
Hs3_Tp10,3.0,10.0,120.0,leg_4.max_abs_vertical_velocity_m_s,1.0391633811239616,0.13196453416380483,1.029961638179004,1.2734120606815849,1.2493009811681453,1.2943714035876226,1.400971870892342,1.5286019088406975
Hs3_Tp10,3.0,10.0,120.0,leg_forward_port.max_abs_vertical_velocity_m_s,1.0670502577184109,0.14353889498881478,1.0520945417478906,1.3192213318879698,1.3007541180400004,1.342498426595689,1.4532191700199175,1.6562467482746335
Hs3_Tp10,3.0,10.0,120.0,leg_forward_starboard.max_abs_vertical_velocity_m_s,1.1838095350258693,0.14836778604239004,1.174627373160814,1.4437612246073948,1.4221555759575406,1.478435471540398,1.5814867912353434,1.6893818488383887
Hs3_Tp10,3.0,10.0,120.0,leg_aft_port.max_abs_vertical_velocity_m_s,1.2548404386626482,0.16659498401740425,1.2427362071760326,1.5581236075462315,1.5313993795100083,1.578459717411464,1.7032453529955216,1.914078847171171
Hs3_Tp10,3.0,10.0,120.0,leg_aft_starboard.max_abs_vertical_velocity_m_s,0.9754010880550898,0.12360737170225503,0.9675378980236973,1.1904227091665678,1.1733995249137372,1.2096059680449032,1.3052408766950059,1.4008237667618375
Hs3_Tp10,3.0,10.0,120.0,four_feet.max_vertical_span_m,1.1389435142220186,0.15004697370589823,1.1190696904836268,1.4204699564573602,1.3963236123946088,1.4398634576090892,1.550786709305056,1.6676171981225163
Hs3_Tp10,3.0,10.0,120.0,four_feet.max_vertical_velocity_span_m_s,0.7709440105887044,0.10208858461730734,0.7619124133752467,0.9565885446326543,0.9448407519919912,0.9679968564247143,1.0568456548032132,1.1206165879699164
Hs3_Tp10,3.0,10.0,120.0,platform.max_tilt_deg,4.955486895762363,0.6535585579085449,4.875212765687058,6.182355658404507,6.068191830277344,6.267137962862589,6.711688841669632,7.351371483313642
Hs3_Tp10,3.0,10.0,120.0,platform.max_tilt_rate_deg_s,3.369842410818829,0.4467882851661765,3.335419229131562,4.18023810129461,4.124273975883944,4.2241144225254965,4.595783328533049,4.972278408493166
Hs3_Tp10,3.0,10.0,120.0,deck_edge.minimum_dynamic_elevation_m,-4.608963254778504,0.6089957499391931,-4.546565178361323,-3.7006283497285173,-3.776038866349661,-3.657975088455432,-3.4113817976717815,-3.1717962395151904
Hs3_Tp10,3.0,10.0,120.0,deck_edge.max_immersion_m,1.608963254778504,0.608995749939193,1.5465651783613232,2.7123947773020904,2.6012491387818732,2.8390568298204197,3.285876068141025,4.049183042480035
Hs3_Tp10,3.0,10.0,150.0,landing_center.max_abs_vertical_velocity_m_s,0.5648899630059332,0.07442807040576557,0.5566929995258545,0.6941339703045356,0.6843169652633943,0.7084696994070528,0.7529077012047205,0.8280304653142294
Hs3_Tp10,3.0,10.0,150.0,leg_1.max_abs_vertical_velocity_m_s,0.6082339029416951,0.07830095903756228,0.5992295339222369,0.7404379452323071,0.731988146118425,0.7536993944109407,0.8012502911728352,0.894719887131969
Hs3_Tp10,3.0,10.0,150.0,leg_2.max_abs_vertical_velocity_m_s,0.5729938916082125,0.07701472728806023,0.5668481605777487,0.7091975507123048,0.6926695041171014,0.720111424906386,0.7691218156843516,0.845915019226004
Hs3_Tp10,3.0,10.0,150.0,leg_3.max_abs_vertical_velocity_m_s,0.5437966022770033,0.07276942326589958,0.5365655771777657,0.6697779828454355,0.658760085954573,0.6827554577907828,0.7329551905876612,0.8023463190302819
Hs3_Tp10,3.0,10.0,150.0,leg_4.max_abs_vertical_velocity_m_s,0.6318626769700466,0.08178396598227887,0.6253267289931856,0.7745418971347007,0.7634103090279885,0.783445942008544,0.8419041173659291,0.9485109004000714
Hs3_Tp10,3.0,10.0,150.0,leg_forward_port.max_abs_vertical_velocity_m_s,0.6577601951271056,0.0836507059352825,0.6493941918506198,0.8007997179057702,0.7884934921523272,0.8106639123381745,0.8702615220680403,0.9680180032324651
Hs3_Tp10,3.0,10.0,150.0,leg_forward_starboard.max_abs_vertical_velocity_m_s,0.730589543718557,0.0946521537572968,0.7231500131644168,0.8993551165591392,0.8822842772921977,0.9078497926598603,0.9826059978758837,1.1174180823526898
Hs3_Tp10,3.0,10.0,150.0,leg_aft_port.max_abs_vertical_velocity_m_s,0.6373637076680299,0.0861421360145242,0.6297286939439778,0.7874148620001815,0.7709172814549557,0.8014991565307057,0.8561579164761597,0.9576988441130063
Hs3_Tp10,3.0,10.0,150.0,leg_aft_starboard.max_abs_vertical_velocity_m_s,0.5472023060988247,0.0732044426109992,0.5410102463232519,0.672452513169548,0.6627033016162451,0.6861144219798676,0.7378558340930325,0.8301246330118639
Hs3_Tp10,3.0,10.0,150.0,four_feet.max_vertical_span_m,0.6618674849932336,0.09000980770055371,0.6549262894357232,0.8246127685594358,0.8057259161087825,0.8378544871317148,0.9073286121921453,1.0419912929884023
Hs3_Tp10,3.0,10.0,150.0,four_feet.max_vertical_velocity_span_m_s,0.41942664664621077,0.05684217248976041,0.4142450119525521,0.5211944649742736,0.510198314771731,0.5370375548550654,0.5734577023276064,0.6635454899205603
Hs3_Tp10,3.0,10.0,150.0,platform.max_tilt_deg,3.0306038245219358,0.41011029236600277,2.9966126862887634,3.753151405147225,3.6759702622438413,3.8315700472052203,4.1882591184934945,4.774447204180126
Hs3_Tp10,3.0,10.0,150.0,platform.max_tilt_rate_deg_s,1.929106204289433,0.26059775176347355,1.8957337251318382,2.3894754636862556,2.354497796003659,2.4721583512225687,2.6305003521127395,3.049930387991261
Hs3_Tp10,3.0,10.0,150.0,deck_edge.minimum_dynamic_elevation_m,-3.6214406324293975,0.49015150594133516,-3.586659941725188,-2.919444663686243,-2.9709885313307636,-2.8703519940654014,-2.691169878825151,-2.3794085743280546
Hs3_Tp10,3.0,10.0,150.0,deck_edge.max_immersion_m,0.6344554901204555,0.4691082692573456,0.5866599417251877,1.495403478737288,1.4279837549958667,1.5958602536651985,1.9662788659407515,2.7587923560366026
Hs3_Tp10,3.0,10.0,180.0,landing_center.max_abs_vertical_velocity_m_s,0.43923532255001935,0.05595291609350814,0.43301949067929696,0.5389559971824894,0.5311254236070346,0.5490844925078182,0.5774709747957001,0.6252377354612799
Hs3_Tp10,3.0,10.0,180.0,leg_1.max_abs_vertical_velocity_m_s,0.5098247923879268,0.06462296398069392,0.5043868139919233,0.6236985837144697,0.6159430037431436,0.632178421688341,0.6716671956361476,0.7259836723607439
Hs3_Tp10,3.0,10.0,180.0,leg_2.max_abs_vertical_velocity_m_s,0.41366326849148616,0.054639116825106415,0.40879180793396774,0.5091100852264776,0.5038275039622678,0.5159775654847674,0.5464182815423653,0.6054084655636838
Hs3_Tp10,3.0,10.0,180.0,leg_3.max_abs_vertical_velocity_m_s,0.41366326849148477,0.05463911682510632,0.4087918079339666,0.5091100852264777,0.5038574677673201,0.5159339181935843,0.5464182815423593,0.6054084655636826
Hs3_Tp10,3.0,10.0,180.0,leg_4.max_abs_vertical_velocity_m_s,0.5098247923879256,0.06462296398069378,0.5043868139919201,0.623698583714469,0.6159424606559509,0.6323402809158323,0.6716671956361482,0.7259836723607431
Hs3_Tp10,3.0,10.0,180.0,leg_forward_port.max_abs_vertical_velocity_m_s,0.592275813684927,0.07512827549676745,0.5868380456239642,0.7201685936636899,0.7112807469645631,0.7364759540042196,0.7771185963475475,0.8635324231030748
Hs3_Tp10,3.0,10.0,180.0,leg_forward_starboard.max_abs_vertical_velocity_m_s,0.5922758136849251,0.07512827549676734,0.5868380456239659,0.720168593663691,0.7118421171437667,0.7354714816356791,0.7771185963475512,0.8635324231030743
Hs3_Tp10,3.0,10.0,180.0,leg_aft_port.max_abs_vertical_velocity_m_s,0.434835225819296,0.0584140414545555,0.42982229307259706,0.5383918172204585,0.5304744157711782,0.5451703237284251,0.5760002729566153,0.6443287900954652
Hs3_Tp10,3.0,10.0,180.0,leg_aft_starboard.max_abs_vertical_velocity_m_s,0.43483522581929324,0.058414041454555254,0.42982229307259956,0.5383918172204626,0.5301726396323616,0.5451531347179133,0.5760002729566017,0.6443287900954628
Hs3_Tp10,3.0,10.0,180.0,four_feet.max_vertical_span_m,0.4777705948327663,0.06498513703533028,0.471790525135338,0.5921113651332448,0.5780952945454261,0.604067399591344,0.6583436982563626,0.7532453936244896
Hs3_Tp10,3.0,10.0,180.0,four_feet.max_vertical_velocity_span_m_s,0.300832053418302,0.04093377648381612,0.2971108010960933,0.37431103586735626,0.3642721577450857,0.3828692465804657,0.4150979294637836,0.47702499328342707
Hs3_Tp10,3.0,10.0,180.0,platform.max_tilt_deg,2.794745028185754,0.38013408652541936,2.7597642858884246,3.463587570552863,3.3812831102629275,3.5335250430971517,3.851017198292454,4.406149816676618
Hs3_Tp10,3.0,10.0,180.0,platform.max_tilt_rate_deg_s,1.7597334258379727,0.23944434745519577,1.737965758387116,2.189552722162656,2.1308297596693335,2.239614440274458,2.4281378701951595,2.7903835914511466
Hs3_Tp10,3.0,10.0,180.0,deck_edge.minimum_dynamic_elevation_m,-3.1511612741949184,0.4282159846239481,-3.121561092616289,-2.5139939840857157,-2.557594579440077,-2.4850288300832264,-2.3218868491749585,-1.9727330478067238
Hs3_Tp10,3.0,10.0,180.0,deck_edge.max_immersion_m,0.2508997555815583,0.32335009649254465,0.12156109261628956,0.8936385861912782,0.8242627595986195,0.9888226716856066,1.3814878529479382,1.9978956111243562
