sea_state_id,hs_m,tp_s,heading_deg,metric,mean,standard_deviation,p50,p95,p99,maximum
Hs1_Tp6,1.0,6.0,0.0,landing_center.max_abs_vertical_velocity_m_s,0.028726620001024186,0.0036820903690514164,0.028343803869185037,0.03529970149836065,0.03868536309052566,0.040594726589888205
Hs1_Tp6,1.0,6.0,0.0,leg_forward_port.max_abs_vertical_velocity_m_s,0.015311554154135685,0.0017147977872126968,0.015274345483221735,0.018219080446718418,0.019031380968214755,0.02013809696031468
Hs1_Tp6,1.0,6.0,0.0,leg_forward_starboard.max_abs_vertical_velocity_m_s,0.015311554154134883,0.0017147977872126543,0.015274345483221423,0.018219080446717485,0.01903138096821382,0.020138096960313878
Hs1_Tp6,1.0,6.0,0.0,leg_aft_port.max_abs_vertical_velocity_m_s,0.04377225378460408,0.005516989078522797,0.042852599336032866,0.05376776240939654,0.05989980518110318,0.06326537256339616
Hs1_Tp6,1.0,6.0,0.0,leg_aft_starboard.max_abs_vertical_velocity_m_s,0.04377225378460326,0.00551698907852268,0.042852599336032034,0.05376776240939479,0.05989980518110176,0.06326537256339614
Hs1_Tp6,1.0,6.0,0.0,four_feet.max_vertical_span_m,0.03793676340971618,0.004297641744765972,0.03763689683093975,0.045130040852097625,0.04841757049982296,0.05522501335703678
Hs1_Tp6,1.0,6.0,0.0,four_feet.max_vertical_velocity_span_m_s,0.03168381149085604,0.003686750875388226,0.03144098001619117,0.03768781151224974,0.04255395902145909,0.04556260571086962
Hs1_Tp6,1.0,6.0,0.0,platform.max_tilt_deg,0.120756468431279,0.013679818546351342,0.1198019634656739,0.1436533816710089,0.15411791355093968,0.17578667716176682
Hs1_Tp6,1.0,6.0,0.0,platform.max_tilt_rate_deg_s,0.1008527042952276,0.011735292515327855,0.10007974770460482,0.11996402992979828,0.13545345852789842,0.14503027838063803
Hs1_Tp6,1.0,6.0,30.0,landing_center.max_abs_vertical_velocity_m_s,0.027658483956806673,0.00317811837262594,0.02764433883877037,0.03329179994661983,0.0361730609740509,0.037525341022157696
Hs1_Tp6,1.0,6.0,30.0,leg_forward_port.max_abs_vertical_velocity_m_s,0.021565782397893765,0.002464995103464982,0.021148008586730535,0.02614586646237278,0.027480503598855663,0.02766891503147152
Hs1_Tp6,1.0,6.0,30.0,leg_forward_starboard.max_abs_vertical_velocity_m_s,0.02418543392915847,0.002604752717165278,0.023938878762347196,0.028249255744705663,0.031067355308173703,0.03134805549718526
Hs1_Tp6,1.0,6.0,30.0,leg_aft_port.max_abs_vertical_velocity_m_s,0.043920082744945084,0.005277308051310089,0.04326842738250537,0.05510221113530211,0.05721038241654628,0.06178452493241348
Hs1_Tp6,1.0,6.0,30.0,leg_aft_starboard.max_abs_vertical_velocity_m_s,0.04742052898396921,0.0057758387571116366,0.046906133658524016,0.05641348762573976,0.06357643182212291,0.06818366445835823
Hs1_Tp6,1.0,6.0,30.0,four_feet.max_vertical_span_m,0.05834543761729788,0.0073822556351966625,0.05720922582697588,0.07237576912890864,0.07635046512175102,0.08545728954624031
Hs1_Tp6,1.0,6.0,30.0,four_feet.max_vertical_velocity_span_m_s,0.04916151729252463,0.006315215660580765,0.04778691660210768,0.06025810134033305,0.06477950733431477,0.07275374384484037
Hs1_Tp6,1.0,6.0,30.0,platform.max_tilt_deg,0.1431107722147483,0.016848650673189938,0.14061581032441367,0.17583372337447034,0.18399332427588372,0.20282533709458078
Hs1_Tp6,1.0,6.0,30.0,platform.max_tilt_rate_deg_s,0.11753976840270938,0.014095501666260992,0.11476715652001274,0.14557969730370532,0.15252830255383726,0.16992860236804874
Hs1_Tp6,1.0,6.0,60.0,landing_center.max_abs_vertical_velocity_m_s,0.05020475920889278,0.006301832446576012,0.04983444145504756,0.06109068697357971,0.06400144570153851,0.07404675794745023
Hs1_Tp6,1.0,6.0,60.0,leg_forward_port.max_abs_vertical_velocity_m_s,0.06294900583822577,0.007055423988203233,0.06217064101056996,0.07571249475374507,0.07989870925147675,0.08827202714641422
Hs1_Tp6,1.0,6.0,60.0,leg_forward_starboard.max_abs_vertical_velocity_m_s,0.06840543090081416,0.008028745660993231,0.06729106645724955,0.08423264962681144,0.09132710643463864,0.09161662387045853
Hs1_Tp6,1.0,6.0,60.0,leg_aft_port.max_abs_vertical_velocity_m_s,0.04431016348094386,0.0047600686478755875,0.043807489480360035,0.05258957289764348,0.0546875600100009,0.06030573809562691
Hs1_Tp6,1.0,6.0,60.0,leg_aft_starboard.max_abs_vertical_velocity_m_s,0.09763454778786942,0.012156944150917384,0.0964506643411979,0.11922437175453202,0.1314267926894249,0.140835897171212
Hs1_Tp6,1.0,6.0,60.0,four_feet.max_vertical_span_m,0.1585429080300951,0.019650264204006243,0.1567663646717184,0.19197784856481975,0.21490475726490432,0.22679506352560969
Hs1_Tp6,1.0,6.0,60.0,four_feet.max_vertical_velocity_span_m_s,0.12895122928666258,0.016370521890223075,0.1293114155632325,0.15451150985762221,0.1806360991079311,0.18664407935427596
Hs1_Tp6,1.0,6.0,60.0,platform.max_tilt_deg,0.3762654317564912,0.04633958254875245,0.367463690208268,0.4477926479645866,0.5109102076637979,0.5271726773684243
Hs1_Tp6,1.0,6.0,60.0,platform.max_tilt_rate_deg_s,0.30455394248125595,0.038148233017958146,0.3006765206702136,0.3625482854669899,0.42588197080652557,0.4313087421225477
Hs1_Tp6,1.0,6.0,90.0,landing_center.max_abs_vertical_velocity_m_s,0.10267861963302893,0.012064152253098587,0.10100668082594474,0.1253921188216938,0.13589939054710104,0.14495947524523484
Hs1_Tp6,1.0,6.0,90.0,leg_forward_port.max_abs_vertical_velocity_m_s,0.09394770908318813,0.01099267774342813,0.09209732518550734,0.11262740321612617,0.12226979032484879,0.13199158199806157
Hs1_Tp6,1.0,6.0,90.0,leg_forward_starboard.max_abs_vertical_velocity_m_s,0.2171393470026465,0.02742689962600914,0.2127755653662983,0.27125502966792797,0.2884789982416234,0.3059085252707079
Hs1_Tp6,1.0,6.0,90.0,leg_aft_port.max_abs_vertical_velocity_m_s,0.09394770908318797,0.010992677743428117,0.09209732518550723,0.11262740321612606,0.12226979032484858,0.13199158199806113
Hs1_Tp6,1.0,6.0,90.0,leg_aft_starboard.max_abs_vertical_velocity_m_s,0.21713934700264642,0.027426899626009114,0.21277556536629816,0.2712550296679278,0.2884789982416231,0.3059085252707077
Hs1_Tp6,1.0,6.0,90.0,four_feet.max_vertical_span_m,0.31018551827160956,0.03795896479437755,0.3042891209553278,0.38116732599672565,0.42516123543958245,0.450783320867794
Hs1_Tp6,1.0,6.0,90.0,four_feet.max_vertical_velocity_span_m_s,0.2659597133015012,0.03290439285676792,0.26094576645350703,0.32735145089832035,0.36894474132531746,0.3868952964993476
Hs1_Tp6,1.0,6.0,90.0,platform.max_tilt_deg,0.9873511701689612,0.12082713763352833,0.9685823545825607,1.2132932815499757,1.3533302446253324,1.4348878755897863
Hs1_Tp6,1.0,6.0,90.0,platform.max_tilt_rate_deg_s,0.846576060704744,0.10473793545184526,0.8306161721995782,1.041992030775431,1.1743875861936985,1.2315259779375127
Hs1_Tp6,1.0,6.0,120.0,landing_center.max_abs_vertical_velocity_m_s,0.05020475920889278,0.006301832446576012,0.04983444145504756,0.06109068697357971,0.06400144570153851,0.07404675794745023
Hs1_Tp6,1.0,6.0,120.0,leg_forward_port.max_abs_vertical_velocity_m_s,0.04431016348094386,0.004760068647875588,0.04380748948036002,0.052589572897643475,0.0546875600100009,0.06030573809562689
Hs1_Tp6,1.0,6.0,120.0,leg_forward_starboard.max_abs_vertical_velocity_m_s,0.09763454778786942,0.012156944150917382,0.0964506643411979,0.11922437175453202,0.1314267926894249,0.140835897171212
Hs1_Tp6,1.0,6.0,120.0,leg_aft_port.max_abs_vertical_velocity_m_s,0.06294900583822577,0.0070554239882032336,0.06217064101056996,0.07571249475374507,0.07989870925147674,0.08827202714641424
Hs1_Tp6,1.0,6.0,120.0,leg_aft_starboard.max_abs_vertical_velocity_m_s,0.06840543090081416,0.008028745660993233,0.06729106645724955,0.08423264962681144,0.09132710643463864,0.09161662387045853
Hs1_Tp6,1.0,6.0,120.0,four_feet.max_vertical_span_m,0.1585429080300951,0.019650264204006247,0.1567663646717184,0.19197784856481975,0.21490475726490438,0.2267950635256097
Hs1_Tp6,1.0,6.0,120.0,four_feet.max_vertical_velocity_span_m_s,0.12895122928666258,0.01637052189022307,0.12931141556323253,0.15451150985762221,0.1806360991079311,0.18664407935427596
Hs1_Tp6,1.0,6.0,120.0,platform.max_tilt_deg,0.3762654317564912,0.04633958254875246,0.367463690208268,0.4477926479645866,0.5109102076637979,0.5271726773684243
Hs1_Tp6,1.0,6.0,120.0,platform.max_tilt_rate_deg_s,0.30455394248125595,0.03814823301795814,0.3006765206702136,0.3625482854669899,0.42588197080652557,0.4313087421225477
Hs1_Tp6,1.0,6.0,150.0,landing_center.max_abs_vertical_velocity_m_s,0.027658483956806673,0.00317811837262594,0.02764433883877037,0.03329179994661983,0.0361730609740509,0.037525341022157696
Hs1_Tp6,1.0,6.0,150.0,leg_forward_port.max_abs_vertical_velocity_m_s,0.0439200827449451,0.005277308051310089,0.04326842738250537,0.055102211135302115,0.05721038241654628,0.06178452493241349
Hs1_Tp6,1.0,6.0,150.0,leg_forward_starboard.max_abs_vertical_velocity_m_s,0.04742052898396921,0.005775838757111638,0.046906133658524016,0.05641348762573977,0.06357643182212291,0.06818366445835823
Hs1_Tp6,1.0,6.0,150.0,leg_aft_port.max_abs_vertical_velocity_m_s,0.02156578239789376,0.002464995103464981,0.021148008586730528,0.026145866462372772,0.02748050359885566,0.027668915031471508
Hs1_Tp6,1.0,6.0,150.0,leg_aft_starboard.max_abs_vertical_velocity_m_s,0.02418543392915847,0.002604752717165278,0.023938878762347196,0.028249255744705656,0.031067355308173703,0.03134805549718526
Hs1_Tp6,1.0,6.0,150.0,four_feet.max_vertical_span_m,0.05834543761729788,0.007382255635196662,0.05720922582697588,0.07237576912890864,0.07635046512175099,0.08545728954624028
Hs1_Tp6,1.0,6.0,150.0,four_feet.max_vertical_velocity_span_m_s,0.04916151729252461,0.006315215660580765,0.04778691660210768,0.06025810134033304,0.06477950733431476,0.07275374384484036
Hs1_Tp6,1.0,6.0,150.0,platform.max_tilt_deg,0.1431107722147483,0.016848650673189944,0.1406158103244137,0.1758337233744704,0.18399332427588372,0.20282533709458075
Hs1_Tp6,1.0,6.0,150.0,platform.max_tilt_rate_deg_s,0.11753976840270941,0.014095501666260998,0.11476715652001274,0.14557969730370532,0.15252830255383723,0.16992860236804874
Hs1_Tp6,1.0,6.0,180.0,landing_center.max_abs_vertical_velocity_m_s,0.028726620001024186,0.0036820903690514164,0.028343803869185037,0.03529970149836065,0.03868536309052566,0.040594726589888205
Hs1_Tp6,1.0,6.0,180.0,leg_forward_port.max_abs_vertical_velocity_m_s,0.04377225378460293,0.0055169890785225625,0.04285259933603183,0.05376776240939425,0.059899805181101946,0.06326537256339469
Hs1_Tp6,1.0,6.0,180.0,leg_forward_starboard.max_abs_vertical_velocity_m_s,0.043772253784604406,0.005516989078522911,0.042852599336033054,0.053767762409397075,0.059899805181102994,0.06326537256339756
Hs1_Tp6,1.0,6.0,180.0,leg_aft_port.max_abs_vertical_velocity_m_s,0.01531155415413428,0.0017147977872125609,0.01527434548322054,0.018219080446715955,0.019031380968213486,0.02013809696031213
Hs1_Tp6,1.0,6.0,180.0,leg_aft_starboard.max_abs_vertical_velocity_m_s,0.015311554154136297,0.0017147977872127907,0.015274345483222622,0.01821908044671995,0.01903138096821509,0.020138096960316425
Hs1_Tp6,1.0,6.0,180.0,four_feet.max_vertical_span_m,0.03793676340971697,0.0042976417447661355,0.03763689683094004,0.045130040852099686,0.04841757049982352,0.055225013357039776
Hs1_Tp6,1.0,6.0,180.0,four_feet.max_vertical_velocity_span_m_s,0.03168381149085655,0.0036867508753882865,0.031440980016191826,0.037687811512250334,0.04255395902145874,0.04556260571087237
Hs1_Tp6,1.0,6.0,180.0,platform.max_tilt_deg,0.12075646843127899,0.013679818546351342,0.1198019634656739,0.14365338167100894,0.15411791355093968,0.17578667716176674
Hs1_Tp6,1.0,6.0,180.0,platform.max_tilt_rate_deg_s,0.1008527042952276,0.011735292515327858,0.10007974770460479,0.11996402992979825,0.13545345852789845,0.14503027838063803
Hs1_Tp8,1.0,8.0,0.0,landing_center.max_abs_vertical_velocity_m_s,0.08009500356487993,0.008329551452963341,0.07947978004847372,0.0938603644626828,0.09708474346991428,0.11117573016521354
Hs1_Tp8,1.0,8.0,0.0,leg_forward_port.max_abs_vertical_velocity_m_s,0.05609396345363324,0.005988533304377793,0.05511887519248178,0.0681339897133417,0.07367362603633992,0.07419640228043937
Hs1_Tp8,1.0,8.0,0.0,leg_forward_starboard.max_abs_vertical_velocity_m_s,0.056093963453632815,0.00598853330437774,0.055118875192481646,0.06813398971334034,0.07367362603633994,0.07419640228043953
Hs1_Tp8,1.0,8.0,0.0,leg_aft_port.max_abs_vertical_velocity_m_s,0.12385091956457135,0.012806631406877503,0.12292532364975753,0.14556938691870341,0.15405860648004938,0.16441132804416142
Hs1_Tp8,1.0,8.0,0.0,leg_aft_starboard.max_abs_vertical_velocity_m_s,0.12385091956457125,0.012806631406877551,0.12292532364975739,0.14556938691870333,0.1540586064800501,0.16441132804416117
Hs1_Tp8,1.0,8.0,0.0,four_feet.max_vertical_span_m,0.15451390533976295,0.016568668741981634,0.1509053883345855,0.18288935686457966,0.20068075142770084,0.20309096921894207
Hs1_Tp8,1.0,8.0,0.0,four_feet.max_vertical_velocity_span_m_s,0.10735695884951095,0.01143614768547098,0.10405758428983347,0.12887470220351122,0.13694841738004646,0.1379061213371959
Hs1_Tp8,1.0,8.0,0.0,platform.max_tilt_deg,0.4918330362251272,0.05273971061477099,0.48034676985302427,0.5821549036779065,0.6387866714622867,0.6464586329703711
Hs1_Tp8,1.0,8.0,0.0,platform.max_tilt_rate_deg_s,0.34172781352425546,0.03640238868143283,0.33122557811857,0.41022091790369497,0.4359203514929283,0.4389688178689059
Hs1_Tp8,1.0,8.0,30.0,landing_center.max_abs_vertical_velocity_m_s,0.09073579348878809,0.009490992748219134,0.0893566344814938,0.10988047868447455,0.1141111656784991,0.12435162078277347
Hs1_Tp8,1.0,8.0,30.0,leg_forward_port.max_abs_vertical_velocity_m_s,0.09451281763101019,0.009580733299858046,0.0932294777531962,0.1118638599356594,0.11462930232307962,0.1277565657874877
Hs1_Tp8,1.0,8.0,30.0,leg_forward_starboard.max_abs_vertical_velocity_m_s,0.07539800982561524,0.008590317236544976,0.07442437642690305,0.09060200918184053,0.0988985237520033,0.10310641928156572
Hs1_Tp8,1.0,8.0,30.0,leg_aft_port.max_abs_vertical_velocity_m_s,0.14132237803849582,0.014147753873555815,0.13976974379585788,0.16720428364682577,0.17261447965916907,0.19012107896391456
Hs1_Tp8,1.0,8.0,30.0,leg_aft_starboard.max_abs_vertical_velocity_m_s,0.13996851938395793,0.01487144042665436,0.13588345141673241,0.16846744728058904,0.1798726767320109,0.1867505561716655
Hs1_Tp8,1.0,8.0,30.0,four_feet.max_vertical_span_m,0.22066843371814612,0.02389477187155961,0.2135275870711875,0.26257986179192794,0.28579603155449174,0.29307719727725734
Hs1_Tp8,1.0,8.0,30.0,four_feet.max_vertical_velocity_span_m_s,0.1551102726557758,0.01678551944527539,0.15109114247307237,0.18765711290582032,0.19917856463455522,0.1993274932398067
Hs1_Tp8,1.0,8.0,30.0,platform.max_tilt_deg,0.5841737815395652,0.062144799654792096,0.5669095909657722,0.6911195460258025,0.7508338099904567,0.7598187223444892
Hs1_Tp8,1.0,8.0,30.0,platform.max_tilt_rate_deg_s,0.41420650033983014,0.04351463098435107,0.4057755625967012,0.4783319328174204,0.5294198537696935,0.5322130913138674
Hs1_Tp8,1.0,8.0,60.0,landing_center.max_abs_vertical_velocity_m_s,0.19926916383081483,0.021465826113444938,0.19495951082399893,0.23488168921233019,0.25563814291578146,0.2656486104115151
Hs1_Tp8,1.0,8.0,60.0,leg_forward_port.max_abs_vertical_velocity_m_s,0.2593592437477798,0.02884885965150344,0.2550500176960014,0.31365518987234753,0.33245787924776116,0.3392741698934435
Hs1_Tp8,1.0,8.0,60.0,leg_forward_starboard.max_abs_vertical_velocity_m_s,0.24211519740633392,0.024292135068687732,0.2405354459269804,0.28885010868091887,0.29841242644923843,0.31878502945142406
Hs1_Tp8,1.0,8.0,60.0,leg_aft_port.max_abs_vertical_velocity_m_s,0.1938406549602446,0.02152932789827436,0.1907853794805892,0.23395876439402302,0.25601479139415356,0.25699275009147327
Hs1_Tp8,1.0,8.0,60.0,leg_aft_starboard.max_abs_vertical_velocity_m_s,0.32146499952751306,0.0335688831699448,0.31765549602578025,0.3793520517589156,0.39907898333938163,0.41297069881847037
Hs1_Tp8,1.0,8.0,60.0,four_feet.max_vertical_span_m,0.5639524057230368,0.06058175481689172,0.5587032787655313,0.6813506357349849,0.6925079094816659,0.713497436256564
Hs1_Tp8,1.0,8.0,60.0,four_feet.max_vertical_velocity_span_m_s,0.4221045018428699,0.045709745372612055,0.4145986298611025,0.499693866825815,0.5185754444992966,0.5366180661934339
Hs1_Tp8,1.0,8.0,60.0,platform.max_tilt_deg,1.3550875652355034,0.14674314868951888,1.3487030461054914,1.6178793690254523,1.6584142883996364,1.7438522211854388
Hs1_Tp8,1.0,8.0,60.0,platform.max_tilt_rate_deg_s,1.0154896351581801,0.11115486273360412,1.002331347185629,1.2082446837648972,1.255691449874584,1.3080054668943621
Hs1_Tp8,1.0,8.0,90.0,landing_center.max_abs_vertical_velocity_m_s,0.29428845936217907,0.030269901278690642,0.2895734526523788,0.344445856612501,0.3661824840318678,0.387825885238827
Hs1_Tp8,1.0,8.0,90.0,leg_forward_port.max_abs_vertical_velocity_m_s,0.375364356328072,0.04266266497870843,0.36937967323960696,0.46140062673124294,0.474841208185862,0.4866864355611912
Hs1_Tp8,1.0,8.0,90.0,leg_forward_starboard.max_abs_vertical_velocity_m_s,0.5119426061313539,0.054745495907315346,0.5100735176704623,0.6121773416338933,0.6390136947486981,0.6474146068407094
Hs1_Tp8,1.0,8.0,90.0,leg_aft_port.max_abs_vertical_velocity_m_s,0.3753643563280727,0.04266266497870853,0.3693796732396074,0.4614006267312438,0.4748412081858628,0.48668643556119184
Hs1_Tp8,1.0,8.0,90.0,leg_aft_starboard.max_abs_vertical_velocity_m_s,0.5119426061313537,0.0547454959073153,0.510073517670462,0.6121773416338928,0.6390136947486975,0.6474146068407093
Hs1_Tp8,1.0,8.0,90.0,four_feet.max_vertical_span_m,0.8563118287140852,0.09342987209179705,0.8475130322804485,1.0231277977565254,1.0670395034953208,1.0927440476255614
Hs1_Tp8,1.0,8.0,90.0,four_feet.max_vertical_velocity_span_m_s,0.667587420716456,0.07219215939968,0.6577730953820935,0.8117011988781133,0.8330848283888068,0.8494686933090257
Hs1_Tp8,1.0,8.0,90.0,platform.max_tilt_deg,2.7257252073581384,0.2973965195170601,2.6977177684446856,3.2567169285535167,3.3964922291120385,3.478312334277068
Hs1_Tp8,1.0,8.0,90.0,platform.max_tilt_rate_deg_s,2.1249967590598535,0.22979478041874196,2.093756791258337,2.5837251623013846,2.651791369058836,2.703942830838892
Hs1_Tp8,1.0,8.0,120.0,landing_center.max_abs_vertical_velocity_m_s,0.19926916383081483,0.021465826113444938,0.19495951082399893,0.23488168921233019,0.25563814291578146,0.2656486104115151
Hs1_Tp8,1.0,8.0,120.0,leg_forward_port.max_abs_vertical_velocity_m_s,0.1938406549602446,0.02152932789827435,0.19078537948058916,0.23395876439402302,0.25601479139415356,0.25699275009147327
Hs1_Tp8,1.0,8.0,120.0,leg_forward_starboard.max_abs_vertical_velocity_m_s,0.3214649995275131,0.0335688831699448,0.31765549602578025,0.3793520517589156,0.39907898333938163,0.4129706988184704
Hs1_Tp8,1.0,8.0,120.0,leg_aft_port.max_abs_vertical_velocity_m_s,0.2593592437477798,0.02884885965150344,0.25505001769600133,0.3136551898723474,0.33245787924776116,0.3392741698934435
Hs1_Tp8,1.0,8.0,120.0,leg_aft_starboard.max_abs_vertical_velocity_m_s,0.24211519740633392,0.02429213506868773,0.24053544592698042,0.2888501086809188,0.29841242644923843,0.318785029451424
Hs1_Tp8,1.0,8.0,120.0,four_feet.max_vertical_span_m,0.5639524057230368,0.060581754816891736,0.5587032787655313,0.6813506357349849,0.692507909481666,0.713497436256564
Hs1_Tp8,1.0,8.0,120.0,four_feet.max_vertical_velocity_span_m_s,0.42210450184286996,0.045709745372612055,0.4145986298611025,0.4996938668258151,0.5185754444992966,0.5366180661934339
Hs1_Tp8,1.0,8.0,120.0,platform.max_tilt_deg,1.3550875652355034,0.14674314868951888,1.3487030461054912,1.6178793690254523,1.6584142883996364,1.7438522211854388
Hs1_Tp8,1.0,8.0,120.0,platform.max_tilt_rate_deg_s,1.0154896351581801,0.1111548627336041,1.002331347185629,1.2082446837648972,1.2556914498745837,1.3080054668943621
Hs1_Tp8,1.0,8.0,150.0,landing_center.max_abs_vertical_velocity_m_s,0.09073579348878809,0.009490992748219134,0.0893566344814938,0.10988047868447455,0.1141111656784991,0.12435162078277347
Hs1_Tp8,1.0,8.0,150.0,leg_forward_port.max_abs_vertical_velocity_m_s,0.14132237803849582,0.014147753873555814,0.13976974379585794,0.1672042836468258,0.17261447965916907,0.1901210789639145
Hs1_Tp8,1.0,8.0,150.0,leg_forward_starboard.max_abs_vertical_velocity_m_s,0.13996851938395793,0.014871440426654357,0.13588345141673241,0.16846744728058902,0.17987267673201085,0.1867505561716655
Hs1_Tp8,1.0,8.0,150.0,leg_aft_port.max_abs_vertical_velocity_m_s,0.09451281763101017,0.009580733299858044,0.0932294777531962,0.1118638599356594,0.1146293023230796,0.1277565657874877
Hs1_Tp8,1.0,8.0,150.0,leg_aft_starboard.max_abs_vertical_velocity_m_s,0.07539800982561524,0.008590317236544975,0.07442437642690305,0.09060200918184053,0.09889852375200332,0.1031064192815657
Hs1_Tp8,1.0,8.0,150.0,four_feet.max_vertical_span_m,0.22066843371814612,0.023894771871559604,0.21352758707118746,0.26257986179192794,0.2857960315544916,0.29307719727725734
Hs1_Tp8,1.0,8.0,150.0,four_feet.max_vertical_velocity_span_m_s,0.15511027265577573,0.016785519445275388,0.15109114247307237,0.18765711290582027,0.1991785646345552,0.19932749323980667
Hs1_Tp8,1.0,8.0,150.0,platform.max_tilt_deg,0.5841737815395652,0.06214479965479208,0.5669095909657722,0.6911195460258023,0.7508338099904567,0.7598187223444889
Hs1_Tp8,1.0,8.0,150.0,platform.max_tilt_rate_deg_s,0.41420650033983014,0.043514630984351065,0.4057755625967012,0.47833193281742026,0.5294198537696932,0.5322130913138673
Hs1_Tp8,1.0,8.0,180.0,landing_center.max_abs_vertical_velocity_m_s,0.08009500356487993,0.008329551452963341,0.07947978004847372,0.0938603644626828,0.09708474346991428,0.11117573016521354
Hs1_Tp8,1.0,8.0,180.0,leg_forward_port.max_abs_vertical_velocity_m_s,0.12385091956456913,0.012806631406877319,0.12292532364975585,0.14556938691870197,0.15405860648004926,0.16441132804415826
Hs1_Tp8,1.0,8.0,180.0,leg_forward_starboard.max_abs_vertical_velocity_m_s,0.12385091956457345,0.01280663140687773,0.12292532364975906,0.1455693869187047,0.1540586064800502,0.16441132804416433
Hs1_Tp8,1.0,8.0,180.0,leg_aft_port.max_abs_vertical_velocity_m_s,0.05609396345363133,0.005988533304377552,0.05511887519248018,0.06813398971333874,0.07367362603633745,0.0741964022804382
Hs1_Tp8,1.0,8.0,180.0,leg_aft_starboard.max_abs_vertical_velocity_m_s,0.0560939634536347,0.005988533304377977,0.0551188751924832,0.06813398971334328,0.07367362603634235,0.07419640228044065
Hs1_Tp8,1.0,8.0,180.0,four_feet.max_vertical_span_m,0.1545139053397656,0.016568668741981707,0.15090538833458703,0.18288935686458063,0.20068075142770322,0.20309096921895056
Hs1_Tp8,1.0,8.0,180.0,four_feet.max_vertical_velocity_span_m_s,0.10735695884951361,0.011436147685471108,0.10405758428984035,0.12887470220351388,0.1369484173800532,0.13790612133719823
Hs1_Tp8,1.0,8.0,180.0,platform.max_tilt_deg,0.4918330362251271,0.052739710614771014,0.48034676985302416,0.5821549036779065,0.6387866714622867,0.6464586329703711
Hs1_Tp8,1.0,8.0,180.0,platform.max_tilt_rate_deg_s,0.3417278135242554,0.036402388681432814,0.3312255781185699,0.4102209179036949,0.4359203514929283,0.43896881786890585
Hs1_Tp10,1.0,10.0,0.0,landing_center.max_abs_vertical_velocity_m_s,0.14854873710672767,0.016787633292612795,0.14562888828880174,0.178954506185021,0.18512817669319315,0.20981792239138963
Hs1_Tp10,1.0,10.0,0.0,leg_forward_port.max_abs_vertical_velocity_m_s,0.14627270284289765,0.017146512923693878,0.14393526705514198,0.17533379395308604,0.190701565836623,0.2181673131752885
Hs1_Tp10,1.0,10.0,0.0,leg_forward_starboard.max_abs_vertical_velocity_m_s,0.14627270284289767,0.01714651292369388,0.1439352670551424,0.17533379395308513,0.19070156583662234,0.21816731317528903
Hs1_Tp10,1.0,10.0,0.0,leg_aft_port.max_abs_vertical_velocity_m_s,0.1962761435462884,0.02187353567095039,0.19573641942774347,0.23230314811858274,0.2482524600536423,0.2510876425403949
Hs1_Tp10,1.0,10.0,0.0,leg_aft_starboard.max_abs_vertical_velocity_m_s,0.19627614354628878,0.021873535670950465,0.19573641942774392,0.23230314811858338,0.2482524600536421,0.25108764254039545
Hs1_Tp10,1.0,10.0,0.0,four_feet.max_vertical_span_m,0.28340207903565484,0.033662961919412426,0.2847823790171974,0.33860578279734554,0.35834574309817496,0.36333186924650807
Hs1_Tp10,1.0,10.0,0.0,four_feet.max_vertical_velocity_span_m_s,0.1763438524973645,0.02065551226192337,0.1757461087752542,0.21398002162092228,0.22345030166025098,0.2286537211316917
Hs1_Tp10,1.0,10.0,0.0,platform.max_tilt_deg,0.9020968352208872,0.10715253577177404,0.9064904665211306,1.0778156818339601,1.1406499270002584,1.1565212594679972
Hs1_Tp10,1.0,10.0,0.0,platform.max_tilt_rate_deg_s,0.5613199161764711,0.0657485375716069,0.5594172388149509,0.6811195632776063,0.7112644008920812,0.7278273994892893
Hs1_Tp10,1.0,10.0,30.0,landing_center.max_abs_vertical_velocity_m_s,0.18992455471004935,0.0220883914643622,0.18652553656197476,0.22555254000767044,0.22804288200812708,0.26512638141819955
Hs1_Tp10,1.0,10.0,30.0,leg_forward_port.max_abs_vertical_velocity_m_s,0.21155749327000067,0.025008983427283537,0.2083412160007113,0.2534677627320567,0.25938248848316886,0.2911559192459367
Hs1_Tp10,1.0,10.0,30.0,leg_forward_starboard.max_abs_vertical_velocity_m_s,0.1817530387332591,0.02126423696996725,0.179456784529743,0.2195947429470839,0.2372926203843642,0.2652492226872827
Hs1_Tp10,1.0,10.0,30.0,leg_aft_port.max_abs_vertical_velocity_m_s,0.2202061139948033,0.02458258864742866,0.21782934143078003,0.26184878973743614,0.2738983478623414,0.2840365786712979
Hs1_Tp10,1.0,10.0,30.0,leg_aft_starboard.max_abs_vertical_velocity_m_s,0.2413322858898961,0.028197495148245568,0.2389664270793424,0.2899112856215749,0.30542374253368215,0.31154851872523204
Hs1_Tp10,1.0,10.0,30.0,four_feet.max_vertical_span_m,0.3927609710700271,0.046955061834349686,0.3905776263186723,0.4768447890053668,0.4928451154512892,0.5082899155960542
Hs1_Tp10,1.0,10.0,30.0,four_feet.max_vertical_velocity_span_m_s,0.24649778536693875,0.02873238430706179,0.2450632753753827,0.30265170216751175,0.3117355985997047,0.319844123429023
Hs1_Tp10,1.0,10.0,30.0,platform.max_tilt_deg,0.9769438165938609,0.1148216535524082,0.9763257334631954,1.1746009020194037,1.2437154413098779,1.2575507177797105
Hs1_Tp10,1.0,10.0,30.0,platform.max_tilt_rate_deg_s,0.61606726396245,0.07116757047411601,0.6118855821496655,0.7570116368222641,0.780581420787347,0.8116430554616635
Hs1_Tp10,1.0,10.0,60.0,landing_center.max_abs_vertical_velocity_m_s,0.32254973499952233,0.0372546417526976,0.32238637494817735,0.389049298303433,0.41200484723182407,0.4162377914113701
Hs1_Tp10,1.0,10.0,60.0,leg_forward_port.max_abs_vertical_velocity_m_s,0.39827292848408674,0.04695562380411574,0.3934853257364339,0.48783124923184507,0.5077583725800312,0.5263512729393932
Hs1_Tp10,1.0,10.0,60.0,leg_forward_starboard.max_abs_vertical_velocity_m_s,0.31896027779102415,0.03465495016305901,0.3162166217094624,0.3743827399388395,0.41175694919557015,0.4252204593199682
Hs1_Tp10,1.0,10.0,60.0,leg_aft_port.max_abs_vertical_velocity_m_s,0.3437951889928312,0.04128075214161357,0.34140300541940927,0.4157482679359104,0.42641290383194663,0.4512989623571059
Hs1_Tp10,1.0,10.0,60.0,leg_aft_starboard.max_abs_vertical_velocity_m_s,0.3845997640302495,0.04258251766290643,0.38150314696366827,0.4666076944900626,0.5011130366200515,0.5110421866625408
Hs1_Tp10,1.0,10.0,60.0,four_feet.max_vertical_span_m,0.657235858047919,0.0748573364224379,0.6450502193430903,0.8221744295123846,0.8576515382102781,0.8862352722727362
Hs1_Tp10,1.0,10.0,60.0,four_feet.max_vertical_velocity_span_m_s,0.44194566945698893,0.050693197593695845,0.4298433596037956,0.5577657409171668,0.5912700239637199,0.5944922702522433
Hs1_Tp10,1.0,10.0,60.0,platform.max_tilt_deg,1.5478771292455478,0.17672860796503262,1.509837745185199,1.9457589645812263,2.035763028388893,2.101732901777529
Hs1_Tp10,1.0,10.0,60.0,platform.max_tilt_rate_deg_s,1.0440929631360287,0.12029983482995538,1.0192202333448133,1.3167117894114184,1.4094402073107686,1.4114662550935728
Hs1_Tp10,1.0,10.0,90.0,landing_center.max_abs_vertical_velocity_m_s,0.41551707084924044,0.04677425586412982,0.41282169564347004,0.5015391286140857,0.534470102995898,0.5510948437539881
Hs1_Tp10,1.0,10.0,90.0,leg_forward_port.max_abs_vertical_velocity_m_s,0.5062807448136118,0.060902570819948806,0.4930869522460832,0.6237030095023768,0.6590700335308479,0.6988954103295916
Hs1_Tp10,1.0,10.0,90.0,leg_forward_starboard.max_abs_vertical_velocity_m_s,0.4895917209307762,0.05438264951868223,0.4849141927133309,0.5916411651054644,0.6303467178424064,0.6804379276432169
Hs1_Tp10,1.0,10.0,90.0,leg_aft_port.max_abs_vertical_velocity_m_s,0.506280744813613,0.06090257081994896,0.49308695224608434,0.6237030095023781,0.6590700335308493,0.698895410329593
Hs1_Tp10,1.0,10.0,90.0,leg_aft_starboard.max_abs_vertical_velocity_m_s,0.4895917209307767,0.05438264951868229,0.48491419271333136,0.5916411651054649,0.6303467178424073,0.6804379276432176
Hs1_Tp10,1.0,10.0,90.0,four_feet.max_vertical_span_m,0.7677549092439464,0.08764184785333815,0.7613700860180144,0.9265743678544031,1.0251023762725204,1.0263522565370946
Hs1_Tp10,1.0,10.0,90.0,four_feet.max_vertical_velocity_span_m_s,0.5464050771596635,0.06026606250788753,0.5349448490182073,0.6547879621328604,0.7152168943274649,0.7162320162282318
Hs1_Tp10,1.0,10.0,90.0,platform.max_tilt_deg,2.4438397777848677,0.2789726661513312,2.4235162542413677,2.9493778157255246,3.263002207180388,3.2669806996279855
Hs1_Tp10,1.0,10.0,90.0,platform.max_tilt_rate_deg_s,1.7392613792093758,0.19183283497630857,1.702782340055904,2.0842548170102657,2.276606082300993,2.2798373156679514
Hs1_Tp10,1.0,10.0,120.0,landing_center.max_abs_vertical_velocity_m_s,0.32254973499952233,0.0372546417526976,0.32238637494817735,0.389049298303433,0.41200484723182407,0.4162377914113701
Hs1_Tp10,1.0,10.0,120.0,leg_forward_port.max_abs_vertical_velocity_m_s,0.3437951889928312,0.04128075214161356,0.34140300541940916,0.4157482679359104,0.42641290383194647,0.45129896235710587
Hs1_Tp10,1.0,10.0,120.0,leg_forward_starboard.max_abs_vertical_velocity_m_s,0.38459976403024954,0.04258251766290644,0.38150314696366827,0.4666076944900626,0.5011130366200515,0.511042186662541
Hs1_Tp10,1.0,10.0,120.0,leg_aft_port.max_abs_vertical_velocity_m_s,0.39827292848408674,0.04695562380411575,0.3934853257364338,0.48783124923184507,0.5077583725800312,0.5263512729393932
Hs1_Tp10,1.0,10.0,120.0,leg_aft_starboard.max_abs_vertical_velocity_m_s,0.3189602777910242,0.034654950163059015,0.3162166217094624,0.3743827399388395,0.41175694919557027,0.4252204593199682
Hs1_Tp10,1.0,10.0,120.0,four_feet.max_vertical_span_m,0.657235858047919,0.07485733642243789,0.6450502193430903,0.8221744295123844,0.857651538210278,0.886235272272736
Hs1_Tp10,1.0,10.0,120.0,four_feet.max_vertical_velocity_span_m_s,0.44194566945698904,0.05069319759369584,0.42984335960379566,0.5577657409171667,0.59127002396372,0.5944922702522433
Hs1_Tp10,1.0,10.0,120.0,platform.max_tilt_deg,1.5478771292455478,0.1767286079650326,1.509837745185199,1.9457589645812263,2.035763028388893,2.1017329017775284
Hs1_Tp10,1.0,10.0,120.0,platform.max_tilt_rate_deg_s,1.0440929631360287,0.12029983482995536,1.0192202333448133,1.3167117894114184,1.4094402073107686,1.4114662550935726
Hs1_Tp10,1.0,10.0,150.0,landing_center.max_abs_vertical_velocity_m_s,0.18992455471004935,0.0220883914643622,0.18652553656197476,0.22555254000767044,0.22804288200812708,0.26512638141819955
Hs1_Tp10,1.0,10.0,150.0,leg_forward_port.max_abs_vertical_velocity_m_s,0.2202061139948033,0.024582588647428665,0.21782934143078,0.26184878973743614,0.27389834786234135,0.2840365786712979
Hs1_Tp10,1.0,10.0,150.0,leg_forward_starboard.max_abs_vertical_velocity_m_s,0.24133228588989605,0.028197495148245568,0.23896642707934235,0.2899112856215749,0.30542374253368215,0.311548518725232
Hs1_Tp10,1.0,10.0,150.0,leg_aft_port.max_abs_vertical_velocity_m_s,0.2115574932700007,0.025008983427283537,0.20834121600071126,0.2534677627320567,0.25938248848316886,0.2911559192459368
Hs1_Tp10,1.0,10.0,150.0,leg_aft_starboard.max_abs_vertical_velocity_m_s,0.1817530387332591,0.021264236969967244,0.17945678452974306,0.2195947429470839,0.23729262038436422,0.2652492226872827
Hs1_Tp10,1.0,10.0,150.0,four_feet.max_vertical_span_m,0.39276097107002705,0.04695506183434968,0.3905776263186723,0.4768447890053667,0.49284511545128923,0.5082899155960542
Hs1_Tp10,1.0,10.0,150.0,four_feet.max_vertical_velocity_span_m_s,0.2464977853669387,0.028732384307061785,0.24506327537538267,0.3026517021675117,0.3117355985997047,0.3198441234290229
Hs1_Tp10,1.0,10.0,150.0,platform.max_tilt_deg,0.9769438165938609,0.11482165355240818,0.9763257334631952,1.1746009020194037,1.2437154413098774,1.257550717779711
Hs1_Tp10,1.0,10.0,150.0,platform.max_tilt_rate_deg_s,0.6160672639624503,0.07116757047411602,0.6118855821496654,0.7570116368222642,0.780581420787347,0.8116430554616635
Hs1_Tp10,1.0,10.0,180.0,landing_center.max_abs_vertical_velocity_m_s,0.14854873710672767,0.016787633292612795,0.14562888828880174,0.178954506185021,0.18512817669319315,0.20981792239138963
Hs1_Tp10,1.0,10.0,180.0,leg_forward_port.max_abs_vertical_velocity_m_s,0.19627614354628883,0.02187353567095061,0.19573641942774395,0.23230314811858366,0.24825246005364138,0.2510876425403963
Hs1_Tp10,1.0,10.0,180.0,leg_forward_starboard.max_abs_vertical_velocity_m_s,0.19627614354628828,0.021873535670950243,0.19573641942774345,0.23230314811858258,0.24825246005364307,0.2510876425403941
Hs1_Tp10,1.0,10.0,180.0,leg_aft_port.max_abs_vertical_velocity_m_s,0.14627270284289795,0.017146512923694027,0.1439352670551433,0.17533379395308593,0.1907015658366222,0.2181673131752891
Hs1_Tp10,1.0,10.0,180.0,leg_aft_starboard.max_abs_vertical_velocity_m_s,0.14627270284289728,0.01714651292369373,0.14393526705514104,0.17533379395308507,0.19070156583662312,0.21816731317528834
Hs1_Tp10,1.0,10.0,180.0,four_feet.max_vertical_span_m,0.28340207903565573,0.0336629619194125,0.2847823790171977,0.3386057827973454,0.35834574309817513,0.36333186924651223
Hs1_Tp10,1.0,10.0,180.0,four_feet.max_vertical_velocity_span_m_s,0.17634385249736526,0.0206555122619235,0.17574610877525454,0.2139800216209219,0.22345030166025304,0.22865372113169502
Hs1_Tp10,1.0,10.0,180.0,platform.max_tilt_deg,0.9020968352208872,0.10715253577177404,0.9064904665211306,1.0778156818339601,1.1406499270002584,1.1565212594679972
Hs1_Tp10,1.0,10.0,180.0,platform.max_tilt_rate_deg_s,0.5613199161764711,0.06574853757160691,0.5594172388149508,0.6811195632776063,0.7112644008920813,0.7278273994892893
Hs2_Tp6,2.0,6.0,0.0,landing_center.max_abs_vertical_velocity_m_s,0.05745324000204837,0.007364180738102833,0.056687607738370074,0.0705994029967213,0.07737072618105131,0.08118945317977641
Hs2_Tp6,2.0,6.0,0.0,leg_forward_port.max_abs_vertical_velocity_m_s,0.03062310830827137,0.0034295955744253937,0.03054869096644347,0.036438160893436836,0.03806276193642951,0.04027619392062936
Hs2_Tp6,2.0,6.0,0.0,leg_forward_starboard.max_abs_vertical_velocity_m_s,0.030623108308269767,0.0034295955744253087,0.030548690966442846,0.03643816089343497,0.03806276193642764,0.040276193920627756
Hs2_Tp6,2.0,6.0,0.0,leg_aft_port.max_abs_vertical_velocity_m_s,0.08754450756920816,0.011033978157045593,0.08570519867206573,0.10753552481879308,0.11979961036220636,0.12653074512679233
Hs2_Tp6,2.0,6.0,0.0,leg_aft_starboard.max_abs_vertical_velocity_m_s,0.08754450756920652,0.01103397815704536,0.08570519867206407,0.10753552481878959,0.11979961036220352,0.12653074512679227
Hs2_Tp6,2.0,6.0,0.0,four_feet.max_vertical_span_m,0.07587352681943237,0.008595283489531943,0.0752737936618795,0.09026008170419525,0.09683514099964592,0.11045002671407356
Hs2_Tp6,2.0,6.0,0.0,four_feet.max_vertical_velocity_span_m_s,0.06336762298171209,0.007373501750776452,0.06288196003238233,0.07537562302449947,0.08510791804291817,0.09112521142173924
Hs2_Tp6,2.0,6.0,0.0,platform.max_tilt_deg,0.241512936862558,0.027359637092702685,0.2396039269313478,0.2873067633420178,0.30823582710187936,0.35157335432353365
Hs2_Tp6,2.0,6.0,0.0,platform.max_tilt_rate_deg_s,0.2017054085904552,0.02347058503065571,0.20015949540920963,0.23992805985959656,0.27090691705579684,0.29006055676127607
Hs2_Tp6,2.0,6.0,30.0,landing_center.max_abs_vertical_velocity_m_s,0.055316967913613346,0.00635623674525188,0.05528867767754074,0.06658359989323966,0.0723461219481018,0.07505068204431539
Hs2_Tp6,2.0,6.0,30.0,leg_forward_port.max_abs_vertical_velocity_m_s,0.04313156479578753,0.004929990206929964,0.04229601717346107,0.05229173292474556,0.054961007197711326,0.05533783006294304
Hs2_Tp6,2.0,6.0,30.0,leg_forward_starboard.max_abs_vertical_velocity_m_s,0.04837086785831694,0.005209505434330556,0.04787775752469439,0.056498511489411325,0.062134710616347406,0.06269611099437052
Hs2_Tp6,2.0,6.0,30.0,leg_aft_port.max_abs_vertical_velocity_m_s,0.08784016548989017,0.010554616102620177,0.08653685476501075,0.11020442227060422,0.11442076483309256,0.12356904986482696
Hs2_Tp6,2.0,6.0,30.0,leg_aft_starboard.max_abs_vertical_velocity_m_s,0.09484105796793842,0.011551677514223273,0.09381226731704803,0.11282697525147951,0.12715286364424583,0.13636732891671646
Hs2_Tp6,2.0,6.0,30.0,four_feet.max_vertical_span_m,0.11669087523459576,0.014764511270393325,0.11441845165395176,0.14475153825781728,0.15270093024350204,0.17091457909248062
Hs2_Tp6,2.0,6.0,30.0,four_feet.max_vertical_velocity_span_m_s,0.09832303458504926,0.01263043132116153,0.09557383320421536,0.1205162026806661,0.12955901466862954,0.14550748768968075
Hs2_Tp6,2.0,6.0,30.0,platform.max_tilt_deg,0.2862215444294966,0.033697301346379875,0.28123162064882734,0.3516674467489407,0.36798664855176744,0.40565067418916156
Hs2_Tp6,2.0,6.0,30.0,platform.max_tilt_rate_deg_s,0.23507953680541877,0.028191003332521985,0.22953431304002547,0.29115939460741064,0.3050566051076745,0.3398572047360975
Hs2_Tp6,2.0,6.0,60.0,landing_center.max_abs_vertical_velocity_m_s,0.10040951841778556,0.012603664893152023,0.09966888291009512,0.12218137394715942,0.12800289140307702,0.14809351589490047
Hs2_Tp6,2.0,6.0,60.0,leg_forward_port.max_abs_vertical_velocity_m_s,0.12589801167645154,0.014110847976406465,0.12434128202113992,0.15142498950749014,0.1597974185029535,0.17654405429282843
Hs2_Tp6,2.0,6.0,60.0,leg_forward_starboard.max_abs_vertical_velocity_m_s,0.13681086180162833,0.016057491321986462,0.1345821329144991,0.16846529925362289,0.18265421286927727,0.18323324774091707
Hs2_Tp6,2.0,6.0,60.0,leg_aft_port.max_abs_vertical_velocity_m_s,0.08862032696188772,0.009520137295751175,0.08761497896072007,0.10517914579528696,0.1093751200200018,0.12061147619125381
Hs2_Tp6,2.0,6.0,60.0,leg_aft_starboard.max_abs_vertical_velocity_m_s,0.19526909557573885,0.024313888301834768,0.1929013286823958,0.23844874350906403,0.2628535853788498,0.281671794342424
Hs2_Tp6,2.0,6.0,60.0,four_feet.max_vertical_span_m,0.3170858160601902,0.039300528408012486,0.3135327293434368,0.3839556971296395,0.42980951452980865,0.45359012705121937
Hs2_Tp6,2.0,6.0,60.0,four_feet.max_vertical_velocity_span_m_s,0.25790245857332517,0.03274104378044615,0.258622831126465,0.30902301971524443,0.3612721982158622,0.3732881587085519
Hs2_Tp6,2.0,6.0,60.0,platform.max_tilt_deg,0.7525308635129824,0.0926791650975049,0.734927380416536,0.8955852959291732,1.0218204153275958,1.0543453547368487
Hs2_Tp6,2.0,6.0,60.0,platform.max_tilt_rate_deg_s,0.6091078849625119,0.07629646603591629,0.6013530413404272,0.7250965709339798,0.8517639416130511,0.8626174842450954
Hs2_Tp6,2.0,6.0,90.0,landing_center.max_abs_vertical_velocity_m_s,0.20535723926605787,0.024128304506197174,0.2020133616518895,0.2507842376433876,0.2717987810942021,0.2899189504904697
Hs2_Tp6,2.0,6.0,90.0,leg_forward_port.max_abs_vertical_velocity_m_s,0.18789541816637625,0.02198535548685626,0.18419465037101468,0.22525480643225235,0.24453958064969758,0.26398316399612315
Hs2_Tp6,2.0,6.0,90.0,leg_forward_starboard.max_abs_vertical_velocity_m_s,0.434278694005293,0.05485379925201828,0.4255511307325966,0.5425100593358559,0.5769579964832467,0.6118170505414158
Hs2_Tp6,2.0,6.0,90.0,leg_aft_port.max_abs_vertical_velocity_m_s,0.18789541816637595,0.021985355486856234,0.18419465037101446,0.22525480643225212,0.24453958064969716,0.26398316399612226
Hs2_Tp6,2.0,6.0,90.0,leg_aft_starboard.max_abs_vertical_velocity_m_s,0.43427869400529284,0.05485379925201823,0.4255511307325963,0.5425100593358556,0.5769579964832462,0.6118170505414154
Hs2_Tp6,2.0,6.0,90.0,four_feet.max_vertical_span_m,0.6203710365432191,0.0759179295887551,0.6085782419106556,0.7623346519934513,0.8503224708791649,0.901566641735588
Hs2_Tp6,2.0,6.0,90.0,four_feet.max_vertical_velocity_span_m_s,0.5319194266030024,0.06580878571353584,0.5218915329070141,0.6547029017966407,0.7378894826506349,0.7737905929986952
Hs2_Tp6,2.0,6.0,90.0,platform.max_tilt_deg,1.9747023403379225,0.24165427526705666,1.9371647091651214,2.4265865630999515,2.7066604892506647,2.8697757511795725
Hs2_Tp6,2.0,6.0,90.0,platform.max_tilt_rate_deg_s,1.693152121409488,0.20947587090369052,1.6612323443991563,2.083984061550862,2.348775172387397,2.4630519558750255
Hs2_Tp6,2.0,6.0,120.0,landing_center.max_abs_vertical_velocity_m_s,0.10040951841778556,0.012603664893152023,0.09966888291009512,0.12218137394715942,0.12800289140307702,0.14809351589490047
Hs2_Tp6,2.0,6.0,120.0,leg_forward_port.max_abs_vertical_velocity_m_s,0.08862032696188772,0.009520137295751177,0.08761497896072004,0.10517914579528695,0.1093751200200018,0.12061147619125379
Hs2_Tp6,2.0,6.0,120.0,leg_forward_starboard.max_abs_vertical_velocity_m_s,0.19526909557573885,0.024313888301834764,0.1929013286823958,0.23844874350906403,0.2628535853788498,0.281671794342424
Hs2_Tp6,2.0,6.0,120.0,leg_aft_port.max_abs_vertical_velocity_m_s,0.12589801167645154,0.014110847976406467,0.12434128202113992,0.15142498950749014,0.15979741850295348,0.1765440542928285
Hs2_Tp6,2.0,6.0,120.0,leg_aft_starboard.max_abs_vertical_velocity_m_s,0.13681086180162833,0.016057491321986465,0.1345821329144991,0.16846529925362289,0.18265421286927727,0.18323324774091707
Hs2_Tp6,2.0,6.0,120.0,four_feet.max_vertical_span_m,0.3170858160601902,0.03930052840801249,0.3135327293434368,0.3839556971296395,0.42980951452980876,0.4535901270512194
Hs2_Tp6,2.0,6.0,120.0,four_feet.max_vertical_velocity_span_m_s,0.25790245857332517,0.03274104378044614,0.25862283112646506,0.30902301971524443,0.3612721982158622,0.3732881587085519
Hs2_Tp6,2.0,6.0,120.0,platform.max_tilt_deg,0.7525308635129824,0.09267916509750491,0.734927380416536,0.8955852959291732,1.0218204153275958,1.0543453547368487
Hs2_Tp6,2.0,6.0,120.0,platform.max_tilt_rate_deg_s,0.6091078849625119,0.07629646603591628,0.6013530413404272,0.7250965709339798,0.8517639416130511,0.8626174842450954
Hs2_Tp6,2.0,6.0,150.0,landing_center.max_abs_vertical_velocity_m_s,0.055316967913613346,0.00635623674525188,0.05528867767754074,0.06658359989323966,0.0723461219481018,0.07505068204431539
Hs2_Tp6,2.0,6.0,150.0,leg_forward_port.max_abs_vertical_velocity_m_s,0.0878401654898902,0.010554616102620177,0.08653685476501075,0.11020442227060423,0.11442076483309256,0.12356904986482697
Hs2_Tp6,2.0,6.0,150.0,leg_forward_starboard.max_abs_vertical_velocity_m_s,0.09484105796793842,0.011551677514223277,0.09381226731704803,0.11282697525147954,0.12715286364424583,0.13636732891671646
Hs2_Tp6,2.0,6.0,150.0,leg_aft_port.max_abs_vertical_velocity_m_s,0.04313156479578752,0.004929990206929962,0.042296017173461056,0.052291732924745545,0.05496100719771132,0.055337830062943016
Hs2_Tp6,2.0,6.0,150.0,leg_aft_starboard.max_abs_vertical_velocity_m_s,0.04837086785831694,0.005209505434330556,0.04787775752469439,0.05649851148941131,0.062134710616347406,0.06269611099437052
Hs2_Tp6,2.0,6.0,150.0,four_feet.max_vertical_span_m,0.11669087523459576,0.014764511270393323,0.11441845165395176,0.14475153825781728,0.15270093024350198,0.17091457909248056
Hs2_Tp6,2.0,6.0,150.0,four_feet.max_vertical_velocity_span_m_s,0.09832303458504922,0.01263043132116153,0.09557383320421536,0.12051620268066608,0.1295590146686295,0.14550748768968072
Hs2_Tp6,2.0,6.0,150.0,platform.max_tilt_deg,0.2862215444294966,0.03369730134637989,0.2812316206488274,0.3516674467489408,0.36798664855176744,0.4056506741891615
Hs2_Tp6,2.0,6.0,150.0,platform.max_tilt_rate_deg_s,0.23507953680541882,0.028191003332521995,0.22953431304002547,0.29115939460741064,0.30505660510767446,0.3398572047360975
Hs2_Tp6,2.0,6.0,180.0,landing_center.max_abs_vertical_velocity_m_s,0.05745324000204837,0.007364180738102833,0.056687607738370074,0.0705994029967213,0.07737072618105131,0.08118945317977641
Hs2_Tp6,2.0,6.0,180.0,leg_forward_port.max_abs_vertical_velocity_m_s,0.08754450756920586,0.011033978157045125,0.08570519867206366,0.1075355248187885,0.11979961036220389,0.12653074512678938
Hs2_Tp6,2.0,6.0,180.0,leg_forward_starboard.max_abs_vertical_velocity_m_s,0.08754450756920881,0.011033978157045822,0.08570519867206611,0.10753552481879415,0.11979961036220599,0.12653074512679513
Hs2_Tp6,2.0,6.0,180.0,leg_aft_port.max_abs_vertical_velocity_m_s,0.03062310830826856,0.0034295955744251217,0.03054869096644108,0.03643816089343191,0.03806276193642697,0.04027619392062426
Hs2_Tp6,2.0,6.0,180.0,leg_aft_starboard.max_abs_vertical_velocity_m_s,0.030623108308272595,0.0034295955744255814,0.030548690966445243,0.0364381608934399,0.03806276193643018,0.04027619392063285
Hs2_Tp6,2.0,6.0,180.0,four_feet.max_vertical_span_m,0.07587352681943393,0.008595283489532271,0.07527379366188008,0.09026008170419937,0.09683514099964705,0.11045002671407955
Hs2_Tp6,2.0,6.0,180.0,four_feet.max_vertical_velocity_span_m_s,0.0633676229817131,0.007373501750776573,0.06288196003238365,0.07537562302450067,0.08510791804291748,0.09112521142174473
Hs2_Tp6,2.0,6.0,180.0,platform.max_tilt_deg,0.24151293686255798,0.027359637092702685,0.2396039269313478,0.2873067633420179,0.30823582710187936,0.3515733543235335
Hs2_Tp6,2.0,6.0,180.0,platform.max_tilt_rate_deg_s,0.2017054085904552,0.023470585030655716,0.20015949540920958,0.2399280598595965,0.2709069170557969,0.29006055676127607
Hs2_Tp8,2.0,8.0,0.0,landing_center.max_abs_vertical_velocity_m_s,0.16019000712975986,0.016659102905926683,0.15895956009694745,0.1877207289253656,0.19416948693982855,0.22235146033042708
Hs2_Tp8,2.0,8.0,0.0,leg_forward_port.max_abs_vertical_velocity_m_s,0.11218792690726648,0.011977066608755586,0.11023775038496356,0.1362679794266834,0.14734725207267985,0.14839280456087875
Hs2_Tp8,2.0,8.0,0.0,leg_forward_starboard.max_abs_vertical_velocity_m_s,0.11218792690726563,0.01197706660875548,0.11023775038496329,0.13626797942668067,0.14734725207267987,0.14839280456087905
Hs2_Tp8,2.0,8.0,0.0,leg_aft_port.max_abs_vertical_velocity_m_s,0.2477018391291427,0.025613262813755006,0.24585064729951506,0.29113877383740683,0.30811721296009875,0.32882265608832284
Hs2_Tp8,2.0,8.0,0.0,leg_aft_starboard.max_abs_vertical_velocity_m_s,0.2477018391291425,0.025613262813755103,0.24585064729951478,0.29113877383740666,0.3081172129601002,0.32882265608832234
Hs2_Tp8,2.0,8.0,0.0,four_feet.max_vertical_span_m,0.3090278106795259,0.03313733748396327,0.301810776669171,0.3657787137291593,0.4013615028554017,0.40618193843788414
Hs2_Tp8,2.0,8.0,0.0,four_feet.max_vertical_velocity_span_m_s,0.2147139176990219,0.02287229537094196,0.20811516857966694,0.25774940440702243,0.2738968347600929,0.2758122426743918
Hs2_Tp8,2.0,8.0,0.0,platform.max_tilt_deg,0.9836660724502544,0.10547942122954199,0.9606935397060485,1.164309807355813,1.2775733429245735,1.2929172659407422
Hs2_Tp8,2.0,8.0,0.0,platform.max_tilt_rate_deg_s,0.6834556270485109,0.07280477736286566,0.66245115623714,0.8204418358073899,0.8718407029858566,0.8779376357378118
Hs2_Tp8,2.0,8.0,30.0,landing_center.max_abs_vertical_velocity_m_s,0.18147158697757618,0.01898198549643827,0.1787132689629876,0.2197609573689491,0.2282223313569982,0.24870324156554693
Hs2_Tp8,2.0,8.0,30.0,leg_forward_port.max_abs_vertical_velocity_m_s,0.18902563526202038,0.01916146659971609,0.1864589555063924,0.2237277198713188,0.22925860464615924,0.2555131315749754
Hs2_Tp8,2.0,8.0,30.0,leg_forward_starboard.max_abs_vertical_velocity_m_s,0.1507960196512305,0.017180634473089953,0.1488487528538061,0.18120401836368105,0.1977970475040066,0.20621283856313144
Hs2_Tp8,2.0,8.0,30.0,leg_aft_port.max_abs_vertical_velocity_m_s,0.28264475607699163,0.02829550774711163,0.27953948759171576,0.33440856729365154,0.34522895931833814,0.3802421579278291
Hs2_Tp8,2.0,8.0,30.0,leg_aft_starboard.max_abs_vertical_velocity_m_s,0.27993703876791587,0.02974288085330872,0.27176690283346483,0.3369348945611781,0.3597453534640218,0.373501112343331
Hs2_Tp8,2.0,8.0,30.0,four_feet.max_vertical_span_m,0.44133686743629225,0.04778954374311922,0.427055174142375,0.5251597235838559,0.5715920631089835,0.5861543945545147
Hs2_Tp8,2.0,8.0,30.0,four_feet.max_vertical_velocity_span_m_s,0.3102205453115516,0.03357103889055078,0.30218228494614474,0.37531422581164064,0.39835712926911043,0.3986549864796134
Hs2_Tp8,2.0,8.0,30.0,platform.max_tilt_deg,1.1683475630791305,0.12428959930958419,1.1338191819315444,1.382239092051605,1.5016676199809134,1.5196374446889784
Hs2_Tp8,2.0,8.0,30.0,platform.max_tilt_rate_deg_s,0.8284130006796603,0.08702926196870214,0.8115511251934024,0.9566638656348408,1.058839707539387,1.0644261826277348
Hs2_Tp8,2.0,8.0,60.0,landing_center.max_abs_vertical_velocity_m_s,0.39853832766162967,0.042931652226889876,0.38991902164799785,0.46976337842466037,0.5112762858315629,0.5312972208230302
Hs2_Tp8,2.0,8.0,60.0,leg_forward_port.max_abs_vertical_velocity_m_s,0.5187184874955596,0.05769771930300688,0.5101000353920028,0.6273103797446951,0.6649157584955223,0.678548339786887
Hs2_Tp8,2.0,8.0,60.0,leg_forward_starboard.max_abs_vertical_velocity_m_s,0.48423039481266783,0.048584270137375464,0.4810708918539608,0.5777002173618377,0.5968248528984769,0.6375700589028481
Hs2_Tp8,2.0,8.0,60.0,leg_aft_port.max_abs_vertical_velocity_m_s,0.3876813099204892,0.04305865579654872,0.3815707589611784,0.46791752878804604,0.5120295827883071,0.5139855001829465
Hs2_Tp8,2.0,8.0,60.0,leg_aft_starboard.max_abs_vertical_velocity_m_s,0.6429299990550261,0.0671377663398896,0.6353109920515605,0.7587041035178312,0.7981579666787633,0.8259413976369407
Hs2_Tp8,2.0,8.0,60.0,four_feet.max_vertical_span_m,1.1279048114460737,0.12116350963378344,1.1174065575310625,1.3627012714699698,1.3850158189633317,1.426994872513128
Hs2_Tp8,2.0,8.0,60.0,four_feet.max_vertical_velocity_span_m_s,0.8442090036857398,0.09141949074522411,0.829197259722205,0.99938773365163,1.0371508889985932,1.0732361323868678
Hs2_Tp8,2.0,8.0,60.0,platform.max_tilt_deg,2.710175130471007,0.29348629737903775,2.697406092210983,3.2357587380509045,3.316828576799273,3.4877044423708776
Hs2_Tp8,2.0,8.0,60.0,platform.max_tilt_rate_deg_s,2.0309792703163603,0.22230972546720823,2.004662694371258,2.4164893675297945,2.511382899749168,2.6160109337887243
Hs2_Tp8,2.0,8.0,90.0,landing_center.max_abs_vertical_velocity_m_s,0.5885769187243581,0.060539802557381284,0.5791469053047577,0.688891713225002,0.7323649680637356,0.775651770477654
Hs2_Tp8,2.0,8.0,90.0,leg_forward_port.max_abs_vertical_velocity_m_s,0.750728712656144,0.08532532995741686,0.7387593464792139,0.9228012534624859,0.949682416371724,0.9733728711223824
Hs2_Tp8,2.0,8.0,90.0,leg_forward_starboard.max_abs_vertical_velocity_m_s,1.0238852122627078,0.10949099181463069,1.0201470353409245,1.2243546832677865,1.2780273894973961,1.2948292136814188
Hs2_Tp8,2.0,8.0,90.0,leg_aft_port.max_abs_vertical_velocity_m_s,0.7507287126561454,0.08532532995741705,0.7387593464792148,0.9228012534624876,0.9496824163717256,0.9733728711223837
Hs2_Tp8,2.0,8.0,90.0,leg_aft_starboard.max_abs_vertical_velocity_m_s,1.0238852122627073,0.1094909918146306,1.020147035340924,1.2243546832677856,1.278027389497395,1.2948292136814186
Hs2_Tp8,2.0,8.0,90.0,four_feet.max_vertical_span_m,1.7126236574281704,0.1868597441835941,1.695026064560897,2.046255595513051,2.1340790069906417,2.185488095251123
Hs2_Tp8,2.0,8.0,90.0,four_feet.max_vertical_velocity_span_m_s,1.335174841432912,0.14438431879936,1.315546190764187,1.6234023977562266,1.6661696567776136,1.6989373866180515
Hs2_Tp8,2.0,8.0,90.0,platform.max_tilt_deg,5.451450414716277,0.5947930390341202,5.395435536889371,6.513433857107033,6.792984458224077,6.956624668554136
Hs2_Tp8,2.0,8.0,90.0,platform.max_tilt_rate_deg_s,4.249993518119707,0.4595895608374839,4.187513582516674,5.167450324602769,5.303582738117672,5.407885661677784
Hs2_Tp8,2.0,8.0,120.0,landing_center.max_abs_vertical_velocity_m_s,0.39853832766162967,0.042931652226889876,0.38991902164799785,0.46976337842466037,0.5112762858315629,0.5312972208230302
Hs2_Tp8,2.0,8.0,120.0,leg_forward_port.max_abs_vertical_velocity_m_s,0.3876813099204892,0.0430586557965487,0.3815707589611783,0.46791752878804604,0.5120295827883071,0.5139855001829465
Hs2_Tp8,2.0,8.0,120.0,leg_forward_starboard.max_abs_vertical_velocity_m_s,0.6429299990550262,0.0671377663398896,0.6353109920515605,0.7587041035178312,0.7981579666787633,0.8259413976369409
Hs2_Tp8,2.0,8.0,120.0,leg_aft_port.max_abs_vertical_velocity_m_s,0.5187184874955596,0.05769771930300688,0.5101000353920027,0.6273103797446948,0.6649157584955223,0.678548339786887
Hs2_Tp8,2.0,8.0,120.0,leg_aft_starboard.max_abs_vertical_velocity_m_s,0.48423039481266783,0.04858427013737546,0.48107089185396085,0.5777002173618376,0.5968248528984769,0.637570058902848
Hs2_Tp8,2.0,8.0,120.0,four_feet.max_vertical_span_m,1.1279048114460737,0.12116350963378347,1.1174065575310625,1.3627012714699698,1.385015818963332,1.426994872513128
Hs2_Tp8,2.0,8.0,120.0,four_feet.max_vertical_velocity_span_m_s,0.8442090036857399,0.09141949074522411,0.829197259722205,0.9993877336516303,1.0371508889985932,1.0732361323868678
Hs2_Tp8,2.0,8.0,120.0,platform.max_tilt_deg,2.710175130471007,0.29348629737903775,2.6974060922109824,3.2357587380509045,3.316828576799273,3.4877044423708776
Hs2_Tp8,2.0,8.0,120.0,platform.max_tilt_rate_deg_s,2.0309792703163603,0.2223097254672082,2.004662694371258,2.4164893675297945,2.5113828997491674,2.6160109337887243
Hs2_Tp8,2.0,8.0,150.0,landing_center.max_abs_vertical_velocity_m_s,0.18147158697757618,0.01898198549643827,0.1787132689629876,0.2197609573689491,0.2282223313569982,0.24870324156554693
Hs2_Tp8,2.0,8.0,150.0,leg_forward_port.max_abs_vertical_velocity_m_s,0.28264475607699163,0.028295507747111627,0.2795394875917159,0.3344085672936516,0.34522895931833814,0.380242157927829
Hs2_Tp8,2.0,8.0,150.0,leg_forward_starboard.max_abs_vertical_velocity_m_s,0.27993703876791587,0.029742880853308715,0.27176690283346483,0.33693489456117803,0.3597453534640217,0.373501112343331
Hs2_Tp8,2.0,8.0,150.0,leg_aft_port.max_abs_vertical_velocity_m_s,0.18902563526202035,0.019161466599716088,0.1864589555063924,0.2237277198713188,0.2292586046461592,0.2555131315749754
Hs2_Tp8,2.0,8.0,150.0,leg_aft_starboard.max_abs_vertical_velocity_m_s,0.1507960196512305,0.01718063447308995,0.1488487528538061,0.18120401836368105,0.19779704750400665,0.2062128385631314
Hs2_Tp8,2.0,8.0,150.0,four_feet.max_vertical_span_m,0.44133686743629225,0.04778954374311921,0.4270551741423749,0.5251597235838559,0.5715920631089833,0.5861543945545147
Hs2_Tp8,2.0,8.0,150.0,four_feet.max_vertical_velocity_span_m_s,0.31022054531155147,0.033571038890550776,0.30218228494614474,0.37531422581164053,0.3983571292691104,0.39865498647961334
Hs2_Tp8,2.0,8.0,150.0,platform.max_tilt_deg,1.1683475630791305,0.12428959930958416,1.1338191819315444,1.3822390920516046,1.5016676199809134,1.5196374446889778
Hs2_Tp8,2.0,8.0,150.0,platform.max_tilt_rate_deg_s,0.8284130006796603,0.08702926196870213,0.8115511251934024,0.9566638656348405,1.0588397075393865,1.0644261826277346
Hs2_Tp8,2.0,8.0,180.0,landing_center.max_abs_vertical_velocity_m_s,0.16019000712975986,0.016659102905926683,0.15895956009694745,0.1877207289253656,0.19416948693982855,0.22235146033042708
Hs2_Tp8,2.0,8.0,180.0,leg_forward_port.max_abs_vertical_velocity_m_s,0.24770183912913826,0.025613262813754638,0.2458506472995117,0.29113877383740394,0.30811721296009853,0.3288226560883165
Hs2_Tp8,2.0,8.0,180.0,leg_forward_starboard.max_abs_vertical_velocity_m_s,0.2477018391291469,0.02561326281375546,0.2458506472995181,0.2911387738374094,0.3081172129601004,0.32882265608832867
Hs2_Tp8,2.0,8.0,180.0,leg_aft_port.max_abs_vertical_velocity_m_s,0.11218792690726266,0.011977066608755103,0.11023775038496036,0.13626797942667748,0.1473472520726749,0.1483928045608764
Hs2_Tp8,2.0,8.0,180.0,leg_aft_starboard.max_abs_vertical_velocity_m_s,0.1121879269072694,0.011977066608755953,0.1102377503849664,0.13626797942668656,0.1473472520726847,0.1483928045608813
Hs2_Tp8,2.0,8.0,180.0,four_feet.max_vertical_span_m,0.3090278106795312,0.033137337483963414,0.30181077666917405,0.36577871372916126,0.40136150285540645,0.4061819384379011
Hs2_Tp8,2.0,8.0,180.0,four_feet.max_vertical_velocity_span_m_s,0.21471391769902723,0.022872295370942215,0.2081151685796807,0.25774940440702776,0.2738968347601064,0.27581224267439647
Hs2_Tp8,2.0,8.0,180.0,platform.max_tilt_deg,0.9836660724502542,0.10547942122954203,0.9606935397060483,1.164309807355813,1.2775733429245735,1.2929172659407422
Hs2_Tp8,2.0,8.0,180.0,platform.max_tilt_rate_deg_s,0.6834556270485108,0.07280477736286563,0.6624511562371398,0.8204418358073898,0.8718407029858566,0.8779376357378117
Hs2_Tp10,2.0,10.0,0.0,landing_center.max_abs_vertical_velocity_m_s,0.29709747421345534,0.03357526658522559,0.2912577765776035,0.357909012370042,0.3702563533863863,0.41963584478277927
Hs2_Tp10,2.0,10.0,0.0,leg_forward_port.max_abs_vertical_velocity_m_s,0.2925454056857953,0.034293025847387755,0.28787053411028396,0.3506675879061721,0.381403131673246,0.436334626350577
Hs2_Tp10,2.0,10.0,0.0,leg_forward_starboard.max_abs_vertical_velocity_m_s,0.29254540568579535,0.03429302584738776,0.2878705341102848,0.35066758790617025,0.3814031316732447,0.43633462635057807
Hs2_Tp10,2.0,10.0,0.0,leg_aft_port.max_abs_vertical_velocity_m_s,0.3925522870925768,0.04374707134190078,0.39147283885548695,0.4646062962371655,0.4965049201072846,0.5021752850807898
Hs2_Tp10,2.0,10.0,0.0,leg_aft_starboard.max_abs_vertical_velocity_m_s,0.39255228709257756,0.04374707134190093,0.39147283885548784,0.46460629623716676,0.4965049201072842,0.5021752850807909
Hs2_Tp10,2.0,10.0,0.0,four_feet.max_vertical_span_m,0.5668041580713097,0.06732592383882485,0.5695647580343948,0.6772115655946911,0.7166914861963499,0.7266637384930161
Hs2_Tp10,2.0,10.0,0.0,four_feet.max_vertical_velocity_span_m_s,0.352687704994729,0.04131102452384674,0.3514922175505084,0.42796004324184456,0.44690060332050197,0.4573074422633834
Hs2_Tp10,2.0,10.0,0.0,platform.max_tilt_deg,1.8041936704417745,0.21430507154354808,1.8129809330422613,2.1556313636679203,2.2812998540005167,2.3130425189359944
Hs2_Tp10,2.0,10.0,0.0,platform.max_tilt_rate_deg_s,1.1226398323529423,0.1314970751432138,1.1188344776299017,1.3622391265552125,1.4225288017841624,1.4556547989785786
Hs2_Tp10,2.0,10.0,30.0,landing_center.max_abs_vertical_velocity_m_s,0.3798491094200987,0.0441767829287244,0.37305107312394953,0.4511050800153409,0.45608576401625417,0.5302527628363991
Hs2_Tp10,2.0,10.0,30.0,leg_forward_port.max_abs_vertical_velocity_m_s,0.42311498654000135,0.050017966854567074,0.4166824320014226,0.5069355254641134,0.5187649769663377,0.5823118384918734
Hs2_Tp10,2.0,10.0,30.0,leg_forward_starboard.max_abs_vertical_velocity_m_s,0.3635060774665182,0.0425284739399345,0.358913569059486,0.4391894858941678,0.4745852407687284,0.5304984453745654
Hs2_Tp10,2.0,10.0,30.0,leg_aft_port.max_abs_vertical_velocity_m_s,0.4404122279896066,0.04916517729485732,0.43565868286156006,0.5236975794748723,0.5477966957246828,0.5680731573425958
Hs2_Tp10,2.0,10.0,30.0,leg_aft_starboard.max_abs_vertical_velocity_m_s,0.4826645717797922,0.056394990296491136,0.4779328541586848,0.5798225712431498,0.6108474850673643,0.6230970374504641
Hs2_Tp10,2.0,10.0,30.0,four_feet.max_vertical_span_m,0.7855219421400542,0.09391012366869937,0.7811552526373446,0.9536895780107336,0.9856902309025783,1.0165798311921084
Hs2_Tp10,2.0,10.0,30.0,four_feet.max_vertical_velocity_span_m_s,0.4929955707338775,0.05746476861412358,0.4901265507507654,0.6053034043350235,0.6234711971994094,0.639688246858046
Hs2_Tp10,2.0,10.0,30.0,platform.max_tilt_deg,1.9538876331877217,0.2296433071048164,1.9526514669263908,2.3492018040388074,2.4874308826197558,2.515101435559421
Hs2_Tp10,2.0,10.0,30.0,platform.max_tilt_rate_deg_s,1.2321345279249,0.14233514094823202,1.223771164299331,1.5140232736445283,1.561162841574694,1.623286110923327
Hs2_Tp10,2.0,10.0,60.0,landing_center.max_abs_vertical_velocity_m_s,0.6450994699990447,0.0745092835053952,0.6447727498963547,0.778098596606866,0.8240096944636481,0.8324755828227401
Hs2_Tp10,2.0,10.0,60.0,leg_forward_port.max_abs_vertical_velocity_m_s,0.7965458569681735,0.09391124760823148,0.7869706514728678,0.9756624984636901,1.0155167451600624,1.0527025458787864
Hs2_Tp10,2.0,10.0,60.0,leg_forward_starboard.max_abs_vertical_velocity_m_s,0.6379205555820483,0.06930990032611802,0.6324332434189248,0.748765479877679,0.8235138983911403,0.8504409186399364
Hs2_Tp10,2.0,10.0,60.0,leg_aft_port.max_abs_vertical_velocity_m_s,0.6875903779856624,0.08256150428322714,0.6828060108388185,0.8314965358718208,0.8528258076638933,0.9025979247142119
Hs2_Tp10,2.0,10.0,60.0,leg_aft_starboard.max_abs_vertical_velocity_m_s,0.769199528060499,0.08516503532581286,0.7630062939273365,0.9332153889801252,1.002226073240103,1.0220843733250815
Hs2_Tp10,2.0,10.0,60.0,four_feet.max_vertical_span_m,1.314471716095838,0.1497146728448758,1.2901004386861805,1.6443488590247692,1.7153030764205561,1.7724705445454725
Hs2_Tp10,2.0,10.0,60.0,four_feet.max_vertical_velocity_span_m_s,0.8838913389139779,0.10138639518739169,0.8596867192075912,1.1155314818343336,1.1825400479274397,1.1889845405044865
Hs2_Tp10,2.0,10.0,60.0,platform.max_tilt_deg,3.0957542584910955,0.35345721593006524,3.019675490370398,3.8915179291624526,4.071526056777786,4.203465803555058
Hs2_Tp10,2.0,10.0,60.0,platform.max_tilt_rate_deg_s,2.0881859262720575,0.24059966965991075,2.0384404666896265,2.633423578822837,2.818880414621537,2.8229325101871456
Hs2_Tp10,2.0,10.0,90.0,landing_center.max_abs_vertical_velocity_m_s,0.8310341416984809,0.09354851172825963,0.8256433912869401,1.0030782572281713,1.068940205991796,1.1021896875079762
Hs2_Tp10,2.0,10.0,90.0,leg_forward_port.max_abs_vertical_velocity_m_s,1.0125614896272237,0.12180514163989761,0.9861739044921664,1.2474060190047536,1.3181400670616958,1.3977908206591831
Hs2_Tp10,2.0,10.0,90.0,leg_forward_starboard.max_abs_vertical_velocity_m_s,0.9791834418615524,0.10876529903736445,0.9698283854266618,1.1832823302109288,1.2606934356848127,1.3608758552864337
Hs2_Tp10,2.0,10.0,90.0,leg_aft_port.max_abs_vertical_velocity_m_s,1.012561489627226,0.12180514163989792,0.9861739044921687,1.2474060190047562,1.3181400670616985,1.397790820659186
Hs2_Tp10,2.0,10.0,90.0,leg_aft_starboard.max_abs_vertical_velocity_m_s,0.9791834418615534,0.10876529903736458,0.9698283854266627,1.1832823302109299,1.2606934356848145,1.3608758552864353
Hs2_Tp10,2.0,10.0,90.0,four_feet.max_vertical_span_m,1.5355098184878928,0.1752836957066763,1.5227401720360287,1.8531487357088061,2.050204752545041,2.052704513074189
Hs2_Tp10,2.0,10.0,90.0,four_feet.max_vertical_velocity_span_m_s,1.092810154319327,0.12053212501577507,1.0698896980364145,1.3095759242657208,1.4304337886549299,1.4324640324564637
Hs2_Tp10,2.0,10.0,90.0,platform.max_tilt_deg,4.887679555569735,0.5579453323026624,4.8470325084827355,5.898755631451049,6.526004414360776,6.533961399255971
Hs2_Tp10,2.0,10.0,90.0,platform.max_tilt_rate_deg_s,3.4785227584187517,0.38366566995261714,3.405564680111808,4.168509634020531,4.553212164601986,4.559674631335903
Hs2_Tp10,2.0,10.0,120.0,landing_center.max_abs_vertical_velocity_m_s,0.6450994699990447,0.0745092835053952,0.6447727498963547,0.778098596606866,0.8240096944636481,0.8324755828227401
Hs2_Tp10,2.0,10.0,120.0,leg_forward_port.max_abs_vertical_velocity_m_s,0.6875903779856624,0.08256150428322712,0.6828060108388183,0.8314965358718208,0.8528258076638929,0.9025979247142117
Hs2_Tp10,2.0,10.0,120.0,leg_forward_starboard.max_abs_vertical_velocity_m_s,0.7691995280604991,0.08516503532581288,0.7630062939273365,0.9332153889801252,1.002226073240103,1.022084373325082
Hs2_Tp10,2.0,10.0,120.0,leg_aft_port.max_abs_vertical_velocity_m_s,0.7965458569681735,0.0939112476082315,0.7869706514728676,0.9756624984636901,1.0155167451600624,1.0527025458787864
Hs2_Tp10,2.0,10.0,120.0,leg_aft_starboard.max_abs_vertical_velocity_m_s,0.6379205555820484,0.06930990032611803,0.6324332434189248,0.748765479877679,0.8235138983911405,0.8504409186399364
Hs2_Tp10,2.0,10.0,120.0,four_feet.max_vertical_span_m,1.314471716095838,0.14971467284487577,1.2901004386861805,1.6443488590247688,1.715303076420556,1.772470544545472
Hs2_Tp10,2.0,10.0,120.0,four_feet.max_vertical_velocity_span_m_s,0.8838913389139781,0.10138639518739168,0.8596867192075913,1.1155314818343334,1.18254004792744,1.1889845405044865
Hs2_Tp10,2.0,10.0,120.0,platform.max_tilt_deg,3.0957542584910955,0.3534572159300652,3.019675490370398,3.8915179291624526,4.071526056777786,4.203465803555057
Hs2_Tp10,2.0,10.0,120.0,platform.max_tilt_rate_deg_s,2.0881859262720575,0.24059966965991073,2.0384404666896265,2.633423578822837,2.818880414621537,2.822932510187145
Hs2_Tp10,2.0,10.0,150.0,landing_center.max_abs_vertical_velocity_m_s,0.3798491094200987,0.0441767829287244,0.37305107312394953,0.4511050800153409,0.45608576401625417,0.5302527628363991
Hs2_Tp10,2.0,10.0,150.0,leg_forward_port.max_abs_vertical_velocity_m_s,0.4404122279896066,0.04916517729485733,0.43565868286156,0.5236975794748723,0.5477966957246827,0.5680731573425958
Hs2_Tp10,2.0,10.0,150.0,leg_forward_starboard.max_abs_vertical_velocity_m_s,0.4826645717797921,0.056394990296491136,0.4779328541586847,0.5798225712431498,0.6108474850673643,0.623097037450464
Hs2_Tp10,2.0,10.0,150.0,leg_aft_port.max_abs_vertical_velocity_m_s,0.4231149865400014,0.050017966854567074,0.4166824320014225,0.5069355254641134,0.5187649769663377,0.5823118384918736
Hs2_Tp10,2.0,10.0,150.0,leg_aft_starboard.max_abs_vertical_velocity_m_s,0.3635060774665182,0.04252847393993449,0.3589135690594861,0.4391894858941678,0.47458524076872843,0.5304984453745654
Hs2_Tp10,2.0,10.0,150.0,four_feet.max_vertical_span_m,0.7855219421400541,0.09391012366869936,0.7811552526373446,0.9536895780107334,0.9856902309025785,1.0165798311921084
Hs2_Tp10,2.0,10.0,150.0,four_feet.max_vertical_velocity_span_m_s,0.4929955707338774,0.05746476861412357,0.49012655075076533,0.6053034043350234,0.6234711971994094,0.6396882468580458
Hs2_Tp10,2.0,10.0,150.0,platform.max_tilt_deg,1.9538876331877217,0.22964330710481637,1.9526514669263904,2.3492018040388074,2.487430882619755,2.515101435559422
Hs2_Tp10,2.0,10.0,150.0,platform.max_tilt_rate_deg_s,1.2321345279249005,0.14233514094823205,1.2237711642993307,1.5140232736445285,1.561162841574694,1.623286110923327
Hs2_Tp10,2.0,10.0,180.0,landing_center.max_abs_vertical_velocity_m_s,0.29709747421345534,0.03357526658522559,0.2912577765776035,0.357909012370042,0.3702563533863863,0.41963584478277927
Hs2_Tp10,2.0,10.0,180.0,leg_forward_port.max_abs_vertical_velocity_m_s,0.39255228709257767,0.04374707134190122,0.3914728388554879,0.4646062962371673,0.49650492010728275,0.5021752850807926
Hs2_Tp10,2.0,10.0,180.0,leg_forward_starboard.max_abs_vertical_velocity_m_s,0.39255228709257656,0.043747071341900486,0.3914728388554869,0.46460629623716515,0.49650492010728614,0.5021752850807882
Hs2_Tp10,2.0,10.0,180.0,leg_aft_port.max_abs_vertical_velocity_m_s,0.2925454056857959,0.03429302584738805,0.2878705341102866,0.35066758790617186,0.3814031316732444,0.4363346263505782
Hs2_Tp10,2.0,10.0,180.0,leg_aft_starboard.max_abs_vertical_velocity_m_s,0.29254540568579457,0.03429302584738746,0.2878705341102821,0.35066758790617014,0.38140313167324624,0.4363346263505767
Hs2_Tp10,2.0,10.0,180.0,four_feet.max_vertical_span_m,0.5668041580713115,0.067325923838825,0.5695647580343954,0.6772115655946908,0.7166914861963503,0.7266637384930245
Hs2_Tp10,2.0,10.0,180.0,four_feet.max_vertical_velocity_span_m_s,0.3526877049947305,0.041311024523847,0.3514922175505091,0.4279600432418438,0.4469006033205061,0.45730744226339004
Hs2_Tp10,2.0,10.0,180.0,platform.max_tilt_deg,1.8041936704417745,0.21430507154354808,1.8129809330422613,2.1556313636679203,2.2812998540005167,2.3130425189359944
Hs2_Tp10,2.0,10.0,180.0,platform.max_tilt_rate_deg_s,1.1226398323529423,0.13149707514321382,1.1188344776299015,1.3622391265552125,1.4225288017841626,1.4556547989785786
Hs3_Tp6,3.0,6.0,0.0,landing_center.max_abs_vertical_velocity_m_s,0.08617986000307255,0.011046271107154249,0.08503141160755512,0.10589910449508194,0.116056089271577,0.12178417976966462
Hs3_Tp6,3.0,6.0,0.0,leg_forward_port.max_abs_vertical_velocity_m_s,0.04593466246240707,0.005144393361638091,0.045823036449665205,0.05465724134015525,0.05709414290464426,0.060414290880944035
Hs3_Tp6,3.0,6.0,0.0,leg_forward_starboard.max_abs_vertical_velocity_m_s,0.04593466246240465,0.005144393361637964,0.045823036449664276,0.05465724134015244,0.057094142904641466,0.06041429088094164
Hs3_Tp6,3.0,6.0,0.0,leg_aft_port.max_abs_vertical_velocity_m_s,0.1313167613538122,0.016550967235568387,0.12855779800809863,0.1613032872281896,0.17969941554330954,0.18979611769018853
Hs3_Tp6,3.0,6.0,0.0,leg_aft_starboard.max_abs_vertical_velocity_m_s,0.13131676135380985,0.01655096723556804,0.1285577980080961,0.16130328722818435,0.1796994155433053,0.18979611769018842
Hs3_Tp6,3.0,6.0,0.0,four_feet.max_vertical_span_m,0.11381029022914856,0.012892925234297916,0.11291069049281927,0.1353901225562929,0.14525271149946886,0.16567504007111034
Hs3_Tp6,3.0,6.0,0.0,four_feet.max_vertical_velocity_span_m_s,0.09505143447256816,0.011060252626164677,0.0943229400485735,0.11306343453674926,0.12766187706437723,0.13668781713260883
Hs3_Tp6,3.0,6.0,0.0,platform.max_tilt_deg,0.36226940529383705,0.041039455639054034,0.35940589039702164,0.4309601450130266,0.46235374065281915,0.5273600314853004
Hs3_Tp6,3.0,6.0,0.0,platform.max_tilt_rate_deg_s,0.30255811288568285,0.03520587754598357,0.30023924311381445,0.3598920897893948,0.40636037558369525,0.4350908351419141
Hs3_Tp6,3.0,6.0,30.0,landing_center.max_abs_vertical_velocity_m_s,0.08297545187042003,0.00953435511787782,0.08293301651631116,0.09987539983985948,0.10851918292215271,0.11257602306647309
Hs3_Tp6,3.0,6.0,30.0,leg_forward_port.max_abs_vertical_velocity_m_s,0.0646973471936813,0.007394985310394947,0.06344402576019159,0.07843759938711833,0.08244151079656699,0.08300674509441455
Hs3_Tp6,3.0,6.0,30.0,leg_forward_starboard.max_abs_vertical_velocity_m_s,0.07255630178747541,0.007814258151495833,0.07181663628704159,0.08474776723411696,0.09320206592452111,0.09404416649155577
Hs3_Tp6,3.0,6.0,30.0,leg_aft_port.max_abs_vertical_velocity_m_s,0.13176024823483531,0.01583192415393027,0.12980528214751613,0.16530663340590632,0.17163114724963888,0.18535357479724043
Hs3_Tp6,3.0,6.0,30.0,leg_aft_starboard.max_abs_vertical_velocity_m_s,0.1422615869519076,0.017327516271334917,0.1407184009755721,0.16924046287721928,0.19072929546636877,0.20455099337507468
Hs3_Tp6,3.0,6.0,30.0,four_feet.max_vertical_span_m,0.17503631285189364,0.022146766905589983,0.17162767748092767,0.21712730738672598,0.22905139536525299,0.25637186863872086
Hs3_Tp6,3.0,6.0,30.0,four_feet.max_vertical_velocity_span_m_s,0.1474845518775739,0.018945646981742295,0.14336074980632307,0.18077430402099914,0.19433852200294427,0.21826123153452112
Hs3_Tp6,3.0,6.0,30.0,platform.max_tilt_deg,0.4293323166442448,0.05054595201956982,0.42184743097324107,0.527501170123411,0.5519799728276511,0.6084760112837424
Hs3_Tp6,3.0,6.0,30.0,platform.max_tilt_rate_deg_s,0.3526193052081282,0.042286504998782976,0.34430146956003826,0.4367390919111159,0.4575849076615119,0.5097858071041463
Hs3_Tp6,3.0,6.0,60.0,landing_center.max_abs_vertical_velocity_m_s,0.15061427762667834,0.018905497339728034,0.14950332436514271,0.18327206092073914,0.19200433710461562,0.22214027384235077
Hs3_Tp6,3.0,6.0,60.0,leg_forward_port.max_abs_vertical_velocity_m_s,0.18884701751467728,0.0211662719646097,0.18651192303170988,0.2271374842612352,0.23969612775443022,0.2648160814392427
Hs3_Tp6,3.0,6.0,60.0,leg_forward_starboard.max_abs_vertical_velocity_m_s,0.20521629270244252,0.0240862369829797,0.20187319937174872,0.2526979488804343,0.273981319303916,0.2748498716113756
Hs3_Tp6,3.0,6.0,60.0,leg_aft_port.max_abs_vertical_velocity_m_s,0.1329304904428316,0.014280205943626764,0.13142246844108008,0.15776871869293044,0.1640626800300027,0.18091721428688068
Hs3_Tp6,3.0,6.0,60.0,leg_aft_starboard.max_abs_vertical_velocity_m_s,0.29290364336360836,0.03647083245275215,0.28935199302359366,0.357673115263596,0.3942803780682747,0.422507691513636
Hs3_Tp6,3.0,6.0,60.0,four_feet.max_vertical_span_m,0.47562872409028534,0.05895079261201873,0.47029909401515524,0.5759335456944592,0.6447142717947131,0.6803851905768292
Hs3_Tp6,3.0,6.0,60.0,four_feet.max_vertical_velocity_span_m_s,0.38685368785998775,0.04911156567066924,0.38793424668969756,0.4635345295728666,0.5419082973237934,0.559932238062828
Hs3_Tp6,3.0,6.0,60.0,platform.max_tilt_deg,1.1287962952694734,0.13901874764625735,1.102391070624804,1.34337794389376,1.5327306229913937,1.581518032105273
Hs3_Tp6,3.0,6.0,60.0,platform.max_tilt_rate_deg_s,0.9136618274437677,0.11444469905387442,0.9020295620106409,1.0876448564009698,1.2776459124195765,1.293926226367643
Hs3_Tp6,3.0,6.0,90.0,landing_center.max_abs_vertical_velocity_m_s,0.30803585889908675,0.03619245675929575,0.3030200424778341,0.37617635646508135,0.40769817164130323,0.43487842573570445
Hs3_Tp6,3.0,6.0,90.0,leg_forward_port.max_abs_vertical_velocity_m_s,0.2818431272495644,0.0329780332302844,0.2762919755565221,0.3378822096483786,0.36680937097454636,0.39597474599418475
Hs3_Tp6,3.0,6.0,90.0,leg_forward_starboard.max_abs_vertical_velocity_m_s,0.6514180410079397,0.08228069887802744,0.6383266960988949,0.8137650890037839,0.8654369947248701,0.9177255758121238
Hs3_Tp6,3.0,6.0,90.0,leg_aft_port.max_abs_vertical_velocity_m_s,0.28184312724956395,0.03297803323028435,0.27629197555652174,0.3378822096483782,0.3668093709745457,0.3959747459941835
Hs3_Tp6,3.0,6.0,90.0,leg_aft_starboard.max_abs_vertical_velocity_m_s,0.6514180410079393,0.08228069887802733,0.6383266960988945,0.8137650890037837,0.8654369947248692,0.917725575812123
Hs3_Tp6,3.0,6.0,90.0,four_feet.max_vertical_span_m,0.9305565548148289,0.11387689438313267,0.9128673628659836,1.1435019779901774,1.2754837063187472,1.3523499626033821
Hs3_Tp6,3.0,6.0,90.0,four_feet.max_vertical_velocity_span_m_s,0.7978791399045037,0.09871317857030376,0.7828372993605212,0.9820543526949612,1.1068342239759523,1.160685889498043
Hs3_Tp6,3.0,6.0,90.0,platform.max_tilt_deg,2.9620535105068844,0.3624814129005849,2.905747063747682,3.6398798446499274,4.059990733875997,4.304663626769359
Hs3_Tp6,3.0,6.0,90.0,platform.max_tilt_rate_deg_s,2.539728182114232,0.31421380635553575,2.4918485165987345,3.125976092326293,3.523162758581095,3.694577933812538
Hs3_Tp6,3.0,6.0,120.0,landing_center.max_abs_vertical_velocity_m_s,0.15061427762667834,0.018905497339728034,0.14950332436514271,0.18327206092073914,0.19200433710461562,0.22214027384235077
Hs3_Tp6,3.0,6.0,120.0,leg_forward_port.max_abs_vertical_velocity_m_s,0.1329304904428316,0.014280205943626762,0.13142246844108008,0.15776871869293044,0.1640626800300027,0.18091721428688068
Hs3_Tp6,3.0,6.0,120.0,leg_forward_starboard.max_abs_vertical_velocity_m_s,0.29290364336360836,0.03647083245275215,0.2893519930235937,0.3576731152635961,0.3942803780682747,0.422507691513636
Hs3_Tp6,3.0,6.0,120.0,leg_aft_port.max_abs_vertical_velocity_m_s,0.18884701751467728,0.0211662719646097,0.18651192303170988,0.22713748426123517,0.23969612775443025,0.26481608143924273
Hs3_Tp6,3.0,6.0,120.0,leg_aft_starboard.max_abs_vertical_velocity_m_s,0.20521629270244252,0.0240862369829797,0.2018731993717487,0.25269794888043434,0.273981319303916,0.2748498716113756
Hs3_Tp6,3.0,6.0,120.0,four_feet.max_vertical_span_m,0.47562872409028534,0.05895079261201873,0.47029909401515524,0.5759335456944592,0.6447142717947131,0.6803851905768291
Hs3_Tp6,3.0,6.0,120.0,four_feet.max_vertical_velocity_span_m_s,0.38685368785998775,0.04911156567066923,0.38793424668969756,0.46353452957286667,0.5419082973237934,0.559932238062828
Hs3_Tp6,3.0,6.0,120.0,platform.max_tilt_deg,1.1287962952694734,0.13901874764625735,1.102391070624804,1.34337794389376,1.5327306229913937,1.581518032105273
Hs3_Tp6,3.0,6.0,120.0,platform.max_tilt_rate_deg_s,0.9136618274437677,0.1144446990538744,0.9020295620106409,1.0876448564009695,1.2776459124195765,1.293926226367643
Hs3_Tp6,3.0,6.0,150.0,landing_center.max_abs_vertical_velocity_m_s,0.08297545187042003,0.00953435511787782,0.08293301651631116,0.09987539983985948,0.10851918292215271,0.11257602306647309
Hs3_Tp6,3.0,6.0,150.0,leg_forward_port.max_abs_vertical_velocity_m_s,0.13176024823483531,0.01583192415393027,0.12980528214751613,0.16530663340590637,0.17163114724963888,0.1853535747972405
Hs3_Tp6,3.0,6.0,150.0,leg_forward_starboard.max_abs_vertical_velocity_m_s,0.14226158695190758,0.017327516271334914,0.14071840097557203,0.16924046287721928,0.19072929546636871,0.20455099337507468
Hs3_Tp6,3.0,6.0,150.0,leg_aft_port.max_abs_vertical_velocity_m_s,0.06469734719368127,0.007394985310394945,0.06344402576019158,0.0784375993871183,0.08244151079656697,0.08300674509441451
Hs3_Tp6,3.0,6.0,150.0,leg_aft_starboard.max_abs_vertical_velocity_m_s,0.07255630178747542,0.007814258151495833,0.0718166362870416,0.08474776723411698,0.09320206592452111,0.0940441664915558
Hs3_Tp6,3.0,6.0,150.0,four_feet.max_vertical_span_m,0.17503631285189364,0.022146766905589987,0.17162767748092767,0.21712730738672595,0.22905139536525293,0.25637186863872086
Hs3_Tp6,3.0,6.0,150.0,four_feet.max_vertical_velocity_span_m_s,0.14748455187757387,0.018945646981742295,0.14336074980632302,0.18077430402099912,0.1943385220029442,0.2182612315345211
Hs3_Tp6,3.0,6.0,150.0,platform.max_tilt_deg,0.4293323166442448,0.05054595201956983,0.421847430973241,0.527501170123411,0.5519799728276511,0.6084760112837424
Hs3_Tp6,3.0,6.0,150.0,platform.max_tilt_rate_deg_s,0.3526193052081282,0.042286504998782976,0.3443014695600383,0.43673909191111604,0.45758490766151166,0.5097858071041462
Hs3_Tp6,3.0,6.0,180.0,landing_center.max_abs_vertical_velocity_m_s,0.08617986000307255,0.011046271107154249,0.08503141160755512,0.10589910449508194,0.116056089271577,0.12178417976966462
Hs3_Tp6,3.0,6.0,180.0,leg_forward_port.max_abs_vertical_velocity_m_s,0.13131676135380882,0.016550967235567697,0.12855779800809553,0.16130328722818274,0.17969941554330587,0.18979611769018417
Hs3_Tp6,3.0,6.0,180.0,leg_forward_starboard.max_abs_vertical_velocity_m_s,0.13131676135381323,0.016550967235568734,0.1285577980080992,0.16130328722819123,0.17969941554330895,0.18979611769019272
Hs3_Tp6,3.0,6.0,180.0,leg_aft_port.max_abs_vertical_velocity_m_s,0.045934662462402825,0.005144393361637683,0.045823036449661625,0.054657241340147864,0.05709414290464047,0.06041429088093639
Hs3_Tp6,3.0,6.0,180.0,leg_aft_starboard.max_abs_vertical_velocity_m_s,0.045934662462408876,0.005144393361638372,0.045823036449667856,0.05465724134015984,0.05709414290464525,0.06041429088094928
Hs3_Tp6,3.0,6.0,180.0,four_feet.max_vertical_span_m,0.11381029022915091,0.012892925234298407,0.1129106904928201,0.1353901225562991,0.1452527114994706,0.16567504007111938
Hs3_Tp6,3.0,6.0,180.0,four_feet.max_vertical_velocity_span_m_s,0.09505143447256968,0.011060252626164856,0.0943229400485755,0.11306343453675101,0.12766187706437615,0.1366878171326171
Hs3_Tp6,3.0,6.0,180.0,platform.max_tilt_deg,0.36226940529383705,0.041039455639054034,0.3594058903970217,0.43096014501302676,0.46235374065281915,0.5273600314853004
Hs3_Tp6,3.0,6.0,180.0,platform.max_tilt_rate_deg_s,0.30255811288568285,0.035205877545983574,0.30023924311381445,0.3598920897893948,0.4063603755836952,0.4350908351419141
Hs3_Tp8,3.0,8.0,0.0,landing_center.max_abs_vertical_velocity_m_s,0.24028501069463976,0.024988654358890028,0.23843934014542117,0.2815810933880484,0.2912542304097428,0.3335271904956406
Hs3_Tp8,3.0,8.0,0.0,leg_forward_port.max_abs_vertical_velocity_m_s,0.16828189036089977,0.017965599913133377,0.1653566255774453,0.20440196914002512,0.22102087810901974,0.22258920684131808
Hs3_Tp8,3.0,8.0,0.0,leg_forward_starboard.max_abs_vertical_velocity_m_s,0.16828189036089847,0.017965599913133214,0.1653566255774449,0.20440196914002107,0.22102087810901977,0.22258920684131855
Hs3_Tp8,3.0,8.0,0.0,leg_aft_port.max_abs_vertical_velocity_m_s,0.37155275869371407,0.03841989422063248,0.3687759709492725,0.43670816075611,0.46217581944014813,0.4932339841324841
Hs3_Tp8,3.0,8.0,0.0,leg_aft_starboard.max_abs_vertical_velocity_m_s,0.37155275869371385,0.038419894220632654,0.3687759709492721,0.43670816075610996,0.4621758194401503,0.4932339841324836
Hs3_Tp8,3.0,8.0,0.0,four_feet.max_vertical_span_m,0.4635417160192889,0.049706006225944906,0.45271616500375644,0.548668070593739,0.6020422542831024,0.6092729076568261
Hs3_Tp8,3.0,8.0,0.0,four_feet.max_vertical_velocity_span_m_s,0.3220708765485327,0.03430844305641293,0.3121727528695004,0.38662410661053376,0.4108452521401394,0.4137183640115877
Hs3_Tp8,3.0,8.0,0.0,platform.max_tilt_deg,1.4754991086753813,0.15821913184431305,1.4410403095590727,1.7464647110337197,1.9163600143868602,1.9393758989111132
Hs3_Tp8,3.0,8.0,0.0,platform.max_tilt_rate_deg_s,1.0251834405727664,0.10920716604429846,0.99367673435571,1.230662753711085,1.3077610544787845,1.3169064536067174
Hs3_Tp8,3.0,8.0,30.0,landing_center.max_abs_vertical_velocity_m_s,0.2722073804663642,0.028472978244657412,0.26806990344448134,0.3296414360534236,0.3423334970354973,0.3730548623483204
Hs3_Tp8,3.0,8.0,30.0,leg_forward_port.max_abs_vertical_velocity_m_s,0.2835384528930306,0.02874219989957413,0.2796884332595886,0.3355915798069783,0.34388790696923877,0.3832696973624631
Hs3_Tp8,3.0,8.0,30.0,leg_forward_starboard.max_abs_vertical_velocity_m_s,0.22619402947684575,0.02577095170963493,0.22327312928070914,0.2718060275455215,0.2966955712560099,0.3093192578446971
Hs3_Tp8,3.0,8.0,30.0,leg_aft_port.max_abs_vertical_velocity_m_s,0.4239671341154873,0.042443261620667444,0.4193092313875737,0.5016128509404773,0.5178434389775071,0.5703632368917436
Hs3_Tp8,3.0,8.0,30.0,leg_aft_starboard.max_abs_vertical_velocity_m_s,0.4199055581518738,0.044614321279963086,0.40765035425019724,0.505402341841767,0.5396180301960328,0.5602516685149965
Hs3_Tp8,3.0,8.0,30.0,four_feet.max_vertical_span_m,0.6620053011544385,0.07168431561467885,0.6405827612135626,0.7877395853757837,0.857388094663475,0.8792315918317722
Hs3_Tp8,3.0,8.0,30.0,four_feet.max_vertical_velocity_span_m_s,0.4653308179673272,0.05035655833582618,0.45327342741921706,0.5629713387174609,0.5975356939036658,0.5979824797194201
Hs3_Tp8,3.0,8.0,30.0,platform.max_tilt_deg,1.7525213446186956,0.18643439896437633,1.700728772897317,2.0733586380774067,2.2525014299713706,2.2794561670334668
Hs3_Tp8,3.0,8.0,30.0,platform.max_tilt_rate_deg_s,1.2426195010194905,0.1305438929530532,1.217326687790104,1.4349957984522612,1.58825956130908,1.5966392739416018
Hs3_Tp8,3.0,8.0,60.0,landing_center.max_abs_vertical_velocity_m_s,0.5978074914924444,0.06439747834033482,0.5848785324719967,0.7046450676369904,0.7669144287473441,0.7969458312345452
Hs3_Tp8,3.0,8.0,60.0,leg_forward_port.max_abs_vertical_velocity_m_s,0.7780777312433397,0.08654657895451032,0.765150053088004,0.9409655696170425,0.9973736377432835,1.0178225096803306
Hs3_Tp8,3.0,8.0,60.0,leg_forward_starboard.max_abs_vertical_velocity_m_s,0.7263455922190019,0.07287640520606321,0.7216063377809412,0.8665503260427566,0.8952372793477152,0.9563550883542721
Hs3_Tp8,3.0,8.0,60.0,leg_aft_port.max_abs_vertical_velocity_m_s,0.581521964880734,0.06458798369482308,0.5723561384417676,0.7018762931820692,0.7680443741824607,0.7709782502744198
Hs3_Tp8,3.0,8.0,60.0,leg_aft_starboard.max_abs_vertical_velocity_m_s,0.9643949985825393,0.10070664950983442,0.9529664880773407,1.1380561552767472,1.197236950018145,1.238912096455411
Hs3_Tp8,3.0,8.0,60.0,four_feet.max_vertical_span_m,1.6918572171691104,0.1817452644506752,1.676109836296594,2.044051907204954,2.0775237284449974,2.1404923087696917
Hs3_Tp8,3.0,8.0,60.0,four_feet.max_vertical_velocity_span_m_s,1.2663135055286099,0.13712923611783617,1.2437958895833074,1.499081600477445,1.55572633349789,1.6098541985803017
Hs3_Tp8,3.0,8.0,60.0,platform.max_tilt_deg,4.06526269570651,0.4402294460685567,4.046109138316474,4.853638107076356,4.975242865198909,5.231556663556316
Hs3_Tp8,3.0,8.0,60.0,platform.max_tilt_rate_deg_s,3.046468905474541,0.3334645882008123,3.0069940415568865,3.6247340512946913,3.7670743496237518,3.924016400683087
Hs3_Tp8,3.0,8.0,90.0,landing_center.max_abs_vertical_velocity_m_s,0.8828653780865372,0.09080970383607194,0.8687203579571364,1.033337569837503,1.0985474520956033,1.163477655716481
Hs3_Tp8,3.0,8.0,90.0,leg_forward_port.max_abs_vertical_velocity_m_s,1.1260930689842161,0.1279879949361253,1.1081390197188208,1.3842018801937286,1.4245236245575863,1.4600593066835736
Hs3_Tp8,3.0,8.0,90.0,leg_forward_starboard.max_abs_vertical_velocity_m_s,1.535827818394061,0.164236487721946,1.5302205530113868,1.8365320249016799,1.9170410842460943,1.9422438205221282
Hs3_Tp8,3.0,8.0,90.0,leg_aft_port.max_abs_vertical_velocity_m_s,1.126093068984218,0.12798799493612556,1.1081390197188223,1.384201880193731,1.4245236245575883,1.4600593066835754
Hs3_Tp8,3.0,8.0,90.0,leg_aft_starboard.max_abs_vertical_velocity_m_s,1.5358278183940604,0.1642364877219459,1.5302205530113855,1.8365320249016783,1.9170410842460925,1.9422438205221284
Hs3_Tp8,3.0,8.0,90.0,four_feet.max_vertical_span_m,2.5689354861422555,0.28028961627539123,2.5425390968413453,3.0693833932695767,3.201118510485963,3.2782321428766843
Hs3_Tp8,3.0,8.0,90.0,four_feet.max_vertical_velocity_span_m_s,2.002762262149368,0.21657647819903997,1.9733192861462805,2.4351035966343395,2.499254485166421,2.5484060799270774
Hs3_Tp8,3.0,8.0,90.0,platform.max_tilt_deg,8.177175622074415,0.8921895585511803,8.093153305334056,9.77015078566055,10.189476687336114,10.434937002831203
Hs3_Tp8,3.0,8.0,90.0,platform.max_tilt_rate_deg_s,6.37499027717956,0.6893843412562262,6.281270373775012,7.751175486904158,7.955374107176508,8.111828492516677
Hs3_Tp8,3.0,8.0,120.0,landing_center.max_abs_vertical_velocity_m_s,0.5978074914924444,0.06439747834033482,0.5848785324719967,0.7046450676369904,0.7669144287473441,0.7969458312345452
Hs3_Tp8,3.0,8.0,120.0,leg_forward_port.max_abs_vertical_velocity_m_s,0.5815219648807338,0.06458798369482308,0.5723561384417675,0.7018762931820691,0.7680443741824607,0.7709782502744198
Hs3_Tp8,3.0,8.0,120.0,leg_forward_starboard.max_abs_vertical_velocity_m_s,0.9643949985825394,0.10070664950983445,0.9529664880773407,1.138056155276747,1.197236950018145,1.2389120964554112
Hs3_Tp8,3.0,8.0,120.0,leg_aft_port.max_abs_vertical_velocity_m_s,0.7780777312433397,0.08654657895451032,0.765150053088004,0.9409655696170425,0.9973736377432834,1.0178225096803306
Hs3_Tp8,3.0,8.0,120.0,leg_aft_starboard.max_abs_vertical_velocity_m_s,0.7263455922190017,0.07287640520606319,0.7216063377809412,0.8665503260427564,0.8952372793477152,0.9563550883542721
Hs3_Tp8,3.0,8.0,120.0,four_feet.max_vertical_span_m,1.6918572171691102,0.1817452644506752,1.6761098362965936,2.044051907204954,2.077523728444998,2.1404923087696917
Hs3_Tp8,3.0,8.0,120.0,four_feet.max_vertical_velocity_span_m_s,1.2663135055286099,0.13712923611783617,1.2437958895833074,1.499081600477445,1.55572633349789,1.6098541985803014
Hs3_Tp8,3.0,8.0,120.0,platform.max_tilt_deg,4.065262695706509,0.4402294460685566,4.046109138316474,4.853638107076356,4.975242865198909,5.231556663556316
Hs3_Tp8,3.0,8.0,120.0,platform.max_tilt_rate_deg_s,3.046468905474541,0.3334645882008123,3.0069940415568865,3.6247340512946913,3.7670743496237518,3.924016400683087
Hs3_Tp8,3.0,8.0,150.0,landing_center.max_abs_vertical_velocity_m_s,0.2722073804663642,0.028472978244657412,0.26806990344448134,0.3296414360534236,0.3423334970354973,0.3730548623483204
Hs3_Tp8,3.0,8.0,150.0,leg_forward_port.max_abs_vertical_velocity_m_s,0.4239671341154873,0.042443261620667444,0.4193092313875737,0.5016128509404773,0.5178434389775071,0.5703632368917436
Hs3_Tp8,3.0,8.0,150.0,leg_forward_starboard.max_abs_vertical_velocity_m_s,0.4199055581518737,0.044614321279963086,0.40765035425019724,0.505402341841767,0.5396180301960327,0.5602516685149964
Hs3_Tp8,3.0,8.0,150.0,leg_aft_port.max_abs_vertical_velocity_m_s,0.28353845289303053,0.02874219989957414,0.2796884332595886,0.3355915798069782,0.34388790696923877,0.3832696973624631
Hs3_Tp8,3.0,8.0,150.0,leg_aft_starboard.max_abs_vertical_velocity_m_s,0.22619402947684575,0.025770951709634927,0.22327312928070914,0.27180602754552163,0.2966955712560099,0.30931925784469705
Hs3_Tp8,3.0,8.0,150.0,four_feet.max_vertical_span_m,0.6620053011544385,0.07168431561467883,0.6405827612135625,0.7877395853757838,0.8573880946634748,0.879231591831772
Hs3_Tp8,3.0,8.0,150.0,four_feet.max_vertical_velocity_span_m_s,0.4653308179673272,0.05035655833582617,0.45327342741921706,0.5629713387174609,0.5975356939036657,0.59798247971942
Hs3_Tp8,3.0,8.0,150.0,platform.max_tilt_deg,1.7525213446186954,0.18643439896437627,1.700728772897317,2.0733586380774067,2.25250142997137,2.2794561670334663
Hs3_Tp8,3.0,8.0,150.0,platform.max_tilt_rate_deg_s,1.2426195010194905,0.1305438929530532,1.217326687790104,1.434995798452261,1.58825956130908,1.596639273941602
Hs3_Tp8,3.0,8.0,180.0,landing_center.max_abs_vertical_velocity_m_s,0.24028501069463976,0.024988654358890028,0.23843934014542117,0.2815810933880484,0.2912542304097428,0.3335271904956406
Hs3_Tp8,3.0,8.0,180.0,leg_forward_port.max_abs_vertical_velocity_m_s,0.3715527586937074,0.03841989422063195,0.3687759709492675,0.4367081607561059,0.46217581944014774,0.4932339841324748
Hs3_Tp8,3.0,8.0,180.0,leg_forward_starboard.max_abs_vertical_velocity_m_s,0.3715527586937204,0.038419894220633195,0.36877597094927705,0.4367081607561141,0.4621758194401506,0.49323398413249303
Hs3_Tp8,3.0,8.0,180.0,leg_aft_port.max_abs_vertical_velocity_m_s,0.16828189036089397,0.01796559991313267,0.16535662557744055,0.2044019691400162,0.22102087810901241,0.2225892068413146
Hs3_Tp8,3.0,8.0,180.0,leg_aft_starboard.max_abs_vertical_velocity_m_s,0.1682818903609041,0.01796559991313393,0.16535662557744962,0.20440196914002984,0.22102087810902707,0.22258920684132197
Hs3_Tp8,3.0,8.0,180.0,four_feet.max_vertical_span_m,0.46354171601929695,0.04970600622594513,0.452716165003761,0.5486680705937419,0.6020422542831096,0.6092729076568515
Hs3_Tp8,3.0,8.0,180.0,four_feet.max_vertical_velocity_span_m_s,0.32207087654854083,0.03430844305641333,0.31217275286952106,0.3866241066105417,0.41084525214015954,0.4137183640115948
Hs3_Tp8,3.0,8.0,180.0,platform.max_tilt_deg,1.4754991086753813,0.15821913184431305,1.4410403095590725,1.7464647110337193,1.9163600143868602,1.9393758989111132
Hs3_Tp8,3.0,8.0,180.0,platform.max_tilt_rate_deg_s,1.0251834405727662,0.10920716604429843,0.9936767343557098,1.2306627537110848,1.3077610544787848,1.3169064536067174
Hs3_Tp10,3.0,10.0,0.0,landing_center.max_abs_vertical_velocity_m_s,0.445646211320183,0.05036289987783839,0.43688666486640515,0.536863518555063,0.5553845300795793,0.6294537671741689
Hs3_Tp10,3.0,10.0,0.0,leg_forward_port.max_abs_vertical_velocity_m_s,0.4388181085286928,0.051439538771081636,0.431805801165426,0.526001381859258,0.572104697509869,0.6545019395258654
Hs3_Tp10,3.0,10.0,0.0,leg_forward_starboard.max_abs_vertical_velocity_m_s,0.4388181085286929,0.05143953877108166,0.43180580116542727,0.5260013818592554,0.572104697509867,0.654501939525867
Hs3_Tp10,3.0,10.0,0.0,leg_aft_port.max_abs_vertical_velocity_m_s,0.5888284306388651,0.06562060701285115,0.5872092582832305,0.6969094443557484,0.744757380160927,0.7532629276211846
Hs3_Tp10,3.0,10.0,0.0,leg_aft_starboard.max_abs_vertical_velocity_m_s,0.5888284306388661,0.06562060701285138,0.5872092582832316,0.6969094443557502,0.7447573801609262,0.7532629276211864
Hs3_Tp10,3.0,10.0,0.0,four_feet.max_vertical_span_m,0.8502062371069645,0.10098888575823728,0.8543471370515923,1.0158173483920365,1.0750372292945247,1.0899956077395243
Hs3_Tp10,3.0,10.0,0.0,four_feet.max_vertical_velocity_span_m_s,0.5290315574920936,0.0619665367857701,0.5272383263257627,0.6419400648627669,0.670350904980753,0.6859611633950751
Hs3_Tp10,3.0,10.0,0.0,platform.max_tilt_deg,2.706290505662661,0.3214576073153221,2.719471399563392,3.233447045501881,3.4219497810007753,3.469563778403992
Hs3_Tp10,3.0,10.0,0.0,platform.max_tilt_rate_deg_s,1.6839597485294135,0.19724561271482072,1.6782517164448525,2.0433586898328184,2.1337932026762436,2.1834821984678676
Hs3_Tp10,3.0,10.0,30.0,landing_center.max_abs_vertical_velocity_m_s,0.5697736641301478,0.0662651743930866,0.5595766096859243,0.6766576200230113,0.6841286460243812,0.7953791442545989
Hs3_Tp10,3.0,10.0,30.0,leg_forward_port.max_abs_vertical_velocity_m_s,0.6346724798100021,0.07502695028185061,0.625023648002134,0.7604032881961701,0.7781474654495066,0.8734677577378103
Hs3_Tp10,3.0,10.0,30.0,leg_forward_starboard.max_abs_vertical_velocity_m_s,0.5452591161997772,0.06379271090990174,0.5383703535892292,0.6587842288412514,0.7118778611530926,0.795747668061848
Hs3_Tp10,3.0,10.0,30.0,leg_aft_port.max_abs_vertical_velocity_m_s,0.6606183419844102,0.07374776594228598,0.6534880242923401,0.7855463692123084,0.8216950435870242,0.8521097360138937
Hs3_Tp10,3.0,10.0,30.0,leg_aft_starboard.max_abs_vertical_velocity_m_s,0.7239968576696881,0.08459248544473671,0.7168992812380272,0.8697338568647249,0.9162712276010464,0.9346455561756959
Hs3_Tp10,3.0,10.0,30.0,four_feet.max_vertical_span_m,1.1782829132100816,0.14086518550304902,1.171732878956017,1.4305343670161006,1.4785353463538677,1.5248697467881622
Hs3_Tp10,3.0,10.0,30.0,four_feet.max_vertical_velocity_span_m_s,0.7394933561008162,0.08619715292118538,0.7351898261261481,0.9079551065025351,0.9352067957991143,0.9595323702870688
Hs3_Tp10,3.0,10.0,30.0,platform.max_tilt_deg,2.9308314497815813,0.3444649606572246,2.9289772003895855,3.523802706058212,3.7311463239296336,3.7726521533391315
Hs3_Tp10,3.0,10.0,30.0,platform.max_tilt_rate_deg_s,1.8482017918873503,0.21350271142234803,1.8356567464489961,2.271034910466793,2.3417442623620413,2.43492916638499
Hs3_Tp10,3.0,10.0,60.0,landing_center.max_abs_vertical_velocity_m_s,0.967649204998567,0.11176392525809277,0.9671591248445321,1.167147894910299,1.2360145416954722,1.24871337423411
Hs3_Tp10,3.0,10.0,60.0,leg_forward_port.max_abs_vertical_velocity_m_s,1.19481878545226,0.14086687141234724,1.1804559772093017,1.4634937476955352,1.5232751177400932,1.57905381881818
Hs3_Tp10,3.0,10.0,60.0,leg_forward_starboard.max_abs_vertical_velocity_m_s,0.9568808333730726,0.10396485048917703,0.9486498651283872,1.1231482198165186,1.2352708475867105,1.2756613779599044
Hs3_Tp10,3.0,10.0,60.0,leg_aft_port.max_abs_vertical_velocity_m_s,1.0313855669784935,0.12384225642484073,1.0242090162582276,1.2472448038077313,1.2792387114958397,1.3538968870713175
Hs3_Tp10,3.0,10.0,60.0,leg_aft_starboard.max_abs_vertical_velocity_m_s,1.1537992920907483,0.12774755298871926,1.1445094408910048,1.399823083470188,1.5033391098601538,1.5331265599876223
Hs3_Tp10,3.0,10.0,60.0,four_feet.max_vertical_span_m,1.971707574143757,0.2245720092673137,1.9351506580292708,2.4665232885371533,2.572954614630835,2.658705816818208
Hs3_Tp10,3.0,10.0,60.0,four_feet.max_vertical_velocity_span_m_s,1.3258370083709667,0.1520795927810875,1.2895300788113868,1.6732972227515006,1.7738100718911596,1.78347681075673
Hs3_Tp10,3.0,10.0,60.0,platform.max_tilt_deg,4.643631387736644,0.5301858238950978,4.529513235555596,5.83727689374368,6.10728908516668,6.305198705332584
Hs3_Tp10,3.0,10.0,60.0,platform.max_tilt_rate_deg_s,3.132278889408086,0.36089950448986624,3.0576607000344396,3.950135368234255,4.228320621932307,4.2343987652807185
Hs3_Tp10,3.0,10.0,90.0,landing_center.max_abs_vertical_velocity_m_s,1.2465512125477212,0.14032276759238949,1.2384650869304101,1.504617385842257,1.6034103089876939,1.6532845312619644
Hs3_Tp10,3.0,10.0,90.0,leg_forward_port.max_abs_vertical_velocity_m_s,1.5188422344408354,0.1827077124598464,1.4792608567382497,1.8711090285071303,1.9772101005925442,2.096686230988774
Hs3_Tp10,3.0,10.0,90.0,leg_forward_starboard.max_abs_vertical_velocity_m_s,1.468775162792329,0.1631479485560467,1.4547425781399927,1.7749234953163937,1.8910401535272194,2.04131378292965
Hs3_Tp10,3.0,10.0,90.0,leg_aft_port.max_abs_vertical_velocity_m_s,1.5188422344408383,0.18270771245984685,1.479260856738253,1.871109028507134,1.9772101005925482,2.096686230988779
Hs3_Tp10,3.0,10.0,90.0,leg_aft_starboard.max_abs_vertical_velocity_m_s,1.4687751627923296,0.16314794855604683,1.4547425781399943,1.7749234953163946,1.8910401535272214,2.0413137829296524
Hs3_Tp10,3.0,10.0,90.0,four_feet.max_vertical_span_m,2.3032647277318388,0.2629255435600144,2.2841102580540427,2.7797231035632093,3.075307128817561,3.0790567696112836
Hs3_Tp10,3.0,10.0,90.0,four_feet.max_vertical_velocity_span_m_s,1.6392152314789903,0.18079818752366256,1.6048345470546221,1.9643638863985806,2.1456506829823945,2.1486960486846955
Hs3_Tp10,3.0,10.0,90.0,platform.max_tilt_deg,7.331519333354603,0.8369179984539938,7.270548762724102,8.848133447176574,9.789006621541166,9.800942098883958
Hs3_Tp10,3.0,10.0,90.0,platform.max_tilt_rate_deg_s,5.217784137628128,0.5754985049289257,5.108347020167711,6.252764451030797,6.829818246902979,6.839511947003855
Hs3_Tp10,3.0,10.0,120.0,landing_center.max_abs_vertical_velocity_m_s,0.967649204998567,0.11176392525809277,0.9671591248445321,1.167147894910299,1.2360145416954722,1.24871337423411
Hs3_Tp10,3.0,10.0,120.0,leg_forward_port.max_abs_vertical_velocity_m_s,1.031385566978493,0.12384225642484072,1.0242090162582276,1.2472448038077313,1.2792387114958395,1.3538968870713175
Hs3_Tp10,3.0,10.0,120.0,leg_forward_starboard.max_abs_vertical_velocity_m_s,1.1537992920907483,0.1277475529887193,1.1445094408910048,1.399823083470188,1.5033391098601543,1.5331265599876223
Hs3_Tp10,3.0,10.0,120.0,leg_aft_port.max_abs_vertical_velocity_m_s,1.19481878545226,0.14086687141234722,1.1804559772093017,1.4634937476955352,1.5232751177400934,1.5790538188181793
Hs3_Tp10,3.0,10.0,120.0,leg_aft_starboard.max_abs_vertical_velocity_m_s,0.9568808333730726,0.10396485048917703,0.9486498651283872,1.1231482198165184,1.2352708475867107,1.2756613779599044
Hs3_Tp10,3.0,10.0,120.0,four_feet.max_vertical_span_m,1.971707574143757,0.22457200926731366,1.9351506580292708,2.4665232885371533,2.572954614630834,2.658705816818208
Hs3_Tp10,3.0,10.0,120.0,four_feet.max_vertical_velocity_span_m_s,1.3258370083709667,0.1520795927810875,1.2895300788113868,1.6732972227515006,1.7738100718911594,1.78347681075673
Hs3_Tp10,3.0,10.0,120.0,platform.max_tilt_deg,4.643631387736644,0.5301858238950978,4.529513235555596,5.83727689374368,6.10728908516668,6.305198705332584
Hs3_Tp10,3.0,10.0,120.0,platform.max_tilt_rate_deg_s,3.132278889408086,0.3608995044898662,3.0576607000344396,3.950135368234255,4.228320621932307,4.2343987652807185
Hs3_Tp10,3.0,10.0,150.0,landing_center.max_abs_vertical_velocity_m_s,0.5697736641301478,0.0662651743930866,0.5595766096859243,0.6766576200230113,0.6841286460243812,0.7953791442545989
Hs3_Tp10,3.0,10.0,150.0,leg_forward_port.max_abs_vertical_velocity_m_s,0.6606183419844102,0.073747765942286,0.65348802429234,0.7855463692123084,0.8216950435870242,0.8521097360138937
Hs3_Tp10,3.0,10.0,150.0,leg_forward_starboard.max_abs_vertical_velocity_m_s,0.723996857669688,0.0845924854447367,0.716899281238027,0.8697338568647247,0.9162712276010464,0.9346455561756958
Hs3_Tp10,3.0,10.0,150.0,leg_aft_port.max_abs_vertical_velocity_m_s,0.6346724798100021,0.07502695028185061,0.6250236480021338,0.7604032881961701,0.7781474654495066,0.8734677577378103
Hs3_Tp10,3.0,10.0,150.0,leg_aft_starboard.max_abs_vertical_velocity_m_s,0.5452591161997772,0.06379271090990174,0.5383703535892292,0.6587842288412514,0.7118778611530928,0.7957476680618482
Hs3_Tp10,3.0,10.0,150.0,four_feet.max_vertical_span_m,1.1782829132100816,0.14086518550304905,1.1717328789560169,1.4305343670161004,1.4785353463538675,1.5248697467881622
Hs3_Tp10,3.0,10.0,150.0,four_feet.max_vertical_velocity_span_m_s,0.739493356100816,0.08619715292118536,0.7351898261261479,0.9079551065025351,0.9352067957991139,0.9595323702870688
Hs3_Tp10,3.0,10.0,150.0,platform.max_tilt_deg,2.9308314497815813,0.34446496065722454,2.9289772003895855,3.523802706058212,3.7311463239296327,3.772652153339132
Hs3_Tp10,3.0,10.0,150.0,platform.max_tilt_rate_deg_s,1.8482017918873503,0.21350271142234806,1.8356567464489961,2.2710349104667924,2.3417442623620413,2.4349291663849906
Hs3_Tp10,3.0,10.0,180.0,landing_center.max_abs_vertical_velocity_m_s,0.445646211320183,0.05036289987783839,0.43688666486640515,0.536863518555063,0.5553845300795793,0.6294537671741689
Hs3_Tp10,3.0,10.0,180.0,leg_forward_port.max_abs_vertical_velocity_m_s,0.5888284306388665,0.06562060701285184,0.5872092582832319,0.6969094443557508,0.7447573801609241,0.7532629276211888
Hs3_Tp10,3.0,10.0,180.0,leg_forward_starboard.max_abs_vertical_velocity_m_s,0.5888284306388649,0.0656206070128507,0.5872092582832305,0.6969094443557476,0.7447573801609293,0.7532629276211823
Hs3_Tp10,3.0,10.0,180.0,leg_aft_port.max_abs_vertical_velocity_m_s,0.43881810852869385,0.05143953877108207,0.43180580116543,0.5260013818592578,0.5721046975098666,0.6545019395258672
Hs3_Tp10,3.0,10.0,180.0,leg_aft_starboard.max_abs_vertical_velocity_m_s,0.43881810852869174,0.05143953877108118,0.4318058011654231,0.5260013818592552,0.5721046975098693,0.654501939525865
Hs3_Tp10,3.0,10.0,180.0,four_feet.max_vertical_span_m,0.8502062371069673,0.10098888575823749,0.8543471370515929,1.0158173483920363,1.0750372292945254,1.0899956077395367
Hs3_Tp10,3.0,10.0,180.0,four_feet.max_vertical_velocity_span_m_s,0.5290315574920958,0.0619665367857705,0.5272383263257636,0.6419400648627658,0.6703509049807592,0.6859611633950851
Hs3_Tp10,3.0,10.0,180.0,platform.max_tilt_deg,2.706290505662661,0.3214576073153221,2.719471399563392,3.233447045501881,3.4219497810007744,3.469563778403991
Hs3_Tp10,3.0,10.0,180.0,platform.max_tilt_rate_deg_s,1.6839597485294138,0.19724561271482072,1.6782517164448525,2.0433586898328184,2.1337932026762436,2.183482198467868
