  6.344823E+00  0.000000E+00     1  2.666234E-01  9.022042E+01 -1.025730E-03  2.666214E-01
  6.344823E+00  0.000000E+00     2  5.923973E-03 -1.658307E+02 -5.743746E-03 -1.450117E-03
  6.344823E+00  0.000000E+00     3  2.748262E+00  7.826329E-01  2.748006E+00  3.753878E-02
  6.344823E+00  0.000000E+00     4  4.070314E-03 -1.660013E+02 -3.949432E-03 -9.846059E-04
  6.344823E+00  0.000000E+00     5  3.545227E-02  8.858241E+01  8.770591E-04  3.544142E-02
  6.344823E+00  0.000000E+00     6  7.972089E-08  2.072558E+00  7.966874E-08  2.883112E-09
  6.344823E+00  1.000000E+01     1  2.622755E-01  9.022337E+01 -1.022497E-03  2.622735E-01
  6.344823E+00  1.000000E+01     2  4.518481E-02  9.726056E+01 -5.710535E-03  4.482250E-02
  6.344823E+00  1.000000E+01     3  2.748241E+00  7.846592E-01  2.747983E+00  3.763567E-02
  6.344823E+00  1.000000E+01     4  8.176029E-03 -1.189300E+02 -3.955077E-03 -7.155754E-03
  6.344823E+00  1.000000E+01     5  3.511472E-02  8.857681E+01  8.721402E-04  3.510389E-02
  6.344823E+00  1.000000E+01     6  7.965995E-08  2.149434E+00  7.960390E-08  2.987718E-09
  6.344823E+00  2.000000E+01     1  2.499583E-01  9.023535E+01 -1.026748E-03  2.499562E-01
  6.344823E+00  2.000000E+01     2  8.991049E-02  9.362064E+01 -5.677854E-03  8.973104E-02
  6.344823E+00  2.000000E+01     3  2.748221E+00  7.865645E-01  2.747962E+00  3.772678E-02
  6.344823E+00  2.000000E+01     4  1.369621E-02 -1.068070E+02 -3.960251E-03 -1.311116E-02
  6.344823E+00  2.000000E+01     5  3.371097E-02  8.852549E+01  8.674598E-04  3.369981E-02
  6.344823E+00  2.000000E+01     6  7.960429E-08  2.184732E+00  7.954643E-08  3.034637E-09
  6.344823E+00  3.000000E+01     1  2.300460E-01  9.025873E+01 -1.038817E-03  2.300437E-01
  6.344823E+00  3.000000E+01     2  1.320316E-01  9.245113E+01 -5.646637E-03  1.319108E-01
  6.344823E+00  3.000000E+01     3  2.748205E+00  7.882910E-01  2.747945E+00  3.780936E-02
  6.344823E+00  3.000000E+01     4  1.908639E-02 -1.019892E+02 -3.964757E-03 -1.867005E-02
  6.344823E+00  3.000000E+01     5  3.128395E-02  8.841836E+01  8.634780E-04  3.127203E-02
  6.344823E+00  3.000000E+01     6  7.956189E-08  2.177092E+00  7.950446E-08  3.022419E-09
  6.344823E+00  4.000000E+01     1  2.031435E-01  9.029857E+01 -1.058598E-03  2.031408E-01
  6.344823E+00  4.000000E+01     2  1.701728E-01  9.189182E+01 -5.617822E-03  1.700801E-01
  6.344823E+00  4.000000E+01     3  2.748194E+00  7.897861E-01  2.747933E+00  3.788092E-02
  6.344823E+00  4.000000E+01     4  2.399409E-02 -9.952006E+01 -3.968453E-03 -2.366363E-02
  6.344823E+00  4.000000E+01     5  2.790781E-02  8.823309E+01  8.604971E-04  2.789454E-02
  6.344823E+00  4.000000E+01     6  7.953740E-08  2.126574E+00  7.948262E-08  2.951410E-09
  6.344823E+00  5.000000E+01     1  1.700682E-01  9.036571E+01 -1.085526E-03  1.700647E-01
  6.344823E+00  5.000000E+01     2  2.031559E-01  9.157739E+01 -5.592323E-03  2.030790E-01
  6.344823E+00  5.000000E+01     3  2.748190E+00  7.910038E-01  2.747928E+00  3.793927E-02
  6.344823E+00  5.000000E+01     4  2.822102E-02 -9.808949E+01 -3.971252E-03 -2.794021E-02
  6.344823E+00  5.000000E+01     5  2.368570E-02  8.792252E+01  8.586304E-04  2.367014E-02
  6.344823E+00  5.000000E+01     6  7.953179E-08  2.034691E+00  7.948164E-08  2.823744E-09
  6.344823E+00  6.000000E+01     1  1.318252E-01  9.048618E+01 -1.118579E-03  1.318205E-01
  6.344823E+00  6.000000E+01     2  2.299723E-01  9.138811E+01 -5.570999E-03  2.299049E-01
  6.344823E+00  6.000000E+01     3  2.748194E+00  7.919064E-01  2.747932E+00  3.798261E-02
  6.344823E+00  6.000000E+01     4  3.162037E-02 -9.721834E+01 -3.973128E-03 -3.136977E-02
  6.344823E+00  6.000000E+01     5  1.874692E-02  8.737742E+01  8.577966E-04  1.872729E-02
  6.344823E+00  6.000000E+01     6  7.954309E-08  1.904339E+00  7.949916E-08  2.643285E-09
  6.344823E+00  7.000000E+01     1  8.957760E-02  9.073964E+01 -1.156344E-03  8.957013E-02
  6.344823E+00  7.000000E+01     2  2.498045E-01  9.127413E+01 -5.554616E-03  2.497428E-01
  6.344823E+00  7.000000E+01     3  2.748205E+00  7.924659E-01  2.747942E+00  3.800959E-02
  6.344823E+00  7.000000E+01     4  3.408046E-02 -9.669646E+01 -3.974102E-03 -3.384796E-02
  6.344823E+00  7.000000E+01     5  1.324398E-02  8.628667E+01  8.577383E-04  1.321617E-02
  6.344823E+00  7.000000E+01     6  7.956785E-08  1.739650E+00  7.953118E-08  2.415518E-09
  6.344823E+00  8.000000E+01     1  4.461359E-02  9.153758E+01 -1.197100E-03  4.459753E-02
  6.344823E+00  8.000000E+01     2  2.620487E-01  9.121222E+01 -5.543809E-03  2.619901E-01
  6.344823E+00  8.000000E+01     3  2.748221E+00  7.926647E-01  2.747958E+00  3.801935E-02
  6.344823E+00  8.000000E+01     4  3.552233E-02 -9.642370E+01 -3.974239E-03 -3.529931E-02
  6.344823E+00  8.000000E+01     5  7.354368E-03  8.329980E+01  8.580645E-04  7.304140E-03
  6.344823E+00  8.000000E+01     6  7.960238E-08  1.545813E+00  7.957341E-08  2.147375E-09
  6.344823E+00  9.000000E+01     1  2.128423E-03 -1.255982E+02 -1.238948E-03 -1.730662E-03
  6.344823E+00  9.000000E+01     2  2.663324E-01  9.119169E+01 -5.539046E-03  2.662748E-01
  6.344823E+00  9.000000E+01     3  2.748241E+00  7.924967E-01  2.747978E+00  3.801157E-02
  6.344823E+00  9.000000E+01     4  3.590014E-02 -9.635484E+01 -3.973631E-03 -3.567955E-02
  6.344823E+00  9.000000E+01     5  1.451576E-03  5.375106E+01  8.583094E-04  1.170632E-03
  6.344823E+00  9.000000E+01     6  7.964340E-08  1.328877E+00  7.962198E-08  1.847026E-09
  6.344823E+00  1.000000E+02     1  4.802364E-02 -9.152725E+01 -1.279941E-03 -4.800658E-02
  6.344823E+00  1.000000E+02     2  2.625254E-01  9.120932E+01 -5.540598E-03  2.624669E-01
  6.344823E+00  1.000000E+02     3  2.748262E+00  7.919673E-01  2.748000E+00  3.798647E-02
  6.344823E+00  1.000000E+02     4  3.520186E-02 -9.647938E+01 -3.972379E-03 -3.497701E-02
  6.344823E+00  1.000000E+02     5  5.071309E-03 -8.025943E+01  8.580015E-04 -4.998201E-03
  6.344823E+00  1.000000E+02     6  7.968791E-08  1.095556E+00  7.967334E-08  1.523624E-09
  6.344823E+00  1.100000E+02     1  9.283337E-02 -9.081362E+01 -1.318229E-03 -9.282401E-02
  6.344823E+00  1.100000E+02     2  2.507436E-01  9.126796E+01 -5.548512E-03  2.506822E-01
  6.344823E+00  1.100000E+02     3  2.748282E+00  7.910929E-01  2.748021E+00  3.794482E-02
  6.344823E+00  1.100000E+02     4  3.344950E-02 -9.681731E+01 -3.970587E-03 -3.321300E-02
  6.344823E+00  1.100000E+02     5  1.104837E-02 -8.555260E+01  8.567341E-04 -1.101510E-02
  6.344823E+00  1.100000E+02     6  7.973241E-08  8.530235E-01  7.972357E-08  1.187018E-09
  6.344823E+00  1.200000E+02     1  1.348279E-01 -9.057463E+01 -1.352186E-03 -1.348211E-01
  6.344823E+00  1.200000E+02     2  2.313456E-01  9.137778E+01 -5.562604E-03  2.312787E-01
  6.344823E+00  1.200000E+02     3  2.748299E+00  7.899011E-01  2.748038E+00  3.788788E-02
  6.344823E+00  1.200000E+02     4  3.069876E-02 -9.742725E+01 -3.968345E-03 -3.044119E-02
  6.344823E+00  1.200000E+02     5  1.671920E-02 -8.707133E+01  8.542275E-04 -1.669736E-02
  6.344823E+00  1.200000E+02     6  7.977232E-08  6.086841E-01  7.976782E-08  8.474485E-10
  6.344823E+00  1.300000E+02     1  1.727274E-01 -9.045794E+01 -1.380518E-03 -1.727219E-01
  6.344823E+00  1.300000E+02     2  2.049220E-01  9.156104E+01 -5.582452E-03  2.048459E-01
  6.344823E+00  1.300000E+02     3  2.748310E+00  7.884287E-01  2.748049E+00  3.781741E-02
  6.344823E+00  1.300000E+02     4  2.703834E-02 -9.843402E+01 -3.965726E-03 -2.674594E-02
  6.344823E+00  1.300000E+02     5  2.188885E-02 -8.777351E+01  8.503761E-04 -2.187232E-02
  6.344823E+00  1.300000E+02     6  7.980193E-08  3.699274E-01  7.980027E-08  5.152336E-10
  6.344823E+00  1.400000E+02     1  2.053796E-01 -9.039122E+01 -1.402329E-03 -2.053749E-01
  6.344823E+00  1.400000E+02     2  1.722781E-01  9.186523E+01 -5.607416E-03  1.721868E-01
  6.344823E+00  1.400000E+02     3  2.748313E+00  7.867211E-01  2.748054E+00  3.773556E-02
  6.344823E+00  1.400000E+02     4  2.259000E-02 -1.001032E+02 -3.962782E-03 -2.223971E-02
  6.344823E+00  1.400000E+02     5  2.639617E-02 -8.816493E+01  8.452738E-04 -2.638264E-02
  6.344823E+00  1.400000E+02     6  7.981535E-08  1.438968E-01  7.981510E-08  2.004539E-10
  6.344823E+00  1.500000E+02     1  2.317924E-01 -9.035030E+01 -1.417158E-03 -2.317881E-01
  6.344823E+00  1.500000E+02     2  1.344118E-01  9.240344E+01 -5.636654E-03  1.342935E-01
  6.344823E+00  1.500000E+02     3  2.748309E+00  7.848303E-01  2.748052E+00  3.764482E-02
  6.344823E+00  1.500000E+02     4  1.751307E-02 -1.030670E+02 -3.959548E-03 -1.705959E-02
  6.344823E+00  1.500000E+02     5  3.010277E-02 -8.840249E+01  8.392136E-04 -3.009107E-02
  6.344823E+00  1.500000E+02     6  7.980808E-08 -6.270975E-02  7.980803E-08 -8.734925E-11
  6.344823E+00  1.600000E+02     1  2.511632E-01 -9.032507E+01 -1.424967E-03 -2.511591E-01
  6.344823E+00  1.600000E+02     2  9.249125E-02  9.351409E+01 -5.669164E-03  9.231735E-02
  6.344823E+00  1.600000E+02     3  2.748299E+00  7.828137E-01  2.748042E+00  3.754795E-02
  6.344823E+00  1.600000E+02     4  1.203206E-02 -1.091955E+02 -3.956043E-03 -1.136310E-02
  6.344823E+00  1.600000E+02     5  3.289527E-02 -8.854954E+01  8.326623E-04 -3.288473E-02
  6.344823E+00  1.600000E+02     6  7.977876E-08 -2.437938E-01  7.977804E-08 -3.394580E-10
  6.344823E+00  1.700000E+02     1  2.629036E-01 -9.031080E+01 -1.426089E-03 -2.628997E-01
  6.344823E+00  1.700000E+02     2  4.787459E-02  9.684253E+01 -5.703825E-03  4.753360E-02
  6.344823E+00  1.700000E+02     3  2.748282E+00  7.807320E-01  2.748027E+00  3.744788E-02
  6.344823E+00  1.700000E+02     4  6.630129E-03 -1.265918E+02 -3.952282E-03 -5.323352E-03
  6.344823E+00  1.700000E+02     5  3.468840E-02 -8.863519E+01  8.262124E-04 -3.467856E-02
  6.344823E+00  1.700000E+02     6  7.973019E-08 -3.939765E-01  7.972831E-08 -5.482354E-10
  6.344823E+00  1.800000E+02     1  2.666568E-01 -9.030536E+01 -1.421154E-03 -2.666530E-01
  6.344823E+00  1.800000E+02     2  5.885498E-03  1.672089E+02 -5.739443E-03  1.303027E-03
  6.344823E+00  1.800000E+02     3  2.748262E+00  7.786477E-01  2.748008E+00  3.734763E-02
  6.344823E+00  1.800000E+02     4  4.044343E-03  1.674876E+02 -3.948287E-03  8.762112E-04
  6.344823E+00  1.800000E+02     5  3.542744E-02 -8.867288E+01  8.205162E-04 -3.541793E-02
  6.344823E+00  1.800000E+02     6  7.966921E-08 -5.087133E-01  7.966607E-08 -7.073515E-10
  6.344823E+00  1.900000E+02     1  2.623089E-01 -9.030820E+01 -1.410986E-03 -2.623051E-01
  6.344823E+00  1.900000E+02     2  4.533886E-02 -9.731764E+01 -5.774812E-03 -4.496959E-02
  6.344823E+00  1.900000E+02     3  2.748240E+00  7.766234E-01  2.747987E+00  3.725025E-02
  6.344823E+00  1.900000E+02     4  8.075961E-03  1.192338E+02 -3.944092E-03  7.047360E-03
  6.344823E+00  1.900000E+02     5  3.508989E-02 -8.866715E+01  8.162111E-04 -3.508040E-02
  6.344823E+00  1.900000E+02     6  7.960528E-08 -5.844254E-01  7.960114E-08 -8.119715E-10
  6.344823E+00  2.000000E+02     1  2.499917E-01 -9.032007E+01 -1.396499E-03 -2.499878E-01
  6.344823E+00  2.000000E+02     2  9.006563E-02 -9.369784E+01 -5.808757E-03 -8.987812E-02
  6.344823E+00  2.000000E+02     3  2.748219E+00  7.747200E-01  2.747968E+00  3.715868E-02
  6.344823E+00  2.000000E+02     4  1.358653E-02  1.068565E+02 -3.939761E-03  1.300277E-02
  6.344823E+00  2.000000E+02     5  3.368615E-02 -8.861562E+01  8.138440E-04 -3.367632E-02
  6.344823E+00  2.000000E+02     6  7.954830E-08 -6.186490E-01  7.954367E-08 -8.589030E-10
  6.344823E+00  2.100000E+02     1  2.300794E-01 -9.034331E+01 -1.378595E-03 -2.300753E-01
  6.344823E+00  2.100000E+02     2  1.321870E-01 -9.253222E+01 -5.840189E-03 -1.320579E-01
  6.344823E+00  2.100000E+02     3  2.748203E+00  7.729950E-01  2.747953E+00  3.707572E-02
  6.344823E+00  2.100000E+02     4  1.897426E-02  1.019704E+02 -3.935384E-03  1.856166E-02
  6.344823E+00  2.100000E+02     5  3.125914E-02 -8.850819E+01  8.138047E-04 -3.124854E-02
  6.344823E+00  2.100000E+02     6  7.950629E-08 -6.101786E-01  7.950179E-08 -8.466962E-10
  6.344823E+00  2.200000E+02     1  2.031769E-01 -9.038298E+01 -1.358080E-03 -2.031724E-01
  6.344823E+00  2.200000E+02     2  1.703283E-01 -9.197434E+01 -5.868141E-03 -1.702271E-01
  6.344823E+00  2.200000E+02     3  2.748192E+00  7.715009E-01  2.747942E+00  3.700392E-02
  6.344823E+00  2.200000E+02     4  2.388101E-02  9.947466E+01 -3.931088E-03  2.355524E-02
  6.344823E+00  2.200000E+02     5  2.788300E-02 -8.832242E+01  8.162756E-04 -2.787105E-02
  6.344823E+00  2.200000E+02     6  7.948390E-08 -5.591662E-01  7.948011E-08 -7.756943E-10
  6.344823E+00  2.300000E+02     1  1.701016E-01 -9.044988E+01 -1.335610E-03 -1.700964E-01
  6.344823E+00  2.300000E+02     2  2.033114E-01 -9.166062E+01 -5.891803E-03 -2.032260E-01
  6.344823E+00  2.300000E+02     3  2.748187E+00  7.702836E-01  2.747939E+00  3.694548E-02
  6.344823E+00  2.300000E+02     4  2.810750E-02  9.803134E+01 -3.927032E-03  2.783181E-02
  6.344823E+00  2.300000E+02     5  2.366090E-02 -8.801102E+01  8.212044E-04 -2.364665E-02
  6.344823E+00  2.300000E+02     6  7.948202E-08 -4.671475E-01  7.947937E-08 -6.480305E-10
  6.344823E+00  2.400000E+02     1  1.318586E-01 -9.056996E+01 -1.311667E-03 -1.318521E-01
  6.344823E+00  2.400000E+02     2  2.301279E-01 -9.147173E+01 -5.910539E-03 -2.300519E-01
  6.344823E+00  2.400000E+02     3  2.748191E+00  7.693806E-01  2.747943E+00  3.690221E-02
  6.344823E+00  2.400000E+02     4  3.150661E-02  9.715339E+01 -3.923394E-03  3.126137E-02
  6.344823E+00  2.400000E+02     5  1.872213E-02 -8.746430E+01  8.283030E-04 -1.870380E-02
  6.344823E+00  2.400000E+02     6  7.949858E-08 -3.369864E-01  7.949720E-08 -4.675699E-10
  6.344823E+00  2.500000E+02     1  8.961097E-02 -9.082264E+01 -1.286567E-03 -8.960174E-02
  6.344823E+00  2.500000E+02     2  2.499601E-01 -9.135800E+01 -5.923899E-03 -2.498899E-01
  6.344823E+00  2.500000E+02     3  2.748201E+00  7.688202E-01  2.747954E+00  3.687548E-02
  6.344823E+00  2.500000E+02     4  3.396657E-02  9.662776E+01 -3.920367E-03  3.373957E-02
  6.344823E+00  2.500000E+02     5  1.321921E-02 -8.636946E+01  8.370732E-04 -1.319268E-02
  6.344823E+00  2.500000E+02     6  7.952995E-08 -1.727562E-01  7.952959E-08 -2.397955E-10
  6.344823E+00  2.600000E+02     1  4.464692E-02 -9.161783E+01 -1.260501E-03 -4.462912E-02
  6.344823E+00  2.600000E+02     2  2.622043E-01 -9.129626E+01 -5.931615E-03 -2.621372E-01
  6.344823E+00  2.600000E+02     3  2.748217E+00  7.686198E-01  2.747970E+00  3.686609E-02
  6.344823E+00  2.600000E+02     4  3.540837E-02  9.635311E+01 -3.918136E-03  3.519092E-02
  6.344823E+00  2.600000E+02     5  7.329735E-03 -8.336540E+01  8.468555E-04 -7.280649E-03
  6.344823E+00  2.600000E+02     6  7.957225E-08  2.041942E-02  7.957224E-08  2.835844E-11
  6.344823E+00  2.700000E+02     1  2.099677E-03  1.259812E+02 -1.233601E-03  1.699079E-03
  6.344823E+00  2.700000E+02     2  2.664880E-01 -9.127585E+01 -5.933592E-03 -2.664219E-01
  6.344823E+00  2.700000E+02     3  2.748238E+00  7.687860E-01  2.747990E+00  3.687432E-02
  6.344823E+00  2.700000E+02     4  3.578616E-02  9.628372E+01 -3.916864E-03  3.557116E-02
  6.344823E+00  2.700000E+02     5  1.431852E-03 -5.324078E+01  8.568970E-04 -1.147139E-03
  6.344823E+00  2.700000E+02     6  7.962195E-08  2.365471E-01  7.962127E-08  3.287204E-10
  6.344823E+00  2.800000E+02     1  4.799016E-02  9.144001E+01 -1.206008E-03  4.797501E-02
  6.344823E+00  2.800000E+02     2  2.626810E-01 -9.129353E+01 -5.929896E-03 -2.626140E-01
  6.344823E+00  2.800000E+02     3  2.748259E+00  7.693135E-01  2.748011E+00  3.689991E-02
  6.344823E+00  2.800000E+02     4  3.508790E-02  9.640898E+01 -3.916674E-03  3.486861E-02
  6.344823E+00  2.800000E+02     5  5.095892E-03  8.021073E+01  8.664287E-04  5.021695E-03
  6.344823E+00  2.800000E+02     6  7.967577E-08  4.689642E-01  7.967310E-08  6.521365E-10
  6.344823E+00  2.900000E+02     1  9.279992E-02  9.072730E+01 -1.177957E-03  9.279244E-02
  6.344823E+00  2.900000E+02     2  2.508992E-01 -9.135219E+01 -5.920735E-03 -2.508293E-01
  6.344823E+00  2.900000E+02     3  2.748279E+00  7.701859E-01  2.748031E+00  3.694203E-02
  6.344823E+00  2.900000E+02     4  3.333561E-02  9.674906E+01 -3.917636E-03  3.310460E-02
  6.344823E+00  2.900000E+02     5  1.107321E-02  8.546911E+01  8.747448E-04  1.103860E-02
  6.344823E+00  2.900000E+02     6  7.972995E-08  7.105609E-01  7.972382E-08  9.887557E-10
  6.344823E+00  3.000000E+02     1  1.347945E-01  9.048876E+01 -1.149839E-03  1.347896E-01
  6.344823E+00  3.000000E+02     2  2.315012E-01 -9.146198E+01 -5.906442E-03 -2.314258E-01
  6.344823E+00  3.000000E+02     3  2.748296E+00  7.713762E-01  2.748047E+00  3.699934E-02
  6.344823E+00  3.000000E+02     4  3.058501E-02  9.736325E+01 -3.919757E-03  3.033279E-02
  6.344823E+00  3.000000E+02     5  1.674407E-02  8.698301E+01  8.812746E-04  1.672086E-02
  6.344823E+00  3.000000E+02     6  7.977959E-08  9.540228E-01  7.976854E-08  1.328336E-09
  6.344823E+00  3.100000E+02     1  1.726940E-01  9.037234E+01 -1.122244E-03  1.726903E-01
  6.344823E+00  3.100000E+02     2  2.050775E-01 -9.164510E+01 -5.887459E-03 -2.049930E-01
  6.344823E+00  3.100000E+02     3  2.748307E+00  7.728476E-01  2.748057E+00  3.707006E-02
  6.344823E+00  3.100000E+02     4  2.692486E-02  9.837787E+01 -3.922977E-03  2.663754E-02
  6.344823E+00  3.100000E+02     5  2.191372E-02  8.768377E+01  8.856380E-04  2.189582E-02
  6.344823E+00  3.100000E+02     6  7.981872E-08  1.192074E+00  7.980144E-08  1.660558E-09
  6.344823E+00  3.200000E+02     1  2.053462E-01  9.030580E+01 -1.095977E-03  2.053433E-01
  6.344823E+00  3.200000E+02     2  1.724336E-01 -9.194896E+01 -5.864324E-03 -1.723339E-01
  6.344823E+00  3.200000E+02     3  2.748312E+00  7.745548E-01  2.748060E+00  3.715201E-02
  6.344823E+00  3.200000E+02     4  2.247705E-02  1.000623E+02 -3.927172E-03  2.213131E-02
  6.344823E+00  3.200000E+02     5  2.642105E-02  8.807465E+01  8.876792E-04  2.640613E-02
  6.344823E+00  3.200000E+02     6  7.984113E-08  1.417693E+00  7.981669E-08  1.975340E-09
  6.344823E+00  3.300000E+02     1  2.317590E-01  9.026503E+01 -1.072036E-03  2.317565E-01
  6.344823E+00  3.300000E+02     2  1.345673E-01 -9.248633E+01 -5.837657E-03 -1.344406E-01
  6.344823E+00  3.300000E+02     3  2.748308E+00  7.764459E-01  2.748056E+00  3.724266E-02
  6.344823E+00  3.300000E+02     4  1.740129E-02  1.030599E+02 -3.932158E-03  1.695120E-02
  6.344823E+00  3.300000E+02     5  3.012764E-02  8.831199E+01  8.874741E-04  3.011457E-02
  6.344823E+00  3.300000E+02     6  7.984208E-08  1.624279E+00  7.980999E-08  2.263141E-09
  6.344823E+00  3.400000E+02     1  2.511298E-01  9.023992E+01 -1.051561E-03  2.511276E-01
  6.344823E+00  3.400000E+02     2  9.264668E-02 -9.359431E+01 -5.808153E-03 -9.246444E-02
  6.344823E+00  3.400000E+02     3  2.748298E+00  7.784635E-01  2.748044E+00  3.733929E-02
  6.344823E+00  3.400000E+02     4  1.192367E-02  1.092835E+02 -3.937704E-03  1.125471E-02
  6.344823E+00  3.400000E+02     5  3.292013E-02  8.845898E+01  8.853117E-04  3.290823E-02
  6.344823E+00  3.400000E+02     6  7.981995E-08  1.805772E+00  7.978031E-08  2.515243E-09
  6.344823E+00  3.500000E+02     1  2.628701E-01  9.022575E+01 -1.035744E-03  2.628681E-01
  6.344823E+00  3.500000E+02     2  4.802934E-02 -9.690779E+01 -5.776576E-03 -4.768069E-02
  6.344823E+00  3.500000E+02     3  2.748282E+00  7.805467E-01  2.748027E+00  3.743899E-02
  6.344823E+00  3.500000E+02     4  6.538149E-03  1.270966E+02 -3.943553E-03  5.214957E-03
  6.344823E+00  3.500000E+02     5  3.471325E-02  8.854464E+01  8.816509E-04  3.470205E-02
  6.344823E+00  3.500000E+02     6  7.977734E-08  1.956754E+00  7.973082E-08  2.724009E-09
  4.486468E+00  0.000000E+00     1  4.517967E-01  8.991995E+01  6.312354E-04  4.517962E-01
  4.486468E+00  0.000000E+00     2  5.740179E-03 -1.544029E+02 -5.176806E-03 -2.479987E-03
  4.486468E+00  0.000000E+00     3  2.389105E+00  2.572430E+00  2.386698E+00  1.072285E-01
  4.486468E+00  0.000000E+00     4  3.870023E-03 -1.544616E+02 -3.491909E-03 -1.668426E-03
  4.486468E+00  0.000000E+00     5  5.249061E-02  8.895223E+01  9.598456E-04  5.248183E-02
  4.486468E+00  0.000000E+00     6  7.063606E-08  4.931027E+00  7.037463E-08  6.071625E-09
  4.486468E+00  1.000000E+01     1  4.444442E-01  8.992005E+01  6.201484E-04  4.444438E-01
  4.486468E+00  1.000000E+01     2  7.609427E-02  9.367870E+01 -4.882310E-03  7.593748E-02
  4.486468E+00  1.000000E+01     3  2.389048E+00  2.576195E+00  2.386634E+00  1.073828E-01
  4.486468E+00  1.000000E+01     4  1.136560E-02 -1.081068E+02 -3.532300E-03 -1.080277E-02
  4.486468E+00  1.000000E+01     5  5.201749E-02  8.895941E+01  9.446731E-04  5.200891E-02
  4.486468E+00  1.000000E+01     6  7.043283E-08  5.083924E+00  7.015574E-08  6.241393E-09
  4.486468E+00  2.000000E+01     1  4.235873E-01  8.992515E+01  5.533582E-04  4.235869E-01
  4.486468E+00  2.000000E+01     2  1.521110E-01  9.173107E+01 -4.595019E-03  1.520416E-01
  4.486468E+00  2.000000E+01     3  2.388994E+00  2.579739E+00  2.386573E+00  1.075280E-01
  4.486468E+00  2.000000E+01     4  1.993624E-02 -1.003172E+02 -3.570532E-03 -1.961389E-02
  4.486468E+00  2.000000E+01     5  4.996392E-02  8.893815E+01  9.259148E-04  4.995534E-02
  4.486468E+00  2.000000E+01     6  7.025996E-08  5.159041E+00  6.997533E-08  6.317820E-09
  4.486468E+00  3.000000E+01     1  3.898587E-01  8.993657E+01  4.315792E-04  3.898584E-01
  4.486468E+00  3.000000E+01     2  2.235609E-01  9.110812E+01 -4.323491E-03  2.235191E-01
  4.486468E+00  3.000000E+01     3  2.388951E+00  2.582955E+00  2.386524E+00  1.076600E-01
  4.486468E+00  3.000000E+01     4  2.806745E-02 -9.738017E+01 -3.605328E-03 -2.783493E-02
  4.486468E+00  3.000000E+01     5  4.639325E-02  8.888222E+01  9.050275E-04  4.638443E-02
  4.486468E+00  3.000000E+01     6  7.014894E-08  5.151361E+00  6.986561E-08  6.298472E-09
  4.486468E+00  4.000000E+01     1  3.442822E-01  8.995710E+01  2.577604E-04  3.442821E-01
  4.486468E+00  4.000000E+01     2  2.882264E-01  9.081027E+01 -4.075942E-03  2.881975E-01
  4.486468E+00  4.000000E+01     3  2.388922E+00  2.585744E+00  2.386490E+00  1.077749E-01
  4.486468E+00  4.000000E+01     4  3.540381E-02 -9.589408E+01 -3.635607E-03 -3.521665E-02
  4.486468E+00  4.000000E+01     5  4.141515E-02  8.877811E+01  8.831513E-04  4.140573E-02
  4.486468E+00  4.000000E+01     6  7.010922E-08  5.060206E+00  6.983598E-08  6.183808E-09
  4.486468E+00  5.000000E+01     1  2.882420E-01  8.999263E+01  3.708606E-05  2.882420E-01
  4.486468E+00  5.000000E+01     2  3.441330E-01  9.064268E+01 -3.860003E-03  3.441113E-01
  4.486468E+00  5.000000E+01     3  2.388913E+00  2.588016E+00  2.386476E+00  1.078691E-01
  4.486468E+00  5.000000E+01     4  4.169588E-02 -9.503654E+01 -3.660521E-03 -4.153488E-02
  4.486468E+00  5.000000E+01     5  3.518197E-02  8.859765E+01  8.610146E-04  3.517143E-02
  4.486468E+00  5.000000E+01     6  7.012885E-08  4.889344E+00  6.987367E-08  5.977196E-09
  4.486468E+00  6.000000E+01     1  2.234407E-01  9.005723E+01 -2.231699E-04  2.234406E-01
  4.486468E+00  6.000000E+01     2  3.895790E-01  9.054159E+01 -3.682476E-03  3.895616E-01
  4.486468E+00  6.000000E+01     3  2.388923E+00  2.589700E+00  2.386484E+00  1.079397E-01
  4.486468E+00  6.000000E+01     4  4.674237E-02 -9.451489E+01 -3.679475E-03 -4.659733E-02
  4.486468E+00  6.000000E+01     5  2.788411E-02  8.827597E+01  8.389043E-04  2.787149E-02
  4.486468E+00  6.000000E+01     6  7.018353E-08  4.646033E+00  6.995292E-08  5.684848E-09
  4.486468E+00  7.000000E+01     1  1.518479E-01  9.019392E+01 -5.139338E-04  1.518470E-01
  4.486468E+00  7.000000E+01     2  4.231828E-01  9.048053E+01 -3.549098E-03  4.231679E-01
  4.486468E+00  7.000000E+01     3  2.388953E+00  2.590740E+00  2.386511E+00  1.079844E-01
  4.486468E+00  7.000000E+01     4  5.038489E-02 -9.420231E+01 -3.692124E-03 -5.024943E-02
  4.486468E+00  7.000000E+01     5  1.974460E-02  8.762937E+01  8.167042E-04  1.972770E-02
  4.486468E+00  7.000000E+01     6  7.024936E-08  4.339618E+00  7.004796E-08  5.315645E-09
  4.486468E+00  8.000000E+01     1  7.564165E-02  9.062473E+01 -8.247478E-04  7.563715E-02
  4.486468E+00  8.000000E+01     2  4.439233E-01  9.044713E+01 -3.464316E-03  4.439098E-01
  4.486468E+00  8.000000E+01     3  2.388998E+00  2.591103E+00  2.386556E+00  1.080015E-01
  4.486468E+00  8.000000E+01     4  5.250974E-02 -9.403878E+01 -3.698349E-03 -5.237934E-02
  4.486468E+00  8.000000E+01     5  1.101563E-02  8.586661E+01  7.939928E-04  1.098698E-02
  4.486468E+00  8.000000E+01     6  7.031327E-08  3.980450E+00  7.014366E-08  4.880872E-09
  4.486468E+00  9.000000E+01     1  3.091972E-03 -1.117207E+02 -1.144284E-03 -2.872439E-03
  4.486468E+00  9.000000E+01     2  4.511709E-01  9.043573E+01 -3.431106E-03  4.511579E-01
  4.486468E+00  9.000000E+01     3  2.389054E+00  2.590777E+00  2.386612E+00  1.079905E-01
  4.486468E+00  9.000000E+01     4  5.305054E-02 -9.399741E+01 -3.698230E-03 -5.292148E-02
  4.486468E+00  9.000000E+01     5  2.063134E-03  6.808011E+01  7.701884E-04  1.913984E-03
  4.486468E+00  9.000000E+01     6  7.037630E-08  3.579513E+00  7.023901E-08  4.393850E-09
  4.486468E+00  1.000000E+02     1  8.130844E-02 -9.102952E+01 -1.460915E-03 -8.129531E-02
  4.486468E+00  1.000000E+02     2  4.447060E-01  9.044461E+01 -3.450827E-03  4.446927E-01
  4.486468E+00  1.000000E+02     3  2.389113E+00  2.589775E+00  2.386673E+00  1.079514E-01
  4.486468E+00  1.000000E+02     4  5.199007E-02 -9.407221E+01 -3.692007E-03 -5.185882E-02
  4.486468E+00  1.000000E+02     5  7.254987E-03 -8.410825E+01  7.447189E-04 -7.216663E-03
  4.486468E+00  1.000000E+02     6  7.044859E-08  3.148650E+00  7.034224E-08  3.869505E-09
  4.486468E+00  1.100000E+02     1  1.572578E-01 -9.064246E+01 -1.763298E-03 -1.572479E-01
  4.486468E+00  1.100000E+02     2  4.247255E-01  9.047528E+01 -3.523142E-03  4.247109E-01
  4.486468E+00  1.100000E+02     3  2.389168E+00  2.588131E+00  2.386731E+00  1.078854E-01
  4.486468E+00  1.100000E+02     4  4.936088E-02 -9.427559E+01 -3.680044E-03 -4.922351E-02
  4.486468E+00  1.100000E+02     5  1.614439E-02 -8.745386E+01  7.171959E-04 -1.612845E-02
  4.486468E+00  1.100000E+02     6  7.053890E-08  2.700846E+00  7.046054E-08  3.323877E-09
  4.486468E+00  1.200000E+02     1  2.284311E-01 -9.051192E+01 -2.040930E-03 -2.284220E-01
  4.486468E+00  1.200000E+02     2  3.918367E-01  9.053314E+01 -3.646002E-03  3.918197E-01
  4.486468E+00  1.200000E+02     3  2.389213E+00  2.585900E+00  2.386780E+00  1.077945E-01
  4.486468E+00  1.200000E+02     4  4.524447E-02 -9.464351E+01 -3.662801E-03 -4.509597E-02
  4.486468E+00  1.200000E+02     5  2.456074E-02 -8.839582E+01  6.875661E-04 -2.455112E-02
  4.486468E+00  1.200000E+02     6  7.064437E-08  2.250098E+00  7.058990E-08  2.773606E-09
  4.486468E+00  1.300000E+02     1  2.926642E-01 -9.044727E+01 -2.284626E-03 -2.926553E-01
  4.486468E+00  1.300000E+02     2  3.470390E-01  9.062998E+01 -3.815693E-03  3.470180E-01
  4.486468E+00  1.300000E+02     3  2.389242E+00  2.583155E+00  2.386814E+00  1.076814E-01
  4.486468E+00  1.300000E+02     4  3.976933E-02 -9.525268E+01 -3.640813E-03 -3.960232E-02
  4.486468E+00  1.300000E+02     5  3.223542E-02 -8.883354E+01  6.562214E-04 -3.222874E-02
  4.486468E+00  1.300000E+02     6  7.074603E-08  1.810712E+00  7.071071E-08  2.235407E-09
  4.486468E+00  1.400000E+02     1  3.480056E-01 -9.040945E+01 -2.486887E-03 -3.479967E-01
  4.486468E+00  1.400000E+02     2  2.916941E-01  9.079102E+01 -4.026950E-03  2.916663E-01
  4.486468E+00  1.400000E+02     3  2.389251E+00  2.579982E+00  2.386829E+00  1.075497E-01
  4.486468E+00  1.400000E+02     4  3.310830E-02 -9.626789E+01 -3.614672E-03 -3.291039E-02
  4.486468E+00  1.400000E+02     5  3.893252E-02 -8.908157E+01  6.240487E-04 -3.892752E-02
  4.486468E+00  1.400000E+02     6  7.081297E-08  1.396319E+00  7.079194E-08  1.725567E-09
  4.486468E+00  1.500000E+02     1  3.927745E-01 -9.038542E+01 -2.642143E-03 -3.927656E-01
  4.486468E+00  1.500000E+02     2  2.274857E-01  9.107632E+01 -4.273132E-03  2.274456E-01
  4.486468E+00  1.500000E+02     3  2.389239E+00  2.576480E+00  2.386824E+00  1.074032E-01
  4.486468E+00  1.500000E+02     4  2.547785E-02 -9.808901E+01 -3.585022E-03 -2.522436E-02
  4.486468E+00  1.500000E+02     5  4.444692E-02 -8.923631E+01  5.924117E-04 -4.444297E-02
  4.486468E+00  1.500000E+02     6  7.081370E-08  1.019094E+00  7.080250E-08  1.259465E-09
  4.486468E+00  1.600000E+02     1  4.256116E-01 -9.036978E+01 -2.746850E-03 -4.256027E-01
  4.486468E+00  1.600000E+02     2  1.563726E-01  9.166608E+01 -4.546447E-03  1.563065E-01
  4.486468E+00  1.600000E+02     3  2.389207E+00  2.572754E+00  2.386799E+00  1.072466E-01
  4.486468E+00  1.600000E+02     4  1.715031E-02 -1.019549E+02 -3.552551E-03 -1.677833E-02
  4.486468E+00  1.600000E+02     5  4.860973E-02 -8.933631E+01  5.630629E-04 -4.860647E-02
  4.486468E+00  1.600000E+02     6  7.072999E-08  6.894872E-01  7.072487E-08  8.511315E-10
  4.486468E+00  1.700000E+02     1  4.455198E-01 -9.036002E+01 -2.799458E-03 -4.455110E-01
  4.486468E+00  1.700000E+02     2  8.055563E-02  9.344329E+01 -4.838220E-03  8.041020E-02
  4.486468E+00  1.700000E+02     3  2.389159E+00  2.568914E+00  2.386758E+00  1.070845E-01
  4.486468E+00  1.700000E+02     4  8.583158E-03 -1.141968E+02 -3.517997E-03 -7.829067E-03
  4.486468E+00  1.700000E+02     5  5.129341E-02 -8.939904E+01  5.379943E-04 -5.129058E-02
  4.486468E+00  1.700000E+02     6  7.056661E-08  4.164157E-01  7.056474E-08  5.128612E-10
  4.486468E+00  1.800000E+02     1  4.518947E-01 -9.035505E+01 -2.800255E-03 -4.518860E-01
  4.486468E+00  1.800000E+02     2  5.537745E-03  1.581298E+02 -5.139193E-03  2.062841E-03
  4.486468E+00  1.800000E+02     3  2.389101E+00  2.565072E+00  2.386707E+00  1.069218E-01
  4.486468E+00  1.800000E+02     4  3.735356E-03  1.587826E+02 -3.482150E-03  1.351856E-03
  4.486468E+00  1.800000E+02     5  5.241582E-02 -8.943240E+01  5.192441E-04 -5.241325E-02
  4.486468E+00  1.800000E+02     6  7.035250E-08  2.075662E-01  7.035204E-08  2.548664E-10
  4.486468E+00  1.900000E+02     1  4.445423E-01 -9.035459E+01 -2.751134E-03 -4.445338E-01
  4.486468E+00  1.900000E+02     2  7.654812E-02 -9.407513E+01 -5.439858E-03 -7.635459E-02
  4.486468E+00  1.900000E+02     3  2.389039E+00  2.561338E+00  2.386652E+00  1.067635E-01
  4.486468E+00  1.900000E+02     4  1.103786E-02  1.081910E+02 -3.445858E-03  1.048620E-02
  4.486468E+00  1.900000E+02     5  5.194284E-02 -8.943889E+01  5.086790E-04 -5.194035E-02
  4.486468E+00  1.900000E+02     6  7.013229E-08  6.943217E-02  7.013224E-08  8.498769E-11
  4.486468E+00  2.000000E+02     1  4.236853E-01 -9.035908E+01 -2.655298E-03 -4.236770E-01
  4.486468E+00  2.000000E+02     2  1.525663E-01 -9.215268E+01 -5.730786E-03 -1.524587E-01
  4.486468E+00  2.000000E+02     3  2.388981E+00  2.557823E+00  2.386601E+00  1.066145E-01
  4.486468E+00  2.000000E+02     4  1.959631E-02  1.000213E+02 -3.410029E-03  1.929733E-02
  4.486468E+00  2.000000E+02     5  4.988937E-02 -8.941683E+01  5.077812E-04 -4.988679E-02
  4.486468E+00  2.000000E+02     6  6.995164E-08  6.926300E-03  6.995164E-08  8.456226E-12
  4.486468E+00  2.100000E+02     1  3.899567E-01 -9.036982E+01 -2.516965E-03 -3.899486E-01
  4.486468E+00  2.100000E+02     2  2.240166E-01 -9.153553E+01 -6.002953E-03 -2.239362E-01
  4.486468E+00  2.100000E+02     3  2.388933E+00  2.554631E+00  2.386559E+00  1.064794E-01
  4.486468E+00  2.100000E+02     4  2.772464E-02  9.699345E+01 -3.375635E-03  2.751837E-02
  4.486468E+00  2.100000E+02     5  4.631877E-02 -8.935989E+01  5.174628E-04 -4.631588E-02
  4.486468E+00  2.100000E+02     6  6.984244E-08  2.273835E-02  6.984244E-08  2.771761E-11
  4.486468E+00  2.200000E+02     1  3.443802E-01 -9.038950E+01 -2.341074E-03 -3.443723E-01
  4.486468E+00  2.200000E+02     2  2.886822E-01 -9.124017E+01 -6.248050E-03 -2.886146E-01
  4.486468E+00  2.200000E+02     3  2.388901E+00  2.551858E+00  2.386532E+00  1.063625E-01
  4.486468E+00  2.200000E+02     4  3.505990E-02  9.547267E+01 -3.343696E-03  3.490009E-02
  4.486468E+00  2.200000E+02     5  4.134069E-02 -8.925444E+01  5.379324E-04 -4.133719E-02
  4.486468E+00  2.200000E+02     6  6.981418E-08  1.168051E-01  6.981404E-08  1.423254E-10
  4.486468E+00  2.300000E+02     1  2.883400E-01 -9.042386E+01 -2.133056E-03 -2.883321E-01
  4.486468E+00  2.300000E+02     2  3.445890E-01 -9.107397E+01 -6.458735E-03 -3.445284E-01
  4.486468E+00  2.300000E+02     3  2.388889E+00  2.549592E+00  2.386524E+00  1.062675E-01
  4.486468E+00  2.300000E+02     4  4.135144E-02  9.459849E+01 -3.315257E-03  4.121833E-02
  4.486468E+00  2.300000E+02     5  3.510749E-02 -8.907195E+01  5.686283E-04 -3.510289E-02
  4.486468E+00  2.300000E+02     6  6.985450E-08  2.861887E-01  6.985363E-08  3.489172E-10
  4.486468E+00  2.400000E+02     1  2.235387E-01 -9.048666E+01 -1.898656E-03 -2.235306E-01
  4.486468E+00  2.400000E+02     2  3.900351E-01 -9.097382E+01 -6.628854E-03 -3.899788E-01
  4.486468E+00  2.400000E+02     3  2.388898E+00  2.547903E+00  2.386536E+00  1.061976E-01
  4.486468E+00  2.400000E+02     4  4.639766E-02  9.406785E+01 -3.291346E-03  4.628078E-02
  4.486468E+00  2.400000E+02     5  2.780958E-02 -8.874677E+01  6.082298E-04 -2.780293E-02
  4.486468E+00  2.400000E+02     6  6.993833E-08  5.253684E-01  6.993539E-08  6.412841E-10
  4.486468E+00  2.500000E+02     1  1.519458E-01 -9.061987E+01 -1.643830E-03 -1.519369E-01
  4.486468E+00  2.500000E+02     2  4.236389E-01 -9.091344E+01 -6.753588E-03 -4.235851E-01
  4.486468E+00  2.500000E+02     3  2.388926E+00  2.546848E+00  2.386566E+00  1.061549E-01
  4.486468E+00  2.500000E+02     4  5.004003E-02  9.375017E+01 -3.272923E-03  4.993289E-02
  4.486468E+00  2.500000E+02     5  1.967002E-02 -8.809248E+01  6.547442E-04 -1.965912E-02
  4.486468E+00  2.500000E+02     6  7.004076E-08  8.266867E-01  7.003347E-08  1.010541E-09
  4.486468E+00  2.600000E+02     1  7.573930E-02 -9.104000E+01 -1.374705E-03 -7.572682E-02
  4.486468E+00  2.600000E+02     2  4.443795E-01 -9.088060E+01 -6.829554E-03 -4.443270E-01
  4.486468E+00  2.600000E+02     3  2.388971E+00  2.546461E+00  2.386612E+00  1.061408E-01
  4.486468E+00  2.600000E+02     4  5.216481E-02  9.358389E+01 -3.260819E-03  5.206279E-02
  4.486468E+00  2.600000E+02     5  1.094116E-02 -8.630207E+01  7.056628E-04 -1.091838E-02
  4.486468E+00  2.600000E+02     6  7.014754E-08  1.180670E+00  7.013265E-08  1.445399E-09
  4.486468E+00  2.700000E+02     1  2.991576E-03  1.115241E+02 -1.097586E-03  2.782954E-03
  4.486468E+00  2.700000E+02     2  4.516272E-01 -9.086968E+01 -6.854854E-03 -4.515752E-01
  4.486468E+00  2.700000E+02     3  2.389027E+00  2.546758E+00  2.386667E+00  1.061556E-01
  4.486468E+00  2.700000E+02     4  5.270558E-02  9.354147E+01 -3.255671E-03  5.260493E-02
  4.486468E+00  2.700000E+02     5  1.995040E-03 -6.766466E+01  7.581685E-04 -1.845363E-03
  4.486468E+00  2.700000E+02     6  7.025839E-08  1.576174E+00  7.023181E-08  1.932525E-09
  4.486468E+00  2.800000E+02     1  8.121012E-02  9.057783E+01 -8.189870E-04  8.120599E-02
  4.486468E+00  2.800000E+02     2  4.451624E-01 -9.087899E+01 -6.829076E-03 -4.451100E-01
  4.486468E+00  2.800000E+02     3  2.389087E+00  2.547728E+00  2.386726E+00  1.061987E-01
  4.486468E+00  2.800000E+02     4  5.164512E-02  9.361673E+01 -3.257872E-03  5.154226E-02
  4.486468E+00  2.800000E+02     5  7.330125E-03  8.366062E+01  8.093736E-04  7.285304E-03
  4.486468E+00  2.800000E+02     6  7.038198E-08  2.000558E+00  7.033908E-08  2.456981E-09
  4.486468E+00  2.900000E+02     1  1.571596E-01  9.019893E+01 -5.456639E-04  1.571587E-01
  4.486468E+00  2.900000E+02     2  4.251819E-01 -9.091008E+01 -6.753268E-03 -4.251282E-01
  4.486468E+00  2.900000E+02     3  2.389144E+00  2.549342E+00  2.386780E+00  1.062685E-01
  4.486468E+00  2.900000E+02     4  4.901598E-02  9.382232E+01 -3.267529E-03  4.890695E-02
  4.486468E+00  2.900000E+02     5  1.621974E-02  8.697281E+01  8.565629E-04  1.619710E-02
  4.486468E+00  2.900000E+02     6  7.052546E-08  2.440181E+00  7.046150E-08  3.002714E-09
  4.486468E+00  3.000000E+02     1  2.283331E-01  9.007142E+01 -2.846121E-04  2.283329E-01
  4.486468E+00  3.000000E+02     2  3.922931E-01 -9.096836E+01 -6.629878E-03 -3.922371E-01
  4.486468E+00  3.000000E+02     3  2.389192E+00  2.551548E+00  2.386823E+00  1.063625E-01
  4.486468E+00  3.000000E+02     4  4.489970E-02  9.419497E+01 -3.284443E-03  4.477941E-02
  4.486468E+00  3.000000E+02     5  2.463613E-02  8.791244E+01  8.974159E-04  2.461978E-02
  4.486468E+00  3.000000E+02     6  7.068431E-08  2.881287E+00  7.059496E-08  3.553071E-09
  4.486468E+00  3.100000E+02     1  2.925662E-01  9.000842E+01 -4.301326E-05  2.925662E-01
  4.486468E+00  3.100000E+02     2  3.474954E-01 -9.106564E+01 -6.462663E-03 -3.474353E-01
  4.486468E+00  3.100000E+02     3  2.389224E+00  2.554277E+00  2.386850E+00  1.064777E-01
  4.486468E+00  3.100000E+02     4  3.942479E-02  9.481331E+01 -3.308107E-03  3.928575E-02
  4.486468E+00  3.100000E+02     5  3.231080E-02  8.835030E+01  9.301839E-04  3.229741E-02
  4.486468E+00  3.100000E+02     6  7.083796E-08  3.311025E+00  7.071971E-08  4.091327E-09
  4.486468E+00  3.200000E+02     1  3.479076E-01  8.997169E+01  1.718920E-04  3.479075E-01
  4.486468E+00  3.200000E+02     2  2.921506E-01 -9.122712E+01 -6.256585E-03 -2.920836E-01
  4.486468E+00  3.200000E+02     3  2.389237E+00  2.557444E+00  2.386857E+00  1.066101E-01
  4.486468E+00  3.200000E+02     4  3.276427E-02  9.584691E+01 -3.337724E-03  3.259382E-02
  4.486468E+00  3.200000E+02     5  3.900784E-02  8.859888E+01  9.538054E-04  3.899618E-02
  4.486468E+00  3.200000E+02     6  7.095396E-08  3.718097E+00  7.080462E-08  4.601187E-09
  4.486468E+00  3.300000E+02     1  3.926765E-01  8.994849E+01  3.530103E-04  3.926763E-01
  4.486468E+00  3.300000E+02     2  2.279423E-01 -9.151278E+01 -6.017674E-03 -2.278628E-01
  4.486468E+00  3.300000E+02     3  2.389229E+00  2.560951E+00  2.386843E+00  1.067559E-01
  4.486468E+00  3.300000E+02     4  2.513503E-02  9.771033E+01 -3.372239E-03  2.490779E-02
  4.486468E+00  3.300000E+02     5  4.452214E-02  8.875425E+01  9.679468E-04  4.451162E-02
  4.486468E+00  3.300000E+02     6  7.099952E-08  4.092708E+00  7.081846E-08  5.067271E-09
  4.486468E+00  3.400000E+02     1  4.255136E-01  8.993353E+01  4.936778E-04  4.255133E-01
  4.486468E+00  3.400000E+02     2  1.568293E-01 -9.210222E+01 -5.752868E-03 -1.567237E-01
  4.486468E+00  3.400000E+02     3  2.389202E+00  2.564693E+00  2.386809E+00  1.069106E-01
  4.486468E+00  3.400000E+02     4  1.681131E-02  1.017044E+02 -3.410392E-03  1.646176E-02
  4.486468E+00  3.400000E+02     5  4.868482E-02  8.885487E+01  9.729666E-04  4.867510E-02
  4.486468E+00  3.400000E+02     6  7.095522E-08  4.425863E+00  7.074363E-08  5.475549E-09
  4.486468E+00  3.500000E+02     1  4.454218E-01  8.992436E+01  5.880019E-04  4.454214E-01
  4.486468E+00  3.500000E+02     2  8.101226E-02 -9.387148E+01 -5.469841E-03 -8.082739E-02
  4.486468E+00  3.500000E+02     3  2.389159E+00  2.568558E+00  2.386759E+00  1.070696E-01
  4.486468E+00  3.500000E+02     4  8.267131E-03  1.146711E+02 -3.450777E-03  7.512495E-03
  4.486468E+00  3.500000E+02     5  5.136835E-02  8.891822E+01  9.698097E-04  5.135919E-02
  4.486468E+00  3.500000E+02     6  7.082476E-08  4.708490E+00  7.058574E-08  5.813735E-09
  3.663185E+00  0.000000E+00     1  6.480652E-01  8.942354E+01  6.520183E-03  6.480324E-01
  3.663185E+00  0.000000E+00     2  5.925004E-03 -1.431343E+02 -4.740262E-03 -3.554657E-03
  3.663185E+00  0.000000E+00     3  2.084506E+00  5.316541E+00  2.075538E+00  1.931462E-01
  3.663185E+00  0.000000E+00     4  3.904298E-03 -1.426249E+02 -3.102662E-03 -2.370028E-03
  3.663185E+00  0.000000E+00     5  6.521077E-02  8.868078E+01  1.501331E-03  6.519349E-02
  3.663185E+00  0.000000E+00     6  6.290136E-08  8.940843E+00  6.213706E-08  9.775790E-09
  3.663185E+00  1.000000E+01     1  6.375390E-01  8.942232E+01  6.427807E-03  6.375066E-01
  3.663185E+00  1.000000E+01     2  1.089896E-01  9.181370E+01 -3.449500E-03  1.089350E-01
  3.663185E+00  1.000000E+01     3  2.084395E+00  5.322566E+00  2.075407E+00  1.933542E-01
  3.663185E+00  1.000000E+01     4  1.408944E-02 -1.033653E+02 -3.256899E-03 -1.370784E-02
  3.663185E+00  1.000000E+01     5  6.466192E-02  8.870010E+01  1.466899E-03  6.464528E-02
  3.663185E+00  1.000000E+01     6  6.236917E-08  9.232421E+00  6.156122E-08  1.000649E-08
  3.663185E+00  2.000000E+01     1  6.076423E-01  8.942452E+01  6.103105E-03  6.076117E-01
  3.663185E+00  2.000000E+01     2  2.181153E-01  9.057610E+01 -2.193084E-03  2.181043E-01
  3.663185E+00  2.000000E+01     3  2.084291E+00  5.328248E+00  2.075285E+00  1.935504E-01
  3.663185E+00  2.000000E+01     4  2.487281E-02 -9.786662E+01 -3.404280E-03 -2.463874E-02
  3.663185E+00  2.000000E+01     5  6.214647E-02  8.869755E+01  1.412592E-03  6.213041E-02
  3.663185E+00  2.000000E+01     6  6.195760E-08  9.390687E+00  6.112729E-08  1.010935E-08
  3.663185E+00  3.000000E+01     1  5.592806E-01  8.943109E+01  5.553209E-03  5.592530E-01
  3.663185E+00  3.000000E+01     2  3.206354E-01  9.018028E+01 -1.008851E-03  3.206338E-01
  3.663185E+00  3.000000E+01     3  2.084207E+00  5.333412E+00  2.075184E+00  1.937296E-01
  3.663185E+00  3.000000E+01     4  3.501257E-02 -9.580303E+01 -3.540082E-03 -3.483314E-02
  3.663185E+00  3.000000E+01     5  5.774365E-02  8.866844E+01  1.341845E-03  5.772806E-02
  3.663185E+00  3.000000E+01     6  6.176222E-08  9.393918E+00  6.093396E-08  1.008091E-08
  3.663185E+00  4.000000E+01     1  4.939204E-01  8.944397E+01  4.793242E-03  4.938971E-01
  3.663185E+00  4.000000E+01     2  4.134060E-01  8.999067E+01  6.728936E-05  4.134060E-01
  3.663185E+00  4.000000E+01     3  2.084154E+00  5.337889E+00  2.075116E+00  1.938869E-01
  3.663185E+00  4.000000E+01     4  4.413500E-02 -9.475700E+01 -3.660111E-03 -4.398297E-02
  3.663185E+00  4.000000E+01     5  5.159051E-02  8.860293E+01  1.257832E-03  5.157518E-02
  3.663185E+00  4.000000E+01     6  6.178938E-08  9.240095E+00  6.098761E-08  9.921641E-09
  3.663185E+00  5.000000E+01     1  4.135453E-01  8.946713E+01  3.846053E-03  4.135274E-01
  3.663185E+00  5.000000E+01     2  4.936021E-01  8.988364E+01  1.002415E-03  4.936011E-01
  3.663185E+00  5.000000E+01     3  2.084138E+00  5.341532E+00  2.075088E+00  1.940173E-01
  3.663185E+00  5.000000E+01     4  5.194687E-02 -9.415174E+01 -3.760857E-03 -5.181055E-02
  3.663185E+00  5.000000E+01     5  4.387690E-02  8.848083E+01  1.163242E-03  4.386148E-02
  3.663185E+00  5.000000E+01     6  6.196324E-08  8.946510E+00  6.120940E-08  9.636047E-09
  3.663185E+00  6.000000E+01     1  3.205965E-01  8.951003E+01  2.741560E-03  3.205848E-01
  3.663185E+00  6.000000E+01     2  5.587854E-01  8.981875E+01  1.767621E-03  5.587826E-01
  3.663185E+00  6.000000E+01     3  2.084162E+00  5.344216E+00  2.075102E+00  1.941167E-01
  3.663185E+00  6.000000E+01     4  5.820375E-02 -9.378243E+01 -3.839581E-03 -5.807697E-02
  3.663185E+00  6.000000E+01     5  3.483910E-02  8.825616E+01  1.060189E-03  3.482297E-02
  3.663185E+00  6.000000E+01     6  6.216794E-08  8.540629E+00  6.147855E-08  9.232603E-09
  3.663185E+00  7.000000E+01     1  2.178990E-01  8.960145E+01  1.515706E-03  2.178937E-01
  3.663185E+00  7.000000E+01     2  6.069760E-01  8.977921E+01  2.338965E-03  6.069715E-01
  3.663185E+00  7.000000E+01     3  2.084222E+00  5.345846E+00  2.075157E+00  1.941814E-01
  3.663185E+00  7.000000E+01     4  6.271065E-02 -9.356038E+01 -3.894357E-03 -6.258961E-02
  3.663185E+00  7.000000E+01     5  2.475253E-02  8.779992E+01  9.502299E-04  2.473429E-02
  3.663185E+00  7.000000E+01     6  6.230450E-08  8.048717E+00  6.169076E-08  8.723567E-09
  3.663185E+00  8.000000E+01     1  1.085765E-01  8.988967E+01  2.090772E-04  1.085763E-01
  3.663185E+00  8.000000E+01     2  6.367117E-01  8.975719E+01  2.698292E-03  6.367059E-01
  3.663185E+00  8.000000E+01     3  2.084314E+00  5.346369E+00  2.075246E+00  1.942088E-01
  3.663185E+00  8.000000E+01     4  6.532660E-02 -9.344374E+01 -3.924062E-03 -6.520864E-02
  3.663185E+00  8.000000E+01     5  1.392542E-02  8.656437E+01  8.345097E-04  1.390040E-02
  3.663185E+00  8.000000E+01     6  6.233594E-08  7.488992E+00  6.180421E-08  8.124599E-09
  3.663185E+00  9.000000E+01     1  4.199311E-03 -1.056772E+02 -1.134730E-03 -4.043093E-03
  3.663185E+00  9.000000E+01     2  6.470911E-01  8.974908E+01  2.833896E-03  6.470849E-01
  3.663185E+00  9.000000E+01     3  2.084425E+00  5.345769E+00  2.075359E+00  1.941975E-01
  3.663185E+00  9.000000E+01     4  6.596899E-02 -9.341388E+01 -3.928332E-03 -6.585192E-02
  3.663185E+00  9.000000E+01     5  2.742284E-03  7.490840E+01  7.139894E-04  2.647705E-03
  3.663185E+00  9.000000E+01     6  6.229946E-08  6.871990E+00  6.185190E-08  7.454224E-09
  3.663185E+00  1.000000E+02     1  1.165659E-01 -9.121462E+01 -2.470909E-03 -1.165397E-01
  3.663185E+00  1.000000E+02     2  6.378011E-01  8.975377E+01  2.740976E-03  6.377952E-01
  3.663185E+00  1.000000E+02     3  2.084544E+00  5.344078E+00  2.075483E+00  1.941473E-01
  3.663185E+00  1.000000E+02     4  6.461650E-02 -9.346692E+01 -3.907502E-03 -6.449824E-02
  3.663185E+00  1.000000E+02     5  8.705087E-03 -8.611554E+01  5.897235E-04 -8.685089E-03
  3.663185E+00  1.000000E+02     6  6.228062E-08  6.206398E+00  6.191559E-08  6.733181E-09
  3.663185E+00  1.100000E+02     1  2.255243E-01 -9.095410E+01 -3.755293E-03 -2.254930E-01
  3.663185E+00  1.100000E+02     2  6.091249E-01  8.977219E+01  2.421855E-03  6.091201E-01
  3.663185E+00  1.100000E+02     3  2.084654E+00  5.341364E+00  2.075602E+00  1.940592E-01
  3.663185E+00  1.100000E+02     4  6.131016E-02 -9.361203E+01 -3.862544E-03 -6.118837E-02
  3.663185E+00  1.100000E+02     5  1.976187E-02 -8.865708E+01  4.631427E-04 -1.975644E-02
  3.663185E+00  1.100000E+02     6  6.236238E-08  5.506019E+00  6.207464E-08  5.983690E-09
  3.663185E+00  1.200000E+02     1  3.276289E-01 -9.086501E+01 -4.946133E-03 -3.275916E-01
  3.663185E+00  1.200000E+02     2  5.619338E-01  8.980771E+01  1.885943E-03  5.619306E-01
  3.663185E+00  1.200000E+02     3  2.084743E+00  5.337735E+00  2.075702E+00  1.939360E-01
  3.663185E+00  1.200000E+02     4  5.615231E-02 -9.387524E+01 -3.795009E-03 -5.602392E-02
  3.663185E+00  1.200000E+02     5  3.023345E-02 -8.936267E+01  3.362960E-04 -3.023158E-02
  3.663185E+00  1.200000E+02     6  6.257423E-08  4.793221E+00  6.235539E-08  5.228699E-09
  3.663185E+00  1.300000E+02     1  4.197766E-01 -9.081975E+01 -6.005706E-03 -4.197336E-01
  3.663185E+00  1.300000E+02     2  4.976606E-01  8.986766E+01  1.149476E-03  4.976593E-01
  3.663185E+00  1.300000E+02     3  2.084798E+00  5.333320E+00  2.075772E+00  1.937811E-01
  3.663185E+00  1.300000E+02     4  4.930357E-02 -9.431194E+01 -3.706968E-03 -4.916401E-02
  3.663185E+00  1.300000E+02     5  3.979279E-02 -8.969474E+01  2.120090E-04 -3.979222E-02
  3.663185E+00  1.300000E+02     6  6.286694E-08  4.096635E+00  6.270632E-08  4.491143E-09
  3.663185E+00  1.400000E+02     1  4.991691E-01 -9.079221E+01 -6.901646E-03 -4.991214E-01
  3.663185E+00  1.400000E+02     2  4.182566E-01  8.996781E+01  2.350069E-04  4.182565E-01
  3.663185E+00  1.400000E+02     3  2.084812E+00  5.328269E+00  2.075803E+00  1.935995E-01
  3.663185E+00  1.400000E+02     4  4.097835E-02 -9.504135E+01 -3.600958E-03 -4.081983E-02
  3.663185E+00  1.400000E+02     5  4.814637E-02 -8.988822E+01  9.392590E-05 -4.814628E-02
  3.663185E+00  1.400000E+02     6  6.312624E-08  3.444971E+00  6.301217E-08  3.793247E-09
  3.663185E+00  1.500000E+02     1  5.633970E-01 -9.077373E+01 -7.607953E-03 -5.633457E-01
  3.663185E+00  1.500000E+02     2  3.261334E-01  9.014569E+01 -8.292890E-04  3.261324E-01
  3.663185E+00  1.500000E+02     3  2.084782E+00  5.322742E+00  2.075793E+00  1.933965E-01
  3.663185E+00  1.500000E+02     4  3.144066E-02 -9.635464E+01 -3.479921E-03 -3.124748E-02
  3.663185E+00  1.500000E+02     5  5.503715E-02 -9.001414E+01 -1.358294E-05 -5.503715E-02
  3.663185E+00  1.500000E+02     6  6.322051E-08  2.861332E+00  6.314169E-08  3.155899E-09
  3.663185E+00  1.600000E+02     1  6.105117E-01 -9.076073E+01 -8.105626E-03 -6.104579E-01
  3.663185E+00  1.600000E+02     2  2.240930E-01  9.051405E+01 -2.010499E-03  2.240840E-01
  3.663185E+00  1.600000E+02     3  2.084712E+00  5.316901E+00  2.075743E+00  1.931784E-01
  3.663185E+00  1.600000E+02     4  2.100787E-02 -9.916788E+01 -3.347137E-03 -2.073951E-02
  3.663185E+00  1.600000E+02     5  6.025232E-02 -9.010046E+01 -1.056491E-04 -6.025223E-02
  3.663185E+00  1.600000E+02     6  6.306078E-08  2.361239E+00  6.300723E-08  2.598087E-09
  3.663185E+00  1.700000E+02     1  6.390838E-01 -9.075158E+01 -8.382931E-03 -6.390288E-01
  3.663185E+00  1.700000E+02     2  1.152574E-01  9.162677E+01 -3.272015E-03  1.152110E-01
  3.663185E+00  1.700000E+02     3  2.084610E+00  5.310909E+00  2.075661E+00  1.929519E-01
  3.663185E+00  1.700000E+02     4  1.013600E-02 -1.084402E+02 -3.206161E-03 -9.615557E-03
  3.663185E+00  1.700000E+02     5  6.363054E-02 -9.015960E+01 -1.772502E-04 -6.363030E-02
  3.663185E+00  1.700000E+02     6  6.264525E-08  1.954369E+00  6.260881E-08  2.136426E-09
  3.663185E+00  1.800000E+02     1  6.482464E-01 -9.074559E+01 -8.435337E-03 -6.481915E-01
  3.663185E+00  1.800000E+02     2  5.374877E-03  1.483345E+02 -4.574707E-03  2.821589E-03
  3.663185E+00  1.800000E+02     3  2.084487E+00  5.304927E+00  2.075559E+00  1.927238E-01
  3.663185E+00  1.800000E+02     4  3.544462E-03  1.497154E+02 -3.060752E-03  1.787458E-03
  3.663185E+00  1.800000E+02     5  6.506749E-02 -9.019693E+01 -2.236367E-04 -6.506711E-02
  3.663185E+00  1.800000E+02     6  6.206706E-08  1.647771E+00  6.204140E-08  1.784742E-09
  3.663185E+00  1.900000E+02     1  6.377204E-01 -9.074260E+01 -8.265176E-03 -6.376668E-01
  3.663185E+00  1.900000E+02     2  1.098253E-01 -9.306812E+01 -5.878200E-03 -1.096678E-01
  3.663185E+00  1.900000E+02     3  2.084358E+00  5.299115E+00  2.075449E+00  1.925013E-01
  3.663185E+00  1.900000E+02     4  1.344505E-02  1.025209E+02 -2.914824E-03  1.312528E-02
  3.663185E+00  1.900000E+02     5  6.451945E-02 -9.021383E+01 -2.407907E-04 -6.451901E-02
  3.663185E+00  1.900000E+02     6  6.148097E-08  1.448098E+00  6.146134E-08  1.553710E-09
  3.663185E+00  2.000000E+02     1  6.078238E-01 -9.074292E+01 -7.881094E-03 -6.077727E-01
  3.663185E+00  2.000000E+02     2  2.189535E-01 -9.186931E+01 -7.142213E-03 -2.188370E-01
  3.663185E+00  2.000000E+02     3  2.084236E+00  5.293630E+00  2.075347E+00  1.922914E-01
  3.663185E+00  2.000000E+02     4  2.421542E-02  9.657413E+01 -2.772388E-03  2.405619E-02
  3.663185E+00  2.000000E+02     5  6.200463E-02 -9.020871E+01 -2.258663E-04 -6.200422E-02
  3.663185E+00  2.000000E+02     6  6.104347E-08  1.361619E+00  6.102623E-08  1.450545E-09
  3.663185E+00  2.100000E+02     1  5.594621E-01 -9.074736E+01 -7.297376E-03 -5.594145E-01
  3.663185E+00  2.100000E+02     2  3.214743E-01 -9.148443E+01 -8.327884E-03 -3.213664E-01
  3.663185E+00  2.100000E+02     3  2.084136E+00  5.288627E+00  2.075264E+00  1.921010E-01
  3.663185E+00  2.100000E+02     4  3.435201E-02  9.440342E+01 -2.637500E-03  3.425061E-02
  3.663185E+00  2.100000E+02     5  5.760219E-02 -9.017661E+01 -1.775563E-04 -5.760192E-02
  3.663185E+00  2.100000E+02     6  6.085277E-08  1.392435E+00  6.083480E-08  1.478733E-09
  3.663185E+00  2.200000E+02     1  4.941019E-01 -9.075761E+01 -6.533202E-03 -4.940587E-01
  3.663185E+00  2.200000E+02     2  4.142453E-01 -9.130013E+01 -9.399046E-03 -4.141387E-01
  3.663185E+00  2.200000E+02     3  2.084069E+00  5.284255E+00  2.075211E+00  1.919364E-01
  3.663185E+00  2.200000E+02     4  4.347322E-02  9.331544E+01 -2.514187E-03  4.340046E-02
  3.663185E+00  2.200000E+02     5  5.144913E-02 -9.010729E+01 -9.634041E-05 -5.144904E-02
  3.663185E+00  2.200000E+02     6  6.091539E-08  1.540696E+00  6.089337E-08  1.637831E-09
  3.663185E+00  2.300000E+02     1  4.137266E-01 -9.077720E+01 -5.611914E-03 -4.136886E-01
  3.663185E+00  2.300000E+02     2  4.944417E-01 -9.119636E+01 -1.032336E-02 -4.943339E-01
  3.663185E+00  2.300000E+02     3  2.084041E+00  5.280651E+00  2.075196E+00  1.918033E-01
  3.663185E+00  2.300000E+02     4  5.128454E-02  9.268939E+01 -2.406345E-03  5.122806E-02
  3.663185E+00  2.300000E+02     5  4.373532E-02 -8.997981E+01  1.541496E-05 -4.373532E-02
  3.663185E+00  2.300000E+02     6  6.115319E-08  1.802338E+00  6.112294E-08  1.923362E-09
  3.663185E+00  2.400000E+02     1  3.207776E-01 -9.081457E+01 -4.560295E-03 -3.207452E-01
  3.663185E+00  2.400000E+02     2  5.596252E-01 -9.113378E+01 -1.107328E-02 -5.595157E-01
  3.663185E+00  2.400000E+02     3  2.084056E+00  5.277935E+00  2.075220E+00  1.917063E-01
  3.663185E+00  2.400000E+02     4  5.754118E-02  9.230835E+01 -2.317606E-03  5.749449E-02
  3.663185E+00  2.400000E+02     5  3.469707E-02 -8.974649E+01  1.535221E-04 -3.469673E-02
  3.663185E+00  2.400000E+02     6  6.144657E-08  2.170194E+00  6.140250E-08  2.326857E-09
  3.663185E+00  2.500000E+02     1  2.180798E-01 -9.089539E+01 -3.407913E-03 -2.180531E-01
  3.663185E+00  2.500000E+02     2  6.078161E-01 -9.109607E+01 -1.162682E-02 -6.077049E-01
  3.663185E+00  2.500000E+02     3  2.084111E+00  5.276204E+00  2.075281E+00  1.916487E-01
  3.663185E+00  2.500000E+02     4  6.204799E-02  9.207921E+01 -2.251171E-03  6.200714E-02
  3.663185E+00  2.500000E+02     5  2.460994E-02 -8.927313E+01  3.121980E-04 -2.460796E-02
  3.663185E+00  2.500000E+02     6  6.169265E-08  2.634852E+00  6.162743E-08  2.836051E-09
  3.663185E+00  2.600000E+02     1  1.087565E-01 -9.115199E+01 -2.186512E-03 -1.087345E-01
  3.663185E+00  2.600000E+02     2  6.375519E-01 -9.107561E+01 -1.196806E-02 -6.374396E-01
  3.663185E+00  2.600000E+02     3  2.084201E+00  5.275524E+00  2.075372E+00  1.916323E-01
  3.663185E+00  2.600000E+02     4  6.466393E-02  9.195824E+01 -2.209639E-03  6.462617E-02
  3.663185E+00  2.600000E+02     5  1.378247E-02 -8.798573E+01  4.844325E-04 -1.377395E-02
  3.663185E+00  2.600000E+02     6  6.185099E-08  3.183904E+00  6.175552E-08  3.435266E-09
  3.663185E+00  2.700000E+02     1  3.995673E-03  1.034507E+02 -9.294276E-04  3.886074E-03
  3.663185E+00  2.700000E+02     2  6.479316E-01 -9.106895E+01 -1.208754E-02 -6.478188E-01
  3.663185E+00  2.700000E+02     3  2.084314E+00  5.275924E+00  2.075484E+00  1.916572E-01
  3.663185E+00  2.700000E+02     4  6.530634E-02  9.192598E+01 -2.194835E-03  6.526945E-02
  3.663185E+00  2.700000E+02     5  2.606727E-03 -7.527763E+01  6.624618E-04 -2.521144E-03
  3.663185E+00  2.700000E+02     6  6.195553E-08  3.799919E+00  6.181932E-08  4.105947E-09
  3.663185E+00  2.800000E+02     1  1.163842E-01  8.983804E+01  3.289789E-04  1.163838E-01
  3.663185E+00  2.800000E+02     2  6.386417E-01 -9.107506E+01 -1.198238E-02 -6.385293E-01
  3.663185E+00  2.800000E+02     3  2.084437E+00  5.277399E+00  2.075601E+00  1.917220E-01
  3.663185E+00  2.800000E+02     4  6.395388E-02  9.197824E+01 -2.207680E-03  6.391576E-02
  3.663185E+00  2.800000E+02     5  8.851541E-03  8.456553E+01  8.383049E-04  8.811755E-03
  3.663185E+00  2.800000E+02     6  6.208806E-08  4.459221E+00  6.190012E-08  4.827319E-09
  3.663185E+00  2.900000E+02     1  2.253433E-01  8.960490E+01  1.553918E-03  2.253379E-01
  3.663185E+00  2.900000E+02     2  6.099657E-01 -9.109497E+01 -1.165629E-02 -6.098543E-01
  3.663185E+00  2.900000E+02     3  2.084556E+00  5.279905E+00  2.075711E+00  1.918237E-01
  3.663185E+00  2.900000E+02     4  6.064755E-02  9.212435E+01 -2.248109E-03  6.060587E-02
  3.663185E+00  2.900000E+02     5  1.990854E-02  8.710841E+01  1.004312E-03  1.988319E-02
  3.663185E+00  2.900000E+02     6  6.232677E-08  5.133806E+00  6.207674E-08  5.577122E-09
  3.663185E+00  3.000000E+02     1  3.274482E-01  8.952566E+01  2.710823E-03  3.274369E-01
  3.663185E+00  3.000000E+02     2  5.627748E-01 -9.113214E+01 -1.111942E-02 -5.626649E-01
  3.663185E+00  3.000000E+02     3  2.084656E+00  5.283364E+00  2.075799E+00  1.919582E-01
  3.663185E+00  3.000000E+02     4  5.548972E-02  9.239109E+01 -2.315046E-03  5.544141E-02
  3.663185E+00  3.000000E+02     5  3.038028E-02  8.782371E+01  1.153670E-03  3.035837E-02
  3.663185E+00  3.000000E+02     6  6.269560E-08  5.796862E+00  6.237499E-08  6.332369E-09
  3.663185E+00  3.100000E+02     1  4.195959E-01  8.948573E+01  3.766083E-03  4.195790E-01
  3.663185E+00  3.100000E+02     2  4.985017E-01 -9.119404E+01 -1.038803E-02 -4.983935E-01
  3.663185E+00  3.100000E+02     3  2.084724E+00  5.287667E+00  2.075853E+00  1.921204E-01
  3.663185E+00  3.100000E+02     4  4.864104E-02  9.283577E+01 -2.406438E-03  4.858148E-02
  3.663185E+00  3.100000E+02     5  3.993957E-02  8.816226E+01  1.280826E-03  3.991903E-02
  3.663185E+00  3.100000E+02     6  6.313991E-08  6.429182E+00  6.274282E-08  7.070096E-09
  3.663185E+00  3.200000E+02     1  4.989885E-01  8.946171E+01  4.687871E-03  4.989665E-01
  3.663185E+00  3.200000E+02     2  4.190979E-01 -9.129669E+01 -9.484045E-03 -4.189906E-01
  3.663185E+00  3.200000E+02     3  2.084755E+00  5.292678E+00  2.075866E+00  1.923047E-01
  3.663185E+00  3.200000E+02     4  4.031607E-02  9.358272E+01 -2.519330E-03  4.023728E-02
  3.663185E+00  3.200000E+02     5  4.829283E-02  8.836040E+01  1.381777E-03  4.827305E-02
  3.663185E+00  3.200000E+02     6  6.354111E-08  7.022115E+00  6.306449E-08  7.768055E-09
  3.663185E+00  3.300000E+02     1  5.632163E-01  8.944586E+01  5.447079E-03  5.631900E-01
  3.663185E+00  3.300000E+02     2  3.269751E-01 -9.147813E+01 -8.434437E-03 -3.268663E-01
  3.663185E+00  3.300000E+02     3  2.084743E+00  5.298244E+00  2.075836E+00  1.925053E-01
  3.663185E+00  3.300000E+02     4  3.077921E-02  9.493909E+01 -2.649989E-03  3.066492E-02
  3.663185E+00  3.300000E+02     5  5.518301E-02  8.848993E+01  1.454213E-03  5.516385E-02
  3.663185E+00  3.300000E+02     6  6.376464E-08  7.574682E+00  6.320822E-08  8.405351E-09
  3.663185E+00  3.400000E+02     1  6.103308E-01  8.943501E+01  6.018320E-03  6.103011E-01
  3.663185E+00  3.400000E+02     2  2.249352E-01 -9.185226E+01 -7.270447E-03 -2.248176E-01
  3.663185E+00  3.400000E+02     3  2.084692E+00  5.304196E+00  2.075765E+00  1.927162E-01
  3.663185E+00  3.400000E+02     4  2.034966E-02  9.789173E+01 -2.794040E-03  2.015694E-02
  3.663185E+00  3.400000E+02     5  6.039740E-02  8.857926E+01  1.497500E-03  6.037883E-02
  3.663185E+00  3.400000E+02     6  6.371950E-08  8.086237E+00  6.308597E-08  8.963002E-09
  3.663185E+00  3.500000E+02     1  6.389028E-01  8.942776E+01  6.380969E-03  6.388709E-01
  3.663185E+00  3.500000E+02     2  1.161008E-01 -9.297552E+01 -6.026709E-03 -1.159443E-01
  3.663185E+00  3.500000E+02     3  2.084609E+00  5.310356E+00  2.075662E+00  1.929317E-01
  3.663185E+00  3.500000E+02     4  9.501447E-03  1.080668E+02 -2.946641E-03  9.032984E-03
  3.663185E+00  3.500000E+02     5  6.377473E-02  8.864102E+01  1.512509E-03  6.375679E-02
  3.663185E+00  3.500000E+02     6  6.340172E-08  8.548469E+00  6.269736E-08  9.424413E-09
  3.172412E+00  0.000000E+00     1  8.420342E-01  8.863221E+01  2.009949E-02  8.417943E-01
  3.172412E+00  0.000000E+00     2  6.379381E-03 -1.344012E+02 -4.463518E-03 -4.557797E-03
  3.172412E+00  0.000000E+00     3  1.831528E+00  8.561095E+00  1.811120E+00  2.726484E-01
  3.172412E+00  0.000000E+00     4  4.109024E-03 -1.327374E+02 -2.788543E-03 -3.017963E-03
  3.172412E+00  0.000000E+00     5  7.267419E-02  8.785487E+01  2.720254E-03  7.262326E-02
  3.172412E+00  0.000000E+00     6  5.673553E-08  1.349848E+01  5.516828E-08  1.324319E-08
  3.172412E+00  1.000000E+01     1  8.283846E-01  8.863055E+01  1.979773E-02  8.281480E-01
  3.172412E+00  1.000000E+01     2  1.415861E-01  9.034070E+01 -8.419178E-04  1.415836E-01
  3.172412E+00  1.000000E+01     3  1.831350E+00  8.569974E+00  1.810902E+00  2.729026E-01
  3.172412E+00  1.000000E+01     4  1.595029E-02 -1.014778E+02 -3.173910E-03 -1.563132E-02
  3.172412E+00  1.000000E+01     5  7.211359E-02  8.788870E+01  2.656721E-03  7.206464E-02
  3.172412E+00  1.000000E+01     6  5.554250E-08  1.410155E+01  5.386874E-08  1.353245E-08
  3.172412E+00  2.000000E+01     1  7.895692E-01  8.863157E+01  1.885597E-02  7.893440E-01
  3.172412E+00  2.000000E+01     2  2.834221E-01  8.945809E+01  2.680578E-03  2.834094E-01
  3.172412E+00  2.000000E+01     3  1.831185E+00  8.578367E+00  1.810699E+00  2.731432E-01
  3.172412E+00  2.000000E+01     4  2.800942E-02 -9.726787E+01 -3.543423E-03 -2.778438E-02
  3.172412E+00  2.000000E+01     5  6.935550E-02  8.790316E+01  2.537619E-03  6.930906E-02
  3.172412E+00  2.000000E+01     6  5.470110E-08  1.446460E+01  5.296719E-08  1.366334E-08
  3.172412E+00  3.000000E+01     1  7.267608E-01  8.863615E+01  1.729799E-02  7.265549E-01
  3.172412E+00  3.000000E+01     2  4.166475E-01  8.917523E+01  5.997397E-03  4.166044E-01
  3.172412E+00  3.000000E+01     3  1.831053E+00  8.585998E+00  1.810532E+00  2.733647E-01
  3.172412E+00  3.000000E+01     4  3.930624E-02 -9.567299E+01 -3.885445E-03 -3.911372E-02
  3.172412E+00  3.000000E+01     5  6.449007E-02  8.789429E+01  2.369581E-03  6.444653E-02
  3.172412E+00  3.000000E+01     6  5.444697E-08  1.449861E+01  5.271303E-08  1.363115E-08
  3.172412E+00  4.000000E+01     1  6.418609E-01  8.864588E+01  1.516818E-02  6.416816E-01
  3.172412E+00  4.000000E+01     2  5.371924E-01  8.903920E+01  9.007820E-03  5.371168E-01
  3.172412E+00  4.000000E+01     3  1.830971E+00  8.592604E+00  1.810420E+00  2.735612E-01
  3.172412E+00  4.000000E+01     4  4.945662E-02 -9.485931E+01 -4.189441E-03 -4.927886E-02
  3.172412E+00  4.000000E+01     5  5.767251E-02  8.785412E+01  2.159486E-03  5.763206E-02
  3.172412E+00  4.000000E+01     6  5.475956E-08  1.420329E+01  5.308563E-08  1.343598E-08
  3.172412E+00  5.000000E+01     1  5.374438E-01  8.866401E+01  1.253063E-02  5.372977E-01
  3.172412E+00  5.000000E+01     2  6.413881E-01  8.896192E+01  1.162001E-02  6.412828E-01
  3.172412E+00  5.000000E+01     3  1.830950E+00  8.597947E+00  1.810373E+00  2.737268E-01
  3.172412E+00  5.000000E+01     4  5.814182E-02 -9.438593E+01 -4.446350E-03 -5.797156E-02
  3.172412E+00  5.000000E+01     5  4.911641E-02  8.776666E+01  1.914026E-03  4.907910E-02
  3.172412E+00  5.000000E+01     6  5.538799E-08  1.366275E+01  5.382067E-08  1.308300E-08
  3.172412E+00  6.000000E+01     1  4.166797E-01  8.869809E+01  9.467240E-03  4.165721E-01
  3.172412E+00  6.000000E+01     2  7.260683E-01  8.891459E+01  1.375383E-02  7.259380E-01
  3.172412E+00  6.000000E+01     3  1.830993E+00  8.601826E+00  1.810397E+00  2.738558E-01
  3.172412E+00  6.000000E+01     4  6.509132E-02 -9.409558E+01 -4.648856E-03 -6.492509E-02
  3.172412E+00  6.000000E+01     5  3.908568E-02  8.759601E+01  1.639460E-03  3.905128E-02
  3.172412E+00  6.000000E+01     6  5.597692E-08  1.298998E+01  5.454443E-08  1.258253E-08
  3.172412E+00  7.000000E+01     1  2.832391E-01  8.877098E+01  6.075116E-03  2.831739E-01
  3.172412E+00  7.000000E+01     2  7.886630E-01  8.888524E+01  1.534341E-02  7.885138E-01
  3.172412E+00  7.000000E+01     3  1.831097E+00  8.604093E+00  1.810489E+00  2.739430E-01
  3.172412E+00  7.000000E+01     4  7.008704E-02 -9.392011E+01 -4.791535E-03 -6.992306E-02
  3.172412E+00  7.000000E+01     5  2.788572E-02  8.724249E+01  1.341556E-03  2.785344E-02
  3.172412E+00  7.000000E+01     6  5.623615E-08  1.226853E+01  5.495185E-08  1.194983E-08
  3.172412E+00  8.000000E+01     1  1.411821E-01  8.900036E+01  2.463083E-03  1.411606E-01
  3.172412E+00  8.000000E+01     2  8.272755E-01  8.886830E+01  1.633924E-02  8.271141E-01
  3.172412E+00  8.000000E+01     3  1.831251E+00  8.604667E+00  1.810639E+00  2.739842E-01
  3.172412E+00  8.000000E+01     4  7.297007E-02 -9.382747E+01 -4.870913E-03 -7.280732E-02
  3.172412E+00  8.000000E+01     5  1.585547E-02  8.629085E+01  1.025718E-03  1.582226E-02
  3.172412E+00  8.000000E+01     6  5.607546E-08  1.152602E+01  5.494464E-08  1.120460E-08
  3.172412E+00  9.000000E+01     1  5.296854E-03 -1.036756E+02 -1.252306E-03 -5.146687E-03
  3.172412E+00  9.000000E+01     2  8.407382E-01  8.886115E+01  1.670993E-02  8.405721E-01
  3.172412E+00  9.000000E+01     3  1.831438E+00  8.603543E+00  1.810829E+00  2.739767E-01
  3.172412E+00  9.000000E+01     4  7.364668E-02 -9.380357E+01 -4.885436E-03 -7.348446E-02
  3.172412E+00  9.000000E+01     5  3.389507E-03  7.812882E+01  6.972621E-04  3.317014E-03
  3.172412E+00  9.000000E+01     6  5.564043E-08  1.074156E+01  5.466549E-08  1.037023E-08
  3.172412E+00  1.000000E+02     1  1.513766E-01 -9.187435E+01 -4.951176E-03 -1.512956E-01
  3.172412E+00  1.000000E+02     2  8.286466E-01  8.886298E+01  1.644319E-02  8.284835E-01
  3.172412E+00  1.000000E+02     3  1.831636E+00  8.600799E+00  1.811038E+00  2.739195E-01
  3.172412E+00  1.000000E+02     4  7.209248E-02 -9.384584E+01 -4.835405E-03 -7.193014E-02
  3.172412E+00  1.000000E+02     5  9.296768E-03 -8.776986E+01  3.617691E-04 -9.289726E-03
  3.172412E+00  1.000000E+02     6  5.523212E-08  9.875636E+00  5.441371E-08  9.472872E-09
  3.172412E+00  1.100000E+02     1  2.929640E-01 -9.166551E+01 -8.514856E-03 -2.928402E-01
  3.172412E+00  1.100000E+02     2  7.913706E-01  8.887436E+01  1.554638E-02  7.912179E-01
  3.172412E+00  1.100000E+02     3  1.831819E+00  8.596579E+00  1.811239E+00  2.738136E-01
  3.172412E+00  1.100000E+02     4  6.835421E-02 -9.396197E+01 -4.722889E-03 -6.819085E-02
  3.172412E+00  1.100000E+02     5  2.162139E-02 -8.993253E+01  2.545937E-05 -2.162138E-02
  3.172412E+00  1.100000E+02     6  5.514929E-08  8.908708E+00  5.448399E-08  8.540448E-09
  3.172412E+00  1.200000E+02     1  4.256417E-01 -9.159269E+01 -1.183030E-02 -4.254773E-01
  3.172412E+00  1.200000E+02     2  7.300423E-01  8.889754E+01  1.404623E-02  7.299072E-01
  3.172412E+00  1.200000E+02     3  1.831965E+00  8.591087E+00  1.811409E+00  2.736617E-01
  3.172412E+00  1.200000E+02     4  6.254854E-02 -9.417307E+01 -4.551624E-03 -6.238271E-02
  3.172412E+00  1.200000E+02     5  3.330843E-02 -9.052380E+01 -3.045012E-04 -3.330704E-02
  3.172412E+00  1.200000E+02     6  5.552897E-08  7.868206E+00  5.500619E-08  7.601631E-09
  3.172412E+00  1.300000E+02     1  5.453785E-01 -9.155442E+01 -1.479413E-02 -5.451778E-01
  3.172412E+00  1.300000E+02     2  6.465218E-01  8.893753E+01  1.198810E-02  6.464106E-01
  3.172412E+00  1.300000E+02     3  1.832052E+00  8.584559E+00  1.811527E+00  2.734683E-01
  3.172412E+00  1.300000E+02     4  5.485818E-02 -9.452386E+01 -4.326898E-03 -5.468727E-02
  3.172412E+00  1.300000E+02     5  4.399611E-02 -9.080723E+01 -6.198322E-04 -4.399174E-02
  3.172412E+00  1.300000E+02     6  5.626264E-08  6.823787E+00  5.586409E-08  6.684914E-09
  3.172412E+00  1.400000E+02     1  6.485404E-01 -9.152999E+01 -1.731613E-02 -6.483092E-01
  3.172412E+00  1.400000E+02     2  5.433418E-01  8.900506E+01  9.434597E-03  5.432598E-01
  3.172412E+00  1.400000E+02     3  1.832068E+00  8.577242E+00  1.811577E+00  2.732393E-01
  3.172412E+00  1.400000E+02     4  4.552569E-02 -9.511064E+01 -4.055394E-03 -4.534471E-02
  3.172412E+00  1.400000E+02     5  5.335500E-02 -9.097851E+01 -9.111663E-04 -5.334722E-02
  3.172412E+00  1.400000E+02     6  5.703083E-08  5.854964E+00  5.673332E-08  5.817751E-09
  3.172412E+00  1.500000E+02     1  7.319995E-01 -9.151256E+01 -1.932193E-02 -7.317444E-01
  3.172412E+00  1.500000E+02     2  4.236325E-01  8.912576E+01  6.463697E-03  4.235832E-01
  3.172412E+00  1.500000E+02     3  1.832009E+00  8.569376E+00  1.811556E+00  2.729818E-01
  3.172412E+00  1.500000E+02     4  3.484661E-02 -9.616954E+01 -3.744997E-03 -3.464479E-02
  3.172412E+00  1.500000E+02     5  6.109401E-02 -9.109574E+01 -1.168304E-03 -6.108284E-02
  3.172412E+00  1.500000E+02     6  5.744322E-08  5.019336E+00  5.722294E-08  5.025818E-09
  3.172412E+00  1.600000E+02     1  7.932267E-01 -9.149934E+01 -2.075505E-02 -7.929551E-01
  3.172412E+00  1.600000E+02     2  2.910293E-01  8.937661E+01  3.166412E-03  2.910121E-01
  3.172412E+00  1.600000E+02     3  1.831880E+00  8.561183E+00  1.811468E+00  2.727036E-01
  3.172412E+00  1.600000E+02     4  2.316797E-02 -9.845029E+01 -3.404562E-03 -2.291646E-02
  3.172412E+00  1.600000E+02     5  6.697045E-02 -9.118132E+01 -1.380695E-03 -6.695622E-02
  3.172412E+00  1.600000E+02     6  5.721987E-08  4.342284E+00  5.705563E-08  4.332382E-09
  3.172412E+00  1.700000E+02     1  8.303672E-01 -9.148906E+01 -2.157792E-02 -8.300867E-01
  3.172412E+00  1.700000E+02     2  1.495728E-01  9.013635E+01 -3.559595E-04  1.495724E-01
  3.172412E+00  1.700000E+02     3  1.831697E+00  8.552862E+00  1.811326E+00  2.724133E-01
  3.172412E+00  1.700000E+02     4  1.094839E-02 -1.061410E+02 -3.043668E-03 -1.051681E-02
  3.172412E+00  1.700000E+02     5  7.079922E-02 -9.124484E+01 -1.538108E-03 -7.078251E-02
  3.172412E+00  1.700000E+02     6  5.632795E-08  3.825203E+00  5.620246E-08  3.757795E-09
  3.172412E+00  1.800000E+02     1  8.422948E-01 -9.148119E+01 -2.177228E-02 -8.420134E-01
  3.172412E+00  1.800000E+02     2  5.352491E-03  1.382775E+02 -3.994975E-03  3.562209E-03
  3.172412E+00  1.800000E+02     3  1.831479E+00  8.544598E+00  1.811150E+00  2.721197E-01
  3.172412E+00  1.800000E+02     4  3.448759E-03  1.407942E+02 -2.672377E-03  2.179985E-03
  3.172412E+00  1.800000E+02     5  7.246011E-02 -9.129011E+01 -1.631419E-03 -7.244174E-02
  3.172412E+00  1.800000E+02     6  5.500895E-08  3.459152E+00  5.490873E-08  3.319071E-09
  3.172412E+00  1.900000E+02     1  8.286461E-01 -9.147562E+01 -2.133889E-02 -8.283713E-01
  3.172412E+00  1.900000E+02     2  1.427829E-01 -9.306664E+01 -7.638503E-03 -1.425784E-01
  3.172412E+00  1.900000E+02     3  1.831251E+00  8.536571E+00  1.810963E+00  2.718321E-01
  3.172412E+00  1.900000E+02     4  1.497124E-02  9.884123E+01 -2.301034E-03  1.479335E-02
  3.172412E+00  1.900000E+02     5  7.190244E-02 -9.131766E+01 -1.653436E-03 -7.188342E-02
  3.172412E+00  1.900000E+02     6  5.368275E-08  3.235125E+00  5.359720E-08  3.029510E-09
  3.172412E+00  2.000000E+02     1  7.898313E-01 -9.147252E+01 -2.029667E-02 -7.895705E-01
  3.172412E+00  2.000000E+02     2  2.846231E-01 -9.225003E+01 -1.117438E-02 -2.844037E-01
  3.172412E+00  2.000000E+02     3  1.831038E+00  8.528963E+00  1.810789E+00  2.715601E-01
  3.172412E+00  2.000000E+02     4  2.701618E-02  9.411808E+01 -1.940089E-03  2.694643E-02
  3.172412E+00  2.000000E+02     5  6.914659E-02 -9.132561E+01 -1.599653E-03 -6.912809E-02
  3.172412E+00  2.000000E+02     6  5.277155E-08  3.148393E+00  5.269190E-08  2.898328E-09
  3.172412E+00  2.100000E+02     1  7.270232E-01 -9.147243E+01 -1.868148E-02 -7.267832E-01
  3.172412E+00  2.100000E+02     2  4.178499E-01 -9.198783E+01 -1.449408E-02 -4.175985E-01
  3.172412E+00  2.100000E+02     3  1.830863E+00  8.521965E+00  1.810649E+00  2.713129E-01
  3.172412E+00  2.100000E+02     4  3.830924E-02  9.239358E+01 -1.599935E-03  3.827582E-02
  3.172412E+00  2.100000E+02     5  6.428248E-02 -9.130931E+01 -1.468845E-03 -6.426569E-02
  3.172412E+00  2.100000E+02     6  5.252419E-08  3.198137E+00  5.244239E-08  2.930275E-09
  3.172412E+00  2.200000E+02     1  6.421233E-01 -9.147641E+01 -1.654456E-02 -6.419102E-01
  3.172412E+00  2.200000E+02     2  5.383955E-01 -9.186228E+01 -1.749630E-02 -5.381112E-01
  3.172412E+00  2.200000E+02     3  1.830743E+00  8.515774E+00  1.810559E+00  2.710996E-01
  3.172412E+00  2.200000E+02     4  4.845819E-02  9.152629E+01 -1.290718E-03  4.844100E-02
  3.172412E+00  2.200000E+02     5  5.746514E-02 -9.125982E+01 -1.263437E-03 -5.745125E-02
  3.172412E+00  2.200000E+02     6  5.292024E-08  3.385651E+00  5.282787E-08  3.125277E-09
  3.172412E+00  2.300000E+02     1  5.377058E-01 -9.148671E+01 -1.395079E-02 -5.375248E-01
  3.172412E+00  2.300000E+02     2  6.425919E-01 -9.179160E+01 -2.009014E-02 -6.422777E-01
  3.172412E+00  2.300000E+02     3  1.830691E+00  8.510587E+00  1.810532E+00  2.709279E-01
  3.172412E+00  2.300000E+02     4  5.714288E-02  9.102489E+01 -1.022096E-03  5.713374E-02
  3.172412E+00  2.300000E+02     5  4.890821E-02 -9.115938E+01 -9.895937E-04 -4.889819E-02
  3.172412E+00  2.300000E+02     6  5.369640E-08  3.713927E+00  5.358363E-08  3.478178E-09
  3.172412E+00  2.400000E+02     1  4.169409E-01 -9.150860E+01 -1.097678E-02 -4.167964E-01
  3.172412E+00  2.400000E+02     2  7.272726E-01 -9.174906E+01 -2.219784E-02 -7.269338E-01
  3.172412E+00  2.400000E+02     3  1.830711E+00  8.506586E+00  1.810571E+00  2.708044E-01
  3.172412E+00  2.400000E+02     4  6.409235E-02  9.071778E+01 -8.029079E-04  6.408732E-02
  3.172412E+00  2.400000E+02     5  3.887572E-02 -9.096837E+01 -6.570142E-04 -3.887017E-02
  3.172412E+00  2.400000E+02     6  5.448080E-08  4.187969E+00  5.433533E-08  3.978666E-09
  3.172412E+00  2.500000E+02     1  2.834991E-01 -9.155817E+01 -7.708851E-03 -2.833942E-01
  3.172412E+00  2.500000E+02     2  7.898679E-01 -9.172355E+01 -2.375699E-02 -7.895106E-01
  3.172412E+00  2.500000E+02     3  1.830800E+00  8.503926E+00  1.810672E+00  2.707336E-01
  3.172412E+00  2.500000E+02     4  6.908829E-02  9.053142E+01 -6.407876E-04  6.908532E-02
  3.172412E+00  2.500000E+02     5  2.767344E-02 -9.057653E+01 -2.784554E-04 -2.767203E-02
  3.172412E+00  2.500000E+02     6  5.497080E-08  4.812182E+00  5.477703E-08  4.611484E-09
  3.172412E+00  2.600000E+02     1  1.414399E-01 -9.171820E+01 -4.240905E-03 -1.413763E-01
  3.172412E+00  2.600000E+02     2  8.284809E-01 -9.170997E+01 -2.472206E-02 -8.281120E-01
  3.172412E+00  2.600000E+02     3  1.830949E+00  8.502725E+00  1.810825E+00  2.707176E-01
  3.172412E+00  2.600000E+02     4  7.197164E-02  9.043129E+01 -5.417539E-04  7.196960E-02
  3.172412E+00  2.600000E+02     5  1.564107E-02 -8.952019E+01  1.309811E-04 -1.564052E-02
  3.172412E+00  2.600000E+02     6  5.507056E-08  5.582202E+00  5.480939E-08  5.356919E-09
  3.172412E+00  2.700000E+02     1  4.981226E-03  9.775525E+01 -6.721752E-04  4.935665E-03
  3.172412E+00  2.700000E+02     2  8.419441E-01 -9.170600E+01 -2.506552E-02 -8.415709E-01
  3.172412E+00  2.700000E+02     3  1.831140E+00  8.503053E+00  1.811012E+00  2.707563E-01
  3.172412E+00  2.700000E+02     4  7.264853E-02  9.040209E+01 -5.098345E-04  7.264674E-02
  3.172412E+00  2.700000E+02     5  3.183632E-03 -7.996528E+01  5.547316E-04 -3.134930E-03
  3.172412E+00  2.700000E+02     6  5.492401E-08  6.472685E+00  5.457391E-08  6.191558E-09
  3.172412E+00  2.800000E+02     1  1.511165E-01  8.890225E+01  2.895105E-03  1.510888E-01
  3.172412E+00  2.800000E+02     2  8.298530E-01 -9.171103E+01 -2.477832E-02 -8.294830E-01
  3.172412E+00  2.800000E+02     3  1.831351E+00  8.504926E+00  1.811212E+00  2.708467E-01
  3.172412E+00  2.800000E+02     4  7.109451E-02  9.044067E+01 -5.467871E-04  7.109241E-02
  3.172412E+00  2.800000E+02     5  9.522247E-03  8.411855E+01  9.757501E-04  9.472122E-03
  3.172412E+00  2.800000E+02     6  5.482881E-08  7.428984E+00  5.436857E-08  7.089213E-09
  3.172412E+00  2.900000E+02     1  2.927056E-01  8.875533E+01  6.358132E-03  2.926366E-01
  3.172412E+00  2.900000E+02     2  7.925775E-01 -9.172583E+01 -2.387000E-02 -7.922179E-01
  3.172412E+00  2.900000E+02     3  1.831557E+00  8.508306E+00  1.811400E+00  2.709840E-01
  3.172412E+00  2.900000E+02     4  6.735625E-02  9.055459E+01 -6.519565E-04  6.735309E-02
  3.172412E+00  2.900000E+02     5  2.184748E-02  8.638505E+01  1.377505E-03  2.180401E-02
  3.172412E+00  2.900000E+02     6  5.507400E-08  8.375347E+00  5.448664E-08  8.021933E-09
  3.172412E+00  3.000000E+02     1  4.253842E-01  8.870469E+01  9.616032E-03  4.252755E-01
  3.172412E+00  3.000000E+02     2  7.312495E-01 -9.175291E+01 -2.236839E-02 -7.309073E-01
  3.172412E+00  3.000000E+02     3  1.831733E+00  8.513101E+00  1.811551E+00  2.711616E-01
  3.172412E+00  3.000000E+02     4  6.155040E-02  9.076546E+01 -8.222802E-04  6.154491E-02
  3.172412E+00  3.000000E+02     5  3.353524E-02  8.701742E+01  1.744915E-03  3.348982E-02
  3.172412E+00  3.000000E+02     6  5.578104E-08  9.244398E+00  5.505656E-08  8.961004E-09
  3.172412E+00  3.100000E+02     1  5.451212E-01  8.867844E+01  1.257243E-02  5.449762E-01
  3.172412E+00  3.100000E+02     2  6.477293E-01 -9.179762E+01 -2.031876E-02 -6.474105E-01
  3.172412E+00  3.100000E+02     3  1.831857E+00  8.519170E+00  1.811645E+00  2.713719E-01
  3.172412E+00  3.100000E+02     4  5.385971E-02  9.111964E+01 -1.052424E-03  5.384943E-02
  3.172412E+00  3.100000E+02     5  4.422279E-02  8.732339E+01  2.065143E-03  4.417455E-02
  3.172412E+00  3.100000E+02     6  5.682576E-08  1.001046E+01  5.596065E-08  9.877902E-09
  3.172412E+00  3.200000E+02     1  6.482830E-01  8.866197E+01  1.513805E-02  6.481063E-01
  3.172412E+00  3.200000E+02     2  5.445496E-01 -9.187137E+01 -1.778265E-02 -5.442592E-01
  3.172412E+00  3.200000E+02     3  1.831916E+00  8.526329E+00  1.811669E+00  2.716070E-01
  3.172412E+00  3.200000E+02     4  4.452684E-02  9.171812E+01 -1.335017E-03  4.450682E-02
  3.172412E+00  3.200000E+02     5  5.358053E-02  8.750959E+01  2.328195E-03  5.352992E-02
  3.172412E+00  3.200000E+02     6  5.787929E-08  1.069889E+01  5.687314E-08  1.074515E-08
  3.172412E+00  3.300000E+02     1  7.317416E-01  8.865050E+01  1.723332E-02  7.315386E-01
  3.172412E+00  3.300000E+02     2  4.248409E-01 -9.200126E+01 -1.483609E-02 -4.245817E-01
  3.172412E+00  3.300000E+02     3  1.831904E+00  8.534357E+00  1.811619E+00  2.718590E-01
  3.172412E+00  3.300000E+02     4  3.384764E-02  9.281270E+01 -1.660944E-03  3.380686E-02
  3.172412E+00  3.300000E+02     5  6.131744E-02  8.763782E+01  2.527265E-03  6.126534E-02
  3.172412E+00  3.300000E+02     6  5.854972E-08  1.136434E+01  5.740180E-08  1.153706E-08
  3.172412E+00  3.400000E+02     1  7.929680E-01  8.864214E+01  1.879091E-02  7.927453E-01
  3.172412E+00  3.400000E+02     2  2.922387E-01 -9.226849E+01 -1.156748E-02 -2.920097E-01
  3.172412E+00  3.400000E+02     3  1.831826E+00  8.543007E+00  1.811501E+00  2.721209E-01
  3.172412E+00  3.400000E+02     4  2.217068E-02  9.522670E+01 -2.019677E-03  2.207850E-02
  3.172412E+00  3.400000E+02     5  6.719105E-02  8.773216E+01  2.658817E-03  6.713843E-02
  3.172412E+00  3.400000E+02     6  5.855952E-08  1.205518E+01  5.726811E-08  1.223036E-08
  3.172412E+00  3.500000E+02     1  8.301075E-01  8.863612E+01  1.975822E-02  8.298723E-01
  3.172412E+00  3.500000E+02     2  1.507853E-01 -9.306981E+01 -8.074953E-03 -1.505689E-01
  3.172412E+00  3.500000E+02     3  1.831694E+00  8.552012E+00  1.811328E+00  2.723860E-01
  3.172412E+00  3.500000E+02     4  9.971865E-03  1.039243E+02 -2.399629E-03  9.678836E-03
  3.172412E+00  3.500000E+02     5  7.101658E-02  8.780304E+01  2.722402E-03  7.096438E-02
  3.172412E+00  3.500000E+02     6  5.787636E-08  1.278205E+01  5.644211E-08  1.280474E-08
  2.837491E+00  0.000000E+00     1  1.022358E+00  8.755629E+01  4.359110E-02  1.021428E+00
  2.837491E+00  0.000000E+00     2  6.943077E-03 -1.288652E+02 -4.356714E-03 -5.406049E-03
  2.837491E+00  0.000000E+00     3  1.617454E+00  1.209678E+01  1.581538E+00  3.389595E-01
  2.837491E+00  0.000000E+00     4  4.393700E-03 -1.255748E+02 -2.556102E-03 -3.573645E-03
  2.837491E+00  0.000000E+00     5  7.467857E-02  8.645191E+01  4.621578E-03  7.453543E-02
  2.837491E+00  0.000000E+00     6  5.161591E-08  1.828132E+01  4.901074E-08  1.619103E-08
  2.837491E+00  1.000000E+01     1  1.005823E+00  8.755481E+01  4.291204E-02  1.004907E+00
  2.837491E+00  1.000000E+01     2  1.719803E-01  8.889447E+01  3.318185E-03  1.719483E-01
  2.837491E+00  1.000000E+01     3  1.617202E+00  1.210928E+01  1.581218E+00  3.392518E-01
  2.837491E+00  1.000000E+01     4  1.681432E-02 -1.012829E+02 -3.289788E-03 -1.648935E-02
  2.837491E+00  1.000000E+01     5  7.416545E-02  8.650525E+01  4.520903E-03  7.402753E-02
  2.837491E+00  1.000000E+01     6  4.926992E-08  1.960904E+01  4.641249E-08  1.653500E-08
  2.837491E+00  2.000000E+01     1  9.587377E-01  8.755566E+01  4.088899E-02  9.578654E-01
  2.837491E+00  2.000000E+01     2  3.442309E-01  8.820536E+01  1.078034E-02  3.440621E-01
  2.837491E+00  2.000000E+01     3  1.616970E+00  1.212112E+01  1.580921E+00  3.395298E-01
  2.837491E+00  2.000000E+01     4  2.919890E-02 -9.786253E+01 -3.994313E-03 -2.892441E-02
  2.837491E+00  2.000000E+01     5  7.138459E-02  8.653941E+01  4.308918E-03  7.125442E-02
  2.837491E+00  2.000000E+01     6  4.773881E-08  2.047060E+01  4.472419E-08  1.669554E-08
  2.837491E+00  3.000000E+01     1  8.825204E-01  8.755975E+01  3.757548E-02  8.817201E-01
  2.837491E+00  3.000000E+01     2  5.060078E-01  8.798371E+01  1.780318E-02  5.056945E-01
  2.837491E+00  3.000000E+01     3  1.616787E+00  1.213187E+01  1.580679E+00  3.397881E-01
  2.837491E+00  3.000000E+01     4  4.077791E-02 -9.654466E+01 -4.647772E-03 -4.051218E-02
  2.837491E+00  3.000000E+01     5  6.643257E-02  8.655090E+01  3.996701E-03  6.631223E-02
  2.837491E+00  3.000000E+01     6  4.750332E-08  2.053896E+01  4.448372E-08  1.666626E-08
  2.837491E+00  4.000000E+01     1  7.794735E-01  8.756866E+01  3.306693E-02  7.787718E-01
  2.837491E+00  4.000000E+01     2  6.523736E-01  8.787647E+01  2.417312E-02  6.519255E-01
  2.837491E+00  4.000000E+01     3  1.616677E+00  1.214114E+01  1.580516E+00  3.400205E-01
  2.837491E+00  4.000000E+01     4  5.117548E-02 -9.586582E+01 -5.230091E-03 -5.090752E-02
  2.837491E+00  4.000000E+01     5  5.947387E-02  8.653298E+01  3.596623E-03  5.936502E-02
  2.837491E+00  4.000000E+01     6  4.847369E-08  1.983318E+01  4.559845E-08  1.644629E-08
  2.837491E+00  5.000000E+01     1  6.527175E-01  8.758545E+01  2.749861E-02  6.521380E-01
  2.837491E+00  5.000000E+01     2  7.788744E-01  8.781496E+01  2.969610E-02  7.783081E-01
  2.837491E+00  5.000000E+01     3  1.616655E+00  1.214855E+01  1.580450E+00  3.402201E-01
  2.837491E+00  5.000000E+01     4  6.006882E-02 -9.546779E+01 -5.723727E-03 -5.979550E-02
  2.837491E+00  5.000000E+01     5  5.073225E-02  8.647233E+01  3.121582E-03  5.063612E-02
  2.837491E+00  5.000000E+01     6  5.005318E-08  1.869168E+01  4.741322E-08  1.604081E-08
  2.837491E+00  6.000000E+01     1  5.060987E-01  8.761715E+01  2.104189E-02  5.056611E-01
  2.837491E+00  6.000000E+01     2  8.816677E-01  8.777671E+01  3.420347E-02  8.810040E-01
  2.837491E+00  6.000000E+01     3  1.616724E+00  1.215379E+01  1.580487E+00  3.403793E-01
  2.837491E+00  6.000000E+01     4  6.717963E-02 -9.522189E+01 -6.114227E-03 -6.690081E-02
  2.837491E+00  6.000000E+01     5  4.048074E-02  8.633950E+01  2.584463E-03  4.039815E-02
  2.837491E+00  6.000000E+01     6  5.141243E-08  1.750162E+01  4.903247E-08  1.546141E-08
  2.837491E+00  7.000000E+01     1  3.440740E-01  8.768491E+01  1.389886E-02  3.437932E-01
  2.837491E+00  7.000000E+01     2  9.576366E-01  8.775236E+01  3.755721E-02  9.568998E-01
  2.837491E+00  7.000000E+01     3  1.616882E+00  1.215663E+01  1.580624E+00  3.404910E-01
  2.837491E+00  7.000000E+01     4  7.228064E-02 -9.507236E+01 -6.390608E-03 -7.199758E-02
  2.837491E+00  7.000000E+01     5  2.903148E-02  8.605390E+01  1.997890E-03  2.896266E-02
  2.837491E+00  7.000000E+01     6  5.187789E-08  1.649048E+01  4.974399E-08  1.472585E-08
  2.837491E+00  8.000000E+01     1  1.715756E-01  8.789720E+01  6.295550E-03  1.714601E-01
  2.837491E+00  8.000000E+01     2  1.004483E+00  8.773753E+01  3.965427E-02  1.003700E+00
  2.837491E+00  8.000000E+01     3  1.617112E+00  1.215697E+01  1.580847E+00  3.405488E-01
  2.837491E+00  8.000000E+01     4  7.520428E-02 -9.499317E+01 -6.545553E-03 -7.491889E-02
  2.837491E+00  8.000000E+01     5  1.672703E-02  8.528738E+01  1.374259E-03  1.667049E-02
  2.837491E+00  8.000000E+01     6  5.125441E-08  1.568613E+01  4.934555E-08  1.385752E-08
  2.837491E+00  9.000000E+01     1  6.278300E-03 -1.040686E+02 -1.526152E-03 -6.089985E-03
  2.837491E+00  9.000000E+01     2  1.020795E+00  8.773014E+01  4.042979E-02  1.019994E+00
  2.837491E+00  9.000000E+01     3  1.617390E+00  1.215484E+01  1.581132E+00  3.405485E-01
  2.837491E+00  9.000000E+01     4  7.585057E-02 -9.497320E+01 -6.575470E-03 -7.556502E-02
  2.837491E+00  9.000000E+01     5  3.950418E-03  7.940990E+01  7.260137E-04  3.883131E-03
  2.837491E+00  9.000000E+01     6  4.991403E-08  1.495913E+01  4.822246E-08  1.288431E-08
  2.837491E+00  1.000000E+02     1  1.836858E-01 -9.290751E+01 -9.317258E-03 -1.834494E-01
  2.837491E+00  1.000000E+02     2  1.006086E+00  8.772946E+01  3.985913E-02  1.005296E+00
  2.837491E+00  1.000000E+02     3  1.617683E+00  1.215041E+01  1.581444E+00  3.404878E-01
  2.837491E+00  1.000000E+02     4  7.419286E-02 -9.501095E+01 -6.480465E-03 -7.390930E-02
  2.837491E+00  1.000000E+02     5  9.025301E-03 -8.958050E+01  6.608028E-05 -9.025059E-03
  2.837491E+00  1.000000E+02     6  4.860519E-08  1.409562E+01  4.714172E-08  1.183735E-08
  2.837491E+00  1.100000E+02     1  3.556173E-01 -9.271274E+01 -1.683084E-02 -3.552188E-01
  2.837491E+00  1.100000E+02     2  9.608062E-01  8.773582E+01  3.795863E-02  9.600561E-01
  2.837491E+00  1.100000E+02     3  1.617954E+00  1.214398E+01  1.581747E+00  3.403674E-01
  2.837491E+00  1.100000E+02     4  7.028054E-02 -9.511367E+01 -6.264244E-03 -7.000081E-02
  2.837491E+00  1.100000E+02     5  2.168247E-02 -9.156362E+01 -5.916491E-04 -2.167440E-02
  2.837491E+00  1.100000E+02     6  4.807931E-08  1.291955E+01  4.686218E-08  1.074971E-08
  2.837491E+00  1.200000E+02     1  5.167241E-01 -9.264338E+01 -2.383094E-02 -5.161743E-01
  2.837491E+00  1.200000E+02     2  8.863309E-01  8.775078E+01  3.478509E-02  8.856481E-01
  2.837491E+00  1.200000E+02     3  1.618166E+00  1.213595E+01  1.582002E+00  3.401902E-01
  2.837491E+00  1.200000E+02     4  6.423789E-02 -9.530025E+01 -5.933970E-03 -6.396323E-02
  2.837491E+00  1.200000E+02     5  3.371050E-02 -9.209430E+01 -1.231925E-03 -3.368798E-02
  2.837491E+00  1.200000E+02     6  4.871340E-08  1.143181E+01  4.774699E-08  9.655076E-09
  2.837491E+00  1.300000E+02     1  6.621119E-01 -9.260567E+01 -3.010084E-02 -6.614273E-01
  2.837491E+00  1.300000E+02     2  7.849159E-01  8.777788E+01  3.043405E-02  7.843256E-01
  2.837491E+00  1.300000E+02     3  1.618288E+00  1.212674E+01  1.582176E+00  3.399617E-01
  2.837491E+00  1.300000E+02     4  5.625939E-02 -9.561030E+01 -5.500023E-03 -5.598989E-02
  2.837491E+00  1.300000E+02     5  4.473885E-02 -9.235449E+01 -1.837967E-03 -4.470108E-02
  2.837491E+00  1.300000E+02     6  5.030203E-08  9.828662E+00  4.956373E-08  8.586678E-09
  2.837491E+00  1.400000E+02     1  7.873713E-01 -9.258052E+01 -3.545015E-02 -7.865729E-01
  2.837491E+00  1.400000E+02     2  6.596322E-01  8.782476E+01  2.503704E-02  6.591568E-01
  2.837491E+00  1.400000E+02     3  1.618300E+00  1.211677E+01  1.582248E+00  3.396890E-01
  2.837491E+00  1.400000E+02     4  4.660169E-02 -9.612915E+01 -4.975657E-03 -4.633530E-02
  2.837491E+00  1.400000E+02     5  5.442478E-02 -9.251858E+01 -2.391611E-03 -5.437221E-02
  2.837491E+00  1.400000E+02     6  5.212294E-08  8.357777E+00  5.156938E-08  7.576275E-09
  2.837491E+00  1.500000E+02     1  8.887091E-01 -9.256167E+01 -3.972050E-02 -8.878210E-01
  2.837491E+00  1.500000E+02     2  5.142757E-01  8.790971E+01  1.875784E-02  5.139335E-01
  2.837491E+00  1.500000E+02     3  1.618197E+00  1.210638E+01  1.582208E+00  3.393805E-01
  2.837491E+00  1.500000E+02     4  3.557435E-02 -9.706672E+01 -4.376537E-03 -3.530411E-02
  2.837491E+00  1.500000E+02     5  6.246151E-02 -9.263709E+01 -2.873836E-03 -6.239536E-02
  2.837491E+00  1.500000E+02     6  5.326038E-08  7.176203E+00  5.284318E-08  6.653348E-09
  2.837491E+00  1.600000E+02     1  9.630596E-01 -9.254655E+01 -4.278968E-02 -9.621085E-01
  2.837491E+00  1.600000E+02     2  3.532556E-01  8.808774E+01  1.178778E-02  3.530589E-01
  2.837491E+00  1.600000E+02     3  1.617988E+00  1.209584E+01  1.582067E+00  3.390455E-01
  2.837491E+00  1.600000E+02     4  2.353469E-02 -9.909503E+01 -3.720186E-03 -2.323880E-02
  2.837491E+00  1.600000E+02     5  6.859043E-02 -9.272893E+01 -3.265648E-03 -6.851265E-02
  2.837491E+00  1.600000E+02     6  5.303653E-08  6.326670E+00  5.271352E-08  5.844464E-09
  2.837491E+00  1.700000E+02     1  1.008174E+00 -9.253403E+01 -4.457420E-02 -1.007188E+00
  2.837491E+00  1.700000E+02     2  1.814688E-01  8.862955E+01  4.340120E-03  1.814169E-01
  2.837491E+00  1.700000E+02     3  1.617697E+00  1.208533E+01  1.581844E+00  3.386942E-01
  2.837491E+00  1.700000E+02     4  1.093407E-02 -1.060631E+02 -3.025414E-03 -1.050718E-02
  2.837491E+00  1.700000E+02     5  7.261274E-02 -9.280169E+01 -3.549259E-03 -7.252594E-02
  2.837491E+00  1.700000E+02     6  5.134096E-08  5.782595E+00  5.107970E-08  5.172810E-09
  2.837491E+00  1.800000E+02     1  1.022687E+00 -9.252364E+01 -4.503046E-02 -1.021695E+00
  2.837491E+00  1.800000E+02     2  5.395394E-03  1.284685E+02 -3.356393E-03  4.224323E-03
  2.837491E+00  1.800000E+02     3  1.617356E+00  1.207499E+01  1.581571E+00  3.383373E-01
  2.837491E+00  1.800000E+02     4  3.411766E-03  1.326562E+02 -2.311805E-03  2.509124E-03
  2.837491E+00  1.800000E+02     5  7.439865E-02 -9.285787E+01 -3.709416E-03 -7.430612E-02
  2.837491E+00  1.800000E+02     6  4.870042E-08  5.488347E+00  4.847716E-08  4.657869E-09
  2.837491E+00  1.900000E+02     1  1.006155E+00 -9.251520E+01 -4.415461E-02 -1.005186E+00
  2.837491E+00  1.900000E+02     2  1.734811E-01 -9.365687E+01 -1.106483E-02 -1.731278E-01
  2.837491E+00  1.900000E+02     3  1.617002E+00  1.206494E+01  1.581284E+00  3.379862E-01
  2.837491E+00  1.900000E+02     4  1.550754E-02  9.591950E+01 -1.599310E-03  1.542485E-02
  2.837491E+00  1.900000E+02     5  7.389328E-02 -9.289709E+01 -3.734734E-03 -7.379884E-02
  2.837491E+00  1.900000E+02     6  4.605611E-08  5.376092E+00  4.585351E-08  4.315129E-09
  2.837491E+00  2.000000E+02     1  9.590721E-01 -9.250881E+01 -4.198149E-02 -9.581528E-01
  2.837491E+00  2.000000E+02     2  3.457381E-01 -9.307522E+01 -1.854782E-02 -3.452402E-01
  2.837491E+00  2.000000E+02     3  1.616672E+00  1.205535E+01  1.581019E+00  3.376526E-01
  2.837491E+00  2.000000E+02     4  2.787475E-02  9.186659E+01 -9.079458E-04  2.785996E-02
  2.837491E+00  2.000000E+02     5  7.111834E-02 -9.291676E+01 -3.618862E-03 -7.102620E-02
  2.837491E+00  2.000000E+02     6  4.435196E-08  5.376416E+00  4.415684E-08  4.155713E-09
  2.837491E+00  2.100000E+02     1  8.828559E-01 -9.250474E+01 -3.858263E-02 -8.820125E-01
  2.837491E+00  2.100000E+02     2  5.075170E-01 -9.288855E+01 -2.557551E-02 -5.068722E-01
  2.837491E+00  2.100000E+02     3  1.616401E+00  1.204640E+01  1.580806E+00  3.373489E-01
  2.837491E+00  2.100000E+02     4  3.944864E-02  9.037406E+01 -2.575409E-04  3.944780E-02
  2.837491E+00  2.100000E+02     5  6.616972E-02 -9.291180E+01 -3.361332E-03 -6.608429E-02
  2.837491E+00  2.100000E+02     6  4.412428E-08  5.443576E+00  4.392528E-08  4.185870E-09
  2.837491E+00  2.200000E+02     1  7.798091E-01 -9.250359E+01 -3.406364E-02 -7.790648E-01
  2.837491E+00  2.200000E+02     2  6.538841E-01 -9.279922E+01 -3.193319E-02 -6.531039E-01
  2.837491E+00  2.200000E+02     3  1.616213E+00  1.203831E+01  1.580669E+00  3.370865E-01
  2.837491E+00  2.200000E+02     4  4.984434E-02  8.961771E+01  3.325663E-04  4.984323E-02
  2.837491E+00  2.200000E+02     5  5.921155E-02 -9.287318E+01 -2.968003E-03 -5.913712E-02
  2.837491E+00  2.200000E+02     6  4.528085E-08  5.584401E+00  4.506594E-08  4.406367E-09
  2.837491E+00  2.300000E+02     1  6.530520E-01 -9.250660E+01 -2.856091E-02 -6.524271E-01
  2.837491E+00  2.300000E+02     2  7.803862E-01 -9.274902E+01 -3.742812E-02 -7.794881E-01
  2.837491E+00  2.300000E+02     3  1.616126E+00  1.203135E+01  1.580625E+00  3.368764E-01
  2.837491E+00  2.300000E+02     4  5.873738E-02  8.917671E+01  8.439705E-04  5.873132E-02
  2.837491E+00  2.300000E+02     5  5.046759E-02 -9.278376E+01 -2.451040E-03 -5.040804E-02
  2.837491E+00  2.300000E+02     6  4.716894E-08  5.855215E+00  4.692285E-08  4.811940E-09
  2.837491E+00  2.400000E+02     1  5.064308E-01 -9.251672E+01 -2.223783E-02 -5.059424E-01
  2.837491E+00  2.400000E+02     2  8.831806E-01 -9.271896E+01 -4.189544E-02 -8.821864E-01
  2.837491E+00  2.400000E+02     3  1.616147E+00  1.202578E+01  1.580679E+00  3.367271E-01
  2.837491E+00  2.400000E+02     4  6.584877E-02  8.890374E+01  1.259826E-03  6.583672E-02
  2.837491E+00  2.400000E+02     5  4.021126E-02 -9.260617E+01 -1.828427E-03 -4.016966E-02
  2.837491E+00  2.400000E+02     6  4.889725E-08  6.329831E+00  4.859915E-08  5.391009E-09
  2.837491E+00  2.500000E+02     1  3.444026E-01 -9.254293E+01 -1.528041E-02 -3.440634E-01
  2.837491E+00  2.500000E+02     2  9.591509E-01 -9.270123E+01 -4.520269E-02 -9.580851E-01
  2.837491E+00  2.500000E+02     3  1.616274E+00  1.202183E+01  1.580827E+00  3.366446E-01
  2.837491E+00  2.500000E+02     4  7.095083E-02  8.873558E+01  1.565632E-03  7.093355E-02
  2.837491E+00  2.500000E+02     5  2.875554E-02 -9.223832E+01 -1.123082E-03 -2.873360E-02
  2.837491E+00  2.500000E+02     6  4.975938E-08  7.071570E+00  4.938087E-08  6.125831E-09
  2.837491E+00  2.600000E+02     1  1.718989E-01 -9.263154E+01 -7.892388E-03 -1.717176E-01
  2.837491E+00  2.600000E+02     2  1.005999E+00 -9.269225E+01 -4.725313E-02 -1.004888E+00
  2.837491E+00  2.600000E+02     3  1.616493E+00  1.201970E+01  1.581053E+00  3.366315E-01
  2.837491E+00  2.600000E+02     4  7.387563E-02  8.864257E+01  1.750066E-03  7.385490E-02
  2.837491E+00  2.600000E+02     5  1.644475E-02 -9.126015E+01 -3.616535E-04 -1.644077E-02
  2.837491E+00  2.600000E+02     6  4.955948E-08  8.111839E+00  4.906361E-08  6.993130E-09
  2.837491E+00  2.700000E+02     1  5.852573E-03  9.283867E+01 -2.898417E-04  5.845391E-03
  2.837491E+00  2.700000E+02     2  1.022312E+00 -9.269048E+01 -4.798788E-02 -1.021185E+00
  2.837491E+00  2.700000E+02     3  1.616780E+00  1.201954E+01  1.581335E+00  3.366867E-01
  2.837491E+00  2.700000E+02     4  7.452291E-02  8.861154E+01  1.805746E-03  7.450103E-02
  2.837491E+00  2.700000E+02     5  3.677600E-03 -8.333423E+01  4.268860E-04 -3.652740E-03
  2.837491E+00  2.700000E+02     6  4.868620E-08  9.416006E+00  4.803023E-08  7.965139E-09
  2.837491E+00  2.800000E+02     1  1.833619E-01  8.771691E+01  7.304570E-03  1.832164E-01
  2.837491E+00  2.800000E+02     2  1.007604E+00 -9.269559E+01 -4.738709E-02 -1.006489E+00
  2.837491E+00  2.800000E+02     3  1.617101E+00  1.202143E+01  1.581637E+00  3.368057E-01
  2.837491E+00  2.800000E+02     4  7.286581E-02  8.863973E+01  1.729759E-03  7.284527E-02
  2.837491E+00  2.800000E+02     5  9.335176E-03  8.253546E+01  1.212757E-03  9.256064E-03
  2.837491E+00  2.800000E+02     6  4.790018E-08  1.084294E+01  4.704499E-08  9.010861E-09
  2.837491E+00  2.900000E+02     1  3.552976E-01  8.763401E+01  1.466762E-02  3.549947E-01
  2.837491E+00  2.900000E+02     2  9.623249E-01 -9.270825E+01 -4.547014E-02 -9.612501E-01
  2.837491E+00  2.900000E+02     3  1.617418E+00  1.202538E+01  1.581924E+00  3.369809E-01
  2.837491E+00  2.900000E+02     4  6.895356E-02  8.873364E+01  1.523899E-03  6.893672E-02
  2.837491E+00  2.900000E+02     5  2.199400E-02  8.486928E+01  1.966887E-03  2.190588E-02
  2.837491E+00  2.900000E+02     6  4.793933E-08  1.215919E+01  4.686386E-08  1.009739E-08
  2.837491E+00  3.000000E+02     1  5.164064E-01  8.760480E+01  2.158161E-02  5.159552E-01
  2.837491E+00  3.000000E+02     2  8.878502E-01 -9.273047E+01 -4.229504E-02 -8.868422E-01
  2.837491E+00  3.000000E+02     3  1.617692E+00  1.203135E+01  1.582157E+00  3.372029E-01
  2.837491E+00  3.000000E+02     4  6.291040E-02  8.891199E+01  1.194560E-03  6.289906E-02
  2.837491E+00  3.000000E+02     5  3.402406E-02  8.551207E+01  2.662349E-03  3.391974E-02
  2.837491E+00  3.000000E+02     6  4.913838E-08  1.316452E+01  4.784703E-08  1.119117E-08
  2.837491E+00  3.100000E+02     1  6.617947E-01  8.758897E+01  2.784032E-02  6.612089E-01
  2.837491E+00  3.100000E+02     2  7.864356E-01 -9.276643E+01 -3.795697E-02 -7.855191E-01
  2.837491E+00  3.100000E+02     3  1.617891E+00  1.203920E+01  1.582305E+00  3.374610E-01
  2.837491E+00  3.100000E+02     4  5.493078E-02  8.921520E+01  7.523797E-04  5.492563E-02
  2.837491E+00  3.100000E+02     5  4.505213E-02  8.583050E+01  3.275615E-03  4.493289E-02
  2.837491E+00  3.100000E+02     6  5.124697E-08  1.384023E+01  4.975910E-08  1.225906E-08
  2.837491E+00  3.200000E+02     1  7.870535E-01  8.757840E+01  3.325486E-02  7.863506E-01
  2.837491E+00  3.200000E+02     2  6.611523E-01 -9.282504E+01 -3.258575E-02 -6.603488E-01
  2.837491E+00  3.200000E+02     3  1.617991E+00  1.204871E+01  1.582347E+00  3.377446E-01
  2.837491E+00  3.200000E+02     4  4.527144E-02  8.973209E+01  2.116820E-04  4.527094E-02
  2.837491E+00  3.200000E+02     5  5.473504E-02  8.603206E+01  3.787567E-03  5.460383E-02
  2.837491E+00  3.200000E+02     6  5.352506E-08  1.435384E+01  5.185417E-08  1.326937E-08
  2.837491E+00  3.300000E+02     1  8.883894E-01  8.757049E+01  3.765904E-02  8.875908E-01
  2.837491E+00  3.300000E+02     2  5.157964E-01 -9.292745E+01 -2.634246E-02 -5.151233E-01
  2.837491E+00  3.300000E+02     3  1.617984E+00  1.205960E+01  1.582276E+00  3.380438E-01
  2.837491E+00  3.300000E+02     4  3.424214E-02  9.068630E+01 -4.101475E-04  3.423968E-02
  2.837491E+00  3.300000E+02     5  6.276620E-02  8.617767E+01  4.184174E-03  6.262658E-02
  2.837491E+00  3.300000E+02     6  5.506911E-08  1.493505E+01  5.320880E-08  1.419263E-08
  2.837491E+00  3.400000E+02     1  9.627371E-01  8.756431E+01  4.091448E-02  9.618673E-01
  2.837491E+00  3.400000E+02     2  3.547777E-01 -9.313701E+01 -1.941479E-02 -3.542461E-01
  2.837491E+00  3.400000E+02     3  1.617877E+00  1.207151E+01  1.582101E+00  3.383504E-01
  2.837491E+00  3.400000E+02     4  2.220125E-02  9.282269E+01 -1.093306E-03  2.217432E-02
  2.837491E+00  3.400000E+02     5  6.888762E-02  8.629057E+01  4.456795E-03  6.874330E-02
  2.837491E+00  3.400000E+02     6  5.522566E-08  1.576266E+01  5.314891E-08  1.500222E-08
  2.837491E+00  3.500000E+02     1  1.007849E+00  8.755956E+01  4.291510E-02  1.006934E+00
  2.837491E+00  3.500000E+02     2  1.829959E-01 -9.376353E+01 -1.201163E-02 -1.826013E-01
  2.837491E+00  3.500000E+02     3  1.617690E+00  1.208404E+01  1.581845E+00  3.386574E-01
  2.837491E+00  3.500000E+02     4  9.615744E-03  1.008873E+02 -1.816204E-03  9.442666E-03
  2.837491E+00  3.500000E+02     5  7.290133E-02  8.638065E+01  4.602090E-03  7.275593E-02
  2.837491E+00  3.500000E+02     6  5.390119E-08  1.690633E+01  5.157166E-08  1.567489E-08
  2.590263E+00  0.000000E+00     1  1.181474E+00  8.626887E+01  7.688380E-02  1.178970E+00
  2.590263E+00  0.000000E+00     2  7.468007E-03 -1.260082E+02 -4.390446E-03 -6.041118E-03
  2.590263E+00  0.000000E+00     3  1.433874E+00  1.584680E+01  1.379380E+00  3.915423E-01
  2.590263E+00  0.000000E+00     4  4.675915E-03 -1.206261E+02 -2.382065E-03 -4.023673E-03
  2.590263E+00  0.000000E+00     5  7.169193E-02  8.439802E+01  6.998370E-03  7.134953E-02
  2.590263E+00  0.000000E+00     6  4.742043E-08  2.306752E+01  4.362888E-08  1.858006E-08
  2.590263E+00  1.000000E+01     1  1.162418E+00  8.626800E+01  7.566135E-02  1.159953E+00
  2.590263E+00  1.000000E+01     2  1.989146E-01  8.739303E+01  9.047546E-03  1.987087E-01
  2.590263E+00  1.000000E+01     3  1.433544E+00  1.586382E+01  1.378947E+00  3.918620E-01
  2.590263E+00  1.000000E+01     4  1.671832E-02 -1.022310E+02 -3.541835E-03 -1.633884E-02
  2.590263E+00  1.000000E+01     5  7.127504E-02  8.447998E+01  6.856204E-03  7.094451E-02
  2.590263E+00  1.000000E+01     6  4.326634E-08  2.597177E+01  3.889687E-08  1.894755E-08
  2.590263E+00  2.000000E+01     1  1.108065E+00  8.626924E+01  7.209961E-02  1.105717E+00
  2.590263E+00  2.000000E+01     2  3.980179E-01  8.681559E+01  2.210983E-02  3.974033E-01
  2.590263E+00  2.000000E+01     3  1.433244E+00  1.587992E+01  1.378547E+00  3.921673E-01
  2.590263E+00  2.000000E+01     4  2.856669E-02 -9.938146E+01 -4.656561E-03 -2.818460E-02
  2.590263E+00  2.000000E+01     5  6.866625E-02  8.454100E+01  6.532463E-03  6.835482E-02
  2.590263E+00  2.000000E+01     6  4.073044E-08  2.798756E+01  3.596699E-08  1.911397E-08
  2.590263E+00  3.000000E+01     1  1.020045E+00  8.627364E+01  6.629412E-02  1.017889E+00
  2.590263E+00  3.000000E+01     2  5.849984E-01  8.662903E+01  3.439821E-02  5.839862E-01
  2.590263E+00  3.000000E+01     3  1.433011E+00  1.589449E+01  1.378223E+00  3.924540E-01
  2.590263E+00  3.000000E+01     4  3.963091E-02 -9.825790E+01 -5.692148E-03 -3.922000E-02
  2.590263E+00  3.000000E+01     5  6.396524E-02  8.457824E+01  6.043847E-03  6.367907E-02
  2.590263E+00  3.000000E+01     6  4.062287E-08  2.800051E+01  3.586769E-08  1.907160E-08
  2.590263E+00  4.000000E+01     1  9.010106E-01  8.628294E+01  5.841194E-02  8.991152E-01
  2.590263E+00  4.000000E+01     2  7.541499E-01  8.653817E+01  4.553830E-02  7.527737E-01
  2.590263E+00  4.000000E+01     3  1.432876E+00  1.590692E+01  1.378008E+00  3.927160E-01
  2.590263E+00  4.000000E+01     4  4.956487E-02 -9.767189E+01 -6.616908E-03 -4.912121E-02
  2.590263E+00  4.000000E+01     5  5.733858E-02  8.458608E+01  5.409905E-03  5.708280E-02
  2.590263E+00  4.000000E+01     6  4.273229E-08  2.612827E+01  3.836550E-08  1.881854E-08
  2.590263E+00  5.000000E+01     1  7.545599E-01  8.630040E+01  4.868820E-02  7.529875E-01
  2.590263E+00  5.000000E+01     2  9.003243E-01  8.648549E+01  5.519105E-02  8.986310E-01
  2.590263E+00  5.000000E+01     3  1.432856E+00  1.591668E+01  1.377922E+00  3.929454E-01
  2.590263E+00  5.000000E+01     4  5.806228E-02 -9.732488E+01 -7.402665E-03 -5.758845E-02
  2.590263E+00  5.000000E+01     5  4.900859E-02  8.455351E+01  4.651702E-03  4.878733E-02
  2.590263E+00  5.000000E+01     6  4.593642E-08  2.355807E+01  4.210787E-08  1.835979E-08
  2.590263E+00  6.000000E+01     1  5.851337E-01  8.633336E+01  3.742003E-02  5.839360E-01
  2.590263E+00  6.000000E+01     2  1.019083E+00  8.645215E+01  6.306295E-02  1.017130E+00
  2.590263E+00  6.000000E+01     3  1.432958E+00  1.592330E+01  1.377976E+00  3.931326E-01
  2.590263E+00  6.000000E+01     4  6.485357E-02 -9.710868E+01 -8.025743E-03 -6.435505E-02
  2.590263E+00  6.000000E+01     5  3.924105E-02  8.445644E+01  3.790785E-03  3.905752E-02
  2.590263E+00  6.000000E+01     6  4.861689E-08  2.136038E+01  4.527729E-08  1.770787E-08
  2.590263E+00  7.000000E+01     1  3.978825E-01  8.640370E+01  2.495762E-02  3.970990E-01
  2.590263E+00  7.000000E+01     2  1.106831E+00  8.643027E+01  6.891491E-02  1.104683E+00
  2.590263E+00  7.000000E+01     3  1.433177E+00  1.592644E+01  1.378164E+00  3.932681E-01
  2.590263E+00  7.000000E+01     4  6.971438E-02 -9.697656E+01 -8.467736E-03 -6.919821E-02
  2.590263E+00  7.000000E+01     5  2.833376E-02  8.423000E+01  2.848544E-03  2.819021E-02
  2.590263E+00  7.000000E+01     6  4.942111E-08  1.997516E+01  4.644797E-08  1.688288E-08
  2.590263E+00  8.000000E+01     1  1.985106E-01  8.662317E+01  1.169281E-02  1.981659E-01
  2.590263E+00  8.000000E+01     2  1.160918E+00  8.641609E+01  7.256927E-02  1.158648E+00
  2.590263E+00  8.000000E+01     3  1.433493E+00  1.592595E+01  1.378471E+00  3.933428E-01
  2.590263E+00  8.000000E+01     4  7.247630E-02 -9.690713E+01 -8.716027E-03 -7.195029E-02
  2.590263E+00  8.000000E+01     5  1.660760E-02  8.361797E+01  1.846056E-03  1.650468E-02
  2.590263E+00  8.000000E+01     6  4.796054E-08  1.937596E+01  4.524414E-08  1.591164E-08
  2.590263E+00  9.000000E+01     1  7.074468E-03 -1.060395E+02 -1.954677E-03 -6.799069E-03
  2.590263E+00  9.000000E+01     2  1.179721E+00  8.640780E+01  7.391502E-02  1.177403E+00
  2.590263E+00  9.000000E+01     3  1.433873E+00  1.592193E+01  1.378864E+00  3.933504E-01
  2.590263E+00  9.000000E+01     4  7.303700E-02 -9.689182E+01 -8.764086E-03 -7.250926E-02
  2.590263E+00  9.000000E+01     5  4.409708E-03  7.949004E+01  8.043589E-04  4.335727E-03
  2.590263E+00  9.000000E+01     6  4.500530E-08  1.923448E+01  4.249302E-08  1.482632E-08
  2.590263E+00  1.000000E+02     1  2.121174E-01 -9.420468E+01 -1.555239E-02 -2.115465E-01
  2.590263E+00  1.000000E+02     2  1.162683E+00  8.640467E+01  7.291085E-02  1.160394E+00
  2.590263E+00  1.000000E+02     3  1.434273E+00  1.591475E+01  1.379299E+00  3.932875E-01
  2.590263E+00  1.000000E+02     4  7.136793E-02 -9.693046E+01 -8.611581E-03 -7.084647E-02
  2.590263E+00  1.000000E+02     5  7.975146E-03 -9.183178E+01 -2.549264E-04 -7.971070E-03
  2.590263E+00  1.000000E+02     6  4.208292E-08  1.894498E+01  3.980332E-08  1.366264E-08
  2.590263E+00  1.100000E+02     1  4.108394E-01 -9.400173E+01 -2.867109E-02 -4.098377E-01
  2.590263E+00  1.100000E+02     2  1.110328E+00  8.640682E+01  6.958612E-02  1.108145E+00
  2.590263E+00  1.100000E+02     3  1.434643E+00  1.590501E+01  1.379721E+00  3.931543E-01
  2.590263E+00  1.100000E+02     4  6.751828E-02 -9.703072E+01 -8.264339E-03 -6.701058E-02
  2.590263E+00  1.100000E+02     5  2.010594E-02 -9.373244E+01 -1.308843E-03 -2.006329E-02
  2.590263E+00  1.100000E+02     6  4.072296E-08  1.781388E+01  3.877051E-08  1.245821E-08
  2.590263E+00  1.200000E+02     1  5.970420E-01 -9.392812E+01 -4.090033E-02 -5.956394E-01
  2.590263E+00  1.200000E+02     2  1.024245E+00  8.641530E+01  6.403985E-02  1.022241E+00
  2.590263E+00  1.200000E+02     3  1.434929E+00  1.589346E+01  1.380075E+00  3.929546E-01
  2.590263E+00  1.200000E+02     4  6.161409E-02 -9.721109E+01 -7.734121E-03 -6.112675E-02
  2.590263E+00  1.200000E+02     5  3.167243E-02 -9.422325E+01 -2.332448E-03 -3.158643E-02
  2.590263E+00  1.200000E+02     6  4.173145E-08  1.564065E+01  4.018620E-08  1.125093E-08
  2.590263E+00  1.300000E+02     1  7.650691E-01 -9.388697E+01 -5.186275E-02 -7.633092E-01
  2.590263E+00  1.300000E+02     2  9.070365E-01  8.643262E+01  5.643785E-02  9.052790E-01
  2.590263E+00  1.300000E+02     3  1.435087E+00  1.588088E+01  1.380314E+00  3.926949E-01
  2.590263E+00  1.300000E+02     4  5.385259E-02 -9.750967E+01 -7.038184E-03 -5.339069E-02
  2.590263E+00  1.300000E+02     5  4.231982E-02 -9.447033E+01 -3.298529E-03 -4.219108E-02
  2.590263E+00  1.300000E+02     6  4.477621E-08  1.300693E+01  4.362738E-08  1.007773E-08
  2.590263E+00  1.400000E+02     1  9.098293E-01 -9.385860E+01 -6.122637E-02 -9.077669E-01
  2.590263E+00  1.400000E+02     2  7.622462E-01  8.646429E+01  4.700817E-02  7.607953E-01
  2.590263E+00  1.400000E+02     3  1.435090E+00  1.586795E+01  1.380405E+00  3.923838E-01
  2.590263E+00  1.400000E+02     4  4.449229E-02 -9.800836E+01 -6.198561E-03 -4.405839E-02
  2.590263E+00  1.400000E+02     5  5.171248E-02 -9.463399E+01 -4.177865E-03 -5.154344E-02
  2.590263E+00  1.400000E+02     6  4.846045E-08  1.067103E+01  4.762241E-08  8.973408E-09
  2.590263E+00  1.500000E+02     1  1.026946E+00 -9.383660E+01 -6.871426E-02 -1.024644E+00
  2.590263E+00  1.500000E+02     2  5.942539E-01  8.652349E+01  3.603510E-02  5.931603E-01
  2.590263E+00  1.500000E+02     3  1.434928E+00  1.585514E+01  1.380337E+00  3.920311E-01
  2.590263E+00  1.500000E+02     4  3.384101E-02 -9.890951E+01 -5.241104E-03 -3.343269E-02
  2.590263E+00  1.500000E+02     5  5.954399E-02 -9.475908E+01 -4.940136E-03 -5.933871E-02
  2.590263E+00  1.500000E+02     6  5.094696E-08  8.999859E+00  5.031973E-08  7.969736E-09
  2.590263E+00  1.600000E+02     1  1.112882E+00 -9.381839E+01 -7.411153E-02 -1.110412E+00
  2.590263E+00  1.600000E+02     2  4.081497E-01  8.664984E+01  2.385148E-02  4.074522E-01
  2.590263E+00  1.600000E+02     3  1.434619E+00  1.584272E+01  1.380124E+00  3.916474E-01
  2.590263E+00  1.600000E+02     4  2.224774E-02 -1.008670E+02 -4.194379E-03 -2.184878E-02
  2.590263E+00  1.600000E+02     5  6.555188E-02 -9.486158E+01 -5.555439E-03 -6.531605E-02
  2.590263E+00  1.600000E+02     6  5.084631E-08  8.020898E+00  5.034890E-08  7.094804E-09
  2.590263E+00  1.700000E+02     1  1.165047E+00 -9.380283E+01 -7.726962E-02 -1.162482E+00
  2.590263E+00  1.700000E+02     2  2.095865E-01  8.703823E+01  1.082927E-02  2.093065E-01
  2.590263E+00  1.700000E+02     3  1.434195E+00  1.583076E+01  1.379798E+00  3.912436E-01
  2.590263E+00  1.700000E+02     4  1.014214E-02 -1.077299E+02 -3.088593E-03 -9.660413E-03
  2.590263E+00  1.700000E+02     5  6.953202E-02 -9.494716E+01 -5.996231E-03 -6.927299E-02
  2.590263E+00  1.700000E+02     6  4.789792E-08  7.645729E+00  4.747209E-08  6.372697E-09
  2.590263E+00  1.800000E+02     1  1.181862E+00 -9.378940E+01 -7.810844E-02 -1.179278E+00
  2.590263E+00  1.800000E+02     2  5.427797E-03  1.190014E+02 -2.631561E-03  4.747196E-03
  2.590263E+00  1.800000E+02     3  1.433705E+00  1.581920E+01  1.379406E+00  3.908317E-01
  2.590263E+00  1.800000E+02     4  3.391367E-03  1.251967E+02 -1.954734E-03  2.771350E-03
  2.590263E+00  1.800000E+02     5  7.135037E-02 -9.501683E+01 -6.239469E-03 -7.107703E-02
  2.590263E+00  1.800000E+02     6  4.311550E-08  7.762423E+00  4.272042E-08  5.823428E-09
  2.590263E+00  1.900000E+02     1  1.162814E+00 -9.377789E+01 -7.661643E-02 -1.160287E+00
  2.590263E+00  1.900000E+02     2  2.006461E-01 -9.460696E+01 -1.611590E-02 -1.999979E-01
  2.590263E+00  1.900000E+02     3  1.433201E+00  1.580798E+01  1.378997E+00  3.904244E-01
  2.590263E+00  1.900000E+02     4  1.510907E-02  9.312631E+01 -8.240092E-04  1.508659E-02
  2.590263E+00  1.900000E+02     5  7.095026E-02 -9.506885E+01 -6.268649E-03 -7.067279E-02
  2.590263E+00  1.900000E+02     6  3.833888E-08  8.192032E+00  3.794767E-08  5.462956E-09
  2.590263E+00  2.000000E+02     1  1.108467E+00 -9.376824E+01 -7.284926E-02 -1.106070E+00
  2.590263E+00  2.000000E+02     2  3.997578E-01 -9.418992E+01 -2.920743E-02 -3.986894E-01
  2.590263E+00  2.000000E+02     3  1.432734E+00  1.579711E+01  1.378622E+00  3.900357E-01
  2.590263E+00  2.000000E+02     4  2.693382E-02  8.942046E+01  2.724276E-04  2.693244E-02
  2.590263E+00  2.000000E+02     5  6.835423E-02 -9.509932E+01 -6.075492E-03 -6.808369E-02
  2.590263E+00  2.000000E+02     6  3.540538E-08  8.614153E+00  3.500599E-08  5.303003E-09
  2.590263E+00  2.100000E+02     1  1.020450E+00 -9.376049E+01 -6.692711E-02 -1.018253E+00
  2.590263E+00  2.100000E+02     2  5.867412E-01 -9.405618E+01 -4.150293E-02 -5.852715E-01
  2.590263E+00  2.100000E+02     3  1.432349E+00  1.578670E+01  1.378322E+00  3.896804E-01
  2.590263E+00  2.100000E+02     4  3.799033E-02  8.803351E+01  1.303637E-03  3.796795E-02
  2.590263E+00  2.100000E+02     5  6.366050E-02 -9.510179E+01 -5.661039E-03 -6.340829E-02
  2.590263E+00  2.100000E+02     6  3.533169E-08  8.710185E+00  3.492421E-08  5.350508E-09
  2.590263E+00  2.200000E+02     1  9.014161E-01 -9.375480E+01 -5.903084E-02 -8.994812E-01
  2.590263E+00  2.200000E+02     2  7.558946E-01 -9.399221E+01 -5.262603E-02 -7.540605E-01
  2.590263E+00  2.200000E+02     3  1.432079E+00  1.577699E+01  1.378129E+00  3.893734E-01
  2.590263E+00  2.200000E+02     4  4.792163E-02  8.732183E+01  2.239179E-03  4.786928E-02
  2.590263E+00  2.200000E+02     5  5.703485E-02 -9.506569E+01 -5.036052E-03 -5.681208E-02
  2.590263E+00  2.200000E+02     6  3.788547E-08  8.510567E+00  3.746830E-08  5.606739E-09
  2.590263E+00  2.300000E+02     1  7.549626E-01 -9.375153E+01 -4.939705E-02 -7.533449E-01
  2.590263E+00  2.300000E+02     2  9.020712E-01 -9.395633E+01 -6.223947E-02 -8.999215E-01
  2.590263E+00  2.300000E+02     3  1.431948E+00  1.576829E+01  1.378062E+00  3.891285E-01
  2.590263E+00  2.300000E+02     4  5.641914E-02  8.690138E+01  3.049726E-03  5.633665E-02
  2.590263E+00  2.300000E+02     5  4.869962E-02 -9.497192E+01 -4.220677E-03 -4.851638E-02
  2.590263E+00  2.300000E+02     6  4.172760E-08  8.359242E+00  4.128429E-08  6.066327E-09
  2.590263E+00  2.400000E+02     1  5.855306E-01 -9.375160E+01 -3.831187E-02 -5.842759E-01
  2.590263E+00  2.400000E+02     2  1.020833E+00 -9.393505E+01 -7.005528E-02 -1.018426E+00
  2.590263E+00  2.400000E+02     3  1.431967E+00  1.576094E+01  1.378130E+00  3.889568E-01
  2.590263E+00  2.400000E+02     4  6.321221E-02  8.663701E+01  3.708127E-03  6.310336E-02
  2.590263E+00  2.400000E+02     5  3.892145E-02 -9.478017E+01 -3.243439E-03 -3.878607E-02
  2.590263E+00  2.400000E+02     6  4.505581E-08  8.573249E+00  4.455236E-08  6.716635E-09
  2.590263E+00  2.500000E+02     1  3.982710E-01 -9.375797E+01 -2.610349E-02 -3.974146E-01
  2.590263E+00  2.500000E+02     2  1.108583E+00 -9.392290E+01 -7.584253E-02 -1.105985E+00
  2.590263E+00  2.500000E+02     3  1.432133E+00  1.575529E+01  1.378328E+00  3.888659E-01
  2.590263E+00  2.500000E+02     4  6.807569E-02  8.647058E+01  4.190816E-03  6.794657E-02
  2.590263E+00  2.500000E+02     5  2.799992E-02 -9.438276E+01 -2.139728E-03 -2.791805E-02
  2.590263E+00  2.500000E+02     6  4.645923E-08  9.337221E+00  4.584367E-08  7.537772E-09
  2.590263E+00  2.600000E+02     1  1.988875E-01 -9.378621E+01 -1.313330E-02 -1.984534E-01
  2.590263E+00  2.600000E+02     2  1.162673E+00 -9.391745E+01 -7.943277E-02 -1.159956E+00
  2.590263E+00  2.600000E+02     3  1.432429E+00  1.575163E+01  1.378638E+00  3.888585E-01
  2.590263E+00  2.600000E+02     4  7.084043E-02  8.637465E+01  4.479384E-03  7.069866E-02
  2.590263E+00  2.600000E+02     5  1.625945E-02 -9.334940E+01 -9.499543E-04 -1.623168E-02
  2.590263E+00  2.600000E+02     6  4.557897E-08  1.075230E+01  4.477874E-08  8.503370E-09
  2.590263E+00  2.700000E+02     1  6.543683E-03  8.812411E+01  2.142044E-04  6.540176E-03
  2.590263E+00  2.700000E+02     2  1.181478E+00 -9.391774E+01 -8.072343E-02 -1.178717E+00
  2.590263E+00  2.700000E+02     3  1.432825E+00  1.575025E+01  1.379028E+00  3.889325E-01
  2.590263E+00  2.700000E+02     4  7.140346E-02  8.633687E+01  4.561981E-03  7.125758E-02
  2.590263E+00  2.700000E+02     5  4.071682E-03 -8.602244E+01  2.824355E-04 -4.061875E-03
  2.590263E+00  2.700000E+02     6  4.325520E-08  1.279842E+01  4.218054E-08  9.581959E-09
  2.590263E+00  2.800000E+02     1  2.117468E-01  8.633307E+01  1.354254E-02  2.113133E-01
  2.590263E+00  2.800000E+02     2  1.164442E+00 -9.392366E+01 -7.967958E-02 -1.161713E+00
  2.590263E+00  2.800000E+02     3  1.433274E+00  1.575136E+01  1.379453E+00  3.890815E-01
  2.590263E+00  2.800000E+02     4  6.973581E-02  8.635427E+01  4.434290E-03  6.959468E-02
  2.590263E+00  2.800000E+02     5  8.383353E-03  7.960277E+01  1.512957E-03  8.245700E-03
  2.590263E+00  2.800000E+02     6  4.108151E-08  1.515302E+01  3.965315E-08  1.073862E-08
  2.590263E+00  2.900000E+02     1  4.104776E-01  8.630477E+01  2.645493E-02  4.096242E-01
  2.590263E+00  2.900000E+02     2  1.112089E+00 -9.393590E+01 -7.633421E-02 -1.109466E+00
  2.590263E+00  2.900000E+02     3  1.433725E+00  1.575515E+01  1.379861E+00  3.892950E-01
  2.590263E+00  2.900000E+02     4  6.588635E-02  8.643238E+01  4.099879E-03  6.575866E-02
  2.590263E+00  2.900000E+02     5  2.051670E-02  8.244351E+01  2.698022E-03  2.033853E-02
  2.590263E+00  2.900000E+02     6  4.058233E-08  1.710554E+01  3.878715E-08  1.193659E-08
  2.590263E+00  3.000000E+02     1  5.966847E-01  8.629418E+01  3.856597E-02  5.954371E-01
  2.590263E+00  3.000000E+02     2  1.026007E+00 -9.395615E+01 -7.078733E-02 -1.023562E+00
  2.590263E+00  3.000000E+02     3  1.434119E+00  1.576171E+01  1.380196E+00  3.895601E-01
  2.590263E+00  3.000000E+02     4  5.998102E-02  8.658789E+01  3.569908E-03  5.987469E-02
  2.590263E+00  3.000000E+02     5  3.208744E-02  8.320452E+01  3.796766E-03  3.186202E-02
  2.590263E+00  3.000000E+02     6  4.245343E-08  1.802827E+01  4.036914E-08  1.313876E-08
  2.590263E+00  3.100000E+02     1  7.647130E-01  8.628768E+01  4.951284E-02  7.631084E-01
  2.590263E+00  3.100000E+02     2  9.087987E-01 -9.398793E+01 -6.320369E-02 -9.065983E-01
  2.590263E+00  3.100000E+02     3  1.434410E+00  1.577101E+01  1.380413E+00  3.898630E-01
  2.590263E+00  3.100000E+02     4  5.221701E-02  8.685771E+01  2.862318E-03  5.213850E-02
  2.590263E+00  3.100000E+02     5  4.273410E-02  8.358758E+01  4.772733E-03  4.246674E-02
  2.590263E+00  3.100000E+02     6  4.624066E-08  1.802560E+01  4.397109E-08  1.430879E-08
  2.590263E+00  3.200000E+02     1  9.094710E-01  8.628261E+01  5.896569E-02  9.075575E-01
  2.590263E+00  3.200000E+02     2  7.640085E-01 -9.403867E+01 -5.380890E-02 -7.621113E-01
  2.590263E+00  3.200000E+02     3  1.434563E+00  1.578286E+01  1.380479E+00  3.901902E-01
  2.590263E+00  3.200000E+02     4  4.285282E-02  8.732402E+01  2.000701E-03  4.280609E-02
  2.590263E+00  3.200000E+02     5  5.212008E-02  8.383714E+01  5.595345E-03  5.181887E-02
  2.590263E+00  3.200000E+02     6  5.052465E-08  1.776087E+01  4.811654E-08  1.541229E-08
  2.590263E+00  3.300000E+02     1  1.026582E+00  8.627823E+01  6.663695E-02  1.024417E+00
  2.590263E+00  3.300000E+02     2  5.960164E-01 -9.412604E+01 -4.288380E-02 -5.944716E-01
  2.590263E+00  3.300000E+02     3  1.434567E+00  1.579691E+01  1.380387E+00  3.905298E-01
  2.590263E+00  3.300000E+02     4  3.219628E-02  8.819685E+01  1.013077E-03  3.218034E-02
  2.590263E+00  3.300000E+02     5  5.993943E-02  8.402338E+01  6.241054E-03  5.961363E-02
  2.590263E+00  3.300000E+02     6  5.352922E-08  1.786064E+01  5.094940E-08  1.641757E-08
  2.590263E+00  3.400000E+02     1  1.112512E+00  8.627437E+01  7.228952E-02  1.110161E+00
  2.590263E+00  3.400000E+02     2  4.099133E-01 -9.430309E+01 -3.075684E-02 -4.087578E-01
  2.590263E+00  3.400000E+02     3  1.434431E+00  1.581267E+01  1.380149E+00  3.908724E-01
  2.590263E+00  3.400000E+02     4  2.059652E-02  9.019262E+01 -6.924312E-05  2.059640E-02
  2.590263E+00  3.400000E+02     5  6.593096E-02  8.417263E+01  6.694067E-03  6.559025E-02
  2.590263E+00  3.400000E+02     6  5.394320E-08  1.870163E+01  5.109506E-08  1.729634E-08
  2.590263E+00  3.500000E+02     1  1.164668E+00  8.627115E+01  7.574384E-02  1.162202E+00
  2.590263E+00  3.500000E+02     2  2.113566E-01 -9.482957E+01 -1.779457E-02 -2.106062E-01
  2.590263E+00  3.500000E+02     3  1.434185E+00  1.582952E+01  1.379798E+00  3.912114E-01
  2.590263E+00  3.500000E+02     4  8.495044E-03  9.820684E+01 -1.212643E-03  8.408048E-03
  2.590263E+00  3.500000E+02     5  6.989241E-02  8.429599E+01  6.946560E-03  6.954635E-02
  2.590263E+00  3.500000E+02     6  5.156483E-08  2.045930E+01  4.831216E-08  1.802407E-08
  2.398118E+00  0.000000E+00     1  1.313319E+00  8.489571E+01  1.168446E-01  1.308111E+00
  2.398118E+00  0.000000E+00     2  7.842400E-03 -1.251097E+02 -4.510502E-03 -6.415497E-03
  2.398118E+00  0.000000E+00     3  1.275040E+00  1.976201E+01  1.199947E+00  4.311088E-01
  2.398118E+00  0.000000E+00     4  4.904753E-03 -1.173592E+02 -2.254067E-03 -4.356120E-03
  2.398118E+00  0.000000E+00     5  6.444299E-02  8.156241E+01  9.455850E-03  6.374548E-02
  2.398118E+00  0.000000E+00     6  4.376282E-08  2.769140E+01  3.875038E-08  2.033698E-08
  2.398118E+00  1.000000E+01     1  1.292208E+00  8.489557E+01  1.149693E-01  1.287083E+00
  2.398118E+00  1.000000E+01     2  2.213850E-01  8.589137E+01  1.586172E-02  2.208161E-01
  2.398118E+00  1.000000E+01     3  1.274631E+00  1.978467E+01  1.199391E+00  4.314449E-01
  2.398118E+00  1.000000E+01     4  1.576106E-02 -1.041318E+02 -3.848125E-03 -1.528407E-02
  2.398118E+00  1.000000E+01     5  6.415602E-02  8.169049E+01  9.271854E-03  6.348249E-02
  2.398118E+00  1.000000E+01     6  3.711046E-08  3.398934E+01  3.076983E-08  2.074618E-08
  2.398118E+00  2.000000E+01     1  1.231872E+00  8.489728E+01  1.095647E-01  1.226990E+00
  2.398118E+00  2.000000E+01     2  4.427578E-01  8.538037E+01  3.565989E-02  4.413194E-01
  2.398118E+00  2.000000E+01     3  1.274262E+00  1.980605E+01  1.198883E+00  4.317676E-01
  2.398118E+00  2.000000E+01     4  2.633840E-02 -1.017903E+02 -5.381737E-03 -2.578271E-02
  2.398118E+00  2.000000E+01     5  6.187672E-02  8.179408E+01  8.831733E-03  6.124319E-02
  2.398118E+00  2.000000E+01     6  3.338792E-08  3.884921E+01  2.600250E-08  2.094334E-08
  2.398118E+00  3.000000E+01     1  1.134113E+00  8.490209E+01  1.007749E-01  1.129627E+00
  2.398118E+00  3.000000E+01     2  6.506331E-01  8.521467E+01  5.427756E-02  6.483652E-01
  2.398118E+00  3.000000E+01     3  1.273983E+00  1.982525E+01  1.198476E+00  4.320745E-01
  2.398118E+00  3.000000E+01     4  3.620855E-02 -1.008392E+02 -6.809122E-03 -3.556255E-02
  2.398118E+00  3.000000E+01     5  5.770597E-02  8.187180E+01  8.158960E-03  5.712626E-02
  2.398118E+00  3.000000E+01     6  3.355840E-08  3.855971E+01  2.624129E-08  2.091795E-08
  2.398118E+00  4.000000E+01     1  1.001866E+00  8.491203E+01  8.885066E-02  9.979181E-01
  2.398118E+00  4.000000E+01     2  8.386637E-01  8.513359E+01  7.114624E-02  8.356405E-01
  2.398118E+00  4.000000E+01     3  1.273827E+00  1.984144E+01  1.198207E+00  4.323603E-01
  2.398118E+00  4.000000E+01     4  4.507517E-02 -1.003353E+02 -8.086858E-03 -4.434381E-02
  2.398118E+00  4.000000E+01     5  5.180742E-02  8.192004E+01  7.281789E-03  5.129312E-02
  2.398118E+00  4.000000E+01     6  3.726940E-08  3.367565E+01  3.101521E-08  2.066554E-08
  2.398118E+00  5.000000E+01     1  8.391204E-01  8.493075E+01  7.414446E-02  8.358383E-01
  2.398118E+00  5.000000E+01     2  1.001126E+00  8.508621E+01  8.575313E-02  9.974464E-01
  2.398118E+00  5.000000E+01     3  1.273815E+00  1.985386E+01  1.198102E+00  4.326160E-01
  2.398118E+00  5.000000E+01     4  5.266597E-02 -1.000332E+02 -9.175383E-03 -5.186056E-02
  2.398118E+00  5.000000E+01     5  4.439312E-02  8.193133E+01  6.231013E-03  4.395366E-02
  2.398118E+00  5.000000E+01     6  4.290093E-08  2.807356E+01  3.785338E-08  2.018938E-08
  2.398118E+00  6.000000E+01     1  6.508070E-01  8.496634E+01  5.710240E-02  6.482971E-01
  2.398118E+00  6.000000E+01     2  1.133089E+00  8.505577E+01  9.765642E-02  1.128873E+00
  2.398118E+00  6.000000E+01     3  1.273954E+00  1.986183E+01  1.198173E+00  4.328299E-01
  2.398118E+00  6.000000E+01     4  5.873364E-02 -9.984312E+01 -1.004058E-02 -5.786905E-02
  2.398118E+00  6.000000E+01     5  3.570844E-02  8.188917E+01  5.038043E-03  3.535125E-02
  2.398118E+00  6.000000E+01     6  4.764252E-08  2.416319E+01  4.346824E-08  1.950184E-08
  2.398118E+00  7.000000E+01     1  4.426505E-01  8.504260E+01  3.825163E-02  4.409947E-01
  2.398118E+00  7.000000E+01     2  1.230564E+00  8.503518E+01  1.064980E-01  1.225947E+00
  2.398118E+00  7.000000E+01     3  1.274238E+00  1.986483E+01  1.198417E+00  4.329891E-01
  2.398118E+00  7.000000E+01     4  6.306619E-02 -9.972695E+01 -1.065522E-02 -6.215955E-02
  2.398118E+00  7.000000E+01     5  2.601901E-02  8.174989E+01  3.733584E-03  2.574975E-02
  2.398118E+00  7.000000E+01     6  4.898053E-08  2.234876E+01  4.530143E-08  1.862452E-08
  2.398118E+00  8.000000E+01     1  2.209974E-01  8.528042E+01  1.818346E-02  2.202481E-01
  2.398118E+00  8.000000E+01     2  1.290616E+00  8.502101E+01  1.120131E-01  1.285746E+00
  2.398118E+00  8.000000E+01     3  1.274644E+00  1.986265E+01  1.198815E+00  4.330814E-01
  2.398118E+00  8.000000E+01     4  6.550016E-02 -9.966808E+01 -1.100011E-02 -6.456987E-02
  2.398118E+00  8.000000E+01     5  1.560197E-02  8.134764E+01  2.347143E-03  1.542441E-02
  2.398118E+00  8.000000E+01     6  4.618899E-08  2.238113E+01  4.270964E-08  1.758719E-08
  2.398118E+00  9.000000E+01     1  7.616455E-03 -1.089010E+02 -2.467231E-03 -7.205773E-03
  2.398118E+00  9.000000E+01     2  1.311451E+00  8.501153E+01  1.140375E-01  1.306483E+00
  2.398118E+00  9.000000E+01     3  1.275133E+00  1.985550E+01  1.199329E+00  4.330978E-01
  2.398118E+00  9.000000E+01     4  6.593348E-02 -9.966105E+01 -1.106491E-02 -6.499840E-02
  2.398118E+00  9.000000E+01     5  4.745187E-03  7.897573E+01  9.073974E-04  4.657621E-03
  2.398118E+00  9.000000E+01     6  4.069903E-08  2.380288E+01  3.723715E-08  1.642578E-08
  2.398118E+00  1.000000E+02     1  2.355530E-01 -9.561454E+01 -2.304546E-02 -2.344230E-01
  2.398118E+00  1.000000E+02     2  1.292456E+00  8.500596E+01  1.125112E-01  1.287550E+00
  2.398118E+00  1.000000E+02     3  1.275649E+00  1.984406E+01  1.199901E+00  4.330337E-01
  2.398118E+00  1.000000E+02     4  6.433562E-02 -9.970789E+01 -1.084860E-02 -6.341435E-02
  2.398118E+00  1.000000E+02     5  6.285995E-03 -9.508093E+01 -5.567050E-04 -6.261295E-03
  2.398118E+00  1.000000E+02     6  3.528223E-08  2.548323E+01  3.184966E-08  1.518007E-08
  2.398118E+00  1.100000E+02     1  4.564932E-01 -9.539257E+01 -4.290088E-02 -4.544728E-01
  2.398118E+00  1.100000E+02     2  1.234221E+00  8.500421E+01  1.074792E-01  1.229532E+00
  2.398118E+00  1.100000E+02     3  1.276125E+00  1.982947E+01  1.200459E+00  4.328894E-01
  2.398118E+00  1.100000E+02     4  6.075308E-02 -9.981800E+01 -1.035956E-02 -5.986332E-02
  2.398118E+00  1.100000E+02     5  1.715317E-02 -9.674444E+01 -2.014485E-03 -1.703447E-02
  2.398118E+00  1.100000E+02     6  3.260048E-08  2.522118E+01  2.949266E-08  1.389151E-08
  2.398118E+00  1.200000E+02     1  6.635043E-01 -9.531073E+01 -6.141206E-02 -6.606561E-01
  2.398118E+00  1.200000E+02     2  1.138509E+00  8.500695E+01  9.909002E-02  1.134188E+00
  2.398118E+00  1.200000E+02     3  1.276490E+00  1.981310E+01  1.200926E+00  4.326703E-01
  2.398118E+00  1.200000E+02     4  5.530900E-02 -1.000115E+02 -9.615254E-03 -5.446680E-02
  2.398118E+00  1.200000E+02     5  2.756952E-02 -9.715143E+01 -3.432188E-03 -2.735505E-02
  2.398118E+00  1.200000E+02     6  3.407243E-08  2.170597E+01  3.165649E-08  1.260147E-08
  2.398118E+00  1.300000E+02     1  8.502989E-01 -9.526386E+01 -7.800860E-02 -8.467129E-01
  2.398118E+00  1.300000E+02     2  1.008208E+00  8.501594E+01  8.759177E-02  1.004396E+00
  2.398118E+00  1.300000E+02     3  1.276686E+00  1.979632E+01  1.201237E+00  4.323849E-01
  2.398118E+00  1.300000E+02     4  4.819636E-02 -1.003287E+02 -8.641396E-03 -4.741535E-02
  2.398118E+00  1.300000E+02     5  3.721806E-02 -9.736700E+01 -4.772261E-03 -3.691083E-02
  2.398118E+00  1.300000E+02     6  3.930232E-08  1.678508E+01  3.762783E-08  1.134982E-08
  2.398118E+00  1.400000E+02     1  1.011223E+00 -9.523071E+01 -9.218956E-02 -1.007012E+00
  2.398118E+00  1.400000E+02     2  8.472504E-01  8.503509E+01  7.332577E-02  8.440714E-01
  2.398118E+00  1.400000E+02     3  1.276674E+00  1.978026E+01  1.201347E+00  4.320439E-01
  2.398118E+00  1.400000E+02     4  3.966589E-02 -1.008557E+02 -7.470548E-03 -3.895605E-02
  2.398118E+00  1.400000E+02     5  4.578746E-02 -9.752169E+01 -5.993645E-03 -4.539347E-02
  2.398118E+00  1.400000E+02     6  4.592442E-08  1.279899E+01  4.478335E-08  1.017370E-08
  2.398118E+00  1.500000E+02     1  1.141419E+00 -9.520443E+01 -1.035377E-01 -1.136714E+00
  2.398118E+00  1.500000E+02     2  6.604948E-01  8.507378E+01  5.671862E-02  6.580550E-01
  2.398118E+00  1.500000E+02     3  1.276444E+00  1.976558E+01  1.201241E+00  4.316584E-01
  2.398118E+00  1.500000E+02     4  3.001099E-02 -1.018062E+02 -6.140285E-03 -2.937612E-02
  2.398118E+00  1.500000E+02     5  5.298460E-02 -9.764981E+01 -7.053208E-03 -5.251305E-02
  2.398118E+00  1.500000E+02     6  5.061776E-08  1.036432E+01  4.979186E-08  9.106474E-09
  2.398118E+00  1.600000E+02     1  1.236969E+00 -9.518230E+01 -1.117291E-01 -1.231913E+00
  2.398118E+00  1.600000E+02     2  4.535932E-01  8.515995E+01  3.827165E-02  4.519757E-01
  2.398118E+00  1.600000E+02     3  1.276018E+00  1.975245E+01  1.200939E+00  4.312392E-01
  2.398118E+00  1.600000E+02     4  1.955679E-02 -1.038791E+02 -4.691175E-03 -1.898581E-02
  2.398118E+00  1.600000E+02     5  5.855235E-02 -9.776222E+01 -7.908211E-03 -5.801584E-02
  2.398118E+00  1.600000E+02     6  5.082781E-08  9.257848E+00  5.016574E-08  8.177064E-09
  2.398118E+00  1.700000E+02     1  1.294996E+00 -9.516313E+01 -1.165389E-01 -1.289741E+00
  2.398118E+00  1.700000E+02     2  2.328248E-01  8.543084E+01  1.854737E-02  2.320848E-01
  2.398118E+00  1.700000E+02     3  1.275445E+00  1.974059E+01  1.200489E+00  4.307972E-01
  2.398118E+00  1.700000E+02     4  8.699439E-03 -1.113346E+02 -3.164979E-03 -8.103281E-03
  2.398118E+00  1.700000E+02     5  6.228754E-02 -9.786134E+01 -8.519446E-03 -6.170216E-02
  2.398118E+00  1.700000E+02     6  4.603835E-08  9.261853E+00  4.543815E-08  7.409722E-09
  2.398118E+00  1.800000E+02     1  1.313750E+00 -9.514638E+01 -1.178440E-01 -1.308454E+00
  2.398118E+00  1.800000E+02     2  5.395370E-03  1.100209E+02 -1.847175E-03  5.069316E-03
  2.398118E+00  1.800000E+02     3  1.274789E+00  1.972953E+01  1.199955E+00  4.303439E-01
  2.398118E+00  1.800000E+02     4  3.362772E-03  1.184779E+02 -1.603435E-03  2.955881E-03
  2.398118E+00  1.800000E+02     5  6.405585E-02 -9.794556E+01 -8.854579E-03 -6.344090E-02
  2.398118E+00  1.800000E+02     6  3.803132E-08  1.033717E+01  3.741403E-08  6.824357E-09
  2.398118E+00  1.900000E+02     1  1.292656E+00 -9.513175E+01 -1.156233E-01 -1.287475E+00
  2.398118E+00  1.900000E+02     2  2.232678E-01 -9.572720E+01 -2.228037E-02 -2.221533E-01
  2.398118E+00  1.900000E+02     3  1.274120E+00  1.971875E+01  1.199406E+00  4.298924E-01
  2.398118E+00  1.900000E+02     4  1.388415E-02  9.019730E+01 -4.781120E-05  1.388407E-02
  2.398118E+00  1.900000E+02     5  6.380078E-02 -9.801074E+01 -8.891194E-03 -6.317821E-02
  2.398118E+00  1.900000E+02     6  3.006940E-08  1.236107E+01  2.937233E-08  6.437005E-09
  2.398118E+00  2.000000E+02     1  1.232334E+00 -9.511904E+01 -1.099554E-01 -1.227419E+00
  2.398118E+00  2.000000E+02     2  4.446500E-01 -9.543531E+01 -4.211806E-02 -4.426507E-01
  2.398118E+00  2.000000E+02     3  1.273503E+00  1.970795E+01  1.198906E+00  4.294582E-01
  2.398118E+00  2.000000E+02     4  2.442665E-02  8.657121E+01  1.460910E-03  2.438292E-02
  2.398118E+00  2.000000E+02     5  6.154565E-02 -9.805041E+01 -8.619113E-03 -6.093913E-02
  2.398118E+00  2.000000E+02     6  2.537094E-08  1.428462E+01  2.458652E-08  6.259998E-09
  2.398118E+00  2.100000E+02     1  1.134582E+00 -9.510803E+01 -1.010163E-01 -1.130076E+00
  2.398118E+00  2.100000E+02     2  6.525284E-01 -9.534162E+01 -6.074643E-02 -6.496947E-01
  2.398118E+00  2.100000E+02     3  1.272994E+00  1.969707E+01  1.198508E+00  4.290589E-01
  2.398118E+00  2.100000E+02     4  3.428425E-02  8.517857E+01  2.881610E-03  3.416294E-02
  2.398118E+00  2.100000E+02     5  5.738857E-02 -9.805520E+01 -8.041697E-03 -5.682234E-02
  2.398118E+00  2.100000E+02     6  2.563659E-08  1.422898E+01  2.485009E-08  6.301416E-09
  2.398118E+00  2.200000E+02     1  1.002336E+00 -9.509841E+01 -8.907413E-02 -9.983698E-01
  2.398118E+00  2.200000E+02     2  8.405619E-01 -9.529661E+01 -7.759372E-02 -8.369728E-01
  2.398118E+00  2.200000E+02     3  1.272634E+00  1.968632E+01  1.198250E+00  4.287127E-01
  2.398118E+00  2.200000E+02     4  4.314659E-02  8.444995E+01  4.172929E-03  4.294433E-02
  2.398118E+00  2.200000E+02     5  5.149172E-02 -9.801091E+01 -7.175972E-03 -5.098924E-02
  2.398118E+00  2.200000E+02     6  3.040816E-08  1.246583E+01  2.969129E-08  6.563824E-09
  2.398118E+00  2.300000E+02     1  8.395842E-01 -9.508965E+01 -7.448317E-02 -8.362738E-01
  2.398118E+00  2.300000E+02     2  1.003028E+00 -9.527126E+01 -9.214930E-02 -9.987858E-01
  2.398118E+00  2.300000E+02     3  1.272452E+00  1.967606E+01  1.198155E+00  4.284369E-01
  2.398118E+00  2.300000E+02     4  5.073808E-02  8.401095E+01  5.293932E-03  5.046114E-02
  2.398118E+00  2.300000E+02     5  4.406721E-02 -9.789322E+01 -6.051629E-03 -4.364970E-02
  2.398118E+00  2.300000E+02     6  3.730786E-08  1.088121E+01  3.663709E-08  7.042729E-09
  2.398118E+00  2.400000E+02     1  6.512587E-01 -9.508076E+01 -5.767537E-02 -6.486998E-01
  2.398118E+00  2.400000E+02     2  1.134996E+00 -9.525633E+01 -1.039789E-01 -1.130223E+00
  2.398118E+00  2.400000E+02     3  1.272462E+00  1.966674E+01  1.198234E+00  4.282454E-01
  2.398118E+00  2.400000E+02     4  5.680960E-02  8.372865E+01  6.205730E-03  5.646963E-02
  2.398118E+00  2.400000E+02     5  3.536209E-02 -9.765270E+01 -4.709100E-03 -3.504713E-02
  2.398118E+00  2.400000E+02     6  4.309465E-08  1.032707E+01  4.239654E-08  7.725450E-09
  2.398118E+00  2.500000E+02     1  4.430849E-01 -9.506910E+01 -3.914970E-02 -4.413519E-01
  2.398118E+00  2.500000E+02     2  1.232476E+00 -9.524823E+01 -1.127357E-01 -1.227309E+00
  2.398118E+00  2.500000E+02     3  1.272665E+00  1.965878E+01  1.198484E+00  4.281472E-01
  2.398118E+00  2.500000E+02     4  6.114762E-02  8.354546E+01  6.873903E-03  6.076003E-02
  2.398118E+00  2.500000E+02     5  2.564546E-02 -9.716139E+01 -3.197080E-03 -2.544540E-02
  2.398118E+00  2.500000E+02     6  4.523015E-08  1.094922E+01  4.440677E-08  8.590969E-09
  2.398118E+00  2.600000E+02     1  2.214092E-01 -9.504197E+01 -1.945863E-02 -2.205525E-01
  2.398118E+00  2.600000E+02     2  1.292533E+00 -9.524550E+01 -1.181677E-01 -1.287120E+00
  2.398118E+00  2.600000E+02     3  1.273041E+00  1.965264E+01  1.198885E+00  4.281452E-01
  2.398118E+00  2.600000E+02     4  6.358726E-02  8.343381E+01  7.271259E-03  6.317015E-02
  2.398118E+00  2.600000E+02     5  1.520105E-02 -9.592771E+01 -1.569867E-03 -1.511977E-02
  2.398118E+00  2.600000E+02     6  4.310415E-08  1.288354E+01  4.201901E-08  9.610933E-09
  2.398118E+00  2.700000E+02     1  7.001955E-03  8.337416E+01  8.079213E-04  6.955187E-03
  2.398118E+00  2.700000E+02     2  1.313372E+00 -9.524765E+01 -1.201220E-01 -1.307868E+00
  2.398118E+00  2.700000E+02     3  1.273554E+00  1.964875E+01  1.199397E+00  4.282361E-01
  2.398118E+00  2.700000E+02     4  6.402521E-02  8.338067E+01  7.380330E-03  6.359841E-02
  2.398118E+00  2.700000E+02     5  4.354199E-03 -8.848471E+01  1.151414E-04 -4.352676E-03
  2.398118E+00  2.700000E+02     6  3.831086E-08  1.629829E+01  3.677129E-08  1.075149E-08
  2.398118E+00  2.800000E+02     1  2.351639E-01  8.486668E+01  2.104093E-02  2.342207E-01
  2.398118E+00  2.800000E+02     2  1.294382E+00 -9.525481E+01 -1.185463E-01 -1.288942E+00
  2.398118E+00  2.800000E+02     3  1.274145E+00  1.964761E+01  1.199962E+00  4.284112E-01
  2.398118E+00  2.800000E+02     4  6.243006E-02  8.338195E+01  7.195067E-03  6.201406E-02
  2.398118E+00  2.800000E+02     5  6.808679E-03  7.467352E+01  1.799662E-03  6.566531E-03
  2.398118E+00  2.800000E+02     6  3.381409E-08  2.074154E+01  3.162252E-08  1.197536E-08
  2.398118E+00  2.900000E+02     1  4.561209E-01  8.488927E+01  4.063163E-02  4.543076E-01
  2.398118E+00  2.900000E+02     2  1.236149E+00 -9.526769E+01 -1.134897E-01 -1.230928E+00
  2.398118E+00  2.900000E+02     3  1.274745E+00  1.964974E+01  1.200511E+00  4.286574E-01
  2.398118E+00  2.900000E+02     4  5.884784E-02  8.344157E+01  6.721388E-03  5.846273E-02
  2.398118E+00  2.900000E+02     5  1.767525E-02  7.882204E+01  3.426469E-03  1.733994E-02
  2.398118E+00  2.900000E+02     6  3.234650E-08  2.416924E+01  2.951101E-08  1.324374E-08
  2.398118E+00  3.000000E+02     1  6.631411E-01  8.489641E+01  5.899080E-02  6.605121E-01
  2.398118E+00  3.000000E+02     2  1.140438E+00 -9.528780E+01 -1.051012E-01 -1.135584E+00
  2.398118E+00  3.000000E+02     3  1.275276E+00  1.965559E+01  1.200968E+00  4.289588E-01
  2.398118E+00  3.000000E+02     4  5.340148E-02  8.357414E+01  5.976557E-03  5.306598E-02
  2.398118E+00  3.000000E+02     5  2.809856E-02  7.987167E+01  4.941232E-03  2.766068E-02
  2.398118E+00  3.000000E+02     6  3.506615E-08  2.445690E+01  3.191977E-08  1.451769E-08
  2.398118E+00  3.100000E+02     1  8.499377E-01  8.489917E+01  7.556686E-02  8.465718E-01
  2.398118E+00  3.100000E+02     2  1.010137E+00 -9.531821E+01 -9.362667E-02 -1.005789E+00
  2.398118E+00  3.100000E+02     3  1.275673E+00  1.966543E+01  1.201268E+00  4.292986E-01
  2.398118E+00  3.100000E+02     4  4.628392E-02  8.381375E+01  4.987594E-03  4.601440E-02
  2.398118E+00  3.100000E+02     5  3.774505E-02  8.040049E+01  6.294377E-03  3.721652E-02
  2.398118E+00  3.100000E+02     6  4.125663E-08  2.245651E+01  3.812813E-08  1.575929E-08
  2.398118E+00  3.200000E+02     1  1.010857E+00  8.489986E+01  8.986183E-02  1.006854E+00
  2.398118E+00  3.200000E+02     2  8.491787E-01 -9.536540E+01 -7.940429E-02 -8.454581E-01
  2.398118E+00  3.200000E+02     3  1.275888E+00  1.967924E+01  1.201367E+00  4.296606E-01
  2.398118E+00  3.200000E+02     4  3.774575E-02  8.423859E+01  3.789151E-03  3.755508E-02
  2.398118E+00  3.200000E+02     5  4.630125E-02  8.074950E+01  7.442977E-03  4.569910E-02
  2.398118E+00  3.200000E+02     6  4.855390E-08  2.041021E+01  4.550568E-08  1.693264E-08
  2.398118E+00  3.300000E+02     1  1.141042E+00  8.489936E+01  1.014449E-01  1.136524E+00
  2.398118E+00  3.300000E+02     2  6.624221E-01 -9.544494E+01 -6.285669E-02 -6.594332E-01
  2.398118E+00  3.300000E+02     3  1.275905E+00  1.969665E+01  1.201252E+00  4.300312E-01
  2.398118E+00  3.300000E+02     4  2.807983E-02  8.505331E+01  2.421288E-03  2.797524E-02
  2.398118E+00  3.300000E+02     5  5.347485E-02  8.101383E+01  8.352559E-03  5.281851E-02
  2.398118E+00  3.300000E+02     6  5.381570E-08  1.954590E+01  5.071450E-08  1.800469E-08
  2.398118E+00  3.400000E+02     1  1.236576E+00  8.489818E+01  1.099636E-01  1.231677E+00
  2.398118E+00  3.400000E+02     2  4.555205E-01 -9.560372E+01 -4.448045E-02 -4.533436E-01
  2.398118E+00  3.400000E+02     3  1.275739E+00  1.971691E+01  1.200943E+00  4.303999E-01
  2.398118E+00  3.400000E+02     4  1.760954E-02  8.698065E+01  9.275508E-04  1.758510E-02
  2.398118E+00  3.400000E+02     5  5.901117E-02  8.122879E+01  8.998569E-03  5.832104E-02
  2.398118E+00  3.400000E+02     6  5.465003E-08  2.028424E+01  5.126088E-08  1.894594E-08
  2.398118E+00  3.500000E+02     1  1.294584E+00  8.489679E+01  1.151533E-01  1.289452E+00
  2.398118E+00  3.500000E+02     2  2.347587E-01 -9.607192E+01 -2.483201E-02 -2.334417E-01
  2.398118E+00  3.500000E+02     3  1.275431E+00  1.973906E+01  1.200487E+00  4.307601E-01
  2.398118E+00  3.500000E+02     4  6.733901E-03  9.550898E+01 -6.464659E-04  6.702798E-03
  2.398118E+00  3.500000E+02     5  6.271061E-02  8.140942E+01  9.367262E-03  6.200706E-02
  2.398118E+00  3.500000E+02     6  5.067185E-08  2.291606E+01  4.667264E-08  1.973071E-08
  2.243234E+00  0.000000E+00     1  1.413739E+00  8.359639E+01  1.576765E-01  1.404919E+00
  2.243234E+00  0.000000E+00     2  7.991926E-03 -1.254182E+02 -4.631641E-03 -6.512970E-03
  2.243234E+00  0.000000E+00     3  1.136633E+00  2.380808E+01  1.039909E+00  4.588296E-01
  2.243234E+00  0.000000E+00     4  5.046319E-03 -1.152006E+02 -2.148666E-03 -4.566024E-03
  2.243234E+00  0.000000E+00     5  5.387417E-02  7.760718E+01  1.156209E-02  5.261885E-02
  2.243234E+00  0.000000E+00     6  4.051113E-08  3.174983E+01  3.444880E-08  2.131742E-08
  2.243234E+00  1.000000E+01     1  1.391106E+00  8.359682E+01  1.551417E-01  1.382428E+00
  2.243234E+00  1.000000E+01     2  2.386976E-01  8.450630E+01  2.285202E-02  2.376012E-01
  2.243234E+00  1.000000E+01     3  1.136143E+00  2.383778E+01  1.039223E+00  4.591706E-01
  2.243234E+00  1.000000E+01     4  1.408629E-02 -1.069393E+02 -4.104160E-03 -1.347514E-02
  2.243234E+00  1.000000E+01     5  5.373343E-02  7.781729E+01  1.133936E-02  5.252333E-02
  2.243234E+00  1.000000E+01     6  3.069134E-08  4.485550E+01  2.175671E-08  2.164725E-08
  2.243234E+00  2.000000E+01     1  1.326262E+00  8.359863E+01  1.478687E-01  1.317994E+00
  2.243234E+00  2.000000E+01     2  4.770572E-01  8.403765E+01  4.955430E-02  4.744765E-01
  2.243234E+00  2.000000E+01     3  1.135709E+00  2.386560E+01  1.038603E+00  4.594996E-01
  2.243234E+00  2.000000E+01     4  2.281917E-02 -1.052138E+02 -5.988241E-03 -2.201944E-02
  2.243234E+00  2.000000E+01     5  5.189561E-02  7.799616E+01  1.079310E-02  5.076084E-02
  2.243234E+00  2.000000E+01     6  2.607849E-08  5.659518E+01  1.435754E-08  2.177037E-08
  2.243234E+00  3.000000E+01     1  1.221134E+00  8.360333E+01  1.360479E-01  1.213532E+00
  2.243234E+00  3.000000E+01     2  7.008612E-01  8.388556E+01  7.465203E-02  6.968741E-01
  2.243234E+00  3.000000E+01     3  1.135387E+00  2.389031E+01  1.038110E+00  4.598171E-01
  2.243234E+00  3.000000E+01     4  3.096686E-02 -1.044875E+02 -7.746929E-03 -2.998219E-02
  2.243234E+00  3.000000E+01     5  4.846232E-02  7.814630E+01  9.954811E-03  4.742888E-02
  2.243234E+00  3.000000E+01     6  2.645387E-08  5.502649E+01  1.516330E-08  2.167676E-08
  2.243234E+00  4.000000E+01     1  1.078866E+00  8.361332E+01  1.200108E-01  1.072171E+00
  2.243234E+00  4.000000E+01     2  9.032706E-01  8.381123E+01  9.737661E-02  8.980065E-01
  2.243234E+00  4.000000E+01     3  1.135215E+00  2.391083E+01  1.037788E+00  4.601191E-01
  2.243234E+00  4.000000E+01     4  3.829911E-02 -1.040954E+02 -9.327245E-03 -3.714599E-02
  2.243234E+00  4.000000E+01     5  4.359159E-02  7.826891E+01  8.862983E-03  4.268107E-02
  2.243234E+00  4.000000E+01     6  3.164191E-08  4.246350E+01  2.334247E-08  2.136210E-08
  2.243234E+00  5.000000E+01     1  9.037413E-01  8.363279E+01  1.002250E-01  8.981666E-01
  2.243234E+00  5.000000E+01     2  1.078122E+00  8.376782E+01  1.170384E-01  1.071751E+00
  2.243234E+00  5.000000E+01     3  1.135214E+00  2.392616E+01  1.037664E+00  4.603962E-01
  2.243234E+00  5.000000E+01     4  4.459103E-02 -1.038563E+02 -1.067901E-02 -4.329340E-02
  2.243234E+00  5.000000E+01     5  3.747947E-02  7.836390E+01  7.559422E-03  3.670920E-02
  2.243234E+00  5.000000E+01     6  4.052784E-08  3.092870E+01  3.476509E-08  2.083013E-08
  2.243234E+00  6.000000E+01     1  7.010585E-01  8.367078E+01  7.728554E-02  6.967854E-01
  2.243234E+00  6.000000E+01     2  1.220113E+00  8.373975E+01  1.330470E-01  1.212838E+00
  2.243234E+00  6.000000E+01     3  1.135392E+00  2.393532E+01  1.037753E+00  4.606341E-01
  2.243234E+00  6.000000E+01     4  4.962725E-02 -1.037043E+02 -1.175729E-02 -4.821442E-02
  2.243234E+00  6.000000E+01     5  3.034152E-02  7.842926E+01  6.085831E-03  2.972491E-02
  2.243234E+00  6.000000E+01     6  4.834324E-08  2.456107E+01  4.396908E-08  2.009449E-08
  2.243234E+00  7.000000E+01     1  4.769797E-01  8.375342E+01  5.189901E-02  4.741477E-01
  2.243234E+00  7.000000E+01     2  1.324958E+00  8.372031E+01  1.449264E-01  1.317008E+00
  2.243234E+00  7.000000E+01     3  1.135741E+00  2.393752E+01  1.038054E+00  4.608158E-01
  2.243234E+00  7.000000E+01     4  5.321461E-02 -1.036132E+02 -1.252491E-02 -5.171964E-02
  2.243234E+00  7.000000E+01     5  2.239773E-02  7.845839E+01  4.481329E-03  2.194484E-02
  2.243234E+00  7.000000E+01     6  5.050775E-08  2.231651E+01  4.672473E-08  1.917894E-08
  2.243234E+00  8.000000E+01     1  2.383430E-01  8.401247E+01  2.486202E-02  2.370428E-01
  2.243234E+00  8.000000E+01     2  1.389511E+00  8.370620E+01  1.523276E-01  1.381136E+00
  2.243234E+00  8.000000E+01     3  1.136238E+00  2.393243E+01  1.038549E+00  4.609250E-01
  2.243234E+00  8.000000E+01     4  5.519825E-02 -1.035738E+02 -1.295486E-02 -5.365648E-02
  2.243234E+00  8.000000E+01     5  1.386401E-02  7.842678E+01  2.781400E-03  1.358214E-02
  2.243234E+00  8.000000E+01     6  4.574067E-08  2.333187E+01  4.200029E-08  1.811588E-08
  2.243234E+00  9.000000E+01     1  7.865684E-03 -1.121612E+02 -2.967043E-03 -7.284617E-03
  2.243234E+00  9.000000E+01     2  1.411852E+00  8.369564E+01  1.550353E-01  1.403313E+00
  2.243234E+00  9.000000E+01     3  1.136836E+00  2.392037E+01  1.039193E+00  4.609492E-01
  2.243234E+00  9.000000E+01     4  5.547777E-02 -1.035860E+02 -1.303197E-02 -5.392542E-02
  2.243234E+00  9.000000E+01     5  4.951530E-03  7.812943E+01  1.018537E-03  4.845641E-03
  2.243234E+00  9.000000E+01     6  3.657312E-08  2.759914E+01  3.241149E-08  1.694369E-08
  2.243234E+00  1.000000E+02     1  2.532330E-01 -9.696341E+01 -3.070081E-02 -2.513651E-01
  2.243234E+00  1.000000E+02     2  1.391332E+00  8.368776E+01  1.529724E-01  1.382897E+00
  2.243234E+00  1.000000E+02     3  1.137470E+00  2.390255E+01  1.039916E+00  4.608826E-01
  2.243234E+00  1.000000E+02     4  5.402019E-02 -1.036564E+02 -1.275411E-02 -5.249299E-02
  2.243234E+00  1.000000E+02     5  4.127945E-03 -1.008300E+02 -7.756229E-04 -4.054422E-03
  2.243234E+00  1.000000E+02     6  2.780425E-08  3.438842E+01  2.294484E-08  1.570385E-08
  2.243234E+00  1.100000E+02     1  4.911179E-01 -9.671868E+01 -5.745813E-02 -4.877452E-01
  2.243234E+00  1.100000E+02     2  1.328591E+00  8.368230E+01  1.462000E-01  1.320522E+00
  2.243234E+00  1.100000E+02     3  1.138055E+00  2.388093E+01  1.040624E+00  4.607269E-01
  2.243234E+00  1.100000E+02     4  5.086738E-02 -1.037988E+02 -1.213255E-02 -4.939930E-02
  2.243234E+00  1.100000E+02     5  1.315043E-02 -1.012580E+02 -2.567328E-03 -1.289739E-02
  2.243234E+00  1.100000E+02     6  2.351204E-08  3.788621E+01  1.855645E-08  1.443863E-08
  2.243234E+00  1.200000E+02     1  7.139949E-01 -9.662699E+01 -8.239865E-02 -7.092243E-01
  2.243234E+00  1.200000E+02     2  1.225527E+00  8.367963E+01  1.349154E-01  1.218078E+00
  2.243234E+00  1.200000E+02     3  1.138503E+00  2.385793E+01  1.041219E+00  4.604903E-01
  2.243234E+00  1.200000E+02     4  4.613620E-02 -1.040385E+02 -1.119147E-02 -4.475824E-02
  2.243234E+00  1.200000E+02     5  2.187520E-02 -1.013841E+02 -4.317848E-03 -2.144483E-02
  2.243234E+00  1.200000E+02     6  2.546369E-08  3.119660E+01  2.178151E-08  1.318958E-08
  2.243234E+00  1.300000E+02     1  9.150955E-01 -9.657323E+01 -1.047538E-01 -9.090800E-01
  2.243234E+00  1.300000E+02     2  1.085243E+00  8.368096E+01  1.194469E-01  1.078649E+00
  2.243234E+00  1.300000E+02     3  1.138737E+00  2.383592E+01  1.041610E+00  4.601851E-01
  2.243234E+00  1.300000E+02     4  4.001071E-02 -1.044239E+02 -9.966433E-03 -3.874955E-02
  2.243234E+00  1.300000E+02     5  3.004077E-02 -1.014856E+02 -5.981747E-03 -2.943921E-02
  2.243234E+00  1.300000E+02     6  3.369301E-08  2.085765E+01  3.148504E-08  1.199631E-08
  2.243234E+00  1.400000E+02     1  1.088340E+00 -9.653434E+01 -1.238517E-01 -1.081270E+00
  2.243234E+00  1.400000E+02     2  9.119608E-01  8.368902E+01  1.002471E-01  9.064342E-01
  2.243234E+00  1.400000E+02     3  1.138708E+00  2.381674E+01  1.041738E+00  4.598249E-01
  2.243234E+00  1.400000E+02     4  3.272728E-02 -1.050570E+02 -8.501874E-03 -3.160369E-02
  2.243234E+00  1.400000E+02     5  3.737309E-02 -1.015876E+02 -7.506988E-03 -3.661138E-02
  2.243234E+00  1.400000E+02     6  4.469260E-08  1.410984E+01  4.334423E-08  1.089523E-08
  2.243234E+00  1.500000E+02     1  1.228511E+00 -9.650300E+01 -1.391353E-01 -1.220607E+00
  2.243234E+00  1.500000E+02     2  7.109019E-01  8.371023E+01  7.788419E-02  7.066226E-01
  2.243234E+00  1.500000E+02     3  1.138406E+00  2.380130E+01  1.041585E+00  4.594219E-01
  2.243234E+00  1.500000E+02     4  2.455611E-02 -1.061922E+02 -6.847746E-03 -2.358200E-02
  2.243234E+00  1.500000E+02     5  4.360143E-02 -1.016937E+02 -8.837110E-03 -4.269649E-02
  2.243234E+00  1.500000E+02     6  5.277924E-08  1.083135E+01  5.183895E-08  9.918206E-09
  2.243234E+00  1.600000E+02     1  1.331401E+00 -9.647639E+01 -1.501739E-01 -1.322905E+00
  2.243234E+00  1.600000E+02     2  4.881418E-01  8.376337E+01  5.302923E-02  4.852528E-01
  2.243234E+00  1.600000E+02     3  1.137858E+00  2.378948E+01  1.041179E+00  4.589863E-01
  2.243234E+00  1.600000E+02     4  1.578766E-02 -1.086782E+02 -5.056040E-03 -1.495615E-02
  2.243234E+00  1.600000E+02     5  4.848002E-02 -1.018014E+02 -9.915151E-03 -4.745527E-02
  2.243234E+00  1.600000E+02     6  5.360016E-08  9.765443E+00  5.282351E-08  9.091398E-09
  2.243234E+00  1.700000E+02     1  1.393924E+00 -9.645334E+01 -1.566687E-01 -1.385092E+00
  2.243234E+00  1.700000E+02     2  2.504362E-01  8.393973E+01  2.643970E-02  2.490367E-01
  2.243234E+00  1.700000E+02     3  1.137130E+00  2.378036E+01  1.040585E+00  4.585269E-01
  2.243234E+00  1.700000E+02     4  6.782161E-03 -1.179417E+02 -3.177938E-03 -5.991529E-03
  2.243234E+00  1.700000E+02     5  5.181059E-02 -1.019057E+02 -1.068860E-02 -5.069606E-02
  2.243234E+00  1.700000E+02     6  4.625750E-08  1.050648E+01  4.548196E-08  8.434900E-09
  2.243234E+00  1.800000E+02     1  1.414197E+00 -9.643326E+01 -1.584549E-01 -1.405292E+00
  2.243234E+00  1.800000E+02     2  5.268201E-03  1.016408E+02 -1.062989E-03  5.159844E-03
  2.243234E+00  1.800000E+02     3  1.136303E+00  2.377260E+01  1.039891E+00  4.580526E-01
  2.243234E+00  1.800000E+02     4  3.312138E-03  1.124030E+02 -1.262320E-03  3.062157E-03
  2.243234E+00  1.800000E+02     5  5.346095E-02 -1.019993E+02 -1.111453E-02 -5.229283E-02
  2.243234E+00  1.800000E+02     6  3.370523E-08  1.366622E+01  3.275099E-08  7.963377E-09
  2.243234E+00  1.900000E+02     1  1.391597E+00 -9.641581E+01 -1.555014E-01 -1.382881E+00
  2.243234E+00  1.900000E+02     2  2.406475E-01 -9.683061E+01 -2.862126E-02 -2.389394E-01
  2.243234E+00  1.900000E+02     3  1.135466E+00  2.376488E+01  1.039187E+00  4.575753E-01
  2.243234E+00  1.900000E+02     4  1.198933E-02  8.692062E+01  6.440606E-04  1.197202E-02
  2.243234E+00  1.900000E+02     5  5.337616E-02 -1.020730E+02 -1.116402E-02 -5.219559E-02
  2.243234E+00  1.900000E+02     6  2.143032E-08  2.102102E+01  2.000411E-08  7.687280E-09
  2.243234E+00  2.000000E+02     1  1.326778E+00 -9.640061E+01 -1.479086E-01 -1.318508E+00
  2.243234E+00  2.000000E+02     2  4.790160E-01 -9.663810E+01 -5.537315E-02 -4.758047E-01
  2.243234E+00  2.000000E+02     3  1.134698E+00  2.375634E+01  1.038552E+00  4.571109E-01
  2.243234E+00  2.000000E+02     4  2.066806E-02  8.306617E+01  2.495108E-03  2.051689E-02
  2.243234E+00  2.000000E+02     5  5.158058E-02 -1.021148E+02 -1.082526E-02 -5.043183E-02
  2.243234E+00  2.000000E+02     6  1.472502E-08  3.113586E+01  1.260379E-08  7.613853E-09
  2.243234E+00  2.100000E+02     1  1.221664E+00 -9.638715E+01 -1.359054E-01 -1.214081E+00
  2.243234E+00  2.100000E+02     2  7.028228E-01 -9.657579E+01 -8.048539E-02 -6.981991E-01
  2.243234E+00  2.100000E+02     3  1.134064E+00  2.374663E+01  1.038049E+00  4.566795E-01
  2.243234E+00  2.100000E+02     4  2.879440E-02  8.152532E+01  4.243501E-03  2.848000E-02
  2.243234E+00  2.100000E+02     5  4.817101E-02 -1.021090E+02 -1.010496E-02 -4.709922E-02
  2.243234E+00  2.100000E+02     6  1.553212E-08  2.991936E+01  1.346213E-08  7.747122E-09
  2.243234E+00  2.200000E+02     1  1.079398E+00 -9.637463E+01 -1.198443E-01 -1.072725E+00
  2.243234E+00  2.200000E+02     2  9.052361E-01 -9.654516E+01 -1.031845E-01 -8.993360E-01
  2.243234E+00  2.200000E+02     3  1.133612E+00  2.373590E+01  1.037720E+00  4.563031E-01
  2.243234E+00  2.200000E+02     4  3.611908E-02  8.069591E+01  5.839528E-03  3.564390E-02
  2.243234E+00  2.200000E+02     5  4.330297E-02 -1.020333E+02 -9.027824E-03 -4.235145E-02
  2.243234E+00  2.200000E+02     6  2.320087E-08  2.039871E+01  2.174594E-08  8.086684E-09
  2.243234E+00  2.300000E+02     1  9.042624E-01 -9.636163E+01 -1.001953E-01 -8.986943E-01
  2.243234E+00  2.300000E+02     2  1.080094E+00 -9.652740E+01 -1.227833E-01 -1.073092E+00
  2.243234E+00  2.300000E+02     3  1.133375E+00  2.372458E+01  1.037594E+00  4.560029E-01
  2.243234E+00  2.300000E+02     4  4.241221E-02  8.018274E+01  7.231550E-03  4.179115E-02
  2.243234E+00  2.300000E+02     5  3.717271E-02 -1.018514E+02 -7.634326E-03 -3.638032E-02
  2.243234E+00  2.300000E+02     6  3.442022E-08  1.451326E+01  3.332186E-08  8.625850E-09
  2.243234E+00  2.400000E+02     1  7.015570E-01 -9.634532E+01 -7.753637E-02 -6.972592E-01
  2.243234E+00  2.400000E+02     2  1.222093E+00 -9.651680E+01 -1.387008E-01 -1.214197E+00
  2.243234E+00  2.400000E+02     3  1.133373E+00  2.371318E+01  1.037683E+00  4.557956E-01
  2.243234E+00  2.400000E+02     4  4.745543E-02  7.984323E+01  8.368395E-03  4.671176E-02
  2.243234E+00  2.400000E+02     5  2.999889E-02 -1.014931E+02 -5.977277E-03 -2.939737E-02
  2.243234E+00  2.400000E+02     6  4.373417E-08  1.234487E+01  4.272297E-08  9.350168E-09
  2.243234E+00  2.500000E+02     1  4.774463E-01 -9.631790E+01 -5.254047E-02 -4.745466E-01
  2.243234E+00  2.500000E+02     2  1.326947E+00 -9.651137E+01 -1.504763E-01 -1.318387E+00
  2.243234E+00  2.500000E+02     3  1.133608E+00  2.370222E+01  1.037985E+00  4.556916E-01
  2.243234E+00  2.500000E+02     4  5.105273E-02  7.961445E+01  9.203328E-03  5.021633E-02
  2.243234E+00  2.500000E+02     5  2.200777E-02 -1.007841E+02 -4.117853E-03 -2.161909E-02
  2.243234E+00  2.500000E+02     6  4.684559E-08  1.262281E+01  4.571332E-08  1.023725E-08
  2.243234E+00  2.600000E+02     1  2.387697E-01 -9.624120E+01 -2.595766E-02 -2.373545E-01
  2.243234E+00  2.600000E+02     2  1.391509E+00 -9.651050E+01 -1.577767E-01 -1.382535E+00
  2.243234E+00  2.600000E+02     3  1.134062E+00  2.369224E+01  1.038480E+00  4.556932E-01
  2.243234E+00  2.600000E+02     4  5.304654E-02  7.946513E+01  9.698705E-03  5.215238E-02
  2.243234E+00  2.600000E+02     5  1.342713E-02 -9.909260E+01 -2.121898E-03 -1.325841E-02
  2.243234E+00  2.600000E+02     6  4.276247E-08  1.526419E+01  4.125390E-08  1.125808E-08
  2.243234E+00  2.700000E+02     1  7.200678E-03  7.872681E+01  1.407640E-03  7.061750E-03
  2.243234E+00  2.700000E+02     2  1.413857E+00 -9.651420E+01 -1.604013E-01 -1.404729E+00
  2.243234E+00  2.700000E+02     3  1.134693E+00  2.368391E+01  1.039124E+00  4.557955E-01
  2.243234E+00  2.700000E+02     4  5.333418E-02  7.937891E+01  9.830190E-03  5.242043E-02
  2.243234E+00  2.700000E+02     5  4.524257E-03 -9.072287E+01 -5.707837E-05 -4.523897E-03
  2.243234E+00  2.700000E+02     6  3.426663E-08  2.117790E+01  3.195237E-08  1.237933E-08
  2.243234E+00  2.800000E+02     1  2.528590E-01  8.347745E+01  2.872333E-02  2.512223E-01
  2.243234E+00  2.800000E+02     2  1.393344E+00 -9.652280E+01 -1.582819E-01 -1.384324E+00
  2.243234E+00  2.800000E+02     3  1.135431E+00  2.367817E+01  1.039846E+00  4.559879E-01
  2.243234E+00  2.800000E+02     4  5.188112E-02  7.934832E+01  9.589592E-03  5.098716E-02
  2.243234E+00  2.800000E+02     5  4.813698E-03  6.533307E+01  2.008961E-03  4.374444E-03
  2.243234E+00  2.800000E+02     6  2.651895E-08  3.076670E+01  2.278660E-08  1.356560E-08
  2.243234E+00  2.900000E+02     1  4.907734E-01  8.354683E+01  5.515856E-02  4.876639E-01
  2.243234E+00  2.900000E+02     2  1.330606E+00 -9.653704E+01 -1.514835E-01 -1.321955E+00
  2.243234E+00  2.900000E+02     3  1.136187E+00  2.367618E+01  1.040554E+00  4.562553E-01
  2.243234E+00  2.900000E+02     4  4.872846E-02  7.937359E+01  8.985742E-03  4.789279E-02
  2.243234E+00  2.900000E+02     5  1.381106E-02  7.312235E+01  4.009748E-03  1.321617E-02
  2.243234E+00  2.900000E+02     6  2.383924E-08  3.831833E+01  1.870374E-08  1.478104E-08
  2.243234E+00  3.000000E+02     1  7.136669E-01  8.357087E+01  7.991231E-02  7.091787E-01
  2.243234E+00  3.000000E+02     2  1.227544E+00 -9.655828E+01 -1.402023E-01 -1.219511E+00
  2.243234E+00  3.000000E+02     3  1.136864E+00  2.367911E+01  1.041150E+00  4.565803E-01
  2.243234E+00  3.000000E+02     4  4.399284E-02  7.946520E+01  8.043327E-03  4.325129E-02
  2.243234E+00  3.000000E+02     5  2.254360E-02  7.487810E+01  5.881028E-03  2.176299E-02
  2.243234E+00  3.000000E+02     6  2.738345E-08  3.572775E+01  2.222991E-08  1.599014E-08
  2.243234E+00  3.100000E+02     1  9.147709E-01  8.358293E+01  1.022393E-01  9.090395E-01
  2.243234E+00  3.100000E+02     2  1.087259E+00 -9.658922E+01 -1.247632E-01 -1.080077E+00
  2.243234E+00  3.100000E+02     3  1.137373E+00  2.368788E+01  1.041546E+00  4.569442E-01
  2.243234E+00  3.100000E+02     4  3.785822E-02  7.965237E+01  6.800094E-03  3.724249E-02
  2.243234E+00  3.100000E+02     5  3.070331E-02  7.574124E+01  7.562272E-03  2.975744E-02
  2.243234E+00  3.100000E+02     6  3.650488E-08  2.803583E+01  3.222118E-08  1.715816E-08
  2.243234E+00  3.200000E+02     1  1.088006E+00  8.358977E+01  1.214719E-01  1.081203E+00
  2.243234E+00  3.200000E+02     2  9.139750E-01 -9.663565E+01 -1.056146E-01 -9.078523E-01
  2.243234E+00  3.200000E+02     3  1.137653E+00  2.370287E+01  1.041683E+00  4.573291E-01
  2.243234E+00  3.200000E+02     4  3.056050E-02  8.000700E+01  5.303097E-03  3.009686E-02
  2.243234E+00  3.200000E+02     5  3.801094E-02  7.630553E+01  8.998877E-03  3.693036E-02
  2.243234E+00  3.200000E+02     6  4.795526E-08  2.237086E+01  4.434614E-08  1.825178E-08
  2.243234E+00  3.300000E+02     1  1.228156E+00  8.359362E+01  1.370370E-01  1.220487E+00
  2.243234E+00  3.300000E+02     2  7.129129E-01 -9.671168E+01 -8.332046E-02 -7.080272E-01
  2.243234E+00  3.300000E+02     3  1.137682E+00  2.372369E+01  1.041544E+00  4.577195E-01
  2.243234E+00  3.300000E+02     4  2.236809E-02  8.072572E+01  3.604858E-03  2.207570E-02
  2.243234E+00  3.300000E+02     5  4.419688E-02  7.673011E+01  1.014488E-02  4.301681E-02
  2.243234E+00  3.300000E+02     6  5.645623E-08  1.992540E+01  5.307660E-08  1.924008E-08
  2.243234E+00  3.400000E+02     1  1.331016E+00  8.359554E+01  1.484698E-01  1.322709E+00
  2.243234E+00  3.400000E+02     2  4.901503E-01 -9.686024E+01 -5.854740E-02 -4.866411E-01
  2.243234E+00  3.400000E+02     3  1.137481E+00  2.374927E+01  1.041156E+00  4.581036E-01
  2.243234E+00  3.400000E+02     4  1.356527E-02  8.254445E+01  1.760188E-03  1.345059E-02
  2.243234E+00  3.400000E+02     5  4.901960E-02  7.707355E+01  1.096568E-02  4.777734E-02
  2.243234E+00  3.400000E+02     6  5.786139E-08  2.032258E+01  5.425964E-08  2.009556E-08
  2.243234E+00  3.500000E+02     1  1.393502E+00  8.359623E+01  1.554232E-01  1.384808E+00
  2.243234E+00  3.500000E+02     2  2.524495E-01 -9.729302E+01 -3.204689E-02 -2.504072E-01
  2.243234E+00  3.500000E+02     3  1.137106E+00  2.377800E+01  1.040582E+00  4.584743E-01
  2.243234E+00  3.500000E+02     4  4.490260E-03  9.224426E+01 -1.758377E-04  4.486816E-03
  2.243234E+00  3.500000E+02     5  5.228701E-02  7.736163E+01  1.144023E-02  5.102012E-02
  2.243234E+00  3.500000E+02     6  5.146159E-08  2.383352E+01  4.707312E-08  2.079463E-08
  2.114941E+00  0.000000E+00     1  1.481613E+00  8.253231E+01  1.925610E-01  1.469046E+00
  2.114941E+00  0.000000E+00     2  7.926933E-03 -1.264496E+02 -4.709516E-03 -6.376262E-03
  2.114941E+00  0.000000E+00     3  1.015159E+00  2.796195E+01  8.966482E-01  4.759927E-01
  2.114941E+00  0.000000E+00     4  5.107430E-03 -1.139146E+02 -2.070422E-03 -4.668961E-03
  2.114941E+00  0.000000E+00     5  4.112049E-02  7.157705E+01  1.299527E-02  3.901305E-02
  2.114941E+00  0.000000E+00     6  3.777806E-08  3.613342E+01  3.051130E-08  2.227650E-08
  2.114941E+00  1.000000E+01     1  1.458000E+00  8.253279E+01  1.894799E-01  1.445636E+00
  2.114941E+00  1.000000E+01     2  2.506207E-01  8.338139E+01  2.888647E-02  2.489504E-01
  2.114941E+00  1.000000E+01     3  1.014592E+00  2.800089E+01  8.958237E-01  4.763359E-01
  2.114941E+00  1.000000E+01     4  1.189284E-02 -1.109381E+02 -4.250018E-03 -1.110752E-02
  2.114941E+00  1.000000E+01     5  4.111931E-02  7.195570E+01  1.273680E-02  3.909696E-02
  2.114941E+00  1.000000E+01     6  2.542993E-08  6.340822E+01  1.138322E-08  2.273991E-08
  2.114941E+00  2.000000E+01     1  1.390166E+00  8.253394E+01  1.806366E-01  1.378380E+00
  2.114941E+00  2.000000E+01     2  5.004888E-01  8.293964E+01  6.151750E-02  4.966937E-01
  2.114941E+00  2.000000E+01     3  1.014098E+00  2.803695E+01  8.950878E-01  4.766673E-01
  2.114941E+00  2.000000E+01     4  1.839679E-02 -1.102078E+02 -6.354723E-03 -1.726439E-02
  2.114941E+00  2.000000E+01     5  3.977973E-02  7.228602E+01  1.210360E-02  3.789366E-02
  2.114941E+00  2.000000E+01     6  2.299483E-08  8.883039E+01  4.693738E-10  2.299004E-08
  2.114941E+00  3.000000E+01     1  1.280113E+00  8.253761E+01  1.662551E-01  1.269271E+00
  2.114941E+00  3.000000E+01     2  7.350737E-01  8.279685E+01  9.216920E-02  7.292723E-01
  2.114941E+00  3.000000E+01     3  1.013739E+00  2.806848E+01  8.945089E-01  4.769910E-01
  2.114941E+00  3.000000E+01     4  2.447224E-02 -1.098968E+02 -8.328555E-03 -2.301143E-02
  2.114941E+00  3.000000E+01     5  3.720503E-02  7.258242E+01  1.113671E-02  3.549913E-02
  2.114941E+00  3.000000E+01     6  2.311584E-08  8.445335E+01  2.234289E-09  2.300761E-08
  2.114941E+00  4.000000E+01     1  1.131122E+00  8.254664E+01  1.467281E-01  1.121564E+00
  2.114941E+00  4.000000E+01     2  9.471998E-01  8.272782E+01  1.198994E-01  9.395805E-01
  2.114941E+00  4.000000E+01     3  1.013555E+00  2.809417E+01  8.941329E-01  4.773055E-01
  2.114941E+00  4.000000E+01     4  2.996508E-02 -1.097246E+02 -1.011319E-02 -2.820690E-02
  2.114941E+00  4.000000E+01     5  3.354725E-02  7.285995E+01  9.886657E-03  3.205732E-02
  2.114941E+00  4.000000E+01     6  2.745294E-08  5.607353E+01  1.532227E-08  2.277920E-08
  2.114941E+00  5.000000E+01     1  9.476648E-01  8.256588E+01  1.226147E-01  9.396990E-01
  2.114941E+00  5.000000E+01     2  1.130406E+00  8.268804E+01  1.438687E-01  1.121214E+00
  2.114941E+00  5.000000E+01     3  1.013567E+00  2.811274E+01  8.939889E-01  4.776010E-01
  2.114941E+00  5.000000E+01     4  3.470573E-02 -1.096136E+02 -1.164988E-02 -3.269202E-02
  2.114941E+00  5.000000E+01     5  2.898417E-02  7.313766E+01  8.407530E-03  2.773798E-02
  2.114941E+00  5.000000E+01     6  4.004520E-08  3.384249E+01  3.326040E-08  2.230164E-08
  2.114941E+00  6.000000E+01     1  7.352883E-01  8.260549E+01  9.463203E-02  7.291732E-01
  2.114941E+00  6.000000E+01     2  1.279140E+00  8.266250E+01  1.633638E-01  1.268666E+00
  2.114941E+00  6.000000E+01     3  1.013782E+00  2.812285E+01  8.940941E-01  4.778601E-01
  2.114941E+00  6.000000E+01     4  3.851607E-02 -1.095412E+02 -1.288303E-02 -3.629759E-02
  2.114941E+00  6.000000E+01     5  2.369657E-02  7.344680E+01  6.751284E-03  2.271448E-02
  2.114941E+00  6.000000E+01     6  5.219800E-08  2.442649E+01  4.752589E-08  2.158520E-08
  2.114941E+00  7.000000E+01     1  5.004485E-01  8.269424E+01  6.363919E-02  4.963857E-01
  2.114941E+00  7.000000E+01     2  1.388921E+00  8.264459E+01  1.778148E-01  1.377492E+00
  2.114941E+00  7.000000E+01     3  1.014193E+00  2.812328E+01  8.944525E-01  4.780604E-01
  2.114941E+00  7.000000E+01     4  4.122483E-02 -1.095051E+02 -1.376460E-02 -3.885900E-02
  2.114941E+00  7.000000E+01     5  1.785059E-02  7.385611E+01  4.963366E-03  1.714668E-02
  2.114941E+00  7.000000E+01     6  5.552452E-08  2.183821E+01  5.153996E-08  2.065440E-08
  2.114941E+00  8.000000E+01     1  2.503188E-01  8.297572E+01  3.061145E-02  2.484400E-01
  2.114941E+00  8.000000E+01     2  1.456465E+00  8.263093E+01  1.868067E-01  1.444435E+00
  2.114941E+00  8.000000E+01     3  1.014773E+00  2.811342E+01  8.950467E-01  4.781798E-01
  2.114941E+00  8.000000E+01     4  4.268724E-02 -1.095127E+02 -1.425822E-02 -4.023561E-02
  2.114941E+00  8.000000E+01     5  1.158982E-02  7.458426E+01  3.080817E-03  1.117285E-02
  2.114941E+00  8.000000E+01     6  4.789866E-08  2.408344E+01  4.372918E-08  1.954584E-08
  2.114941E+00  9.000000E+01     1  7.850607E-03 -1.156205E+02 -3.394666E-03 -7.078720E-03
  2.114941E+00  9.000000E+01     2  1.479774E+00  8.261962E+01  1.900859E-01  1.467514E+00
  2.114941E+00  9.000000E+01     3  1.015474E+00  2.809374E+01  8.958289E-01  4.782023E-01
  2.114941E+00  9.000000E+01     4  4.280485E-02 -1.095768E+02 -1.434261E-02 -4.033044E-02
  2.114941E+00  9.000000E+01     5  5.041790E-03  7.700840E+01  1.133436E-03  4.912735E-03
  2.114941E+00  9.000000E+01     6  3.364106E-08  3.296346E+01  2.822545E-08  1.830424E-08
  2.114941E+00  1.000000E+02     1  2.649848E-01 -9.808848E+01 -3.728394E-02 -2.623487E-01
  2.114941E+00  1.000000E+02     2  1.458180E+00  8.260965E+01  1.875637E-01  1.446067E+00
  2.114941E+00  1.000000E+02     3  1.016218E+00  2.806619E+01  8.967151E-01  4.781214E-01
  2.114941E+00  1.000000E+02     4  4.154158E-02 -1.097152E+02 -1.401385E-02 -3.910645E-02
  2.114941E+00  1.000000E+02     5  1.742148E-03 -1.192851E+02 -8.521826E-04 -1.519494E-03
  2.114941E+00  1.000000E+02     6  2.130599E-08  5.283241E+01  1.287198E-08  1.697814E-08
  2.114941E+00  1.100000E+02     1  5.143476E-01 -9.781847E+01 -6.996921E-02 -5.095662E-01
  2.114941E+00  1.100000E+02     2  1.392360E+00  8.260062E+01  1.793148E-01  1.380766E+00
  2.114941E+00  1.100000E+02     3  1.016906E+00  2.803405E+01  8.975907E-01  4.779420E-01
  2.114941E+00  1.100000E+02     4  3.893335E-02 -1.099533E+02 -1.328619E-02 -3.659622E-02
  2.114941E+00  1.100000E+02     5  8.488970E-03 -1.095948E+02 -2.846911E-03 -7.997357E-03
  2.114941E+00  1.100000E+02     6  1.654714E-08  7.069435E+01  5.470607E-09  1.561666E-08
  2.114941E+00  1.200000E+02     1  7.479682E-01 -9.771545E+01 -1.004172E-01 -7.411969E-01
  2.114941E+00  1.200000E+02     2  1.284304E+00  8.259272E+01  1.655746E-01  1.273586E+00
  2.114941E+00  1.200000E+02     3  1.017432E+00  2.800144E+01  8.983274E-01  4.776780E-01
  2.114941E+00  1.200000E+02     4  3.508904E-02 -1.103309E+02 -1.219141E-02 -3.290304E-02
  2.114941E+00  1.200000E+02     5  1.515101E-02 -1.085239E+02 -4.813469E-03 -1.436605E-02
  2.114941E+00  1.200000E+02     6  1.744838E-08  5.485419E+01  1.004432E-08  1.426736E-08
  2.114941E+00  1.300000E+02     1  9.587531E-01 -9.765351E+01 -1.276887E-01 -9.502122E-01
  2.114941E+00  1.300000E+02     2  1.137258E+00  8.258678E+01  1.467339E-01  1.127752E+00
  2.114941E+00  1.300000E+02     3  1.017703E+00  2.797234E+01  8.988086E-01  4.773485E-01
  2.114941E+00  1.300000E+02     4  3.018155E-02 -1.109190E+02 -1.077627E-02 -2.819216E-02
  2.114941E+00  1.300000E+02     5  2.150635E-02 -1.081596E+02 -6.702790E-03 -2.043516E-02
  2.114941E+00  1.300000E+02     6  2.806237E-08  2.753909E+01  2.488278E-08  1.297474E-08
  2.114941E+00  1.400000E+02     1  1.140338E+00 -9.760771E+01 -1.509691E-01 -1.130301E+00
  2.114941E+00  1.400000E+02     2  9.556350E-01  8.258478E+01  1.233333E-01  9.476429E-01
  2.114941E+00  1.400000E+02     3  1.017656E+00  2.794970E+01  8.989563E-01  4.769717E-01
  2.114941E+00  1.400000E+02     4  2.443008E-02 -1.118647E+02 -9.098168E-03 -2.267272E-02
  2.114941E+00  1.400000E+02     5  2.732456E-02 -1.080219E+02 -8.453704E-03 -2.598396E-02
  2.114941E+00  1.400000E+02     6  4.486299E-08  1.522131E+01  4.328915E-08  1.177869E-08
  2.114941E+00  1.500000E+02     1  1.287270E+00 -9.757034E+01 -1.695891E-01 -1.276050E+00
  2.114941E+00  1.500000E+02     2  7.448957E-01  8.259102E+01  9.605510E-02  7.386765E-01
  2.114941E+00  1.500000E+02     3  1.017281E+00  2.793477E+01  8.987488E-01  4.765614E-01
  2.114941E+00  1.500000E+02     4  1.807786E-02 -1.135380E+02 -7.219534E-03 -1.657369E-02
  2.114941E+00  1.500000E+02     5  3.236166E-02 -1.079924E+02 -9.996193E-03 -3.077910E-02
  2.114941E+00  1.500000E+02     6  5.767944E-08  1.070362E+01  5.667588E-08  1.071273E-08
  2.114941E+00  1.600000E+02     1  1.395149E+00 -9.753859E+01 -1.830349E-01 -1.383090E+00
  2.114941E+00  1.600000E+02     2  5.113982E-01  8.261740E+01  6.571185E-02  5.071588E-01
  2.114941E+00  1.600000E+02     3  1.016614E+00  2.792689E+01  8.982250E-01  4.761256E-01
  2.114941E+00  1.600000E+02     4  1.137806E-02 -1.172066E+02 -5.202050E-03 -1.011924E-02
  2.114941E+00  1.600000E+02     5  3.638556E-02 -1.080228E+02 -1.125755E-02 -3.460024E-02
  2.114941E+00  1.600000E+02     6  5.938190E-08  9.501882E+00  5.856719E-08  9.802765E-09
  2.114941E+00  1.700000E+02     1  1.460750E+00 -9.751132E+01 -1.909523E-01 -1.448215E+00
  2.114941E+00  1.700000E+02     2  2.622193E-01  8.271997E+01  3.322815E-02  2.601055E-01
  2.114941E+00  1.700000E+02     3  1.015734E+00  2.792396E+01  8.974722E-01  4.756677E-01
  2.114941E+00  1.700000E+02     4  4.684429E-03 -1.314723E+02 -3.102298E-03 -3.509932E-03
  2.114941E+00  1.700000E+02     5  3.920391E-02 -1.080851E+02 -1.217005E-02 -3.726710E-02
  2.114941E+00  1.700000E+02     6  4.850249E-08  1.077447E+01  4.764742E-08  9.067228E-09
  2.114941E+00  1.800000E+02     1  1.482103E+00 -9.748802E+01 -1.931459E-01 -1.469464E+00
  2.114941E+00  1.800000E+02     2  5.048361E-03  9.438899E+01 -3.863383E-04  5.033557E-03
  2.114941E+00  1.800000E+02     3  1.014744E+00  2.792317E+01  8.966034E-01  4.751914E-01
  2.114941E+00  1.800000E+02     4  3.234217E-03  1.074550E+02 -9.701263E-04  3.085290E-03
  2.114941E+00  1.800000E+02     5  4.068714E-02 -1.081564E+02 -1.267862E-02 -3.866130E-02
  2.114941E+00  1.800000E+02     6  2.967781E-08  1.668085E+01  2.842893E-08  8.518731E-09
  2.114941E+00  1.900000E+02     1  1.458547E+00 -9.746826E+01 -1.895776E-01 -1.446175E+00
  2.114941E+00  1.900000E+02     2  2.525793E-01 -9.775280E+01 -3.407280E-02 -2.502706E-01
  2.114941E+00  1.900000E+02     3  1.013747E+00  2.792190E+01  8.957329E-01  4.747046E-01
  2.114941E+00  1.900000E+02     4  9.594240E-03  8.311713E+01  1.149774E-03  9.525096E-03
  2.114941E+00  1.900000E+02     5  4.078210E-02 -1.082141E+02 -1.274720E-02 -3.873872E-02
  2.114941E+00  1.900000E+02     6  1.231043E-08  4.155899E+01  9.211566E-09  8.166627E-09
  2.114941E+00  2.000000E+02     1  1.390757E+00 -9.745153E+01 -1.803638E-01 -1.379012E+00
  2.114941E+00  2.000000E+02     2  5.024542E-01 -9.763600E+01 -6.676568E-02 -4.979986E-01
  2.114941E+00  2.000000E+02     3  1.012835E+00  2.791837E+01  8.949571E-01  4.742229E-01
  2.114941E+00  2.000000E+02     4  1.600863E-02  7.841870E+01  3.213863E-03  1.568270E-02
  2.114941E+00  2.000000E+02     5  3.951419E-02 -1.082323E+02 -1.236280E-02 -3.753042E-02
  2.114941E+00  2.000000E+02     6  8.202393E-09  1.021392E+02 -1.724860E-09  8.018985E-09
  2.114941E+00  2.100000E+02     1  1.280728E+00 -9.743701E+01 -1.657725E-01 -1.269955E+00
  2.114941E+00  2.100000E+02     2  7.370414E-01 -9.759676E+01 -9.743707E-02 -7.305724E-01
  2.114941E+00  2.100000E+02     3  1.012083E+00  2.791185E+01  8.943463E-01  4.737688E-01
  2.114941E+00  2.100000E+02     4  2.204592E-02  7.642364E+01  5.175083E-03  2.142991E-02
  2.114941E+00  2.100000E+02     5  3.697868E-02 -1.081789E+02 -1.153680E-02 -3.513296E-02
  2.114941E+00  2.100000E+02     6  8.083168E-09  8.939792E+01  8.493839E-11  8.082722E-09
  2.114941E+00  2.200000E+02     1  1.131740E+00 -9.742337E+01 -1.462208E-01 -1.122254E+00
  2.114941E+00  2.200000E+02     2  9.491731E-01 -9.757586E+01 -1.251379E-01 -9.408879E-01
  2.114941E+00  2.200000E+02     3  1.011543E+00  2.790245E+01  8.939467E-01  4.733694E-01
  2.114941E+00  2.200000E+02     4  2.752462E-02  7.531056E+01  6.979684E-03  2.662496E-02
  2.114941E+00  2.200000E+02     5  3.332354E-02 -1.080105E+02 -1.030336E-02 -3.169068E-02
  2.114941E+00  2.200000E+02     6  1.569632E-08  3.218874E+01  1.328376E-08  8.361587E-09
  2.114941E+00  2.300000E+02     1  9.482645E-01 -9.740838E+01 -1.222698E-01 -9.403487E-01
  2.114941E+00  2.300000E+02     2  1.132389E+00 -9.756251E+01 -1.490312E-01 -1.122540E+00
  2.114941E+00  2.300000E+02     3  1.011252E+00  2.789073E+01  8.937867E-01  4.730506E-01
  2.114941E+00  2.300000E+02     4  3.226722E-02  7.460296E+01  8.567150E-03  3.110912E-02
  2.114941E+00  2.300000E+02     5  2.872727E-02 -1.076606E+02 -8.715225E-03 -2.737336E-02
  2.114941E+00  2.300000E+02     6  3.261932E-08  1.574768E+01  3.139499E-08  8.852933E-09
  2.114941E+00  2.400000E+02     1  7.358496E-01 -9.738763E+01 -9.461658E-02 -7.297412E-01
  2.114941E+00  2.400000E+02     2  1.281137E+00 -9.755387E+01 -1.684162E-01 -1.270019E+00
  2.114941E+00  2.400000E+02     3  1.011235E+00  2.787727E+01  8.938820E-01  4.728322E-01
  2.114941E+00  2.400000E+02     4  3.609020E-02  7.412235E+01  9.873704E-03  3.471329E-02
  2.114941E+00  2.400000E+02     5  2.337660E-02 -1.070083E+02 -6.837903E-03 -2.235416E-02
  2.114941E+00  2.400000E+02     6  4.687232E-08  1.174983E+01  4.589016E-08  9.545027E-09
  2.114941E+00  2.500000E+02     1  5.009556E-01 -9.734921E+01 -6.408048E-02 -4.968402E-01
  2.114941E+00  2.500000E+02     2  1.390933E+00 -9.754939E+01 -1.827418E-01 -1.378876E+00
  2.114941E+00  2.500000E+02     3  1.011497E+00  2.786256E+01  8.942351E-01  4.727253E-01
  2.114941E+00  2.500000E+02     4  3.881690E-02  7.378608E+01  1.083863E-02  3.727299E-02
  2.114941E+00  2.500000E+02     5  1.744948E-02 -1.057736E+02 -4.743414E-03 -1.679239E-02
  2.114941E+00  2.500000E+02     6  5.125279E-08  1.172622E+01  5.018314E-08  1.041638E-08
  2.114941E+00  2.600000E+02     1  2.507597E-01 -9.723548E+01 -3.158258E-02 -2.487629E-01
  2.114941E+00  2.600000E+02     2  1.458492E+00 -9.754923E+01 -1.916137E-01 -1.445850E+00
  2.114941E+00  2.600000E+02     3  1.012023E+00  2.784716E+01  8.948274E-01  4.727306E-01
  2.114941E+00  2.600000E+02     4  4.029738E-02  7.354939E+01  1.141177E-02  3.864778E-02
  2.114941E+00  2.600000E+02     5  1.111169E-02 -1.030297E+02 -2.505199E-03 -1.082560E-02
  2.114941E+00  2.600000E+02     6  4.419732E-08  1.499782E+01  4.269177E-08  1.143748E-08
  2.114941E+00  2.700000E+02     1  7.142828E-03  7.471268E+01  1.883275E-03  6.890085E-03
  2.114941E+00  2.700000E+02     2  1.481813E+00 -9.755385E+01 -1.947960E-01 -1.468953E+00
  2.114941E+00  2.700000E+02     3  1.012767E+00  2.783199E+01  8.956106E-01  4.728411E-01
  2.114941E+00  2.700000E+02     4  4.042893E-02  7.338484E+01  1.156033E-02  3.874090E-02
  2.114941E+00  2.700000E+02     5  4.576851E-03 -9.244372E+01 -1.951477E-04 -4.572689E-03
  2.114941E+00  2.700000E+02     6  3.027302E-08  2.454146E+01  2.753819E-08  1.257395E-08
  2.114941E+00  2.800000E+02     1  2.646440E-01  8.233769E+01  3.528609E-02  2.622810E-01
  2.114941E+00  2.800000E+02     2  1.460229E+00 -9.756381E+01 -1.922102E-01 -1.447523E+00
  2.114941E+00  2.800000E+02     3  1.013649E+00  2.781864E+01  8.965012E-01  4.730442E-01
  2.114941E+00  2.800000E+02     4  3.917275E-02  7.327450E+01  1.127340E-02  3.751552E-02
  2.114941E+00  2.800000E+02     5  2.813480E-03  4.119607E+01  2.117032E-03  1.853064E-03
  2.114941E+00  2.800000E+02     6  1.864904E-08  4.768289E+01  1.255516E-08  1.378966E-08
  2.114941E+00  2.900000E+02     1  5.140553E-01  8.244384E+01  6.759721E-02  5.095915E-01
  2.114941E+00  2.900000E+02     2  1.394414E+00 -9.757986E+01 -1.839342E-01 -1.382229E+00
  2.114941E+00  2.900000E+02     3  1.014562E+00  2.780930E+01  8.973856E-01  4.733239E-01
  2.114941E+00  2.900000E+02     4  3.656354E-02  7.320775E+01  1.056329E-02  3.500442E-02
  2.114941E+00  2.900000E+02     5  9.399821E-03  6.234471E+01  4.362936E-03  8.325949E-03
  2.114941E+00  2.900000E+02     6  1.603380E-08  6.981102E+01  5.533548E-09  1.504867E-08
  2.114941E+00  3.000000E+02     1  7.477035E-01  8.248189E+01  9.782920E-02  7.412759E-01
  2.114941E+00  3.000000E+02     2  1.286358E+00 -9.760321E+01 -1.702006E-01 -1.275049E+00
  2.114941E+00  3.000000E+02     3  1.015385E+00  2.780644E+01  8.981371E-01  4.736630E-01
  2.114941E+00  3.000000E+02     4  3.270995E-02  7.318275E+01  9.463644E-03  3.131102E-02
  2.114941E+00  3.000000E+02     5  1.605513E-02  6.621739E+01  6.474512E-03  1.469176E-02
  2.114941E+00  3.000000E+02     6  1.939444E-08  5.727348E+01  1.048521E-08  1.631578E-08
  2.114941E+00  3.100000E+02     1  9.584938E-01  8.250232E+01  1.250701E-01  9.502988E-01
  2.114941E+00  3.100000E+02     2  1.139310E+00 -9.763622E+01 -1.513948E-01 -1.129206E+00
  2.114941E+00  3.100000E+02     3  1.016008E+00  2.781215E+01  8.986407E-01  4.740430E-01
  2.114941E+00  3.100000E+02     4  2.778471E-02  7.321258E+01  8.024825E-03  2.660060E-02
  2.114941E+00  3.100000E+02     5  2.238958E-02  6.800796E+01  8.384400E-03  2.076042E-02
  2.114941E+00  3.100000E+02     6  3.111494E-08  3.435007E+01  2.568867E-08  1.755654E-08
  2.114941E+00  3.200000E+02     1  1.140062E+00  8.251510E+01  1.485101E-01  1.130348E+00
  2.114941E+00  3.200000E+02     2  9.576816E-01 -9.768408E+01 -1.280523E-01 -9.490820E-01
  2.114941E+00  3.200000E+02     3  1.016353E+00  2.782752E+01  8.988190E-01  4.744454E-01
  2.114941E+00  3.200000E+02     4  2.200565E-02  7.334298E+01  6.307741E-03  2.108224E-02
  2.114941E+00  3.200000E+02     5  2.815755E-02  6.913622E+01  1.002823E-02  2.631125E-02
  2.114941E+00  3.200000E+02     6  4.822525E-08  2.286384E+01  4.443623E-08  1.873756E-08
  2.114941E+00  3.300000E+02     1  1.286956E+00  8.252337E+01  1.674610E-01  1.276015E+00
  2.114941E+00  3.300000E+02     2  7.469354E-01 -9.775980E+01 -1.008515E-01 -7.400956E-01
  2.114941E+00  3.300000E+02     3  1.016394E+00  2.785228E+01  8.986502E-01  4.748529E-01
  2.114941E+00  3.300000E+02     4  1.561107E-02  7.371535E+01  4.377493E-03  1.498476E-02
  2.114941E+00  3.300000E+02     5  3.311593E-02  6.995889E+01  1.134864E-02  3.111066E-02
  2.114941E+00  3.300000E+02     6  6.141847E-08  1.883380E+01  5.813006E-08  1.982736E-08
  2.114941E+00  3.400000E+02     1  1.394783E+00  8.252846E+01  1.813687E-01  1.382941E+00
  2.114941E+00  3.400000E+02     2  5.134313E-01 -9.790371E+01 -7.060122E-02 -5.085540E-01
  2.114941E+00  3.400000E+02     3  1.016158E+00  2.788475E+01  8.981716E-01  4.752514E-01
  2.114941E+00  3.400000E+02     4  8.836223E-03  7.492453E+01  2.298223E-03  8.532116E-03
  2.114941E+00  3.400000E+02     5  3.703969E-02  7.060522E+01  1.229996E-02  3.493780E-02
  2.114941E+00  3.400000E+02     6  6.377143E-08  1.903354E+01  6.028491E-08  2.079724E-08
  2.114941E+00  3.500000E+02     1  1.460323E+00  8.253118E+01  1.898224E-01  1.447933E+00
  2.114941E+00  3.500000E+02     2  2.642530E-01 -9.831620E+01 -3.822049E-02 -2.614743E-01
  2.114941E+00  3.500000E+02     3  1.015714E+00  2.792231E+01  8.974677E-01  4.756322E-01
  2.114941E+00  3.500000E+02     4  1.929035E-03  8.612937E+01  1.302173E-04  1.924635E-03
  2.114941E+00  3.500000E+02     5  3.974700E-02  7.113390E+01  1.285249E-02  3.761166E-02
  2.114941E+00  3.500000E+02     6  5.408648E-08  2.356300E+01  4.957680E-08  2.162146E-08
  2.006409E+00  0.000000E+00     1  1.518582E+00  8.184329E+01  2.154581E-01  1.503219E+00
  2.006409E+00  0.000000E+00     2  7.639959E-03 -1.274648E+02 -4.647190E-03 -6.064041E-03
  2.006409E+00  0.000000E+00     3  9.080835E-01  3.220490E+01  7.683727E-01  4.839619E-01
  2.006409E+00  0.000000E+00     4  5.061606E-03 -1.128151E+02 -1.962677E-03 -4.665593E-03
  2.006409E+00  0.000000E+00     5  2.773701E-02  6.044838E+01  1.368010E-02  2.412875E-02
  2.006409E+00  0.000000E+00     6  3.506910E-08  4.012279E+01  2.681612E-08  2.259950E-08
  2.006409E+00  1.000000E+01     1  1.494496E+00  8.184313E+01  2.120449E-01  1.479377E+00
  2.006409E+00  1.000000E+01     2  2.573917E-01  8.263009E+01  3.301686E-02  2.552653E-01
  2.006409E+00  1.000000E+01     3  9.074438E-01  3.225566E+01  7.674026E-01  4.843011E-01
  2.006409E+00  1.000000E+01     4  9.394929E-03 -1.166484E+02 -4.213761E-03 -8.396959E-03
  2.006409E+00  1.000000E+01     5  2.782170E-02  6.123849E+01  1.338683E-02  2.438934E-02
  2.006409E+00  1.000000E+01     6  2.313125E-08  9.220180E+01 -8.886850E-10  2.311417E-08
  2.006409E+00  2.000000E+01     1  1.425099E+00  8.184251E+01  2.022137E-01  1.410679E+00
  2.006409E+00  2.000000E+01     2  5.135586E-01  8.221278E+01  6.958440E-02  5.088226E-01
  2.006409E+00  2.000000E+01     3  9.068954E-01  3.230191E+01  7.665479E-01  4.846272E-01
  2.006409E+00  2.000000E+01     4  1.354675E-02 -1.181779E+02 -6.396924E-03 -1.194127E-02
  2.006409E+00  2.000000E+01     5  2.694894E-02  6.192408E+01  1.268328E-02  2.377771E-02
  2.006409E+00  2.000000E+01     6  2.862489E-08  1.251029E+02 -1.646066E-08  2.341860E-08
  2.006409E+00  3.000000E+01     1  1.312428E+00  8.184364E+01  1.862007E-01  1.299153E+00
  2.006409E+00  3.000000E+01     2  7.540326E-01  8.207942E+01  1.039060E-01  7.468392E-01
  2.006409E+00  3.000000E+01     3  9.065057E-01  3.234158E+01  7.658830E-01  4.849494E-01
  2.006409E+00  3.000000E+01     4  1.745580E-02 -1.189946E+02 -8.461313E-03 -1.526798E-02
  2.006409E+00  3.000000E+01     5  2.522576E-02  6.256594E+01  1.162220E-02  2.238891E-02
  2.006409E+00  3.000000E+01     6  2.701940E-08  1.196336E+02 -1.335978E-08  2.348540E-08
  2.006409E+00  4.000000E+01     1  1.159831E+00  8.184985E+01  1.644266E-01  1.148117E+00
  2.006409E+00  4.000000E+01     2  9.714508E-01  8.201656E+01  1.349217E-01  9.620357E-01
  2.006409E+00  4.000000E+01     3  9.063146E-01  3.237324E+01  7.654534E-01  4.852702E-01
  2.006409E+00  4.000000E+01     4  2.103861E-02 -1.194616E+02 -1.034763E-02 -1.831801E-02
  2.006409E+00  4.000000E+01     5  2.280051E-02  6.323199E+01  1.026887E-02  2.035715E-02
  2.006409E+00  4.000000E+01     6  2.414244E-08  7.475996E+01  6.346165E-09  2.329342E-08
  2.006409E+00  5.000000E+01     1  9.718787E-01  8.186668E+01  1.374985E-01  9.621031E-01
  2.006409E+00  5.000000E+01     2  1.159188E+00  8.198160E+01  1.616964E-01  1.147855E+00
  2.006409E+00  5.000000E+01     3  9.063410E-01  3.239540E+01  7.652880E-01  4.855804E-01
  2.006409E+00  5.000000E+01     4  2.417836E-02 -1.197290E+02 -1.199001E-02 -2.099602E-02
  2.006409E+00  5.000000E+01     5  1.983501E-02  6.400970E+01  8.692078E-03  1.782906E-02
  2.006409E+00  5.000000E+01     6  4.015870E-08  3.465236E+01  3.303523E-08  2.283406E-08
  2.006409E+00  6.000000E+01     1  7.542473E-01  8.190529E+01  1.062054E-01  7.467325E-01
  2.006409E+00  6.000000E+01     2  1.311557E+00  8.195984E+01  1.834439E-01  1.298665E+00
  2.006409E+00  6.000000E+01     3  9.065900E-01  3.240625E+01  7.654063E-01  4.858587E-01
  2.006409E+00  6.000000E+01     4  2.673221E-02 -1.198894E+02 -1.332139E-02 -2.317653E-02
  2.006409E+00  6.000000E+01     5  1.647709E-02  6.503285E+01  6.954957E-03  1.493731E-02
  2.006409E+00  6.000000E+01     6  5.842435E-08  2.224333E+01  5.407668E-08  2.211600E-08
  2.006409E+00  7.000000E+01     1  5.135532E-01  8.199649E+01  7.150393E-02  5.085509E-01
  2.006409E+00  7.000000E+01     2  1.423975E+00  8.194459E+01  1.995426E-01  1.409924E+00
  2.006409E+00  7.000000E+01     3  9.070540E-01  3.240390E+01  7.658179E-01  4.860760E-01
  2.006409E+00  7.000000E+01     4  2.854949E-02 -1.200136E+02 -1.428061E-02 -2.472120E-02
  2.006409E+00  7.000000E+01     5  1.284016E-02  6.655968E+01  5.107735E-03  1.178053E-02
  2.006409E+00  7.000000E+01     6  6.337920E-08  1.950933E+01  5.974042E-08  2.116614E-08
  2.006409E+00  8.000000E+01     1  2.571549E-01  8.229190E+01  3.449122E-02  2.548314E-01
  2.006409E+00  8.000000E+01     2  1.493088E+00  8.193229E+01  2.095448E-01  1.478311E+00
  2.006409E+00  8.000000E+01     3  9.077064E-01  3.238721E+01  7.665103E-01  4.862024E-01
  2.006409E+00  8.000000E+01     4  2.949508E-02 -1.201615E+02 -1.481949E-02 -2.550181E-02
  2.006409E+00  8.000000E+01     5  8.997786E-03  6.927332E+01  3.184409E-03  8.415443E-03
  2.006409E+00  8.000000E+01     6  5.175997E-08  2.276234E+01  4.772878E-08  2.002643E-08
  2.006409E+00  9.000000E+01     1  7.584696E-03 -1.186361E+02 -3.634931E-03 -6.656943E-03
  2.006409E+00  9.000000E+01     2  1.516862E+00  8.192089E+01  2.131803E-01  1.501807E+00
  2.006409E+00  9.000000E+01     3  9.084943E-01  3.235677E+01  7.674342E-01  4.862166E-01
  2.006409E+00  9.000000E+01     4  2.947258E-02 -1.203878E+02 -1.490869E-02 -2.542369E-02
  2.006409E+00  9.000000E+01     5  5.011010E-03  7.608938E+01  1.204687E-03  4.864047E-03
  2.006409E+00  9.000000E+01     6  3.062573E-08  3.774652E+01  2.421658E-08  1.874813E-08
  2.006409E+00  1.000000E+02     1  2.711161E-01 -9.883234E+01 -4.162816E-02 -2.679012E-01
  2.006409E+00  1.000000E+02     2  1.494627E+00  8.190920E+01  2.103571E-01  1.479750E+00
  2.006409E+00  1.000000E+02     3  9.093332E-01  3.231550E+01  7.684931E-01  4.861123E-01
  2.006409E+00  1.000000E+02     4  2.844326E-02 -1.207469E+02 -1.454152E-02 -2.444510E-02
  2.006409E+00  1.000000E+02     5  1.399214E-03  1.258255E+02 -8.189855E-04  1.134487E-03
  2.006409E+00  1.000000E+02     6  1.740916E-08  8.705267E+01  8.951434E-10  1.738613E-08
  2.006409E+00  1.100000E+02     1  5.267533E-01 -9.854320E+01 -7.825187E-02 -5.209085E-01
  2.006409E+00  1.100000E+02     2  1.427082E+00  8.189673E+01  2.011584E-01  1.412834E+00
  2.006409E+00  1.100000E+02     3  9.101117E-01  3.226868E+01  7.695484E-01  4.858997E-01
  2.006409E+00  1.100000E+02     4  2.643770E-02 -1.213018E+02 -1.373560E-02 -2.258950E-02
  2.006409E+00  1.100000E+02     5  3.976284E-03 -1.362279E+02 -2.871264E-03 -2.750759E-03
  2.006409E+00  1.100000E+02     6  1.918845E-08  1.235328E+02 -1.059996E-08  1.599492E-08
  2.006409E+00  1.200000E+02     1  7.662452E-01 -9.843032E+01 -1.123365E-01 -7.579659E-01
  2.006409E+00  1.200000E+02     2  1.316271E+00  8.188352E+01  1.858391E-01  1.303086E+00
  2.006409E+00  1.200000E+02     3  9.107074E-01  3.222292E+01  7.704402E-01  4.856026E-01
  2.006409E+00  1.200000E+02     4  2.355762E-02 -1.221384E+02 -1.253185E-02 -1.994778E-02
  2.006409E+00  1.200000E+02     5  8.338090E-03 -1.261942E+02 -4.923842E-03 -6.729006E-03
  2.006409E+00  1.200000E+02     6  1.522862E-08  1.061654E+02 -4.239816E-09  1.462651E-08
  2.006409E+00  1.300000E+02     1  9.823224E-01 -9.836037E+01 -1.428284E-01 -9.718834E-01
  2.006409E+00  1.300000E+02     2  1.165516E+00  8.187027E+01  1.648215E-01  1.153803E+00
  2.006409E+00  1.300000E+02     3  9.110112E-01  3.218469E+01  7.710212E-01  4.852502E-01
  2.006409E+00  1.300000E+02     4  1.996610E-02 -1.233986E+02 -1.099055E-02 -1.666892E-02
  2.006409E+00  1.300000E+02     5  1.273338E-02 -1.229662E+02 -6.928801E-03 -1.068319E-02
  2.006409E+00  1.300000E+02     6  2.199543E-08  3.730000E+01  1.749678E-08  1.332898E-08
  2.006409E+00  1.400000E+02     1  1.168470E+00 -9.830737E+01 -1.688246E-01 -1.156210E+00
  2.006409E+00  1.400000E+02     2  9.793321E-01  8.185847E+01  1.386919E-01  9.694617E-01
  2.006409E+00  1.400000E+02     3  9.109526E-01  3.215862E+01  7.711922E-01  4.848682E-01
  2.006409E+00  1.400000E+02     4  1.586717E-02 -1.253680E+02 -9.184335E-03 -1.293890E-02
  2.006409E+00  1.400000E+02     5  1.692360E-02 -1.214009E+02 -8.817594E-03 -1.444500E-02
  2.006409E+00  1.400000E+02     6  4.634764E-08  1.519061E+01  4.472823E-08  1.214452E-08
  2.006409E+00  1.500000E+02     1  1.319111E+00 -9.826360E+01 -1.895926E-01 -1.305415E+00
  2.006409E+00  1.500000E+02     2  7.633030E-01  8.185098E+01  1.081968E-01  7.555957E-01
  2.006409E+00  1.500000E+02     3  9.105172E-01  3.214639E+01  7.709271E-01  4.844718E-01
  2.006409E+00  1.500000E+02     4  1.148133E-02 -1.287674E+02 -7.189143E-03 -8.951931E-03
  2.006409E+00  1.500000E+02     5  2.068203E-02 -1.205291E+02 -1.050597E-02 -1.781491E-02
  2.006409E+00  1.500000E+02     6  6.569474E-08  9.733656E+00  6.474902E-08  1.110690E-08
  2.006409E+00  1.600000E+02     1  1.429748E+00 -9.822648E+01 -2.045775E-01 -1.415037E+00
  2.006409E+00  1.600000E+02     2  5.239365E-01  8.185446E+01  7.423557E-02  5.186507E-01
  2.006409E+00  1.600000E+02     3  9.097503E-01  3.214642E+01  7.702775E-01  4.840642E-01
  2.006409E+00  1.600000E+02     4  7.041177E-03 -1.361176E+02 -5.075026E-03 -4.880808E-03
  2.006409E+00  1.600000E+02     5  2.378577E-02 -1.200293E+02 -1.190342E-02 -2.059300E-02
  2.006409E+00  1.600000E+02     6  6.871651E-08  8.569556E+00  6.794934E-08  1.023944E-08
  2.006409E+00  1.700000E+02     1  1.497083E+00 -9.819509E+01 -2.134003E-01 -1.481795E+00
  2.006409E+00  1.700000E+02     2  2.684819E-01  8.189708E+01  3.784300E-02  2.658015E-01
  2.006409E+00  1.700000E+02     3  9.087444E-01  3.215468E+01  7.693561E-01  4.836400E-01
  2.006409E+00  1.700000E+02     4  3.023064E-03 -1.635656E+02 -2.899555E-03 -8.552770E-04
  2.006409E+00  1.700000E+02     5  2.604499E-02 -1.197520E+02 -1.292474E-02 -2.261178E-02
  2.006409E+00  1.700000E+02     6  5.319662E-08  1.034757E+01  5.233145E-08  9.555125E-09
  2.006409E+00  1.800000E+02     1  1.519095E+00 -9.816901E+01 -2.158535E-01 -1.503681E+00
  2.006409E+00  1.800000E+02     2  4.744279E-03  8.806498E+01  1.601953E-04  4.741573E-03
  2.006409E+00  1.800000E+02     3  9.076173E-01  3.216606E+01  7.683059E-01  4.831926E-01
  2.006409E+00  1.800000E+02     4  3.125531E-03  1.030576E+02 -7.061548E-04  3.044715E-03
  2.006409E+00  1.800000E+02     5  2.732993E-02 -1.196043E+02 -1.350116E-02 -2.376223E-02
  2.006409E+00  1.800000E+02     6  2.613221E-08  2.028385E+01  2.451167E-08  9.059289E-09
  2.006409E+00  1.900000E+02     1  1.495098E+00 -9.814781E+01 -2.118963E-01 -1.480006E+00
  2.006409E+00  1.900000E+02     2  2.592971E-01 -9.833970E+01 -3.760893E-02 -2.565551E-01
  2.006409E+00  1.900000E+02     3  9.064877E-01  3.217590E+01  7.672668E-01  4.827230E-01
  2.006409E+00  1.900000E+02     4  6.937052E-03  7.775011E+01  1.471875E-03  6.779106E-03
  2.006409E+00  1.900000E+02     5  2.758696E-02 -1.195112E+02 -1.358915E-02 -2.400782E-02
  2.006409E+00  1.900000E+02     6  9.351749E-09  1.105966E+02 -3.289815E-09  8.753989E-09
  2.006409E+00  2.000000E+02     1  1.425769E+00 -9.813081E+01 -2.016516E-01 -1.411437E+00
  2.006409E+00  2.000000E+02     2  5.154654E-01 -9.828206E+01 -7.425094E-02 -5.100895E-01
  2.006409E+00  2.000000E+02     3  9.054580E-01  3.218112E+01  7.663513E-01  4.822446E-01
  2.006409E+00  2.000000E+02     4  1.093604E-02  7.076337E+01  3.603100E-03  1.032543E-02
  2.006409E+00  2.000000E+02     5  2.684097E-02 -1.193981E+02 -1.317556E-02 -2.338466E-02
  2.006409E+00  2.000000E+02     6  2.076771E-08  1.554105E+02 -1.888433E-08  8.641738E-09
  2.006409E+00  2.100000E+02     1  1.313138E+00 -9.811684E+01 -1.854048E-01 -1.299983E+00
  2.006409E+00  2.100000E+02     2  7.559392E-01 -9.825975E+01 -1.085990E-01 -7.480978E-01
  2.006409E+00  2.100000E+02     3  9.046071E-01  3.218050E+01  7.656364E-01  4.817831E-01
  2.006409E+00  2.100000E+02     4  1.477532E-02  6.752337E+01  5.648703E-03  1.365293E-02
  2.006409E+00  2.100000E+02     5  2.518513E-02 -1.191788E+02 -1.227866E-02 -2.198920E-02
  2.006409E+00  2.100000E+02     6  1.798944E-08  1.509814E+02 -1.573108E-08  8.726574E-09
  2.006409E+00  2.200000E+02     1  1.160545E+00 -9.810405E+01 -1.636034E-01 -1.148956E+00
  2.006409E+00  2.200000E+02     2  9.733638E-01 -9.824484E+01 -1.395838E-01 -9.633034E-01
  2.006409E+00  2.200000E+02     3  9.039917E-01  3.217421E+01  7.651683E-01  4.813714E-01
  2.006409E+00  2.200000E+02     4  1.833204E-02  6.565842E+01  7.556021E-03  1.670241E-02
  2.006409E+00  2.200000E+02     5  2.276068E-02 -1.187419E+02 -1.094480E-02 -1.995645E-02
  2.006409E+00  2.200000E+02     6  9.900707E-09  6.553490E+01  4.100268E-09  9.011759E-09
  2.006409E+00  2.300000E+02     1  9.725638E-01 -9.808937E+01 -1.368567E-01 -9.628865E-01
  2.006409E+00  2.300000E+02     2  1.161115E+00 -9.823310E+01 -1.662725E-01 -1.149148E+00
  2.006409E+00  2.300000E+02     3  9.036525E-01  3.216302E+01  7.649752E-01  4.810414E-01
  2.006409E+00  2.300000E+02     4  2.147630E-02  6.446517E+01  9.257565E-03  1.937857E-02
  2.006409E+00  2.300000E+02     5  1.973114E-02 -1.179280E+02 -9.241321E-03 -1.743318E-02
  2.006409E+00  2.300000E+02     6  3.240579E-08  1.703866E+01  3.098341E-08  9.495441E-09
  2.006409E+00  2.400000E+02     1  7.548723E-01 -9.806692E+01 -1.059309E-01 -7.474027E-01
  2.006409E+00  2.400000E+02     2  1.313505E+00 -9.822424E+01 -1.878937E-01 -1.299996E+00
  2.006409E+00  2.400000E+02     3  9.036173E-01  3.214756E+01  7.650752E-01  4.808162E-01
  2.006409E+00  2.400000E+02     4  2.405509E-02  6.365210E+01  1.067614E-02  2.155615E-02
  2.006409E+00  2.400000E+02     5  1.625630E-02 -1.164752E+02 -7.247222E-03 -1.455146E-02
  2.006409E+00  2.400000E+02     6  5.326039E-08  1.100466E+01  5.228102E-08  1.016681E-08
  2.006409E+00  2.500000E+02     1  5.140938E-01 -9.802142E+01 -7.173832E-02 -5.090639E-01
  2.006409E+00  2.500000E+02     2  1.425945E+00 -9.821899E+01 -2.038489E-01 -1.411299E+00
  2.006409E+00  2.500000E+02     3  9.038984E-01  3.212812E+01  7.654763E-01  4.807061E-01
  2.006409E+00  2.500000E+02     4  2.590713E-02  6.306690E+01  1.173463E-02  2.309714E-02
  2.006409E+00  2.500000E+02     5  1.247386E-02 -1.138494E+02 -5.043614E-03 -1.140873E-02
  2.006409E+00  2.500000E+02     6  5.928501E-08  1.069783E+01  5.825462E-08  1.100504E-08
  2.006409E+00  2.600000E+02     1  2.575942E-01 -9.788004E+01 -3.531603E-02 -2.551618E-01
  2.006409E+00  2.600000E+02     2  1.495081E+00 -9.821833E+01 -2.137154E-01 -1.479728E+00
  2.006409E+00  2.600000E+02     3  9.044831E-01  3.210509E+01  7.661648E-01  4.807092E-01
  2.006409E+00  2.600000E+02     4  2.688706E-02  6.261412E+01  1.236753E-02  2.387379E-02
  2.006409E+00  2.600000E+02     5  8.502326E-03 -1.085628E+02 -2.706661E-03 -8.059996E-03
  2.006409E+00  2.600000E+02     6  4.811254E-08  1.442020E+01  4.659678E-08  1.198153E-08
  2.006409E+00  2.700000E+02     1  6.876778E-03  7.127424E+01  2.207713E-03  6.512763E-03
  2.006409E+00  2.700000E+02     2  1.518875E+00 -9.822317E+01 -2.172435E-01 -1.503259E+00
  2.006409E+00  2.700000E+02     3  9.053238E-01  3.207962E+01  7.670907E-01  4.808150E-01
  2.006409E+00  2.700000E+02     4  2.689033E-02  6.222381E+01  1.253141E-02  2.379189E-02
  2.006409E+00  2.700000E+02     5  4.535537E-03 -9.385325E+01 -3.047932E-04 -4.525284E-03
  2.006409E+00  2.700000E+02     6  2.686229E-08  2.909996E+01  2.347153E-08  1.306407E-08
  2.006409E+00  2.800000E+02     1  2.708441E-01  8.158029E+01  3.965789E-02  2.679249E-01
  2.006409E+00  2.800000E+02     2  1.496654E+00 -9.823428E+01 -2.143523E-01 -1.481224E+00
  2.006409E+00  2.800000E+02     3  9.063318E-01  3.205420E+01  7.681583E-01  4.810095E-01
  2.006409E+00  2.800000E+02     4  2.587333E-02  6.183718E+01  1.221167E-02  2.281019E-02
  2.006409E+00  2.800000E+02     5  2.250630E-03 -2.111375E+01  2.099539E-03 -8.107235E-04
  2.006409E+00  2.800000E+02     6  1.423151E-08  8.774976E+01  5.587847E-10  1.422053E-08
  2.006409E+00  2.900000E+02     1  5.265552E-01  8.171631E+01  7.586315E-02  5.210615E-01
  2.006409E+00  2.900000E+02     2  1.429116E+00 -9.825240E+01 -2.051270E-01 -1.414318E+00
  2.006409E+00  2.900000E+02     3  9.073831E-01  3.203268E+01  7.692301E-01  4.812786E-01
  2.006409E+00  2.900000E+02     4  2.386484E-02  6.139796E+01  1.142465E-02  2.095252E-02
  2.006409E+00  2.900000E+02     5  5.398346E-03  3.456907E+01  4.445229E-03  3.063018E-03
  2.006409E+00  2.900000E+02     6  1.866593E-08  1.242964E+02 -1.051777E-08  1.542056E-08
  2.006409E+00  3.000000E+02     1  7.660895E-01  8.176683E+01  1.097055E-01  7.581938E-01
  2.006409E+00  3.000000E+02     2  1.318306E+00 -9.827855E+01 -1.898174E-01 -1.304569E+00
  2.006409E+00  3.000000E+02     3  9.083360E-01  3.201962E+01  7.701478E-01  4.816085E-01
  2.006409E+00  3.000000E+02     4  2.096661E-02  6.084397E+01  1.021471E-02  1.831006E-02
  2.006409E+00  3.000000E+02     5  9.692607E-03  4.653323E+01  6.667872E-03  7.034637E-03
  2.006409E+00  3.000000E+02     6  1.705056E-08  1.026752E+02 -3.741309E-09  1.663503E-08
  2.006409E+00  3.100000E+02     1  9.821747E-01  8.179555E+01  1.401621E-01  9.721223E-01
  2.006409E+00  3.100000E+02     2  1.167548E+00 -9.831465E+01 -1.688382E-01 -1.155276E+00
  2.006409E+00  3.100000E+02     3  9.090591E-01  3.201906E+01  7.707656E-01  4.819844E-01
  2.006409E+00  3.100000E+02     4  1.734156E-02  6.009003E+01  8.647170E-03  1.503184E-02
  2.006409E+00  3.100000E+02     5  1.401378E-02  5.163529E+01  8.697861E-03  1.098786E-02
  2.006409E+00  3.100000E+02     6  2.562304E-08  4.411066E+01  1.839726E-08  1.783483E-08
  2.006409E+00  3.200000E+02     1  1.168296E+00  8.181472E+01  1.663357E-01  1.156394E+00
  2.006409E+00  3.200000E+02     2  9.813555E-01 -9.836522E+01 -1.427700E-01 -9.709147E-01
  2.006409E+00  3.200000E+02     3  9.094600E-01  3.203337E+01  7.709850E-01  4.823894E-01
  2.006409E+00  3.200000E+02     4  1.319083E-02  5.897483E+01  6.798746E-03  1.130376E-02
  2.006409E+00  3.200000E+02     5  1.808761E-02  5.465903E+01  1.046262E-02  1.475450E-02
  2.006409E+00  3.200000E+02     6  4.976988E-08  2.243051E+01  4.600444E-08  1.899033E-08
  2.006409E+00  3.300000E+02     1  1.318878E+00  8.182796E+01  1.874731E-01  1.305485E+00
  2.006409E+00  3.300000E+02     2  7.653151E-01 -9.844212E+01 -1.123560E-01 -7.570226E-01
  2.006409E+00  3.300000E+02     3  9.095061E-01  3.206243E+01  7.707793E-01  4.828050E-01
  2.006409E+00  3.300000E+02     4  8.724607E-03  5.703286E+01  4.747564E-03  7.319795E-03
  2.006409E+00  3.300000E+02     5  2.168614E-02  5.674326E+01  1.189250E-02  1.813442E-02
  2.006409E+00  3.300000E+02     6  6.933243E-08  1.682831E+01  6.636337E-08  2.007207E-08
  2.006409E+00  3.400000E+02     1  1.429432E+00  8.183662E+01  2.029740E-01  1.414948E+00
  2.006409E+00  3.400000E+02     2  5.259361E-01 -9.858321E+01 -7.849361E-02 -5.200457E-01
  2.006409E+00  3.400000E+02     3  9.092301E-01  3.210367E+01  7.701978E-01  4.832130E-01
  2.006409E+00  3.400000E+02     4  4.142121E-03  5.173809E+01  2.565038E-03  3.252345E-03
  2.006409E+00  3.400000E+02     5  2.459813E-02  5.829186E+01  1.292860E-02  2.092653E-02
  2.006409E+00  3.400000E+02     6  7.295699E-08  1.677126E+01  6.985372E-08  2.105185E-08
  2.006409E+00  3.500000E+02     1  1.496670E+00  8.184147E+01  2.123961E-01  1.481522E+00
  2.006409E+00  3.500000E+02     2  2.704751E-01 -9.897895E+01 -4.221345E-02 -2.671606E-01
  2.006409E+00  3.500000E+02     3  9.087177E-01  3.215279E+01  7.693495E-01  4.836004E-01
  2.006409E+00  3.500000E+02     4  8.300007E-04 -6.794778E+01  3.116250E-04 -7.692795E-04
  2.006409E+00  3.500000E+02     5  2.665150E-02  5.949118E+01  1.353020E-02  2.296163E-02
  2.006409E+00  3.500000E+02     6  5.870734E-08  2.190621E+01  5.446842E-08  2.190303E-08
  1.913036E+00  0.000000E+00     1  1.528809E+00  8.162547E+01  2.226605E-01  1.512507E+00
  1.913036E+00  0.000000E+00     2  7.205506E-03 -1.282910E+02 -4.464931E-03 -5.655415E-03
  1.913036E+00  0.000000E+00     3  8.132167E-01  3.652867E+01  6.534677E-01  4.840470E-01
  1.913036E+00  0.000000E+00     4  4.951299E-03 -1.119407E+02 -1.850038E-03 -4.592681E-03
  1.913036E+00  0.000000E+00     5  1.642022E-02  3.308314E+01  1.375816E-02  8.963065E-03
  1.913036E+00  0.000000E+00     6  3.240875E-08  4.385397E+01  2.337021E-08  2.245352E-08
  1.913036E+00  1.000000E+01     1  1.504674E+00  8.162392E+01  2.191857E-01  1.488624E+00
  1.913036E+00  1.000000E+01     2  2.596466E-01  8.234685E+01  3.457863E-02  2.573338E-01
  1.913036E+00  1.000000E+01     3  8.125209E-01  3.659512E+01  6.523473E-01  4.843896E-01
  1.913036E+00  1.000000E+01     4  6.868325E-03 -1.259926E+02 -4.036386E-03 -5.557111E-03
  1.913036E+00  1.000000E+01     5  1.638466E-02  3.496780E+01  1.342681E-02  9.390311E-03
  1.913036E+00  1.000000E+01     6  2.770625E-08  1.237158E+02 -1.537899E-08  2.304610E-08
  1.913036E+00  2.000000E+01     1  1.434931E+00  8.162038E+01  2.091141E-01  1.419612E+00
  1.913036E+00  2.000000E+01     2  5.175936E-01  8.195180E+01  7.246622E-02  5.124956E-01
  1.913036E+00  2.000000E+01     3  8.119329E-01  3.665445E+01  6.513736E-01  4.847138E-01
  1.913036E+00  2.000000E+01     4  8.915253E-03 -1.338106E+02 -6.171821E-03 -6.433535E-03
  1.913036E+00  2.000000E+01     5  1.574971E-02  3.649716E+01  1.266098E-02  9.367659E-03
  1.913036E+00  2.000000E+01     6  4.372086E-08  1.475836E+02 -3.690803E-08  2.343738E-08
  1.913036E+00  3.000000E+01     1  1.321622E+00  8.161743E+01  1.926687E-01  1.307503E+00
  1.913036E+00  3.000000E+01     2  7.597190E-01  8.182813E+01  1.079887E-01  7.520049E-01
  1.913036E+00  3.000000E+01     3  8.115243E-01  3.670422E+01  6.506246E-01  4.850353E-01
  1.913036E+00  3.000000E+01     4  1.098685E-02 -1.384168E+02 -8.218090E-03 -7.292049E-03
  1.913036E+00  3.000000E+01     5  1.461872E-02  3.794861E+01  1.152778E-02  8.989849E-03
  1.913036E+00  3.000000E+01     6  3.974886E-08  1.436003E+02 -3.199375E-08  2.358755E-08
  1.913036E+00  4.000000E+01     1  1.168101E+00  8.161894E+01  1.702577E-01  1.155626E+00
  1.913036E+00  4.000000E+01     2  9.786020E-01  8.177246E+01  1.400425E-01  9.685298E-01
  1.913036E+00  4.000000E+01     3  8.113341E-01  3.674304E+01  6.501434E-01  4.853622E-01
  1.913036E+00  4.000000E+01     4  1.299820E-02 -1.411241E+02 -1.011920E-02 -8.158127E-03
  1.913036E+00  4.000000E+01     5  1.313327E-02  3.965888E+01  1.011075E-02  8.381857E-03
  1.913036E+00  4.000000E+01     6  2.374456E-08  9.882070E+01 -3.641058E-09  2.346374E-08
  1.913036E+00  5.000000E+01     1  9.789617E-01  8.163117E+01  1.424828E-01  9.685374E-01
  1.913036E+00  5.000000E+01     2  1.167569E+00  8.174361E+01  1.676664E-01  1.155468E+00
  1.913036E+00  5.000000E+01     3  8.113784E-01  3.676934E+01  6.499561E-01  4.856870E-01
  1.913036E+00  5.000000E+01     4  1.484335E-02 -1.426723E+02 -1.180313E-02 -9.000611E-03
  1.913036E+00  5.000000E+01     5  1.144502E-02  4.206408E+01  8.496737E-03  7.667721E-03
  1.913036E+00  5.000000E+01     6  4.143620E-08  3.379730E+01  3.443392E-08  2.304915E-08
  1.913036E+00  6.000000E+01     1  7.599122E-01  8.166626E+01  1.101408E-01  7.518880E-01
  1.913036E+00  6.000000E+01     2  1.320897E+00  8.172696E+01  1.900646E-01  1.307151E+00
  1.913036E+00  6.000000E+01     3  8.116591E-01  3.678071E+01  6.500846E-01  4.859841E-01
  1.913036E+00  6.000000E+01     4  1.639496E-02 -1.435620E+02 -1.318974E-02 -9.737828E-03
  1.913036E+00  6.000000E+01     5  9.689340E-03  4.574267E+01  6.762017E-03  6.939629E-03
  1.913036E+00  6.000000E+01     6  6.804308E-08  1.917558E+01  6.426781E-08  2.234971E-08
  1.913036E+00  7.000000E+01     1  5.176128E-01  8.175658E+01  7.421476E-02  5.122648E-01
  1.913036E+00  7.000000E+01     2  1.433975E+00  8.171560E+01  2.066170E-01  1.419012E+00
  1.913036E+00  7.000000E+01     3  8.121662E-01  3.677429E+01  6.505452E-01  4.862149E-01
  1.913036E+00  7.000000E+01     4  1.751881E-02 -1.441606E+02 -1.420182E-02 -1.025753E-02
  1.913036E+00  7.000000E+01     5  7.967529E-03  5.149113E+01  4.960869E-03  6.234686E-03
  1.913036E+00  7.000000E+01     6  7.514989E-08  1.654093E+01  7.203993E-08  2.139520E-08
  1.913036E+00  8.000000E+01     1  2.594767E-01  8.205867E+01  3.584906E-02  2.569884E-01
  1.913036E+00  8.000000E+01     2  1.503441E+00  8.170568E+01  2.168835E-01  1.487715E+00
  1.913036E+00  8.000000E+01     3  8.128719E-01  3.674809E+01  6.513329E-01  4.863396E-01
  1.913036E+00  8.000000E+01     4  1.809438E-02 -1.447479E+02 -1.477624E-02 -1.044362E-02
  1.913036E+00  8.000000E+01     5  6.346609E-03  6.055332E+01  3.120077E-03  5.526713E-03
  1.913036E+00  8.000000E+01     6  5.814707E-08  2.036425E+01  5.451284E-08  2.023443E-08
  1.913036E+00  9.000000E+01     1  7.147884E-03 -1.211168E+02 -3.693916E-03 -6.119414E-03
  1.913036E+00  9.000000E+01     2  1.527256E+00  8.169492E+01  2.206028E-01  1.511240E+00
  1.913036E+00  9.000000E+01     3  8.137208E-01  3.670266E+01  6.523989E-01  4.863304E-01
  1.913036E+00  9.000000E+01     4  1.803635E-02 -1.455494E+02 -1.487303E-02 -1.020308E-02
  1.913036E+00  9.000000E+01     5  4.897512E-03  7.531149E+01  1.241833E-03  4.737454E-03
  1.913036E+00  9.000000E+01     6  2.791676E-08  4.268666E+01  2.052084E-08  1.892724E-08
  1.913036E+00  1.000000E+02     1  2.724217E-01 -9.910168E+01 -4.309358E-02 -2.689917E-01
  1.913036E+00  1.000000E+02     2  1.504759E+00  8.168198E+01  2.176896E-01  1.488930E+00
  1.913036E+00  1.000000E+02     3  8.146238E-01  3.664229E+01  6.536356E-01  4.861816E-01
  1.913036E+00  1.000000E+02     4  1.731307E-02 -1.467665E+02 -1.448142E-02 -9.488470E-03
  1.913036E+00  1.000000E+02     5  3.827595E-03  1.003092E+02 -6.849898E-04  3.765803E-03
  1.913036E+00  1.000000E+02     6  2.196886E-08  1.270359E+02 -1.323219E-08  1.753682E-08
  1.913036E+00  1.100000E+02     1  5.298179E-01 -9.879847E+01 -8.104064E-02 -5.235832E-01
  1.913036E+00  1.100000E+02     2  1.436665E+00  8.166623E+01  2.082293E-01  1.421494E+00
  1.913036E+00  1.100000E+02     3  8.154616E-01  3.657499E+01  6.548790E-01  4.859126E-01
  1.913036E+00  1.100000E+02     4  1.595844E-02 -1.486075E+02 -1.362244E-02 -8.312710E-03
  1.913036E+00  1.100000E+02     5  3.674966E-03  1.365574E+02 -2.668259E-03  2.527007E-03
  1.913036E+00  1.100000E+02     6  3.416081E-08  1.518338E+02 -3.011555E-08  1.612497E-08
  1.913036E+00  1.200000E+02     1  7.709566E-01 -9.867669E+01 -1.163055E-01 -7.621333E-01
  1.913036E+00  1.200000E+02     2  1.325034E+00  8.164771E+01  1.924735E-01  1.310980E+00
  1.913036E+00  1.200000E+02     3  8.161015E-01  3.651105E+01  6.559352E-01  4.855623E-01
  1.913036E+00  1.200000E+02     4  1.407371E-02 -1.513255E+02 -1.234770E-02 -6.753039E-03
  1.913036E+00  1.200000E+02     5  4.799140E-03  1.681041E+02 -4.696073E-03  9.892667E-04
  1.913036E+00  1.200000E+02     6  2.606138E-08  1.455301E+02 -2.148562E-08  1.475004E-08
  1.913036E+00  1.300000E+02     1  9.885219E-01 -9.859855E+01 -1.477942E-01 -9.774111E-01
  1.913036E+00  1.300000E+02     2  1.173213E+00  8.162710E+01  1.708375E-01  1.160708E+00
  1.913036E+00  1.300000E+02     3  8.164243E-01  3.646052E+01  6.566228E-01  4.851754E-01
  1.913036E+00  1.300000E+02     4  1.181644E-02 -1.552800E+02 -1.073361E-02 -4.941456E-03
  1.913036E+00  1.300000E+02     5  6.773780E-03 -1.731767E+02 -6.725804E-03 -8.047740E-04
  1.913036E+00  1.300000E+02     6  1.630021E-08  5.569973E+01  9.185657E-09  1.346553E-08
  1.913036E+00  1.400000E+02     1  1.175964E+00 -9.853780E+01 -1.745858E-01 -1.162932E+00
  1.913036E+00  1.400000E+02     2  9.857387E-01  8.160579E+01  1.439011E-01  9.751785E-01
  1.913036E+00  1.400000E+02     3  8.163528E-01  3.643048E+01  6.568195E-01  4.847887E-01
  1.913036E+00  1.400000E+02     4  9.377690E-03 -1.610779E+02 -8.870921E-03 -3.041024E-03
  1.913036E+00  1.400000E+02     5  9.104039E-03 -1.624903E+02 -8.682212E-03 -2.739110E-03
  1.913036E+00  1.400000E+02     6  4.944506E-08  1.442493E+01  4.788629E-08  1.231733E-08
  1.913036E+00  1.500000E+02     1  1.327677E+00 -9.848710E+01 -1.959475E-01 -1.313137E+00
  1.913036E+00  1.500000E+02     2  7.682233E-01  8.158584E+01  1.124122E-01  7.599542E-01
  1.913036E+00  1.500000E+02     3  8.158717E-01  3.642319E+01  6.564941E-01  4.844194E-01
  1.913036E+00  1.500000E+02     4  6.957327E-03 -1.699687E+02 -6.850968E-03 -1.211876E-03
  1.913036E+00  1.500000E+02     5  1.145039E-02 -1.560542E+02 -1.046485E-02 -4.647402E-03
  1.913036E+00  1.500000E+02     6  7.740256E-08  8.424282E+00  7.656741E-08  1.133965E-08
  1.913036E+00  1.600000E+02     1  1.439144E+00 -9.844430E+01 -2.113353E-01 -1.423542E+00
  1.913036E+00  1.600000E+02     2  5.272087E-01  8.157037E+01  7.728591E-02  5.215131E-01
  1.913036E+00  1.600000E+02     3  8.150315E-01  3.643565E+01  6.557128E-01  4.840631E-01
  1.913036E+00  1.600000E+02     4  4.770542E-03  1.748986E+02 -4.751645E-03  4.241872E-04
  1.913036E+00  1.600000E+02     5  1.354309E-02 -1.520393E+02 -1.196220E-02 -6.349880E-03
  1.913036E+00  1.600000E+02     6  8.222500E-08  7.372951E+00  8.154516E-08  1.055172E-08
  1.913036E+00  1.700000E+02     1  1.507046E+00 -9.840883E+01 -2.203837E-01 -1.490845E+00
  1.913036E+00  1.700000E+02     2  2.699878E-01  8.156734E+01  3.959288E-02  2.670689E-01
  1.913036E+00  1.700000E+02     3  8.139346E-01  3.646090E+01  6.546171E-01  4.837002E-01
  1.913036E+00  1.700000E+02     4  3.190116E-03  1.454546E+02 -2.627626E-03  1.808983E-03
  1.913036E+00  1.700000E+02     5  1.516425E-02 -1.495182E+02 -1.306841E-02 -7.692292E-03
  1.913036E+00  1.700000E+02     6  6.074487E-08  9.434869E+00  5.992315E-08  9.957684E-09
  1.913036E+00  1.800000E+02     1  1.529346E+00 -9.838047E+01 -2.228957E-01 -1.513016E+00
  1.913036E+00  1.800000E+02     2  4.392865E-03  8.307508E+01  5.296414E-04  4.360819E-03
  1.913036E+00  1.800000E+02     3  8.127095E-01  3.649042E+01  6.533829E-01  4.833089E-01
  1.913036E+00  1.800000E+02     4  2.997269E-03  9.977077E+01 -5.086566E-04  2.953793E-03
  1.913036E+00  1.800000E+02     5  1.616206E-02 -1.479515E+02 -1.369895E-02 -8.576186E-03
  1.913036E+00  1.800000E+02     6  2.310344E-08  2.441844E+01  2.103685E-08  9.550904E-09
  1.913036E+00  1.900000E+02     1  1.505343E+00 -9.835879E+01 -2.188338E-01 -1.489352E+00
  1.913036E+00  1.900000E+02     2  2.614556E-01 -9.849675E+01 -3.863093E-02 -2.585859E-01
  1.913036E+00  1.900000E+02     3  8.114845E-01  3.651665E+01  6.521771E-01  4.828790E-01
  1.913036E+00  1.900000E+02     4  4.234201E-03  6.790307E+01  1.592799E-03  3.923194E-03
  1.913036E+00  1.900000E+02     5  1.646332E-02 -1.469683E+02 -1.380235E-02 -8.974195E-03
  1.913036E+00  1.900000E+02     6  2.010235E-08  1.523747E+02 -1.781067E-08  9.321197E-09
  1.913036E+00  2.000000E+02     1  1.435701E+00 -9.834292E+01 -2.083166E-01 -1.420508E+00
  1.913036E+00  2.000000E+02     2  5.193978E-01 -9.848121E+01 -7.660341E-02 -5.137178E-01
  1.913036E+00  2.000000E+02     3  8.103684E-01  3.653471E+01  6.511281E-01  4.824202E-01
  1.913036E+00  2.000000E+02     4  6.042593E-03  5.263708E+01  3.667018E-03  4.802699E-03
  1.913036E+00  2.000000E+02     5  1.607463E-02 -1.462568E+02 -1.336662E-02 -8.928998E-03
  1.913036E+00  2.000000E+02     6  4.043727E-08  1.667597E+02 -3.936238E-08  9.261549E-09
  1.913036E+00  2.100000E+02     1  1.322449E+00 -9.833136E+01 -1.916200E-01 -1.308493E+00
  1.913036E+00  2.100000E+02     2  7.615211E-01 -9.846938E+01 -1.121574E-01 -7.532165E-01
  1.913036E+00  2.100000E+02     3  8.094438E-01  3.654287E+01  6.503166E-01  4.819623E-01
  1.913036E+00  2.100000E+02     4  8.027863E-03  4.485326E+01  5.691076E-03  5.661999E-03
  1.913036E+00  2.100000E+02     5  1.507141E-02 -1.454930E+02 -1.241970E-02 -8.538059E-03
  1.913036E+00  2.100000E+02     6  3.564807E-08  1.647594E+02 -3.439434E-08  9.370923E-09
  1.913036E+00  2.200000E+02     1  1.168936E+00 -9.832169E+01 -1.691811E-01 -1.156628E+00
  1.913036E+00  2.200000E+02     2  9.804131E-01 -9.845645E+01 -1.441772E-01 -9.697540E-01
  1.913036E+00  2.200000E+02     3  8.087703E-01  3.654154E+01  6.497866E-01  4.815463E-01
  1.913036E+00  2.200000E+02     4  1.003111E-02  4.058827E+01  7.617671E-03  6.526428E-03
  1.913036E+00  2.200000E+02     5  1.357853E-02 -1.442776E+02 -1.102380E-02 -7.927937E-03
  1.913036E+00  2.200000E+02     6  1.131938E-08  1.214952E+02 -5.913558E-09  9.651846E-09
  1.913036E+00  2.300000E+02     1  9.797536E-01 -9.831002E+01 -1.416030E-01 -9.694667E-01
  1.913036E+00  2.300000E+02     2  1.169401E+00 -9.844331E+01 -1.717041E-01 -1.156727E+00
  1.913036E+00  2.300000E+02     3  8.083916E-01  3.653188E+01  6.495635E-01  4.812112E-01
  1.913036E+00  2.300000E+02     4  1.192037E-02  3.815919E+01  9.372954E-03  7.364984E-03
  1.913036E+00  2.300000E+02     5  1.174740E-02 -1.420588E+02 -9.264489E-03 -7.222924E-03
  1.913036E+00  2.300000E+02     6  3.390003E-08  1.734152E+01  3.235911E-08  1.010447E-08
  1.913036E+00  2.400000E+02     1  7.606157E-01 -9.828920E+01 -1.096577E-01 -7.526696E-01
  1.913036E+00  2.400000E+02     2  1.322759E+00 -9.843183E+01 -1.939596E-01 -1.308461E+00
  1.913036E+00  2.400000E+02     3  8.083398E-01  3.651451E+01  6.496678E-01  4.809835E-01
  1.913036E+00  2.400000E+02     4  1.354918E-02  3.669537E+01  1.086406E-02  8.096452E-03
  1.913036E+00  2.400000E+02     5  9.736480E-03 -1.380069E+02 -7.236400E-03 -6.514104E-03
  1.913036E+00  2.400000E+02     6  6.336675E-08  9.740565E+00  6.245325E-08  1.072084E-08
  1.913036E+00  2.500000E+02     1  5.181929E-01 -9.824148E+01 -7.428058E-02 -5.128413E-01
  1.913036E+00  2.500000E+02     2  1.435872E+00 -9.842399E+01 -2.103514E-01 -1.420381E+00
  1.913036E+00  2.500000E+02     3  8.086318E-01  3.648929E+01  6.501141E-01  4.808711E-01
  1.913036E+00  2.500000E+02     4  1.476374E-02  3.567156E+01  1.199367E-02  8.609300E-03
  1.913036E+00  2.500000E+02     5  7.704144E-03 -1.307515E+02 -5.029110E-03 -5.836256E-03
  1.913036E+00  2.500000E+02     6  7.146792E-08  9.245861E+00  7.053941E-08  1.148284E-08
  1.913036E+00  2.600000E+02     1  2.599099E-01 -9.808433E+01 -3.655124E-02 -2.573269E-01
  1.913036E+00  2.600000E+02     2  1.505371E+00 -9.842153E+01 -2.204686E-01 -1.489139E+00
  1.913036E+00  2.600000E+02     3  8.092581E-01  3.645612E+01  6.508961E-01  4.808668E-01
  1.913036E+00  2.600000E+02     4  1.542543E-02  3.473123E+01  1.267714E-02  8.788295E-03
  1.913036E+00  2.600000E+02     5  5.831683E-03 -1.177718E+02 -2.717284E-03 -5.159931E-03
  1.913036E+00  2.600000E+02     6  5.478371E-08  1.304416E+01  5.337009E-08  1.236479E-08
  1.913036E+00  2.700000E+02     1  6.463284E-03  6.875170E+01  2.342361E-03  6.023901E-03
  1.913036E+00  2.700000E+02     2  1.529213E+00 -9.842580E+01 -2.240734E-01 -1.512708E+00
  1.913036E+00  2.700000E+02     3  8.101704E-01  3.641624E+01  6.519649E-01  4.809552E-01
  1.913036E+00  2.700000E+02     4  1.543604E-02  3.359618E+01  1.285758E-02  8.541318E-03
  1.913036E+00  2.700000E+02     5  4.417609E-03 -9.465190E+01 -3.582761E-04 -4.403056E-03
  1.913036E+00  2.700000E+02     6  2.384803E-08  3.400900E+01  1.976881E-08  1.333875E-08
  1.913036E+00  2.800000E+02     1  2.722443E-01  8.130506E+01  4.115614E-02  2.691155E-01
  1.913036E+00  2.800000E+02     2  1.506735E+00 -9.843781E+01 -2.210920E-01 -1.490425E+00
  1.913036E+00  2.800000E+02     3  8.112742E-01  3.637337E+01  6.532133E-01  4.811219E-01
  1.913036E+00  2.800000E+02     4  1.475877E-02  3.200361E+01  1.251565E-02  7.821743E-03
  1.913036E+00  2.800000E+02     5  3.998173E-03 -5.994566E+01  2.002370E-03 -3.460622E-03
  1.913036E+00  2.800000E+02     6  1.977263E-08  1.333457E+02 -1.357191E-08  1.437916E-08
  1.913036E+00  2.900000E+02     1  5.297473E-01  8.146178E+01  7.865113E-02  5.238761E-01
  1.913036E+00  2.900000E+02     2  1.438649E+00 -9.845828E+01 -2.116097E-01 -1.423001E+00
  1.913036E+00  2.900000E+02     3  8.124330E-01  3.633381E+01  6.544788E-01  4.813573E-01
  1.913036E+00  2.900000E+02     4  1.343049E-02  2.964516E+01  1.167251E-02  6.643084E-03
  1.913036E+00  2.900000E+02     5  4.868602E-03 -2.745071E+01  4.320435E-03 -2.244355E-03
  1.913036E+00  2.900000E+02     6  3.378055E-08  1.527558E+02 -3.003306E-08  1.546419E-08
  1.913036E+00  3.000000E+02     1  7.709479E-01  8.152252E+01  1.136536E-01  7.625244E-01
  1.913036E+00  3.000000E+02     2  1.327018E+00 -9.848795E+01 -1.958698E-01 -1.312483E+00
  1.913036E+00  3.000000E+02     3  8.134885E-01  3.630526E+01  6.555692E-01  4.816561E-01
  1.913036E+00  3.000000E+02     4  1.156279E-02  2.607779E+01  1.038567E-02  5.082898E-03
  1.913036E+00  3.000000E+02     5  6.582108E-03 -6.277742E+00  6.542638E-03 -7.197415E-04
  1.913036E+00  3.000000E+02     6  2.673915E-08  1.416954E+02 -2.098291E-08  1.657406E-08
  1.913036E+00  3.100000E+02     1  9.885247E-01  8.155916E+01  1.451037E-01  9.778170E-01
  1.913036E+00  3.100000E+02     2  1.175189E+00 -9.852827E+01 -1.742775E-01 -1.162195E+00
  1.913036E+00  3.100000E+02     3  8.142920E-01  3.629481E+01  6.563046E-01  4.820122E-01
  1.913036E+00  3.100000E+02     4  9.331783E-03  2.053370E+01  8.738898E-03  3.273200E-03
  1.913036E+00  3.100000E+02     5  8.667806E-03  7.105354E+00  8.601240E-03  1.072157E-03
  1.913036E+00  3.100000E+02     6  2.036599E-08  6.028687E+01  1.009456E-08  1.768823E-08
  1.913036E+00  3.200000E+02     1  1.175927E+00  8.158503E+01  1.720869E-01  1.163267E+00
  1.913036E+00  3.200000E+02     2  9.877014E-01 -9.858296E+01 -1.474058E-01 -9.766400E-01
  1.913036E+00  3.200000E+02     3  8.147378E-01  3.630679E+01  6.565631E-01  4.824133E-01
  1.913036E+00  3.200000E+02     4  6.965575E-03  1.139989E+01  6.828155E-03  1.376784E-03
  1.913036E+00  3.200000E+02     5  1.084384E-02  1.614642E+01  1.041610E-02  3.015596E-03
  1.913036E+00  3.200000E+02     6  5.264077E-08  2.090543E+01  4.917546E-08  1.878362E-08
  1.913036E+00  3.300000E+02     1  1.327553E+00  8.160370E+01  1.938481E-01  1.313324E+00
  1.913036E+00  3.300000E+02     2  7.701682E-01 -9.866267E+01 -1.160002E-01 -7.613823E-01
  1.913036E+00  3.300000E+02     3  8.147884E-01  3.634138E+01  6.563125E-01  4.828396E-01
  1.913036E+00  3.300000E+02     4  4.767561E-03 -5.376449E+00  4.746586E-03 -4.467161E-04
  1.913036E+00  3.300000E+02     5  1.288895E-02  2.255177E+01  1.190337E-02  4.943142E-03
  1.913036E+00  3.300000E+02     6  8.067568E-08  1.423270E+01  7.819936E-08  1.983497E-08
  1.913036E+00  3.400000E+02     1  1.438897E+00  8.161627E+01  2.097941E-01  1.423521E+00
  1.913036E+00  3.400000E+02     2  5.291335E-01 -9.880285E+01 -8.097591E-02 -5.229007E-01
  1.913036E+00  3.400000E+02     3  8.144811E-01  3.639462E+01  6.556162E-01  4.832668E-01
  1.913036E+00  3.400000E+02     4  3.305495E-03 -3.890969E+01  2.572127E-03 -2.076164E-03
  1.913036E+00  3.400000E+02     5  1.460161E-02  2.719268E+01  1.298776E-02  6.672706E-03
  1.913036E+00  3.400000E+02     6  8.602792E-08  1.400257E+01  8.347159E-08  2.081579E-08
  1.913036E+00  3.500000E+02     1  1.506656E+00  8.162330E+01  2.194907E-01  1.490582E+00
  1.913036E+00  3.500000E+02     2  2.718971E-01 -9.918515E+01 -4.340165E-02 -2.684108E-01
  1.913036E+00  3.500000E+02     3  8.139137E-01  3.645962E+01  6.546112E-01  4.836732E-01
  1.913036E+00  3.500000E+02     4  3.472961E-03 -8.403123E+01  3.611403E-04 -3.454133E-03
  1.913036E+00  3.500000E+02     5  1.581471E-02  3.058496E+01  1.361450E-02  8.046770E-03
  1.913036E+00  3.500000E+02     6  6.576862E-08  1.926413E+01  6.208608E-08  2.169861E-08
  1.831593E+00  0.000000E+00     1  1.517636E+00  8.193167E+01  2.130061E-01  1.502613E+00
  1.831593E+00  0.000000E+00     2  6.671250E-03 -1.285196E+02 -4.154736E-03 -5.219553E-03
  1.831593E+00  0.000000E+00     3  7.288388E-01  4.092389E+01  5.506964E-01  4.774301E-01
  1.831593E+00  0.000000E+00     4  4.772648E-03 -1.108486E+02 -1.698587E-03 -4.460153E-03
  1.831593E+00  0.000000E+00     5  1.470847E-02 -2.264853E+01  1.357422E-02 -5.663895E-03
  1.831593E+00  0.000000E+00     6  2.986931E-08  4.752595E+01  2.016944E-08  2.203110E-08
  1.831593E+00  1.000000E+01     1  1.493779E+00  8.192804E+01  2.097515E-01  1.478979E+00
  1.831593E+00  1.000000E+01     2  2.582304E-01  8.257539E+01  3.336892E-02  2.560653E-01
  1.831593E+00  1.000000E+01     3  7.281116E-01  4.101038E+01  5.494263E-01  4.777837E-01
  1.831593E+00  1.000000E+01     4  4.645409E-03 -1.436982E+02 -3.743779E-03 -2.750264E-03
  1.831593E+00  1.000000E+01     5  1.414328E-02 -2.108056E+01  1.319675E-02 -5.087059E-03
  1.831593E+00  1.000000E+01     6  3.959474E-08  1.450050E+02 -3.243610E-08  2.270777E-08
  1.831593E+00  2.000000E+01     1  1.424650E+00  8.192043E+01  2.002320E-01  1.410509E+00
  1.831593E+00  2.000000E+01     2  5.143270E-01  8.220521E+01  6.975581E-02  5.095747E-01
  1.831593E+00  2.000000E+01     3  7.275036E-01  4.108596E+01  5.483372E-01  4.781085E-01
  1.831593E+00  2.000000E+01     4  5.859789E-03 -1.696794E+02 -5.764981E-03 -1.049819E-03
  1.831593E+00  2.000000E+01     5  1.317215E-02 -2.022407E+01  1.236006E-02 -4.553512E-03
  1.831593E+00  2.000000E+01     6  6.562841E-08  1.593065E+02 -6.139434E-08  2.319103E-08
  1.831593E+00  3.000000E+01     1  1.312267E+00  8.191183E+01  1.846318E-01  1.299213E+00
  1.831593E+00  3.000000E+01     2  7.547052E-01  8.209312E+01  1.038199E-01  7.475302E-01
  1.831593E+00  3.000000E+01     3  7.270898E-01  4.114789E+01  5.475086E-01  4.784286E-01
  1.831593E+00  3.000000E+01     4  7.756801E-03  1.765056E+02 -7.742380E-03  4.727786E-04
  1.831593E+00  3.000000E+01     5  1.183390E-02 -1.959217E+01  1.114875E-02 -3.968176E-03
  1.831593E+00  3.000000E+01     6  5.896063E-08  1.565899E+02 -5.410727E-08  2.342562E-08
  1.831593E+00  4.000000E+01     1  1.159952E+00  8.190666E+01  1.633052E-01  1.148399E+00
  1.831593E+00  4.000000E+01     2  9.719916E-01  8.204649E+01  1.344940E-01  9.626416E-01
  1.831593E+00  4.000000E+01     3  7.269092E-01  4.119512E+01  5.469781E-01  4.787608E-01
  1.831593E+00  4.000000E+01     4  9.776248E-03  1.699252E+02 -9.625500E-03  1.710198E-03
  1.831593E+00  4.000000E+01     5  1.018950E-02 -1.838844E+01  9.669217E-03 -3.214354E-03
  1.831593E+00  4.000000E+01     6  2.764725E-08  1.223147E+02 -1.477938E-08  2.336537E-08
  1.831593E+00  5.000000E+01     1  9.722616E-01  8.191192E+01  1.367926E-01  9.625904E-01
  1.831593E+00  5.000000E+01     2  1.159556E+00  8.202554E+01  1.608670E-01  1.148343E+00
  1.831593E+00  5.000000E+01     3  7.269745E-01  4.122621E+01  5.467673E-01  4.791006E-01
  1.831593E+00  5.000000E+01     4  1.163644E-02  1.669268E+02 -1.133484E-02  2.632120E-03
  1.831593E+00  5.000000E+01     5  8.324344E-03 -1.524568E+01  8.031387E-03 -2.188957E-03
  1.831593E+00  5.000000E+01     6  4.415201E-08  3.137252E+01  3.769701E-08  2.298554E-08
  1.831593E+00  6.000000E+01     1  7.548601E-01  8.194061E+01  1.058310E-01  7.474046E-01
  1.831593E+00  6.000000E+01     2  1.311712E+00  8.201565E+01  1.822004E-01  1.298997E+00
  1.831593E+00  6.000000E+01     3  7.272830E-01  4.123806E+01  5.469002E-01  4.794170E-01
  1.831593E+00  6.000000E+01     4  1.318745E-02  1.656042E+02 -1.277338E-02  3.278647E-03
  1.831593E+00  6.000000E+01     5  6.383957E-03 -7.540832E+00  6.328746E-03 -8.377841E-04
  1.831593E+00  6.000000E+01     6  8.172605E-08  1.582823E+01  7.862730E-08  2.229113E-08
  1.831593E+00  7.000000E+01     1  5.143603E-01  8.202605E+01  7.135357E-02  5.093871E-01
  1.831593E+00  7.000000E+01     2  1.423888E+00  8.200957E+01  1.979313E-01  1.410064E+00
  1.831593E+00  7.000000E+01     3  7.278200E-01  4.122642E+01  5.474015E-01  4.796598E-01
  1.831593E+00  7.000000E+01     4  1.433874E-02  1.648916E+02 -1.384312E-02  3.737332E-03
  1.831593E+00  7.000000E+01     5  4.692951E-03  1.003504E+01  4.621155E-03  8.177488E-04
  1.831593E+00  7.000000E+01     6  9.154227E-08  1.346597E+01  8.902563E-08  2.131725E-08
  1.831593E+00  8.000000E+01     1  2.581242E-01  8.232569E+01  3.447039E-02  2.558122E-01
  1.831593E+00  8.000000E+01     2  1.492745E+00  8.200316E+01  2.076686E-01  1.478230E+00
  1.831593E+00  8.000000E+01     3  7.285538E-01  4.118795E+01  5.482757E-01  4.797754E-01
  1.831593E+00  8.000000E+01     4  1.503503E-02  1.641242E+02 -1.446155E-02  4.112885E-03
  1.831593E+00  8.000000E+01     5  3.962277E-03  4.239751E+01  2.926081E-03  2.671646E-03
  1.831593E+00  8.000000E+01     6  6.753201E-08  1.733512E+01  6.446460E-08  2.012184E-08
  1.831593E+00  9.000000E+01     1  6.601594E-03 -1.227923E+02 -3.575388E-03 -5.549562E-03
  1.831593E+00  9.000000E+01     2  1.516273E+00  8.199383E+01  2.111861E-01  1.501494E+00
  1.831593E+00  9.000000E+01     3  7.294271E-01  4.112295E+01  5.494775E-01  4.797274E-01
  1.831593E+00  9.000000E+01     4  1.525291E-02  1.628520E+02 -1.457486E-02  4.497187E-03
  1.831593E+00  9.000000E+01     5  4.709594E-03  7.495579E+01  1.222443E-03  4.548176E-03
  1.831593E+00  9.000000E+01     6  2.542349E-08  4.760145E+01  1.714265E-08  1.877455E-08
  1.831593E+00  1.000000E+02     1  2.698913E-01 -9.883951E+01 -4.147346E-02 -2.666857E-01
  1.831593E+00  1.000000E+02     2  1.493823E+00  8.198006E+01  2.084148E-01  1.479213E+00
  1.831593E+00  1.000000E+02     3  7.303497E-01  4.103736E+01  5.508894E-01  4.795119E-01
  1.831593E+00  1.000000E+02     4  1.500461E-02  1.607608E+02 -1.416663E-02  4.944198E-03
  1.831593E+00  1.000000E+02     5  6.262114E-03  9.487841E+01 -5.325390E-04  6.239429E-03
  1.831593E+00  1.000000E+02     6  3.455643E-08  1.498676E+02 -2.988674E-08  1.734733E-08
  1.831593E+00  1.100000E+02     1  5.254178E-01 -9.852915E+01 -7.792606E-02 -5.196070E-01
  1.831593E+00  1.100000E+02     2  1.426118E+00  8.196112E+01  1.994354E-01  1.412104E+00
  1.831593E+00  1.100000E+02     3  7.312018E-01  4.094292E+01  5.523227E-01  4.791616E-01
  1.831593E+00  1.100000E+02     4  1.433888E-02  1.576494E+02 -1.326167E-02  5.452690E-03
  1.831593E+00  1.100000E+02     5  7.921257E-03  1.074709E+02 -2.378125E-03  7.555848E-03
  1.831593E+00  1.100000E+02     6  5.597208E-08  1.634863E+02 -5.366334E-08  1.590974E-08
  1.831593E+00  1.200000E+02     1  7.648126E-01 -9.840003E+01 -1.117265E-01 -7.566079E-01
  1.831593E+00  1.200000E+02     2  1.315214E+00  8.193708E+01  1.844726E-01  1.302213E+00
  1.831593E+00  1.200000E+02     3  7.318497E-01  4.085494E+01  5.535478E-01  4.787367E-01
  1.831593E+00  1.200000E+02     4  1.333111E-02  1.534433E+02 -1.192458E-02  5.960103E-03
  1.831593E+00  1.200000E+02     5  9.424806E-03  1.173146E+02 -4.324815E-03  8.373944E-03
  1.831593E+00  1.200000E+02     6  4.466015E-08  1.610164E+02 -4.223116E-08  1.452786E-08
  1.831593E+00  1.300000E+02     1  9.808179E-01 -9.831381E+01 -1.418212E-01 -9.705104E-01
  1.831593E+00  1.300000E+02     2  1.164437E+00  8.190876E+01  1.638944E-01  1.152845E+00
  1.831593E+00  1.300000E+02     3  7.321725E-01  4.078846E+01  5.543473E-01  4.783049E-01
  1.831593E+00  1.300000E+02     4  1.205992E-02  1.482202E+02 -1.025187E-02  6.351437E-03
  1.831593E+00  1.300000E+02     5  1.073558E-02  1.261816E+02 -6.337709E-03  8.665223E-03
  1.831593E+00  1.300000E+02     6  1.326699E-08  9.135275E+01 -3.132041E-10  1.326329E-08
  1.831593E+00  1.400000E+02     1  1.166939E+00 -9.824497E+01 -1.673456E-01 -1.154877E+00
  1.831593E+00  1.400000E+02     2  9.782890E-01  8.187766E+01  1.382197E-01  9.684754E-01
  1.831593E+00  1.400000E+02     3  7.320914E-01  4.075395E+01  5.545739E-01  4.779181E-01
  1.831593E+00  1.400000E+02     4  1.057830E-02  1.421889E+02 -8.357250E-03  6.485130E-03
  1.831593E+00  1.400000E+02     5  1.190154E-02  1.344447E+02 -8.333710E-03  8.496821E-03
  1.831593E+00  1.400000E+02     6  5.425137E-08  1.296231E+01  5.286892E-08  1.216913E-08
  1.831593E+00  1.500000E+02     1  1.317617E+00 -9.818696E+01 -1.876335E-01 -1.304189E+00
  1.831593E+00  1.500000E+02     2  7.623351E-01  8.184561E+01  1.081304E-01  7.546275E-01
  1.831593E+00  1.500000E+02     3  7.315912E-01  4.075444E+01  5.541909E-01  4.775962E-01
  1.831593E+00  1.500000E+02     4  8.898525E-03  1.355434E+02 -6.351598E-03  6.232251E-03
  1.831593E+00  1.500000E+02     5  1.296010E-02  1.418555E+02 -1.019254E-02  8.004766E-03
  1.831593E+00  1.500000E+02     6  9.321104E-08  6.952582E+00  9.252563E-08  1.128300E-08
  1.831593E+00  1.600000E+02     1  1.428373E+00 -9.813832E+01 -2.022054E-01 -1.413989E+00
  1.831593E+00  1.600000E+02     2  5.230612E-01  8.181346E+01  7.448201E-02  5.177311E-01
  1.831593E+00  1.600000E+02     3  7.307235E-01  4.078484E+01  5.532803E-01  4.773234E-01
  1.831593E+00  1.600000E+02     4  7.009691E-03  1.280712E+02 -4.322454E-03  5.518347E-03
  1.831593E+00  1.600000E+02     5  1.388271E-02  1.480308E+02 -1.177716E-02  7.350385E-03
  1.831593E+00  1.600000E+02     6  1.003876E-07  6.073113E+00  9.982415E-08  1.062075E-08
  1.831593E+00  1.700000E+02     1  1.495910E+00 -9.809897E+01 -2.107490E-01 -1.480990E+00
  1.831593E+00  1.700000E+02     2  2.676996E-01  8.177433E+01  3.830040E-02  2.649455E-01
  1.831593E+00  1.700000E+02     3  7.295927E-01  4.083409E+01  5.520143E-01  4.770594E-01
  1.831593E+00  1.700000E+02     4  4.932699E-03  1.180515E+02 -2.319673E-03  4.353232E-03
  1.831593E+00  1.700000E+02     5  1.457548E-02  1.527449E+02 -1.295725E-02  6.674889E-03
  1.831593E+00  1.700000E+02     6  7.144553E-08  8.187880E+00  7.071724E-08  1.017524E-08
  1.831593E+00  1.800000E+02     1  1.518196E+00 -9.806892E+01 -2.131005E-01 -1.503166E+00
  1.831593E+00  1.800000E+02     2  4.024230E-03  7.919159E+01  7.546459E-04  3.952839E-03
  1.831593E+00  1.800000E+02     3  7.283296E-01  4.088885E+01  5.506033E-01  4.767600E-01
  1.831593E+00  1.800000E+02     4  2.858381E-03  9.710395E+01 -3.534955E-04  2.836438E-03
  1.831593E+00  1.800000E+02     5  1.491882E-02  1.560118E+02 -1.363026E-02  6.065226E-03
  1.831593E+00  1.800000E+02     6  2.051859E-08  2.891941E+01  1.795994E-08  9.922358E-09
  1.831593E+00  1.900000E+02     1  1.494522E+00 -9.804778E+01 -2.092315E-01 -1.479804E+00
  1.831593E+00  1.900000E+02     2  2.599108E-01 -9.816124E+01 -3.689678E-02 -2.572785E-01
  1.831593E+00  1.900000E+02     3  7.270639E-01  4.093756E+01  5.492416E-01  4.763986E-01
  1.831593E+00  1.900000E+02     4  1.955789E-03  3.546567E+01  1.592919E-03  1.134778E-03
  1.831593E+00  1.900000E+02     5  1.481093E-02  1.580422E+02 -1.373655E-02  5.538147E-03
  1.831593E+00  1.900000E+02     6  3.609568E-08  1.641931E+02 -3.473073E-08  9.832317E-09
  1.831593E+00  2.000000E+02     1  1.425534E+00 -9.803451E+01 -1.992462E-01 -1.411541E+00
  1.831593E+00  2.000000E+02     2  5.159935E-01 -9.817577E+01 -7.337963E-02 -5.107491E-01
  1.831593E+00  2.000000E+02     3  7.259060E-01  4.097310E+01  5.480717E-01  4.759799E-01
  1.831593E+00  2.000000E+02     4  3.584454E-03 -8.996248E+00  3.540360E-03 -5.605003E-04
  1.831593E+00  2.000000E+02     5  1.419316E-02  1.591873E+02 -1.326701E-02  5.043019E-03
  1.831593E+00  2.000000E+02     6  6.446366E-08  1.711827E+02 -6.370184E-08  9.881228E-09
  1.831593E+00  2.100000E+02     1  1.313230E+00 -9.802721E+01 -1.833838E-01 -1.300363E+00
  1.831593E+00  2.100000E+02     2  7.563658E-01 -9.816959E+01 -1.074823E-01 -7.486901E-01
  1.831593E+00  2.100000E+02     3  7.249403E-01  4.099320E+01  5.471759E-01  4.755387E-01
  1.831593E+00  2.100000E+02     4  5.870009E-03 -2.077125E+01  5.488481E-03 -2.081727E-03
  1.831593E+00  2.100000E+02     5  1.305556E-02  1.599305E+02 -1.226279E-02  4.480136E-03
  1.831593E+00  2.100000E+02     6  5.724537E-08  1.698813E+02 -5.635497E-08  1.005736E-08
  1.831593E+00  2.200000E+02     1  1.160926E+00 -9.802287E+01 -1.620285E-01 -1.149563E+00
  1.831593E+00  2.200000E+02     2  9.736632E-01 -9.815542E+01 -1.381226E-01 -9.638164E-01
  1.831593E+00  2.200000E+02     3  7.242297E-01  4.099886E+01  5.465926E-01  4.751265E-01
  1.831593E+00  2.200000E+02     4  8.109878E-03 -2.418011E+01  7.398336E-03 -3.321858E-03
  1.831593E+00  2.200000E+02     5  1.143239E-02  1.609572E+02 -1.080675E-02  3.730099E-03
  1.831593E+00  2.200000E+02     6  1.981994E-08  1.484878E+02 -1.689707E-08  1.035950E-08
  1.831593E+00  2.300000E+02     1  9.731763E-01 -9.801676E+01 -1.357218E-01 -9.636657E-01
  1.831593E+00  2.300000E+02     2  1.161256E+00 -9.813832E+01 -1.643913E-01 -1.149561E+00
  1.831593E+00  2.300000E+02     3  7.238219E-01  4.099185E+01  5.463429E-01  4.747922E-01
  1.831593E+00  2.300000E+02     4  1.012422E-02 -2.482306E+01  9.188830E-03 -4.250324E-03
  1.831593E+00  2.300000E+02     5  9.400579E-03  1.633762E+02 -9.007670E-03  2.689379E-03
  1.831593E+00  2.300000E+02     6  3.736594E-08  1.678310E+01  3.577433E-08  1.078939E-08
  1.831593E+00  2.400000E+02     1  7.556530E-01 -9.800060E+01 -1.051744E-01 -7.482980E-01
  1.831593E+00  2.400000E+02     2  1.313454E+00 -9.812213E+01 -1.855696E-01 -1.300279E+00
  1.831593E+00  2.400000E+02     3  7.237530E-01  4.097278E+01  5.464489E-01  4.745651E-01
  1.831593E+00  2.400000E+02     4  1.181463E-02 -2.453723E+01  1.074767E-02 -4.906431E-03
  1.831593E+00  2.400000E+02     5  7.100715E-03  1.694045E+02 -6.979647E-03  1.305633E-03
  1.831593E+00  2.400000E+02     6  7.778871E-08  8.384853E+00  7.695722E-08  1.134327E-08
  1.831593E+00  2.500000E+02     1  5.149832E-01 -9.795482E+01 -7.126965E-02 -5.100278E-01
  1.831593E+00  2.500000E+02     2  1.425677E+00 -9.811002E+01 -2.011265E-01 -1.411419E+00
  1.831593E+00  2.500000E+02     3  7.240431E-01  4.094068E+01  5.469338E-01  4.744490E-01
  1.831593E+00  2.500000E+02     4  1.310593E-02 -2.421952E+01  1.195235E-02 -5.376495E-03
  1.831593E+00  2.500000E+02     5  4.837953E-03 -1.753074E+02 -4.821736E-03 -3.957925E-04
  1.831593E+00  2.500000E+02     6  8.847551E-08  7.800266E+00  8.765686E-08  1.200791E-08
  1.831593E+00  2.600000E+02     1  2.585461E-01 -9.779141E+01 -3.505031E-02 -2.561592E-01
  1.831593E+00  2.600000E+02     2  1.494581E+00 -9.810452E+01 -2.107050E-01 -1.479653E+00
  1.831593E+00  2.600000E+02     3  7.246849E-01  4.089448E+01  5.478013E-01  4.744280E-01
  1.831593E+00  2.600000E+02     4  1.394156E-02 -2.441992E+01  1.269435E-02 -5.763734E-03
  1.831593E+00  2.600000E+02     5  3.476739E-03 -1.385084E+02 -2.604261E-03 -2.303376E-03
  1.831593E+00  2.600000E+02     6  6.470725E-08  1.137577E+01  6.343605E-08  1.276304E-08
  1.831593E+00  2.700000E+02     1  5.970830E-03  6.716133E+01  2.317504E-03  5.502725E-03
  1.831593E+00  2.700000E+02     2  1.518145E+00 -9.810747E+01 -2.141043E-01 -1.502971E+00
  1.831593E+00  2.700000E+02     3  7.256300E-01  4.083534E+01  5.490058E-01  4.744803E-01
  1.831593E+00  2.700000E+02     4  1.429463E-02 -2.552007E+01  1.289996E-02 -6.158514E-03
  1.831593E+00  2.700000E+02     5  4.250791E-03 -9.495164E+01 -3.669062E-04 -4.234927E-03
  1.831593E+00  2.700000E+02     6  2.136156E-08  3.950018E+01  1.648306E-08  1.358768E-08
  1.831593E+00  2.800000E+02     1  2.698322E-01  8.156030E+01  3.960286E-02  2.669102E-01
  1.831593E+00  2.800000E+02     2  1.495719E+00 -9.812006E+01 -2.112670E-01 -1.480723E+00
  1.831593E+00  2.800000E+02     3  7.267811E-01  4.076852E+01  5.504305E-01  4.745913E-01
  1.831593E+00  2.800000E+02     4  1.418037E-02 -2.779982E+01  1.254370E-02 -6.613494E-03
  1.831593E+00  2.800000E+02     5  6.261829E-03 -7.261899E+01  1.870561E-03 -5.975910E-03
  1.831593E+00  2.800000E+02     6  3.344880E-08  1.543753E+02 -3.015899E-08  1.446574E-08
  1.831593E+00  2.900000E+02     1  5.255049E-01  8.173068E+01  7.558145E-02  5.200412E-01
  1.831593E+00  2.900000E+02     2  1.428025E+00 -9.814299E+01 -2.022711E-01 -1.413627E+00
  1.831593E+00  2.900000E+02     3  7.279962E-01  4.070369E+01  5.518883E-01  4.747607E-01
  1.831593E+00  2.900000E+02     4  1.365876E-02 -3.145007E+01  1.165222E-02 -7.126531E-03
  1.831593E+00  2.900000E+02     5  8.394324E-03 -6.084460E+01  4.089547E-03 -7.330776E-03
  1.831593E+00  2.900000E+02     6  5.570770E-08  1.639654E+02 -5.354040E-08  1.538744E-08
  1.831593E+00  3.000000E+02     1  7.649852E-01  8.180026E+01  1.091055E-01  7.571646E-01
  1.831593E+00  3.000000E+02     2  1.317120E+00 -9.817671E+01 -1.873295E-01 -1.303730E+00
  1.831593E+00  3.000000E+02     3  7.291085E-01  4.065309E+01  5.531513E-01  4.749977E-01
  1.831593E+00  3.000000E+02     4  1.282006E-02 -3.654983E+01  1.029886E-02 -7.634623E-03
  1.831593E+00  3.000000E+02     5  1.029009E-02 -5.257064E+01  6.254140E-03 -8.171393E-03
  1.831593E+00  3.000000E+02     6  4.480411E-08  1.586026E+02 -4.171587E-08  1.634607E-08
  1.831593E+00  3.100000E+02     1  9.810066E-01  8.184496E+01  1.391579E-01  9.710865E-01
  1.831593E+00  3.100000E+02     2  1.166331E+00 -9.822208E+01 -1.667975E-01 -1.154343E+00
  1.831593E+00  3.100000E+02     3  7.299592E-01  4.062818E+01  5.540034E-01  4.753112E-01
  1.831593E+00  3.100000E+02     4  1.175381E-02 -4.304486E+01  8.589916E-03 -8.022808E-03
  1.831593E+00  3.100000E+02     5  1.185692E-02 -4.556608E+01  8.300869E-03 -8.466535E-03
  1.831593E+00  3.100000E+02     6  1.734298E-08  8.808129E+01  5.806690E-10  1.733326E-08
  1.831593E+00  3.200000E+02     1  1.167072E+00  8.187819E+01  1.648817E-01  1.155366E+00
  1.831593E+00  3.200000E+02     2  9.801647E-01 -9.828189E+01 -1.411862E-01 -9.699430E-01
  1.831593E+00  3.200000E+02     3  7.304341E-01  4.063615E+01  5.542976E-01  4.756975E-01
  1.831593E+00  3.200000E+02     4  1.051570E-02 -5.080771E+01  6.645135E-03 -8.149978E-03
  1.831593E+00  3.200000E+02     5  1.309345E-02 -3.924190E+01  1.014064E-02 -8.282860E-03
  1.831593E+00  3.200000E+02     6  5.713843E-08  1.871714E+01  5.411663E-08  1.833552E-08
  1.831593E+00  3.300000E+02     1  1.317630E+00  8.190301E+01  1.855872E-01  1.304495E+00
  1.831593E+00  3.300000E+02     2  7.641863E-01 -9.836530E+01 -1.111768E-01 -7.560559E-01
  1.831593E+00  3.300000E+02     3  7.304911E-01  4.067765E+01  5.539962E-01  4.761360E-01
  1.831593E+00  3.300000E+02     4  9.119305E-03 -5.988006E+01  4.576174E-03 -7.887988E-03
  1.831593E+00  3.300000E+02     5  1.401473E-02 -3.361275E+01  1.167144E-02 -7.758231E-03
  1.831593E+00  3.300000E+02     6  9.605735E-08  1.161131E+01  9.409159E-08  1.933358E-08
  1.831593E+00  3.400000E+02     1  1.428216E+00  8.192001E+01  2.007436E-01  1.414038E+00
  1.831593E+00  3.400000E+02     2  5.248836E-01 -9.850502E+01 -7.762823E-02 -5.191114E-01
  1.831593E+00  3.400000E+02     3  7.301687E-01  4.074668E+01  5.531778E-01  4.765927E-01
  1.831593E+00  3.400000E+02     4  7.576759E-03 -7.098690E+01  2.468390E-03 -7.163402E-03
  1.831593E+00  3.400000E+02     5  1.461399E-02 -2.887861E+01  1.279666E-02 -7.057905E-03
  1.831593E+00  3.400000E+02     6  1.036700E-07  1.129399E+01  1.016625E-07  2.030307E-08
  1.831593E+00  3.500000E+02     1  1.495554E+00  8.192938E+01  2.099660E-01  1.480741E+00
  1.831593E+00  3.500000E+02     2  2.694955E-01 -9.887274E+01 -4.156707E-02 -2.662706E-01
  1.831593E+00  3.500000E+02     3  7.295713E-01  4.083270E+01  5.520097E-01  4.770320E-01
  1.831593E+00  3.500000E+02     4  5.998707E-03 -8.645106E+01  3.713268E-04 -5.987203E-03
  1.831593E+00  3.500000E+02     5  1.485828E-02 -2.520979E+01  1.344309E-02 -6.328645E-03
  1.831593E+00  3.500000E+02     6  7.580182E-08  1.625225E+01  7.277269E-08  2.121441E-08
  1.759737E+00  0.000000E+00     1  1.490537E+00  8.277594E+01  1.874347E-01  1.478705E+00
  1.759737E+00  0.000000E+00     2  6.098772E-03 -1.280495E+02 -3.758928E-03 -4.802654E-03
  1.759737E+00  0.000000E+00     3  6.535791E-01  4.538592E+01  4.590269E-01  4.652525E-01
  1.759737E+00  0.000000E+00     4  4.553454E-03 -1.094602E+02 -1.516995E-03 -4.293329E-03
  1.759737E+00  0.000000E+00     5  2.346701E-02 -5.475178E+01  1.354328E-02 -1.916456E-02
  1.759737E+00  0.000000E+00     6  2.739498E-08  5.128309E+01  1.713482E-08  2.137482E-08
  1.759737E+00  1.000000E+01     1  1.467190E+00  8.276969E+01  1.846578E-01  1.455524E+00
  1.759737E+00  1.000000E+01     2  2.540233E-01  8.333090E+01  2.950103E-02  2.523044E-01
  1.759737E+00  1.000000E+01     3  6.528583E-01  4.549734E+01  4.576161E-01  4.656302E-01
  1.759737E+00  1.000000E+01     4  3.415178E-03 -1.781511E+02 -3.413400E-03 -1.101880E-04
  1.759737E+00  1.000000E+01     5  2.263827E-02 -5.462108E+01  1.310713E-02 -1.845791E-02
  1.759737E+00  1.000000E+01     6  5.695613E-08  1.570502E+02 -5.244786E-08  2.220860E-08
  1.759737E+00  2.000000E+01     1  1.399372E+00  8.275708E+01  1.764279E-01  1.388206E+00
  1.759737E+00  2.000000E+01     2  5.055520E-01  8.298765E+01  6.171942E-02  5.017704E-01
  1.759737E+00  2.000000E+01     3  6.522586E-01  4.559257E+01  4.564218E-01  4.659617E-01
  1.759737E+00  2.000000E+01     4  6.640559E-03  1.432531E+02 -5.320987E-03  3.972924E-03
  1.759737E+00  2.000000E+01     5  2.125135E-02 -5.505014E+01  1.217403E-02 -1.741875E-02
  1.759737E+00  2.000000E+01     6  9.329798E-08  1.658247E+02 -9.045714E-08  2.284774E-08
  1.759737E+00  3.000000E+01     1  1.289059E+00  8.274149E+01  1.628679E-01  1.278729E+00
  1.759737E+00  3.000000E+01     2  7.416468E-01  8.288882E+01  9.181228E-02  7.359419E-01
  1.759737E+00  3.000000E+01     3  6.518591E-01  4.566874E+01  4.555228E-01  4.662824E-01
  1.759737E+00  3.000000E+01     4  1.056783E-02  1.332616E+02 -7.242460E-03  7.695837E-03
  1.759737E+00  3.000000E+01     5  1.929168E-02 -5.577830E+01  1.084958E-02 -1.595167E-02
  1.759737E+00  3.000000E+01     6  8.344526E-08  1.638476E+02 -8.015127E-08  2.321390E-08
  1.759737E+00  4.000000E+01     1  1.139518E+00  8.272793E+01  1.442413E-01  1.130352E+00
  1.759737E+00  4.000000E+01     2  9.550604E-01  8.285290E+01  1.188259E-01  9.476396E-01
  1.759737E+00  4.000000E+01     3  6.517004E-01  4.572562E+01  4.549490E-01  4.666207E-01
  1.759737E+00  4.000000E+01     4  1.420158E-02  1.300234E+02 -9.133045E-03  1.087532E-02
  1.759737E+00  4.000000E+01     5  1.674648E-02 -5.639601E+01  9.268334E-03 -1.394785E-02
  1.759737E+00  4.000000E+01     6  3.580475E-08  1.395188E+02 -2.723378E-08  2.324438E-08
  1.759737E+00  5.000000E+01     1  9.552251E-01  8.272416E+01  1.209757E-01  9.475336E-01
  1.759737E+00  5.000000E+01     2  1.139273E+00  8.284150E+01  1.419701E-01  1.130392E+00
  1.759737E+00  5.000000E+01     3  6.517933E-01  4.576216E+01  4.547160E-01  4.669773E-01
  1.759737E+00  5.000000E+01     4  1.729376E-02  1.290809E+02 -1.090229E-02  1.342439E-02
  1.759737E+00  5.000000E+01     5  1.362066E-02 -5.623763E+01  7.569678E-03 -1.132353E-02
  1.759737E+00  5.000000E+01     6  4.873716E-08  2.803631E+01  4.301785E-08  2.290798E-08
  1.759737E+00  6.000000E+01     1  7.417498E-01  8.274398E+01  9.368541E-02  7.358096E-01
  1.759737E+00  6.000000E+01     2  1.288691E+00  8.283985E+01  1.606265E-01  1.278641E+00
  1.759737E+00  6.000000E+01     3  6.521282E-01  4.577451E+01  4.548489E-01  4.673153E-01
  1.759737E+00  6.000000E+01     4  1.974800E-02  1.290106E+02 -1.243065E-02  1.534478E-02
  1.759737E+00  6.000000E+01     5  9.970344E-03 -5.393081E+01  5.870157E-03 -8.059095E-03
  1.759737E+00  6.000000E+01     6  1.001155E-07  1.281955E+01  9.761998E-08  2.221374E-08
  1.759737E+00  7.000000E+01     1  5.055896E-01  8.282116E+01  6.318195E-02  5.016263E-01
  1.759737E+00  7.000000E+01     2  1.398815E+00  8.284035E+01  1.743407E-01  1.387908E+00
  1.759737E+00  7.000000E+01     3  6.526813E-01  4.575656E+01  4.553812E-01  4.675690E-01
  1.759737E+00  7.000000E+01     4  2.153354E-02  1.291428E+02 -1.359315E-02  1.670089E-02
  1.759737E+00  7.000000E+01     5  5.987879E-03 -4.493581E+01  4.238811E-03 -4.229324E-03
  1.759737E+00  7.000000E+01     6  1.132252E-07  1.079595E+01  1.112212E-07  2.120842E-08
  1.759737E+00  8.000000E+01     1  2.539755E-01  8.311101E+01  3.046337E-02  2.521419E-01
  1.759737E+00  8.000000E+01     2  1.466366E+00  8.283844E+01  1.828084E-01  1.454926E+00
  1.759737E+00  8.000000E+01     3  6.534130E-01  4.570304E+01  4.563288E-01  4.676671E-01
  1.759737E+00  8.000000E+01     4  2.265551E-02  1.290815E+02 -1.428261E-02  1.758633E-02
  1.759737E+00  8.000000E+01     5  2.683783E-03 -2.889281E-01  2.683749E-03 -1.353358E-05
  1.759737E+00  8.000000E+01     6  8.043610E-08  1.437078E+01  7.791924E-08  1.996391E-08
  1.759737E+00  9.000000E+01     1  6.007285E-03 -1.236267E+02 -3.326714E-03 -5.002044E-03
  1.759737E+00  9.000000E+01     2  1.489370E+00  8.283127E+01  1.858612E-01  1.477728E+00
  1.759737E+00  9.000000E+01     3  6.542623E-01  4.561364E+01  4.576520E-01  4.675615E-01
  1.759737E+00  9.000000E+01     4  2.314034E-02  1.285713E+02 -1.442773E-02  1.809188E-02
  1.759737E+00  9.000000E+01     5  4.474418E-03  7.501736E+01  1.156755E-03  4.322307E-03
  1.759737E+00  9.000000E+01     6  2.328683E-08  5.285260E+01  1.406216E-08  1.856157E-08
  1.759737E+00  1.000000E+02     1  2.645264E-01 -9.803380E+01 -3.696947E-02 -2.619303E-01
  1.759737E+00  1.000000E+02     2  1.467202E+00  8.281708E+01  1.834551E-01  1.455687E+00
  1.759737E+00  1.000000E+02     3  6.551427E-01  4.549628E+01  4.592259E-01  4.672510E-01
  1.759737E+00  1.000000E+02     4  2.302682E-02  1.274587E+02 -1.400467E-02  1.827850E-02
  1.759737E+00  1.000000E+02     5  8.481493E-03  9.285834E+01 -4.229445E-04  8.470941E-03
  1.759737E+00  1.000000E+02     6  5.231363E-08  1.609426E+02 -4.944643E-08  1.708117E-08
  1.759737E+00  1.100000E+02     1  5.154659E-01 -9.772179E+01 -6.925955E-02 -5.107918E-01
  1.759737E+00  1.100000E+02     2  1.400584E+00  8.279507E+01  1.756593E-01  1.389525E+00
  1.759737E+00  1.100000E+02     3  6.559438E-01  4.536737E+01  4.608389E-01  4.667867E-01
  1.759737E+00  1.100000E+02     4  2.235648E-02  1.256890E+02 -1.304245E-02  1.815783E-02
  1.759737E+00  1.100000E+02     5  1.233114E-02  9.995791E+01 -2.132358E-03  1.214537E-02
  1.759737E+00  1.100000E+02     6  8.329219E-08  1.692067E+02 -8.181868E-08  1.559782E-08
  1.759737E+00  1.200000E+02     1  7.505836E-01 -9.758638E+01 -9.909269E-02 -7.440137E-01
  1.759737E+00  1.200000E+02     2  1.291551E+00  8.276532E+01  1.626499E-01  1.281269E+00
  1.759737E+00  1.200000E+02     3  6.565445E-01  4.524878E+01  4.622269E-01  4.662584E-01
  1.759737E+00  1.200000E+02     4  2.116015E-02  1.233127E+02 -1.162132E-02  1.768323E-02
  1.759737E+00  1.200000E+02     5  1.565915E-02  1.048311E+02 -4.008285E-03  1.513746E-02
  1.759737E+00  1.200000E+02     6  6.849159E-08  1.680478E+02 -6.700674E-08  1.418432E-08
  1.759737E+00  1.300000E+02     1  9.627583E-01 -9.749201E+01 -1.255320E-01 -9.545393E-01
  1.759737E+00  1.300000E+02     2  1.143381E+00  8.272888E+01  1.447116E-01  1.134187E+00
  1.759737E+00  1.300000E+02     3  6.568351E-01  4.516209E+01  4.631367E-01  4.657646E-01
  1.759737E+00  1.300000E+02     4  1.944399E-02  1.204800E+02 -9.862722E-03  1.675695E-02
  1.759737E+00  1.300000E+02     5  1.836974E-02  1.091419E+02 -6.023613E-03  1.735406E-02
  1.759737E+00  1.300000E+02     6  1.714271E-08  1.311302E+02 -1.127601E-08  1.291217E-08
  1.759737E+00  1.400000E+02     1  1.145616E+00 -9.741464E+01 -1.478406E-01 -1.136036E+00
  1.759737E+00  1.400000E+02     2  9.605033E-01  8.268763E+01  1.222517E-01  9.526915E-01
  1.759737E+00  1.400000E+02     3  6.567436E-01  4.512231E+01  4.633955E-01  4.653781E-01
  1.759737E+00  1.400000E+02     4  1.718557E-02  1.174024E+02 -7.909446E-03  1.525728E-02
  1.759737E+00  1.400000E+02     5  2.048165E-02  1.132464E+02 -8.083821E-03  1.881886E-02
  1.759737E+00  1.400000E+02     6  6.090178E-08  1.121617E+01  5.973857E-08  1.184608E-08
  1.759737E+00  1.500000E+02     1  1.293699E+00 -9.734896E+01 -1.654799E-01 -1.283072E+00
  1.759737E+00  1.500000E+02     2  7.483818E-01  8.264357E+01  9.582394E-02  7.422217E-01
  1.759737E+00  1.500000E+02     3  6.562555E-01  4.513339E+01  4.629611E-01  4.651218E-01
  1.759737E+00  1.500000E+02     4  1.435063E-02  1.142671E+02 -5.897989E-03  1.308260E-02
  1.759737E+00  1.500000E+02     5  2.206011E-02  1.170817E+02 -1.004309E-02  1.964141E-02
  1.759737E+00  1.500000E+02     6  1.134887E-07  5.578618E+00  1.129512E-07  1.103240E-08
  1.759737E+00  1.600000E+02     1  1.402603E+00 -9.729439E+01 -1.780851E-01 -1.391252E+00
  1.759737E+00  1.600000E+02     2  5.133806E-01  8.259640E+01  6.615311E-02  5.091006E-01
  1.759737E+00  1.600000E+02     3  6.554177E-01  4.518749E+01  4.619313E-01  4.649643E-01
  1.759737E+00  1.600000E+02     4  1.093080E-02  1.110685E+02 -3.929445E-03  1.020009E-02
  1.759737E+00  1.600000E+02     5  2.315856E-02  1.204399E+02 -1.173291E-02  1.996641E-02
  1.759737E+00  1.600000E+02     6  1.236248E-07  4.866365E+00  1.231792E-07  1.048734E-08
  1.759737E+00  1.700000E+02     1  1.469081E+00 -9.725142E+01 -1.854327E-01 -1.457331E+00
  1.759737E+00  1.700000E+02     2  2.625938E-01  8.252896E+01  3.414378E-02  2.603645E-01
  1.759737E+00  1.700000E+02     3  6.543251E-01  4.526796E+01  4.605088E-01  4.648365E-01
  1.759737E+00  1.700000E+02     4  6.987949E-03  1.070510E+02 -2.049021E-03  6.680789E-03
  1.759737E+00  1.700000E+02     5  2.378502E-02  1.231139E+02 -1.299388E-02  1.992201E-02
  1.759737E+00  1.700000E+02     6  8.554527E-08  6.842993E+00  8.493588E-08  1.019264E-08
  1.759737E+00  1.800000E+02     1  1.491123E+00 -9.722033E+01 -1.874123E-01 -1.479299E+00
  1.759737E+00  1.800000E+02     2  3.663049E-03  7.644317E+01  8.586545E-04  3.560989E-03
  1.759737E+00  1.800000E+02     3  6.530976E-01  4.535517E+01  4.589382E-01  4.646635E-01
  1.759737E+00  1.800000E+02     4  2.716236E-03  9.514322E+01 -2.434985E-04  2.705300E-03
  1.759737E+00  1.800000E+02     5  2.390070E-02  1.249827E+02 -1.370295E-02  1.958246E-02
  1.759737E+00  1.800000E+02     6  1.822969E-08  3.365567E+01  1.517409E-08  1.010290E-08
  1.759737E+00  1.900000E+02     1  1.468016E+00 -9.720076E+01 -1.840107E-01 -1.456438E+00
  1.759737E+00  1.900000E+02     2  2.555606E-01 -9.731477E+01 -3.253804E-02 -2.534807E-01
  1.759737E+00  1.900000E+02     3  6.518560E-01  4.543241E+01  4.574401E-01  4.643973E-01
  1.759737E+00  1.900000E+02     4  2.125214E-03 -4.355981E+01  1.540048E-03 -1.464509E-03
  1.759737E+00  1.900000E+02     5  2.343975E-02  1.260443E+02 -1.379220E-02  1.895249E-02
  1.759737E+00  1.900000E+02     6  5.542442E-08  1.694346E+02 -5.448476E-08  1.016254E-08
  1.759737E+00  2.000000E+02     1  1.400381E+00 -9.719147E+01 -1.753076E-01 -1.389365E+00
  1.759737E+00  2.000000E+02     2  5.070636E-01 -9.734935E+01 -6.486306E-02 -5.028979E-01
  1.759737E+00  2.000000E+02     3  6.507065E-01  4.548979E+01  4.561690E-01  4.640354E-01
  1.759737E+00  2.000000E+02     4  6.478188E-03 -5.875756E+01  3.359980E-03 -5.538723E-03
  1.759737E+00  2.000000E+02     5  2.233328E-02  1.264147E+02 -1.325760E-02  1.797252E-02
  1.759737E+00  2.000000E+02     6  9.307933E-08  1.736315E+02 -9.250495E-08  1.032455E-08
  1.759737E+00  2.100000E+02     1  1.290173E+00 -9.719017E+01 -1.614819E-01 -1.280027E+00
  1.759737E+00  2.100000E+02     2  7.431466E-01 -9.734469E+01 -9.500250E-02 -7.370491E-01
  1.759737E+00  2.100000E+02     3  6.497353E-01  4.552468E+01  4.552059E-01  4.636201E-01
  1.759737E+00  2.100000E+02     4  1.064006E-02 -6.047647E+01  5.243218E-03 -9.258483E-03
  1.759737E+00  2.100000E+02     5  2.052756E-02  1.263175E+02 -1.215764E-02  1.654002E-02
  1.759737E+00  2.100000E+02     6  8.282071E-08  1.726728E+02 -8.214438E-08  1.056265E-08
  1.759737E+00  2.200000E+02     1  1.140646E+00 -9.719322E+01 -1.428268E-01 -1.131668E+00
  1.759737E+00  2.200000E+02     2  9.565722E-01 -9.732643E+01 -1.219841E-01 -9.487624E-01
  1.759737E+00  2.200000E+02     3  6.490106E-01  4.553911E+01  4.545815E-01  4.632175E-01
  1.759737E+00  2.200000E+02     4  1.435434E-02 -6.007948E+01  7.159918E-03 -1.244116E-02
  1.759737E+00  2.200000E+02     5  1.799624E-02  1.260933E+02 -1.060162E-02  1.454202E-02
  1.759737E+00  2.200000E+02     6  3.107304E-08  1.595208E+02 -2.910920E-08  1.087144E-08
  1.759737E+00  2.300000E+02     1  9.562756E-01 -9.719502E+01 -1.197707E-01 -9.487455E-01
  1.759737E+00  2.300000E+02     2  1.140820E+00 -9.730309E+01 -1.450190E-01 -1.131566E+00
  1.759737E+00  2.300000E+02     3  6.485860E-01  4.553583E+01  4.543105E-01  4.628885E-01
  1.759737E+00  2.300000E+02     4  1.750200E-02 -5.898330E+01  9.018566E-03 -1.499951E-02
  1.759737E+00  2.300000E+02     5  1.475285E-02  1.262716E+02 -8.727981E-03  1.189407E-02
  1.759737E+00  2.300000E+02     6  4.282373E-08  1.523968E+01  4.131782E-08  1.125653E-08
  1.759737E+00  2.400000E+02     1  7.426410E-01 -9.718624E+01 -9.290067E-02 -7.368074E-01
  1.759737E+00  2.400000E+02     2  1.290293E+00 -9.728032E+01 -1.635109E-01 -1.279890E+00
  1.759737E+00  2.400000E+02     3  6.485013E-01  4.551535E+01  4.544166E-01  4.626656E-01
  1.759737E+00  2.400000E+02     4  2.002155E-02 -5.775703E+01  1.068171E-02 -1.693409E-02
  1.759737E+00  2.400000E+02     5  1.087081E-02  1.278877E+02 -6.675931E-03  8.579425E-03
  1.759737E+00  2.400000E+02     6  9.685765E-08  6.950943E+00  9.614576E-08  1.172166E-08
  1.759737E+00  2.500000E+02     1  5.062587E-01 -9.714599E+01 -6.297750E-02 -5.023263E-01
  1.759737E+00  2.500000E+02     2  1.400480E+00 -9.726247E+01 -1.770415E-01 -1.389244E+00
  1.759737E+00  2.500000E+02     3  6.487769E-01  4.547544E+01  4.549320E-01  4.625455E-01
  1.759737E+00  2.500000E+02     4  2.188711E-02 -5.676660E+01  1.199525E-02 -1.830736E-02
  1.759737E+00  2.500000E+02     5  6.531375E-03  1.342440E+02 -4.557042E-03  4.678913E-03
  1.759737E+00  2.500000E+02     6  1.106958E-07  6.359318E+00  1.100147E-07  1.226103E-08
  1.759737E+00  2.600000E+02     1  2.543833E-01 -9.698413E+01 -3.093158E-02 -2.524957E-01
  1.759737E+00  2.600000E+02     2  1.468091E+00 -9.725286E+01 -1.853441E-01 -1.456344E+00
  1.759737E+00  2.600000E+02     3  6.494038E-01  4.541348E+01  4.558720E-01  4.624997E-01
  1.759737E+00  2.600000E+02     4  2.309617E-02 -5.628079E+01  1.282122E-02 -1.921066E-02
  1.759737E+00  2.600000E+02     5  2.465886E-03  1.711268E+02 -2.436375E-03  3.803584E-04
  1.759737E+00  2.600000E+02     6  7.807994E-08  9.480480E+00  7.701351E-08  1.286067E-08
  1.759737E+00  2.700000E+02     1  5.453247E-03  6.654072E+01  2.170922E-03  5.002499E-03
  1.759737E+00  2.700000E+02     2  1.491143E+00 -9.725379E+01 -1.882786E-01 -1.479209E+00
  1.759737E+00  2.700000E+02     3  6.503325E-01  4.533016E+01  4.571970E-01  4.624967E-01
  1.759737E+00  2.700000E+02     4  2.366587E-02 -5.649015E+01  1.306546E-02 -1.973239E-02
  1.759737E+00  2.700000E+02     5  4.053855E-03 -9.468322E+01 -3.309836E-04 -4.040321E-03
  1.759737E+00  2.700000E+02     6  1.908317E-08  4.505289E+01  1.348138E-08  1.350629E-08
  1.759737E+00  2.800000E+02     1  2.646020E-01  8.235724E+01  3.519102E-02  2.622514E-01
  1.759737E+00  2.800000E+02     2  1.469005E+00 -9.726669E+01 -1.858115E-01 -1.457206E+00
  1.759737E+00  2.800000E+02     3  6.514672E-01  4.523260E+01  4.587830E-01  4.625232E-01
  1.759737E+00  2.800000E+02     4  2.363107E-02 -5.750595E+01  1.269490E-02 -1.993156E-02
  1.759737E+00  2.800000E+02     5  8.453586E-03 -7.789620E+01  1.772577E-03 -8.265657E-03
  1.759737E+00  2.800000E+02     6  5.167361E-08  1.640598E+02 -4.968670E-08  1.419133E-08
  1.759737E+00  2.900000E+02     1  5.157317E-01  8.253570E+01  6.699790E-02  5.113614E-01
  1.759737E+00  2.900000E+02     2  1.402401E+00 -9.729221E+01 -1.780063E-01 -1.391058E+00
  1.759737E+00  2.900000E+02     3  6.526698E-01  4.513487E+01  4.604197E-01  4.625923E-01
  1.759737E+00  2.900000E+02     4  2.303606E-02 -5.935278E+01  1.174264E-02 -1.981843E-02
  1.759737E+00  2.900000E+02     5  1.261374E-02 -7.204433E+01  3.888578E-03 -1.199939E-02
  1.759737E+00  2.900000E+02     6  8.306238E-08  1.696524E+02 -8.171147E-08  1.491959E-08
  1.759737E+00  3.000000E+02     1  7.509612E-01  8.261328E+01  9.654787E-02  7.447289E-01
  1.759737E+00  3.000000E+02     2  1.293366E+00 -9.733049E+01 -1.650237E-01 -1.282795E+00
  1.759737E+00  3.000000E+02     3  6.537775E-01  4.505525E+01  4.618446E-01  4.627361E-01
  1.759737E+00  3.000000E+02     4  2.191730E-02 -6.196580E+01  1.030110E-02 -1.934568E-02
  1.759737E+00  3.000000E+02     5  1.618094E-02 -6.822344E+01  6.002933E-03 -1.502623E-02
  1.759737E+00  3.000000E+02     6  6.838093E-08  1.667255E+02 -6.655389E-08  1.570134E-08
  1.759737E+00  3.100000E+02     1  9.631569E-01  8.266648E+01  1.229420E-01  9.552782E-01
  1.759737E+00  3.100000E+02     2  1.145183E+00 -9.738174E+01 -1.471325E-01 -1.135691E+00
  1.759737E+00  3.100000E+02     3  6.546331E-01  4.501114E+01  4.628054E-01  4.629855E-01
  1.759737E+00  3.100000E+02     4  2.028435E-02 -6.521275E+01  8.504214E-03 -1.841557E-02
  1.759737E+00  3.100000E+02     5  1.903762E-02 -6.496317E+01  8.056734E-03 -1.724877E-02
  1.759737E+00  3.100000E+02     6  1.959038E-08  1.223708E+02 -1.048862E-08  1.654605E-08
  1.759737E+00  3.200000E+02     1  1.145942E+00  8.270790E+01  1.454520E-01  1.136673E+00
  1.759737E+00  3.200000E+02     2  9.622815E-01 -9.744767E+01 -1.247316E-01 -9.541634E-01
  1.759737E+00  3.200000E+02     3  6.551206E-01  4.501365E+01  4.631298E-01  4.633505E-01
  1.759737E+00  3.200000E+02     4  1.811394E-02 -6.896577E+01  6.501559E-03 -1.690694E-02
  1.759737E+00  3.200000E+02     5  2.117273E-02 -6.197444E+01  9.948333E-03 -1.868997E-02
  1.759737E+00  3.200000E+02     6  6.329445E-08  1.600898E+01  6.083980E-08  1.745586E-08
  1.759737E+00  3.300000E+02     1  1.293867E+00  8.273968E+01  1.635158E-01  1.283493E+00
  1.759737E+00  3.300000E+02     2  7.501293E-01 -9.753580E+01 -9.837621E-02 -7.436505E-01
  1.759737E+00  3.300000E+02     3  6.551941E-01  4.506403E+01  4.627741E-01  4.638097E-01
  1.759737E+00  3.300000E+02     4  1.537106E-02 -7.325428E+01  4.428782E-03 -1.471922E-02
  1.759737E+00  3.300000E+02     5  2.263223E-02 -5.930925E+01  1.155158E-02 -1.946224E-02
  1.759737E+00  3.300000E+02     6  1.158103E-07  9.152919E+00  1.143358E-07  1.842195E-08
  1.759737E+00  3.400000E+02     1  1.402548E+00  8.276170E+01  1.767160E-01  1.391370E+00
  1.759737E+00  3.400000E+02     2  5.150907E-01 -9.767567E+01 -6.879826E-02 -5.104755E-01
  1.759737E+00  3.400000E+02     3  6.548878E-01  4.515355E+01  4.618329E-01  4.643149E-01
  1.759737E+00  3.400000E+02     4  1.205851E-02 -7.860833E+01  2.381735E-03 -1.182096E-02
  1.759737E+00  3.400000E+02     5  2.347545E-02 -5.712650E+01  1.274214E-02 -1.971635E-02
  1.759737E+00  3.400000E+02     6  1.263095E-07  8.845682E+00  1.248072E-07  1.942307E-08
  1.759737E+00  3.500000E+02     1  1.468763E+00  8.277367E+01  1.847544E-01  1.457097E+00
  1.759737E+00  3.500000E+02     2  2.642654E-01 -9.802808E+01 -3.690689E-02 -2.616755E-01
  1.759737E+00  3.500000E+02     3  6.543030E-01  4.526661E+01  4.605043E-01  4.648099E-01
  1.759737E+00  3.500000E+02     4  8.294611E-03 -8.721880E+01  4.024713E-04 -8.284841E-03
  1.759737E+00  3.500000E+02     5  2.374675E-02 -5.557979E+01  1.342304E-02 -1.958903E-02
  1.759737E+00  3.500000E+02     6  8.913008E-08  1.324706E+01  8.675842E-08  2.042420E-08
  1.695725E+00  0.000000E+00     1  1.452517E+00  8.414319E+01  1.482188E-01  1.444934E+00
  1.695725E+00  0.000000E+00     2  5.539438E-03 -1.270014E+02 -3.333823E-03 -4.423912E-03
  1.695725E+00  0.000000E+00     3  5.862329E-01  4.990786E+01  3.775450E-01  4.484739E-01
  1.695725E+00  0.000000E+00     4  4.322918E-03 -1.079214E+02 -1.330214E-03 -4.113168E-03
  1.695725E+00  0.000000E+00     5  3.426252E-02 -6.576841E+01  1.406222E-02 -3.124379E-02
  1.695725E+00  0.000000E+00     6  2.513512E-08  5.519616E+01  1.434634E-08  2.063872E-08
  1.695725E+00  1.000000E+01     1  1.429828E+00  8.413396E+01  1.461326E-01  1.422340E+00
  1.695725E+00  1.000000E+01     2  2.478474E-01  8.460330E+01  2.331027E-02  2.467488E-01
  1.695725E+00  1.000000E+01     3  5.855692E-01  5.004900E+01  3.760129E-01  4.488938E-01
  1.695725E+00  1.000000E+01     4  3.878734E-03  1.438949E+02 -3.133773E-03  2.285616E-03
  1.695725E+00  1.000000E+01     5  3.330824E-02 -6.599270E+01  1.355156E-02 -3.042686E-02
  1.695725E+00  1.000000E+01     6  7.873274E-08  1.640324E+02 -7.569503E-08  2.165888E-08
  1.695725E+00  2.000000E+01     1  1.363779E+00  8.411564E+01  1.398160E-01  1.356593E+00
  1.695725E+00  2.000000E+01     2  4.929258E-01  8.428633E+01  4.907427E-02  4.904768E-01
  1.695725E+00  2.000000E+01     3  5.850137E-01  5.016699E+01  3.747318E-01  4.492405E-01
  1.695725E+00  2.000000E+01     4  9.859276E-03  1.204036E+02 -4.989664E-03  8.503444E-03
  1.695725E+00  2.000000E+01     5  3.151653E-02 -6.667144E+01  1.248065E-02 -2.894003E-02
  1.695725E+00  2.000000E+01     6  1.265786E-07  1.697721E+02 -1.245672E-07  2.247576E-08
  1.695725E+00  3.000000E+01     1  1.256302E+00  8.409200E+01  1.293128E-01  1.249629E+00
  1.695725E+00  3.000000E+01     2  7.229883E-01  8.420147E+01  7.304412E-02  7.192890E-01
  1.695725E+00  3.000000E+01     3  5.846517E-01  5.025914E+01  3.737774E-01  4.495644E-01
  1.695725E+00  3.000000E+01     4  1.579659E-02  1.160055E+02 -6.926139E-03  1.419721E-02
  1.695725E+00  3.000000E+01     5  2.885846E-02 -6.763662E+01  1.098005E-02 -2.668800E-02
  1.695725E+00  3.000000E+01     6  1.128960E-07  1.682560E+02 -1.105328E-07  2.297877E-08
  1.695725E+00  4.000000E+01     1  1.110588E+00  8.406868E+01  1.147640E-01  1.104643E+00
  1.695725E+00  4.000000E+01     2  9.309697E-01  8.417743E+01  9.444520E-02  9.261667E-01
  1.695725E+00  4.000000E+01     3  5.845303E-01  5.032659E+01  3.731703E-01  4.499106E-01
  1.695725E+00  4.000000E+01     4  2.108701E-02  1.149732E+02 -8.902810E-03  1.911549E-02
  1.695725E+00  4.000000E+01     5  2.530855E-02 -6.863795E+01  9.218894E-03 -2.356978E-02
  1.695725E+00  4.000000E+01     6  4.717050E-08  1.506987E+02 -4.113543E-08  2.308534E-08
  1.695725E+00  5.000000E+01     1  9.310171E-01  8.405421E+01  9.644171E-02  9.260086E-01
  1.695725E+00  5.000000E+01     2  1.110504E+00  8.417686E+01  1.126697E-01  1.104774E+00
  1.695725E+00  5.000000E+01     3  5.846600E-01  5.036915E+01  3.729188E-01  4.502876E-01
  1.695725E+00  5.000000E+01     4  2.552421E-02  1.150645E+02 -1.081303E-02  2.312064E-02
  1.695725E+00  5.000000E+01     5  2.086574E-02 -6.930450E+01  7.373982E-03 -1.951931E-02
  1.695725E+00  5.000000E+01     6  5.550017E-08  2.421153E+01  5.061824E-08  2.276099E-08
  1.695725E+00  6.000000E+01     1  7.230262E-01  8.406322E+01  7.478340E-02  7.191483E-01
  1.695725E+00  6.000000E+01     2  1.256125E+00  8.418470E+01  1.272731E-01  1.249660E+00
  1.695725E+00  6.000000E+01     3  5.850230E-01  5.038217E+01  3.730479E-01  4.506519E-01
  1.695725E+00  6.000000E+01     4  2.901398E-02  1.155359E+02 -1.250724E-02  2.617977E-02
  1.695725E+00  6.000000E+01     5  1.558575E-02 -6.897065E+01  5.592888E-03 -1.454769E-02
  1.695725E+00  6.000000E+01     6  1.237075E-07  1.025629E+01  1.217308E-07  2.202631E-08
  1.695725E+00  7.000000E+01     1  4.929548E-01  8.412980E+01  5.041705E-02  4.903698E-01
  1.695725E+00  7.000000E+01     2  1.363429E+00  8.419285E+01  1.379525E-01  1.356432E+00
  1.695725E+00  7.000000E+01     3  5.855800E-01  5.035720E+01  3.735997E-01  4.509182E-01
  1.695725E+00  7.000000E+01     4  3.152878E-02  1.160093E+02 -1.382591E-02  2.833564E-02
  1.695725E+00  7.000000E+01     5  9.628660E-03 -6.571741E+01  3.959665E-03 -8.776796E-03
  1.695725E+00  7.000000E+01     6  1.407205E-07  8.560766E+00  1.391526E-07  2.094740E-08
  1.695725E+00  8.000000E+01     1  2.478467E-01  8.440551E+01  2.416188E-02  2.466662E-01
  1.695725E+00  8.000000E+01     2  1.429210E+00  8.419634E+01  1.445216E-01  1.421885E+00
  1.695725E+00  8.000000E+01     3  5.862765E-01  5.028634E+01  3.746021E-01  4.509916E-01
  1.695725E+00  8.000000E+01     4  3.308208E-02  1.162481E+02 -1.463086E-02  2.967089E-02
  1.695725E+00  8.000000E+01     5  3.483262E-03 -4.472115E+01  2.474996E-03 -2.451021E-03
  1.695725E+00  8.000000E+01     6  9.718492E-08  1.164390E+01  9.518494E-08  1.961468E-08
  1.695725E+00  9.000000E+01     1  5.418499E-03 -1.237096E+02 -3.007178E-03 -4.507440E-03
  1.695725E+00  9.000000E+01     2  1.451541E+00  8.419199E+01  1.468893E-01  1.444090E+00
  1.695725E+00  9.000000E+01     3  5.870449E-01  5.016827E+01  3.760229E-01  4.508088E-01
  1.695725E+00  9.000000E+01     4  3.371146E-02  1.160962E+02 -1.482896E-02  3.027482E-02
  1.695725E+00  9.000000E+01     5  4.218538E-03  7.543096E+01  1.061158E-03  4.082892E-03
  1.695725E+00  9.000000E+01     6  2.130236E-08  5.828399E+01  1.119885E-08  1.812116E-08
  1.695725E+00  1.000000E+02     1  2.572336E-01 -9.670466E+01 -3.003240E-02 -2.554744E-01
  1.695725E+00  1.000000E+02     2  1.429819E+00  8.417782E+01  1.450429E-01  1.422443E+00
  1.695725E+00  1.000000E+02     3  5.878065E-01  5.001295E+01  3.777329E-01  4.503713E-01
  1.695725E+00  1.000000E+02     4  3.346595E-02  1.154610E+02 -1.438691E-02  3.021567E-02
  1.695725E+00  1.000000E+02     5  1.043616E-02  9.222856E+01 -4.058195E-04  1.042827E-02
  1.695725E+00  1.000000E+02     6  7.424081E-08  1.671182E+02 -7.237234E-08  1.655123E-08
  1.695725E+00  1.100000E+02     1  5.017038E-01 -9.639377E+01 -5.587022E-02 -4.985832E-01
  1.695725E+00  1.100000E+02     2  1.364764E+00  8.415286E+01  1.390350E-01  1.357663E+00
  1.695725E+00  1.100000E+02     3  5.884730E-01  4.984242E+01  3.795015E-01  4.497544E-01
  1.695725E+00  1.100000E+02     4  3.239261E-02  1.143159E+02 -1.333822E-02  2.951903E-02
  1.695725E+00  1.100000E+02     5  1.633900E-02  9.719316E+01 -2.045885E-03  1.621040E-02
  1.695725E+00  1.100000E+02     6  1.162074E-07  1.725921E+02 -1.152375E-07  1.498292E-08
  1.695725E+00  1.200000E+02     1  7.307967E-01 -9.625218E+01 -7.958718E-02 -7.264500E-01
  1.695725E+00  1.200000E+02     2  1.258380E+00  8.411725E+01  1.289752E-01  1.251753E+00
  1.695725E+00  1.200000E+02     3  5.889533E-01  4.968661E+01  3.810339E-01  4.490870E-01
  1.695725E+00  1.200000E+02     4  3.052113E-02  1.127071E+02 -1.178177E-02  2.815545E-02
  1.695725E+00  1.200000E+02     5  2.150669E-02  1.005141E+02 -3.924470E-03  2.114560E-02
  1.695725E+00  1.200000E+02     6  9.733361E-08  1.720292E+02 -9.639326E-08  1.349708E-08
  1.695725E+00  1.300000E+02     1  9.375821E-01 -9.614903E+01 -1.004290E-01 -9.321879E-01
  1.695725E+00  1.300000E+02     2  1.113883E+00  8.407231E+01  1.150343E-01  1.107927E+00
  1.695725E+00  1.300000E+02     3  5.891661E-01  4.957531E+01  3.820436E-01  4.485079E-01
  1.695725E+00  1.300000E+02     4  2.785199E-02  1.107541E+02 -9.869553E-03  2.604468E-02
  1.695725E+00  1.300000E+02     5  2.579634E-02  1.034958E+02 -6.020207E-03  2.508402E-02
  1.695725E+00  1.300000E+02     6  2.689772E-08  1.530707E+02 -2.398110E-08  1.218173E-08
  1.695725E+00  1.400000E+02     1  1.115850E+00 -9.606244E+01 -1.178473E-01 -1.109609E+00
  1.695725E+00  1.400000E+02     2  9.356029E-01  8.402044E+01  9.746521E-02  9.305124E-01
  1.695725E+00  1.400000E+02     3  5.890572E-01  4.952919E+01  3.823337E-01  4.481175E-01
  1.695725E+00  1.400000E+02     4  2.435910E-02  1.086288E+02 -7.781184E-03  2.308287E-02
  1.695725E+00  1.400000E+02     5  2.919384E-02  1.063561E+02 -8.221167E-03  2.801237E-02
  1.695725E+00  1.400000E+02     6  6.950529E-08  9.208995E+00  6.860944E-08  1.112336E-08
  1.695725E+00  1.500000E+02     1  1.260275E+00 -9.598857E+01 -1.314845E-01 -1.253398E+00
  1.695725E+00  1.500000E+02     2  7.288729E-01  8.396426E+01  7.664006E-02  7.248324E-01
  1.695725E+00  1.500000E+02     3  5.886142E-01  4.955345E+01  3.818566E-01  4.479422E-01
  1.695725E+00  1.500000E+02     4  2.001600E-02  1.065060E+02 -5.686845E-03  1.919114E-02
  1.695725E+00  1.500000E+02     5  3.175159E-02  1.090203E+02 -1.034796E-02  3.001805E-02
  1.695725E+00  1.500000E+02     6  1.386595E-07  4.295835E+00  1.382700E-07  1.038646E-08
  1.695725E+00  1.600000E+02     1  1.366553E+00 -9.592789E+01 -1.411330E-01 -1.359246E+00
  1.695725E+00  1.600000E+02     2  4.998914E-01  8.390330E+01  5.309186E-02  4.970641E-01
  1.695725E+00  1.600000E+02     3  5.878706E-01  4.963660E+01  3.807245E-01  4.479293E-01
  1.695725E+00  1.600000E+02     4  1.484186E-02  1.044651E+02 -3.707340E-03  1.437137E-02
  1.695725E+00  1.600000E+02     5  3.352693E-02  1.113260E+02 -1.219286E-02  3.123123E-02
  1.695725E+00  1.600000E+02     6  1.524579E-07  3.757688E+00  1.521301E-07  9.991638E-09
  1.695725E+00  1.700000E+02     1  1.431499E+00 -9.588151E+01 -1.466878E-01 -1.423964E+00
  1.695725E+00  1.700000E+02     2  2.555599E-01  8.381404E+01  2.753807E-02  2.540719E-01
  1.695725E+00  1.700000E+02     3  5.868970E-01  4.975501E+01  3.791690E-01  4.479720E-01
  1.695725E+00  1.700000E+02     4  8.948191E-03  1.021635E+02 -1.885397E-03  8.747308E-03
  1.695725E+00  1.700000E+02     5  3.454063E-02  1.131180E+02 -1.356154E-02  3.176696E-02
  1.695725E+00  1.700000E+02     6  1.034086E-07  5.496755E+00  1.029331E-07  9.905447E-09
  1.695725E+00  1.800000E+02     1  1.453134E+00 -9.584999E+01 -1.481096E-01 -1.445566E+00
  1.695725E+00  1.800000E+02     2  3.327328E-03  7.489251E+01  8.672036E-04  3.212330E-03
  1.695725E+00  1.800000E+02     3  5.857857E-01  4.988112E+01  3.774660E-01  4.479556E-01
  1.695725E+00  1.800000E+02     4  2.577784E-03  9.404667E+01 -1.819119E-04  2.571357E-03
  1.695725E+00  1.800000E+02     5  3.476613E-02  1.143013E+02 -1.430745E-02  3.168565E-02
  1.695725E+00  1.800000E+02     6  1.618818E-08  3.837514E+01  1.269093E-08  1.004975E-08
  1.695725E+00  1.900000E+02     1  1.430746E+00 -9.583295E+01 -1.454045E-01 -1.423338E+00
  1.695725E+00  1.900000E+02     2  2.492370E-01 -9.596921E+01 -2.591916E-02 -2.478857E-01
  1.695725E+00  1.900000E+02     3  5.846358E-01  4.999196E+01  3.758595E-01  4.478043E-01
  1.695725E+00  1.900000E+02     4  4.092956E-03 -6.853539E+01  1.497721E-03 -3.809084E-03
  1.695725E+00  1.900000E+02     5  3.414268E-02  1.148609E+02 -1.435418E-02  3.097871E-02
  1.695725E+00  1.900000E+02     6  7.809140E-08  1.724001E+02 -7.740543E-08  1.032796E-08
  1.695725E+00  2.000000E+02     1  1.364927E+00 -9.582895E+01 -1.386206E-01 -1.357870E+00
  1.695725E+00  2.000000E+02     2  4.942790E-01 -9.601527E+01 -5.179725E-02 -4.915575E-01
  1.695725E+00  2.000000E+02     3  5.835440E-01  5.007454E+01  3.745129E-01  4.475083E-01
  1.695725E+00  2.000000E+02     4  1.053059E-02 -7.199342E+01  3.255282E-03 -1.001481E-02
  1.695725E+00  2.000000E+02     5  3.259795E-02  1.148618E+02 -1.370517E-02  2.957692E-02
  1.695725E+00  2.000000E+02     6  1.267252E-07  1.751761E+02 -1.262763E-07  1.065673E-08
  1.695725E+00  2.100000E+02     1  1.257580E+00 -9.583527E+01 -1.278565E-01 -1.251064E+00
  1.695725E+00  2.100000E+02     2  7.243254E-01 -9.600845E+01 -7.581881E-02 -7.203463E-01
  1.695725E+00  2.100000E+02     3  5.825994E-01  5.012621E+01  3.735037E-01  4.471209E-01
  1.695725E+00  2.100000E+02     4  1.652683E-02 -7.185071E+01  5.148010E-03 -1.570459E-02
  1.695725E+00  2.100000E+02     5  3.006930E-02  1.144407E+02 -1.244119E-02  2.737480E-02
  1.695725E+00  2.100000E+02     6  1.127211E-07  1.744058E+02 -1.121843E-07  1.098839E-08
  1.695725E+00  2.200000E+02     1  1.111884E+00 -9.584762E+01 -1.132823E-01 -1.106099E+00
  1.695725E+00  2.200000E+02     2  9.323218E-01 -9.598353E+01 -9.718757E-02 -9.272425E-01
  1.695725E+00  2.200000E+02     3  5.818808E-01  5.015062E+01  3.728527E-01  4.467282E-01
  1.695725E+00  2.200000E+02     4  2.183312E-02 -7.087351E+01  7.153725E-03 -2.062788E-02
  1.695725E+00  2.200000E+02     5  2.652175E-02  1.138053E+02 -1.070498E-02  2.426534E-02
  1.695725E+00  2.200000E+02     6  4.415044E-08  1.651505E+02 -4.267591E-08  1.131495E-08
  1.695725E+00  2.300000E+02     1  9.322158E-01 -9.585954E+01 -9.517000E-02 -9.273451E-01
  1.695725E+00  2.300000E+02     2  1.111903E+00 -9.595188E+01 -1.152967E-01 -1.105909E+00
  1.695725E+00  2.300000E+02     3  5.814515E-01  5.015198E+01  3.725671E-01  4.464075E-01
  1.695725E+00  2.300000E+02     4  2.629541E-02 -6.960232E+01  9.164846E-03 -2.464659E-02
  1.695725E+00  2.300000E+02     5  2.196618E-02  1.132556E+02 -8.672983E-03  2.018148E-02
  1.695725E+00  2.300000E+02     6  5.059702E-08  1.331669E+01  4.923656E-08  1.165417E-08
  1.695725E+00  2.400000E+02     1  7.240259E-01 -9.586061E+01 -7.392927E-02 -7.202416E-01
  1.695725E+00  2.400000E+02     2  1.257593E+00 -9.592084E+01 -1.297261E-01 -1.250884E+00
  1.695725E+00  2.400000E+02     3  5.813545E-01  5.013064E+01  3.726711E-01  4.461943E-01
  1.695725E+00  2.400000E+02     4  2.983238E-02 -6.834083E+01  1.101067E-02 -2.772609E-02
  1.695725E+00  2.400000E+02     5  1.648173E-02  1.132929E+02 -6.517399E-03  1.513839E-02
  1.695725E+00  2.400000E+02     6  1.211469E-07  5.697968E+00  1.205483E-07  1.202800E-08
  1.695725E+00  2.500000E+02     1  4.936774E-01 -9.582897E+01 -5.013752E-02 -4.911249E-01
  1.695725E+00  2.500000E+02     2  1.364977E+00 -9.589595E+01 -1.402135E-01 -1.357757E+00
  1.695725E+00  2.500000E+02     3  5.816052E-01  5.008259E+01  3.732060E-01  4.460739E-01
  1.695725E+00  2.500000E+02     4  3.241249E-02 -6.732104E+01  1.249719E-02 -2.990635E-02
  1.695725E+00  2.500000E+02     5  1.024426E-02  1.152360E+02 -4.367622E-03  9.266541E-03
  1.695725E+00  2.500000E+02     6  1.387608E-07  5.146103E+00  1.382015E-07  1.244625E-08
  1.695725E+00  2.600000E+02     1  2.482447E-01 -9.567490E+01 -2.454737E-02 -2.470280E-01
  1.695725E+00  2.600000E+02     2  1.430833E+00 -9.588129E+01 -1.466143E-01 -1.423302E+00
  1.695725E+00  2.600000E+02     3  5.821864E-01  5.000286E+01  3.741999E-01  4.459993E-01
  1.695725E+00  2.600000E+02     4  3.403692E-02 -6.672358E+01  1.345028E-02 -3.126663E-02
  1.695725E+00  2.600000E+02     5  3.631053E-03  1.289849E+02 -2.284352E-03  2.822460E-03
  1.695725E+00  2.600000E+02     6  9.536621E-08  7.776251E+00  9.448922E-08  1.290352E-08
  1.695725E+00  2.700000E+02     1  4.945425E-03  6.687927E+01  1.941919E-03  4.548206E-03
  1.695725E+00  2.700000E+02     2  1.453223E+00 -9.587966E+01 -1.488672E-01 -1.445577E+00
  1.695725E+00  2.700000E+02     3  5.830442E-01  4.989119E+01  3.756211E-01  4.459252E-01
  1.695725E+00  2.700000E+02     4  3.473107E-02 -6.667614E+01  1.375100E-02 -3.189290E-02
  1.695725E+00  2.700000E+02     5  3.841606E-03 -9.385466E+01 -2.582551E-04 -3.832915E-03
  1.695725E+00  2.700000E+02     6  1.718574E-08  5.117129E+01  1.077536E-08  1.338810E-08
  1.695725E+00  2.800000E+02     1  2.574458E-01  8.367758E+01  2.835079E-02  2.558800E-01
  1.695725E+00  2.800000E+02     2  1.431536E+00 -9.589268E+01 -1.469692E-01 -1.423972E+00
  1.695725E+00  2.800000E+02     3  5.840885E-01  4.975669E+01  3.773415E-01  4.458393E-01
  1.695725E+00  2.800000E+02     4  3.453809E-02 -6.724844E+01  1.335713E-02 -3.185070E-02
  1.695725E+00  2.800000E+02     5  1.043844E-02 -8.027083E+01  1.764004E-03 -1.028831E-02
  1.695725E+00  2.800000E+02     6  7.383265E-08  1.691526E+02 -7.251340E-08  1.389484E-08
  1.695725E+00  2.900000E+02     1  5.021526E-01  8.386001E+01  5.370926E-02  4.992720E-01
  1.695725E+00  2.900000E+02     2  1.366494E+00 -9.592099E+01 -1.409633E-01 -1.359204E+00
  1.695725E+00  2.900000E+02     3  5.851967E-01  4.961877E+01  3.791316E-01  4.457740E-01
  1.695725E+00  2.900000E+02     4  3.350679E-02 -6.844639E+01  1.230945E-02 -3.116380E-02
  1.695725E+00  2.900000E+02     5  1.660491E-02 -7.664300E+01  3.836029E-03 -1.615574E-02
  1.695725E+00  2.900000E+02     6  1.159937E-07  1.728522E+02 -1.150922E-07  1.443309E-08
  1.695725E+00  3.000000E+02     1  7.313852E-01  8.394533E+01  7.714453E-02  7.273053E-01
  1.695725E+00  3.000000E+02     2  1.260105E+00 -9.596444E+01 -1.309391E-01 -1.253284E+00
  1.695725E+00  3.000000E+02     3  5.862268E-01  4.950335E+01  3.806977E-01  4.457926E-01
  1.695725E+00  3.000000E+02     4  3.167254E-02 -7.021018E+01  1.072339E-02 -2.980199E-02
  1.695725E+00  3.000000E+02     5  2.196759E-02 -7.423409E+01  5.968760E-03 -2.114116E-02
  1.695725E+00  3.000000E+02     6  9.713339E-08  1.711008E+02 -9.596411E-08  1.502617E-08
  1.695725E+00  3.100000E+02     1  9.381972E-01  8.400782E+01  9.794103E-02  9.330710E-01
  1.695725E+00  3.100000E+02     2  1.115589E+00 -9.602259E+01 -1.170482E-01 -1.109431E+00
  1.695725E+00  3.100000E+02     3  5.870389E-01  4.943546E+01  3.817539E-01  4.459581E-01
  1.695725E+00  3.100000E+02     4  2.904016E-02 -7.242850E+01  8.767100E-03 -2.768517E-02
  1.695725E+00  3.100000E+02     5  2.636569E-02 -7.209416E+01  8.106228E-03 -2.508862E-02
  1.695725E+00  3.100000E+02     6  2.807950E-08  1.459952E+02 -2.327764E-08  1.570381E-08
  1.695725E+00  3.200000E+02     1  1.116374E+00  8.405848E+01  1.155596E-01  1.110377E+00
  1.695725E+00  3.200000E+02     2  9.372798E-01 -9.609601E+01 -9.953419E-02 -9.319798E-01
  1.695725E+00  3.200000E+02     3  5.875254E-01  4.943124E+01  3.821031E-01  4.462996E-01
  1.695725E+00  3.200000E+02     4  2.558393E-02 -7.498484E+01  6.628150E-03 -2.471043E-02
  1.695725E+00  3.200000E+02     5  2.976017E-02 -7.010299E+01  1.012829E-02 -2.798366E-02
  1.695725E+00  3.200000E+02     6  7.149801E-08  1.333611E+01  6.956998E-08  1.649195E-08
  1.695725E+00  3.300000E+02     1  1.260602E+00  8.409822E+01  1.296194E-01  1.253920E+00
  1.695725E+00  3.300000E+02     2  7.305120E-01 -9.619038E+01 -7.877290E-02 -7.262524E-01
  1.695725E+00  3.300000E+02     3  5.876372E-01  4.949281E+01  3.816959E-01  4.467949E-01
  1.695725E+00  3.300000E+02     4  2.127611E-02 -7.786022E+01  4.474310E-03 -2.080032E-02
  1.695725E+00  3.300000E+02     5  3.218879E-02 -6.834854E+01  1.187636E-02 -2.991773E-02
  1.695725E+00  3.300000E+02     6  1.405439E-07  7.112993E+00  1.394622E-07  1.740305E-08
  1.695725E+00  3.400000E+02     1  1.366599E+00  8.412597E+01  1.398600E-01  1.359423E+00
  1.695725E+00  3.400000E+02     2  5.014842E-01 -9.633201E+01 -5.530849E-02 -4.984249E-01
  1.695725E+00  3.400000E+02     3  5.873960E-01  4.960786E+01  3.806417E-01  4.473768E-01
  1.695725E+00  3.400000E+02     4  1.614071E-02 -8.138516E+01  2.417740E-03 -1.595860E-02
  1.695725E+00  3.400000E+02     5  3.371670E-02 -6.697071E+01  1.319003E-02 -3.102964E-02
  1.695725E+00  3.400000E+02     6  1.546225E-07  6.844790E+00  1.535205E-07  1.842793E-08
  1.695725E+00  3.500000E+02     1  1.431217E+00  8.414093E+01  1.461015E-01  1.423740E+00
  1.695725E+00  3.500000E+02     2  2.571024E-01 -9.667102E+01 -2.986717E-02 -2.553617E-01
  1.695725E+00  3.500000E+02     3  5.868866E-01  4.975432E+01  3.791677E-01  4.479595E-01
  1.695725E+00  3.500000E+02     4  1.032311E-02 -8.725347E+01  4.946592E-04 -1.031125E-02
  1.695725E+00  3.500000E+02     5  3.439874E-02 -6.608999E+01  1.394186E-02 -3.144675E-02
  1.695725E+00  3.500000E+02     6  1.062896E-07  1.058751E+01  1.044801E-07  1.952935E-08
  1.638226E+00  0.000000E+00     1  1.407549E+00  8.599443E+01  9.832205E-02  1.404111E+00
  1.638226E+00  0.000000E+00     2  5.005291E-03 -1.251817E+02 -2.883905E-03 -4.090969E-03
  1.638226E+00  0.000000E+00     3  5.258151E-01  5.449372E+01  3.053893E-01  4.280408E-01
  1.638226E+00  0.000000E+00     4  4.078849E-03 -1.059248E+02 -1.119133E-03 -3.922314E-03
  1.638226E+00  0.000000E+00     5  4.453897E-02 -6.995255E+01  1.526788E-02 -4.184031E-02
  1.638226E+00  0.000000E+00     6  2.287756E-08  5.913288E+01  1.173730E-08  1.963717E-08
  1.638226E+00  1.000000E+01     1  1.385605E+00  8.598218E+01  9.708488E-02  1.382200E+00
  1.638226E+00  1.000000E+01     2  2.403702E-01  8.635346E+01  1.528781E-02  2.398835E-01
  1.638226E+00  1.000000E+01     3  5.252569E-01  5.466748E+01  3.037670E-01  4.285096E-01
  1.638226E+00  1.000000E+01     4  5.289108E-03  1.235697E+02 -2.924614E-03  4.406960E-03
  1.638226E+00  1.000000E+01     5  4.348099E-02 -7.028086E+01  1.467091E-02 -4.093118E-02
  1.638226E+00  1.000000E+01     6  1.046518E-07  1.684948E+02 -1.025490E-07  2.087356E-08
  1.638226E+00  2.000000E+01     1  1.321607E+00  8.595795E+01  9.315811E-02  1.318320E+00
  1.638226E+00  2.000000E+01     2  4.777836E-01  8.606418E+01  3.279456E-02  4.766568E-01
  1.638226E+00  2.000000E+01     3  5.247773E-01  5.480976E+01  3.024255E-01  4.288706E-01
  1.638226E+00  2.000000E+01     4  1.338849E-02  1.111354E+02 -4.827540E-03  1.248786E-02
  1.638226E+00  2.000000E+01     5  4.129276E-02 -7.102951E+01  1.342349E-02 -3.904999E-02
  1.638226E+00  2.000000E+01     6  1.656919E-07  1.724117E+02 -1.642409E-07  2.188028E-08
  1.638226E+00  3.000000E+01     1  1.217435E+00  8.592591E+01  8.649437E-02  1.214359E+00
  1.638226E+00  3.000000E+01     2  7.006933E-01  8.599427E+01  4.894781E-02  6.989815E-01
  1.638226E+00  3.000000E+01     3  5.244716E-01  5.491842E+01  3.014360E-01  4.291933E-01
  1.638226E+00  3.000000E+01     4  2.106211E-02  1.090704E+02 -6.881628E-03  1.990617E-02
  1.638226E+00  3.000000E+01     5  3.794710E-02 -7.206841E+01  1.168320E-02 -3.610381E-02
  1.638226E+00  3.000000E+01     6  1.474128E-07  1.712180E+02 -1.456846E-07  2.250628E-08
  1.638226E+00  4.000000E+01     1  1.076205E+00  8.589222E+01  7.709167E-02  1.073441E+00
  1.638226E+00  4.000000E+01     2  9.022522E-01  8.598299E+01  6.320519E-02  9.000356E-01
  1.638226E+00  4.000000E+01     3  5.243993E-01  5.499652E+01  3.008092E-01  4.295445E-01
  1.638226E+00  4.000000E+01     4  2.786128E-02  1.089493E+02 -9.047417E-03  2.635137E-02
  1.638226E+00  4.000000E+01     5  3.342766E-02 -7.320685E+01  9.657829E-03 -3.200211E-02
  1.638226E+00  4.000000E+01     6  6.100824E-08  1.582027E+02 -5.664634E-08  2.265384E-08
  1.638226E+00  5.000000E+01     1  9.021840E-01  8.586616E+01  6.503530E-02  8.998368E-01
  1.638226E+00  5.000000E+01     2  1.076276E+00  8.599401E+01  7.518949E-02  1.073646E+00
  1.638226E+00  5.000000E+01     3  5.245751E-01  5.504515E+01  3.005452E-01  4.299437E-01
  1.638226E+00  5.000000E+01     4  3.356301E-02  1.094864E+02 -1.119604E-02  3.164055E-02
  1.638226E+00  5.000000E+01     5  2.774978E-02 -7.417447E+01  7.567615E-03 -2.669797E-02
  1.638226E+00  5.000000E+01     6  6.464569E-08  2.018012E+01  6.067727E-08  2.230098E-08
  1.638226E+00  6.000000E+01     1  7.006635E-01  8.586311E+01  5.054556E-02  6.988380E-01
  1.638226E+00  6.000000E+01     2  1.217440E+00  8.601198E+01  8.467048E-02  1.214492E+00
  1.638226E+00  6.000000E+01     3  5.249705E-01  5.505894E+01  3.006682E-01  4.303402E-01
  1.638226E+00  6.000000E+01     4  3.804925E-02  1.102045E+02 -1.314115E-02  3.570792E-02
  1.638226E+00  6.000000E+01     5  2.099209E-02 -7.453321E+01  5.598165E-03 -2.023186E-02
  1.638226E+00  6.000000E+01     6  1.529276E-07  8.081922E+00  1.514087E-07  2.149991E-08
  1.638226E+00  7.000000E+01     1  4.777979E-01  8.591717E+01  3.401847E-02  4.765853E-01
  1.638226E+00  7.000000E+01     2  1.321453E+00  8.602832E+01  9.152825E-02  1.318280E+00
  1.638226E+00  7.000000E+01     3  5.255241E-01  5.502676E+01  3.012272E-01  4.306249E-01
  1.638226E+00  7.000000E+01     4  4.127324E-02  1.108391E+02 -1.468273E-02  3.857328E-02
  1.638226E+00  7.000000E+01     5  1.333690E-02 -7.319980E+01  3.854833E-03 -1.276767E-02
  1.638226E+00  7.000000E+01     6  1.745403E-07  6.695967E+00  1.733497E-07  2.035154E-08
  1.638226E+00  8.000000E+01     1  2.404078E-01  8.617423E+01  1.604065E-02  2.398721E-01
  1.638226E+00  8.000000E+01     2  1.385184E+00  8.603771E+01  9.571620E-02  1.381873E+00
  1.638226E+00  8.000000E+01     3  5.261573E-01  5.493757E+01  3.022609E-01  4.306738E-01
  1.638226E+00  8.000000E+01     4  4.323611E-02  1.112172E+02 -1.564734E-02  4.030536E-02
  1.638226E+00  8.000000E+01     5  5.163840E-03 -6.312002E+01  2.334691E-03 -4.605915E-03
  1.638226E+00  8.000000E+01     6  1.181731E-07  9.236689E+00  1.166408E-07  1.896835E-08
  1.638226E+00  9.000000E+01     1  4.854034E-03 -1.229245E+02 -2.638331E-03 -4.074414E-03
  1.638226E+00  9.000000E+01     2  1.406756E+00  8.603665E+01  9.723266E-02  1.403391E+00
  1.638226E+00  9.000000E+01     3  5.267911E-01  5.478854E+01  3.037455E-01  4.304039E-01
  1.638226E+00  9.000000E+01     4  4.397147E-02  1.112227E+02 -1.591739E-02  4.098935E-02
  1.638226E+00  9.000000E+01     5  3.949278E-03  7.636315E+01  9.311101E-04  3.837946E-03
  1.638226E+00  9.000000E+01     6  1.945749E-08  6.370861E+01  8.618433E-09  1.744467E-08
  1.638226E+00  1.000000E+02     1  2.487249E-01 -9.488481E+01 -2.117960E-02 -2.478215E-01
  1.638226E+00  1.000000E+02     2  1.385587E+00  8.602293E+01  9.610051E-02  1.382251E+00
  1.638226E+00  1.000000E+02     3  5.273579E-01  5.459163E+01  3.055513E-01  4.298194E-01
  1.638226E+00  1.000000E+02     4  4.353328E-02  1.107857E+02 -1.544881E-02  4.069988E-02
  1.638226E+00  1.000000E+02     5  1.210299E-02  9.248495E+01 -5.247494E-04  1.209161E-02
  1.638226E+00  1.000000E+02     6  1.001811E-07  1.708970E+02 -9.891932E-08  1.584968E-08
  1.638226E+00  1.100000E+02     1  4.855118E-01 -9.457884E+01 -3.875880E-02 -4.839623E-01
  1.638226E+00  1.100000E+02     2  1.322395E+00  8.599540E+01  9.235156E-02  1.319166E+00
  1.638226E+00  1.100000E+02     3  5.278046E-01  5.437495E+01  3.074348E-01  4.290240E-01
  1.638226E+00  1.100000E+02     4  4.198106E-02  1.098856E+02 -1.427958E-02  3.947787E-02
  1.638226E+00  1.100000E+02     5  1.982858E-02  9.636287E+01 -2.197499E-03  1.970644E-02
  1.638226E+00  1.100000E+02     6  1.550013E-07  1.747273E+02 -1.543454E-07  1.424393E-08
  1.638226E+00  1.200000E+02     1  7.074586E-01 -9.443198E+01 -5.466921E-02 -7.053432E-01
  1.638226E+00  1.200000E+02     2  1.219147E+00  8.595413E+01  8.601708E-02  1.216109E+00
  1.638226E+00  1.200000E+02     3  5.280894E-01  5.417753E+01  3.090779E-01  4.281930E-01
  1.638226E+00  1.200000E+02     4  3.936132E-02  1.085605E+02 -1.252891E-02  3.731407E-02
  1.638226E+00  1.200000E+02     5  2.666505E-02  9.902039E+01 -4.180706E-03  2.633527E-02
  1.638226E+00  1.200000E+02     6  1.313810E-07  1.744507E+02 -1.307653E-07  1.270488E-08
  1.638226E+00  1.300000E+02     1  9.078612E-01 -9.432036E+01 -6.839191E-02 -9.052815E-01
  1.638226E+00  1.300000E+02     2  1.078990E+00  8.590066E+01  7.713259E-02  1.076229E+00
  1.638226E+00  1.300000E+02     3  5.281783E-01  5.403865E+01  3.101671E-01  4.275145E-01
  1.638226E+00  1.300000E+02     4  3.569237E-02  1.069125E+02 -1.038327E-02  3.414869E-02
  1.638226E+00  1.300000E+02     5  3.242980E-02  1.014812E+02 -6.455056E-03  3.178087E-02
  1.638226E+00  1.300000E+02     6  4.020052E-08  1.636151E+02 -3.856792E-08  1.134008E-08
  1.638226E+00  1.400000E+02     1  1.080699E+00 -9.422476E+01 -7.961419E-02 -1.077762E+00
  1.638226E+00  1.400000E+02     2  9.061455E-01  8.583797E+01  6.576561E-02  9.037558E-01
  1.638226E+00  1.400000E+02     3  5.280474E-01  5.398564E+01  3.104856E-01  4.271215E-01
  1.638226E+00  1.400000E+02     4  3.096579E-02  1.050973E+02 -8.065296E-03  2.989701E-02
  1.638226E+00  1.400000E+02     5  3.707902E-02  1.038644E+02 -8.885085E-03  3.599874E-02
  1.638226E+00  1.400000E+02     6  8.030811E-08  7.350001E+00  7.964823E-08  1.027383E-08
  1.638226E+00  1.500000E+02     1  1.220796E+00 -9.414306E+01 -8.819899E-02 -1.217606E+00
  1.638226E+00  1.500000E+02     2  7.057979E-01  8.576944E+01  5.206681E-02  7.038748E-01
  1.638226E+00  1.500000E+02     3  5.276884E-01  5.402514E+01  3.099801E-01  4.270450E-01
  1.638226E+00  1.500000E+02     4  2.517495E-02  1.032879E+02 -5.786326E-03  2.450095E-02
  1.638226E+00  1.500000E+02     5  4.064470E-02  1.060703E+02 -1.125113E-02  3.905642E-02
  1.638226E+00  1.500000E+02     6  1.691612E-07  3.256821E+00  1.688880E-07  9.610327E-09
  1.638226E+00  1.600000E+02     1  1.323958E+00 -9.407683E+01 -9.412564E-02 -1.320608E+00
  1.638226E+00  1.600000E+02     2  4.839558E-01  8.569485E+01  3.632975E-02  4.825902E-01
  1.638226E+00  1.600000E+02     3  5.271120E-01  5.414146E+01  3.087749E-01  4.272062E-01
  1.638226E+00  1.600000E+02     4  1.836675E-02  1.016017E+02 -3.693684E-03  1.799151E-02
  1.638226E+00  1.600000E+02     5  4.316884E-02  1.079455E+02 -1.330083E-02  4.106869E-02
  1.638226E+00  1.600000E+02     6  1.873764E-07  2.872901E+00  1.871409E-07  9.391410E-09
  1.638226E+00  1.700000E+02     1  1.387070E+00 -9.402778E+01 -9.742787E-02 -1.383644E+00
  1.638226E+00  1.700000E+02     2  2.472934E-01  8.558602E+01  1.903225E-02  2.465599E-01
  1.638226E+00  1.700000E+02     3  5.263472E-01  5.430274E+01  3.071248E-01  4.274526E-01
  1.638226E+00  1.700000E+02     4  1.069407E-02  9.986223E+01 -1.831676E-03  1.053604E-02
  1.638226E+00  1.700000E+02     5  4.465912E-02  1.093562E+02 -1.480183E-02  4.213482E-02
  1.638226E+00  1.700000E+02     6  1.253751E-07  4.378847E+00  1.250091E-07  9.572506E-09
  1.638226E+00  1.800000E+02     1  1.408188E+00 -9.399665E+01 -9.814810E-02 -1.404763E+00
  1.638226E+00  1.800000E+02     2  3.025190E-03  7.401017E+01  8.333391E-04  2.908147E-03
  1.638226E+00  1.800000E+02     3  5.254398E-01  5.447230E+01  3.053312E-01  4.276212E-01
  1.638226E+00  1.800000E+02     4  2.450617E-03  9.317364E+01 -1.356712E-04  2.446858E-03
  1.638226E+00  1.800000E+02     5  4.507750E-02  1.102244E+02 -1.558322E-02  4.229828E-02
  1.638226E+00  1.800000E+02     6  1.451827E-08  4.370705E+01  1.049500E-08  1.003171E-08
  1.638226E+00  1.900000E+02     1  1.386601E+00 -9.398302E+01 -9.631451E-02 -1.383252E+00
  1.638226E+00  1.900000E+02     2  2.416152E-01 -9.414982E+01 -1.748442E-02 -2.409817E-01
  1.638226E+00  1.900000E+02     3  5.244532E-01  5.462015E+01  3.036555E-01  4.276032E-01
  1.638226E+00  1.900000E+02     4  6.053961E-03 -7.533083E+01  1.533090E-03 -5.856627E-03
  1.638226E+00  1.900000E+02     5  4.435452E-02  1.105382E+02 -1.556098E-02  4.153528E-02
  1.638226E+00  1.900000E+02     6  1.043616E-07  1.741648E+02 -1.038209E-07  1.061010E-08
  1.638226E+00  2.000000E+02     1  1.322875E+00 -9.398519E+01 -9.193799E-02 -1.319676E+00
  1.638226E+00  2.000000E+02     2  4.789779E-01 -9.420403E+01 -3.511308E-02 -4.776892E-01
  1.638226E+00  2.000000E+02     3  5.234690E-01  5.473003E+01  3.022666E-01  4.273812E-01
  1.638226E+00  2.000000E+02     4  1.431069E-02 -7.657420E+01  3.322741E-03 -1.391960E-02
  1.638226E+00  2.000000E+02     5  4.241386E-02  1.103480E+02 -1.474822E-02  3.976714E-02
  1.638226E+00  2.000000E+02     6  1.658749E-07  1.761404E+02 -1.654986E-07  1.116541E-08
  1.638226E+00  2.100000E+02     1  1.218859E+00 -9.400003E+01 -8.502403E-02 -1.215890E+00
  1.638226E+00  2.100000E+02     2  7.018633E-01 -9.419364E+01 -5.132545E-02 -6.999842E-01
  1.638226E+00  2.100000E+02     3  5.225821E-01  5.479959E+01  3.012363E-01  4.270232E-01
  1.638226E+00  2.100000E+02     4  2.198452E-02 -7.599137E+01  5.321748E-03 -2.133068E-02
  1.638226E+00  2.100000E+02     5  3.919532E-02  1.097602E+02 -1.325131E-02  3.688734E-02
  1.638226E+00  2.100000E+02     6  1.473432E-07  1.754789E+02 -1.468847E-07  1.161447E-08
  1.638226E+00  2.200000E+02     1  1.077650E+00 -9.402265E+01 -7.559802E-02 -1.074995E+00
  1.638226E+00  2.200000E+02     2  9.034368E-01 -9.416107E+01 -6.555393E-02 -9.010553E-01
  1.638226E+00  2.200000E+02     3  5.218882E-01  5.483469E+01  3.005750E-01  4.266404E-01
  1.638226E+00  2.200000E+02     4  2.877883E-02 -7.486658E+01  7.513221E-03 -2.778080E-02
  1.638226E+00  2.200000E+02     5  3.467358E-02  1.089346E+02 -1.125117E-02  3.279739E-02
  1.638226E+00  2.200000E+02     6  5.897111E-08  1.683124E+02 -5.774844E-08  1.194610E-08
  1.638226E+00  2.300000E+02     1  9.035136E-01 -9.404568E+01 -6.374443E-02 -9.012622E-01
  1.638226E+00  2.300000E+02     2  1.077514E+00 -9.412035E+01 -7.742123E-02 -1.074729E+00
  1.638226E+00  2.300000E+02     3  5.214659E-01  5.484133E+01  3.002823E-01  4.263299E-01
  1.638226E+00  2.300000E+02     4  3.449852E-02 -7.355156E+01  9.768336E-03 -3.308666E-02
  1.638226E+00  2.300000E+02     5  2.887691E-02  1.080933E+02 -8.968155E-03  2.744901E-02
  1.638226E+00  2.300000E+02     6  6.094190E-08  1.155010E+01  5.970783E-08  1.220207E-08
  1.638226E+00  2.400000E+02     1  7.017581E-01 -9.405761E+01 -4.965604E-02 -6.999990E-01
  1.638226E+00  2.400000E+02     2  1.218762E+00 -9.408046E+01 -8.672387E-02 -1.215673E+00
  1.638226E+00  2.400000E+02     3  5.213605E-01  5.481972E+01  3.003824E-01  4.261305E-01
  1.638226E+00  2.400000E+02     4  3.903112E-02 -7.228448E+01  1.187682E-02 -3.718023E-02
  1.638226E+00  2.400000E+02     5  2.191011E-02  1.075694E+02 -6.613784E-03  2.088805E-02
  1.638226E+00  2.400000E+02     6  1.511123E-07  4.722108E+00  1.505994E-07  1.244003E-08
  1.638226E+00  2.500000E+02     1  4.785652E-01 -9.403565E+01 -3.368003E-02 -4.773785E-01
  1.638226E+00  2.500000E+02     2  1.322871E+00 -9.404808E+01 -9.338611E-02 -1.319571E+00
  1.638226E+00  2.500000E+02     3  5.215770E-01  5.476356E+01  3.009248E-01  4.260127E-01
  1.638226E+00  2.500000E+02     4  4.232190E-02 -7.125703E+01  1.359901E-02 -4.007755E-02
  1.638226E+00  2.500000E+02     5  1.398055E-02  1.080861E+02 -4.340196E-03  1.328978E-02
  1.638226E+00  2.500000E+02     6  1.731867E-07  4.205268E+00  1.727204E-07  1.269976E-08
  1.638226E+00  2.600000E+02     1  2.407923E-01 -9.389096E+01 -1.633966E-02 -2.402372E-01
  1.638226E+00  2.600000E+02     2  1.386692E+00 -9.402801E+01 -9.740685E-02 -1.383266E+00
  1.638226E+00  2.600000E+02     3  5.220814E-01  5.466497E+01  3.019492E-01  4.259057E-01
  1.638226E+00  2.600000E+02     4  4.435667E-02 -7.061804E+01  1.472039E-02 -4.184285E-02
  1.638226E+00  2.600000E+02     5  5.438212E-03  1.139278E+02 -2.205659E-03  4.970837E-03
  1.638226E+00  2.600000E+02     6  1.169285E-07  6.378045E+00  1.162048E-07  1.298937E-08
  1.638226E+00  2.700000E+02     1  4.478037E-03  6.787009E+01  1.686912E-03  4.148149E-03
  1.638226E+00  2.700000E+02     2  1.408332E+00 -9.402346E+01 -9.881559E-02 -1.404861E+00
  1.638226E+00  2.700000E+02     3  5.228111E-01  5.452221E+01  3.034330E-01  4.257463E-01
  1.638226E+00  2.700000E+02     4  4.515462E-02 -7.047060E+01  1.509476E-02 -4.255688E-02
  1.638226E+00  2.700000E+02     5  3.638606E-03 -9.272299E+01 -1.728601E-04 -3.634498E-03
  1.638226E+00  2.700000E+02     6  1.571681E-08  5.776343E+01  8.383601E-09  1.329411E-08
  1.638226E+00  2.800000E+02     1  2.490689E-01  8.547852E+01  1.963482E-02  2.482937E-01
  1.638226E+00  2.800000E+02     2  1.387205E+00 -9.403630E+01 -9.764331E-02 -1.383764E+00
  1.638226E+00  2.800000E+02     3  5.236850E-01  5.434637E+01  3.052475E-01  4.255231E-01
  1.638226E+00  2.800000E+02     4  4.476274E-02 -7.086940E+01  1.466976E-02 -4.229067E-02
  1.638226E+00  2.800000E+02     5  1.217666E-02 -8.123624E+01  1.855245E-03 -1.203449E-02
  1.638226E+00  2.800000E+02     6  9.987900E-08  1.721750E+02 -9.894898E-08  1.359830E-08
  1.638226E+00  2.900000E+02     1  4.861359E-01  8.566449E+01  3.675030E-02  4.847448E-01
  1.638226E+00  2.900000E+02     2  1.324027E+00 -9.406719E+01 -9.390836E-02 -1.320692E+00
  1.638226E+00  2.900000E+02     3  5.246089E-01  5.416286E+01  3.071497E-01  4.252923E-01
  1.638226E+00  2.900000E+02     4  4.324220E-02 -7.181653E+01  1.349420E-02 -4.108278E-02
  1.638226E+00  2.900000E+02     5  2.015863E-02 -7.862740E+01  3.975052E-03 -1.976283E-02
  1.638226E+00  2.900000E+02     6  1.547951E-07  1.748459E+02 -1.541692E-07  1.390608E-08
  1.638226E+00  3.000000E+02     1  7.082491E-01  8.575821E+01  5.238603E-02  7.063090E-01
  1.638226E+00  3.000000E+02     2  1.220772E+00 -9.411576E+01 -8.761711E-02 -1.217624E+00
  1.638226E+00  3.000000E+02     3  5.254796E-01  5.400643E+01  3.088215E-01  4.251566E-01
  1.638226E+00  3.000000E+02     4  4.064578E-02 -7.325807E+01  1.170848E-02 -3.892288E-02
  1.638226E+00  3.000000E+02     5  2.718054E-02 -7.676440E+01  6.223144E-03 -2.645854E-02
  1.638226E+00  3.000000E+02     6  1.311626E-07  1.737626E+02 -1.303861E-07  1.425067E-08
  1.638226E+00  3.100000E+02     1  9.086840E-01  8.583088E+01  6.606191E-02  9.062794E-01
  1.638226E+00  3.100000E+02     2  1.080594E+00 -9.418095E+01 -7.878236E-02 -1.077718E+00
  1.638226E+00  3.100000E+02     3  5.261930E-01  5.391105E+01  3.099490E-01  4.252184E-01
  1.638226E+00  3.100000E+02     4  3.699681E-02 -7.509094E+01  9.518743E-03 -3.575132E-02
  1.638226E+00  3.100000E+02     5  3.303986E-02 -7.501454E+01  8.543244E-03 -3.191622E-02
  1.638226E+00  3.100000E+02     6  4.073371E-08  1.588618E+02 -3.799288E-08  1.468931E-08
  1.638226E+00  3.200000E+02     1  1.081414E+00  8.589166E+01  7.747541E-02  1.078635E+00
  1.638226E+00  3.200000E+02     2  9.077184E-01 -9.426217E+01 -6.746193E-02 -9.052081E-01
  1.638226E+00  3.200000E+02     3  5.266609E-01  5.389897E+01  3.103143E-01  4.255311E-01
  1.638226E+00  3.200000E+02     4  3.228737E-02 -7.719460E+01  7.156186E-03 -3.148434E-02
  1.638226E+00  3.200000E+02     5  3.766842E-02 -7.335396E+01  1.079043E-02 -3.608984E-02
  1.638226E+00  3.200000E+02     6  8.184692E-08  1.076468E+01  8.040663E-08  1.528701E-08
  1.638226E+00  3.300000E+02     1  1.221278E+00  8.594002E+01  8.646737E-02  1.218213E+00
  1.638226E+00  3.300000E+02     2  7.073299E-01 -9.436321E+01 -5.381276E-02 -7.052799E-01
  1.638226E+00  3.300000E+02     3  5.268321E-01  5.397331E+01  3.098627E-01  4.260718E-01
  1.638226E+00  3.300000E+02     4  2.650865E-02 -7.950819E+01  4.827092E-03 -2.606545E-02
  1.638226E+00  3.300000E+02     5  4.108602E-02 -7.189733E+01  1.276628E-02 -3.905231E-02
  1.638226E+00  3.300000E+02     6  1.705722E-07  5.414188E+00  1.698112E-07  1.609431E-08
  1.638226E+00  3.400000E+02     1  1.324106E+00  8.597395E+01  9.296555E-02  1.320839E+00
  1.638226E+00  3.400000E+02     2  4.854356E-01 -9.450683E+01 -3.814449E-02 -4.839347E-01
  1.638226E+00  3.400000E+02     3  5.267065E-01  5.411753E+01  3.087156E-01  4.267487E-01
  1.638226E+00  3.400000E+02     4  1.970890E-02 -8.222759E+01  2.665402E-03 -1.952784E-02
  1.638226E+00  3.400000E+02     5  4.334549E-02 -7.078209E+01  1.426768E-02 -4.093000E-02
  1.638226E+00  3.400000E+02     6  1.889813E-07  5.199087E+00  1.882038E-07  1.712486E-08
  1.638226E+00  3.500000E+02     1  1.386829E+00  8.599211E+01  9.693076E-02  1.383437E+00
  1.638226E+00  3.500000E+02     2  2.487126E-01 -9.483167E+01 -2.094871E-02 -2.478288E-01
  1.638226E+00  3.500000E+02     3  5.263366E-01  5.430187E+01  3.071251E-01  4.274393E-01
  1.638226E+00  3.500000E+02     4  1.206218E-02 -8.665251E+01  7.043282E-04 -1.204159E-02
  1.638226E+00  3.500000E+02     5  4.449084E-02 -7.011622E+01  1.513193E-02 -4.183850E-02
  1.638226E+00  3.500000E+02     6  1.275060E-07  8.269319E+00  1.261803E-07  1.833872E-08
  1.586206E+00  0.000000E+00     1  1.358733E+00  8.828849E+01  4.058145E-02  1.358127E+00
  1.586206E+00  0.000000E+00     2  4.522891E-03 -1.228595E+02 -2.454035E-03 -3.799244E-03
  1.586206E+00  0.000000E+00     3  4.715957E-01  5.913772E+01  2.419174E-01  4.048191E-01
  1.586206E+00  0.000000E+00     4  3.845153E-03 -1.037868E+02 -9.163380E-04 -3.734371E-03
  1.586206E+00  0.000000E+00     5  5.373791E-02 -7.112191E+01  1.738721E-02 -5.084730E-02
  1.586206E+00  0.000000E+00     6  2.053514E-08  6.360395E+01  9.129376E-09  1.839419E-08
  1.586206E+00  1.000000E+01     1  1.337571E+00  8.827315E+01  4.030727E-02  1.336964E+00
  1.586206E+00  1.000000E+01     2  2.321041E-01  8.854757E+01  5.883126E-03  2.320295E-01
  1.586206E+00  1.000000E+01     3  4.711853E-01  5.934505E+01  2.402417E-01  4.053387E-01
  1.586206E+00  1.000000E+01     4  6.837742E-03  1.146043E+02 -2.846886E-03  6.216908E-03
  1.586206E+00  1.000000E+01     5  5.258182E-02 -7.149790E+01  1.668629E-02 -4.986397E-02
  1.586206E+00  1.000000E+01     6  1.349751E-07  1.715006E+02 -1.334927E-07  1.994908E-08
  1.586206E+00  2.000000E+01     1  1.275756E+00  8.824294E+01  3.911671E-02  1.275156E+00
  1.586206E+00  2.000000E+01     2  4.611466E-01  8.828398E+01  1.380936E-02  4.609398E-01
  1.586206E+00  2.000000E+01     3  4.708023E-01  5.951186E+01  2.388662E-01  4.057064E-01
  1.586206E+00  2.000000E+01     4  1.661352E-02  1.072417E+02 -4.924297E-03  1.586695E-02
  1.586206E+00  2.000000E+01     5  5.001277E-02 -7.229440E+01  1.521019E-02 -4.764375E-02
  1.586206E+00  2.000000E+01     6  2.111715E-07  1.742331E+02 -2.101028E-07  2.121871E-08
  1.586206E+00  3.000000E+01     1  1.175122E+00  8.820236E+01  3.686313E-02  1.174544E+00
  1.586206E+00  3.000000E+01     2  6.762661E-01  8.822879E+01  2.090236E-02  6.759430E-01
  1.586206E+00  3.000000E+01     3  4.705606E-01  5.963673E+01  2.378593E-01  4.060175E-01
  1.586206E+00  3.000000E+01     4  2.577777E-02  1.062842E+02 -7.228131E-03  2.474364E-02
  1.586206E+00  3.000000E+01     5  4.601661E-02 -7.339917E+01  1.314705E-02 -4.409856E-02
  1.586206E+00  3.000000E+01     6  1.874360E-07  1.732622E+02 -1.861415E-07  2.199121E-08
  1.586206E+00  4.000000E+01     1  1.038711E+00  8.815808E+01  3.338629E-02  1.038174E+00
  1.586206E+00  4.000000E+01     2  8.708552E-01  8.823045E+01  2.689167E-02  8.704399E-01
  1.586206E+00  4.000000E+01     3  4.705432E-01  5.972501E+01  2.372247E-01  4.063685E-01
  1.586206E+00  4.000000E+01     4  3.390896E-02  1.066497E+02 -9.715560E-03  3.248731E-02
  1.586206E+00  4.000000E+01     5  4.060025E-02 -7.464735E+01  1.074929E-02 -3.915141E-02
  1.586206E+00  4.000000E+01     6  7.727195E-08  1.633386E+02 -7.402776E-08  2.215501E-08
  1.586206E+00  5.000000E+01     1  8.706799E-01  8.812011E+01  2.856209E-02  8.702113E-01
  1.586206E+00  5.000000E+01     2  1.038922E+00  8.825332E+01  3.166696E-02  1.038439E+00
  1.586206E+00  5.000000E+01     3  4.707757E-01  5.977933E+01  2.369563E-01  4.067941E-01
  1.586206E+00  5.000000E+01     4  4.075340E-02  1.074600E+02 -1.222762E-02  3.887576E-02
  1.586206E+00  5.000000E+01     5  3.380799E-02 -7.580828E+01  8.288614E-03 -3.277620E-02
  1.586206E+00  5.000000E+01     6  7.642292E-08  1.651325E+01  7.327078E-08  2.172223E-08
  1.586206E+00  6.000000E+01     1  6.761721E-01  8.810465E+01  2.236370E-02  6.758021E-01
  1.586206E+00  6.000000E+01     2  1.175291E+00  8.828164E+01  3.524291E-02  1.174763E+00
  1.586206E+00  6.000000E+01     3  4.712171E-01  5.979374E+01  2.370761E-01  4.072351E-01
  1.586206E+00  6.000000E+01     4  4.615934E-02  1.083504E+02 -1.453221E-02  4.381209E-02
  1.586206E+00  6.000000E+01     5  2.574963E-02 -7.653133E+01  5.997440E-03 -2.504144E-02
  1.586206E+00  6.000000E+01     6  1.881433E-07  6.349557E+00  1.869891E-07  2.080751E-08
  1.586206E+00  7.000000E+01     1  4.611447E-01  8.814596E+01  1.491964E-02  4.609033E-01
  1.586206E+00  7.000000E+01     2  1.275777E+00  8.830638E+01  3.770546E-02  1.275220E+00
  1.586206E+00  7.000000E+01     3  4.717731E-01  5.975443E+01  2.376355E-01  4.075528E-01
  1.586206E+00  7.000000E+01     4  5.004835E-02  1.091052E+02 -1.638098E-02  4.729166E-02
  1.586206E+00  7.000000E+01     5  1.663807E-02 -7.605472E+01  4.009694E-03 -1.614769E-02
  1.586206E+00  7.000000E+01     6  2.151024E-07  5.220275E+00  2.142102E-07  1.957109E-08
  1.586206E+00  8.000000E+01     1  2.321738E-01  8.838462E+01  6.544976E-03  2.320816E-01
  1.586206E+00  8.000000E+01     2  1.337325E+00  8.832188E+01  3.916285E-02  1.336751E+00
  1.586206E+00  8.000000E+01     3  4.723279E-01  5.964703E+01  2.386794E-01  4.075853E-01
  1.586206E+00  8.000000E+01     4  5.239611E-02  1.095807E+02 -1.755975E-02  4.936606E-02
  1.586206E+00  8.000000E+01     5  6.847935E-03 -7.017519E+01  2.322445E-03 -6.442085E-03
  1.586206E+00  8.000000E+01     6  1.436546E-07  7.259753E+00  1.425030E-07  1.815333E-08
  1.586206E+00  9.000000E+01     1  4.342329E-03 -1.216190E+02 -2.276543E-03 -3.697725E-03
  1.586206E+00  9.000000E+01     2  1.358102E+00  8.832443E+01  3.971104E-02  1.357522E+00
  1.586206E+00  9.000000E+01     3  4.727814E-01  5.946691E+01  2.401899E-01  4.072236E-01
  1.586206E+00  9.000000E+01     4  5.322211E-02  1.096798E+02 -1.792323E-02  5.011338E-02
  1.586206E+00  9.000000E+01     5  3.691807E-03  7.749373E+01  7.994481E-04  3.604209E-03
  1.586206E+00  9.000000E+01     6  1.774554E-08  6.961288E+01  6.181858E-09  1.663396E-08
  1.586206E+00  1.000000E+02     1  2.395354E-01 -9.262389E+01 -1.096581E-02 -2.392843E-01
  1.586206E+00  1.000000E+02     2  1.337550E+00  8.831154E+01  3.941086E-02  1.336969E+00
  1.586206E+00  1.000000E+02     3  4.730788E-01  5.922771E+01  2.420400E-01  4.064728E-01
  1.586206E+00  1.000000E+02     4  5.258123E-02  1.093420E+02 -1.741519E-02  4.961348E-02
  1.586206E+00  1.000000E+02     5  1.348052E-02  9.330191E+01 -7.764415E-04  1.345814E-02
  1.586206E+00  1.000000E+02     6  1.304575E-07  1.733811E+02 -1.295880E-07  1.503724E-08
  1.586206E+00  1.100000E+02     1  4.679379E-01 -9.232201E+01 -1.895877E-02 -4.675537E-01
  1.586206E+00  1.100000E+02     2  1.276378E+00  8.828180E+01  3.827054E-02  1.275804E+00
  1.586206E+00  1.100000E+02     3  4.732155E-01  5.896355E+01  2.439820E-01  4.054697E-01
  1.586206E+00  1.100000E+02     4  5.054907E-02  1.085466E+02 -1.607843E-02  4.792382E-02
  1.586206E+00  1.100000E+02     5  2.276289E-02  9.660280E+01 -2.617405E-03  2.261190E-02
  1.586206E+00  1.100000E+02     6  2.002896E-07  1.761702E+02 -1.998423E-07  1.337800E-08
  1.586206E+00  1.200000E+02     1  6.821043E-01 -9.216907E+01 -2.581650E-02 -6.816156E-01
  1.586206E+00  1.200000E+02     2  1.176521E+00  8.823514E+01  3.623422E-02  1.175963E+00
  1.586206E+00  1.200000E+02     3  4.732212E-01  5.872285E+01  2.456862E-01  4.044460E-01
  1.586206E+00  1.200000E+02     4  4.719944E-02  1.073242E+02 -1.405499E-02  4.505823E-02
  1.586206E+00  1.200000E+02     5  3.104803E-02  9.897651E+01 -4.844408E-03  3.066776E-02
  1.586206E+00  1.200000E+02     6  1.711875E-07  1.760748E+02 -1.707860E-07  1.171839E-08
  1.586206E+00  1.300000E+02     1  8.755765E-01 -9.204832E+01 -3.129518E-02 -8.750170E-01
  1.586206E+00  1.300000E+02     2  1.041057E+00  8.817322E+01  3.318671E-02  1.040528E+00
  1.586206E+00  1.300000E+02     3  4.731324E-01  5.855499E+01  2.468237E-01  4.036488E-01
  1.586206E+00  1.300000E+02     4  4.258259E-02  1.057675E+02 -1.157115E-02  4.098031E-02
  1.586206E+00  1.300000E+02     5  3.812273E-02  1.012457E+02 -7.434594E-03  3.739077E-02
  1.586206E+00  1.300000E+02     6  5.639840E-08  1.695835E+02 -5.546891E-08  1.019700E-08
  1.586206E+00  1.400000E+02     1  1.042532E+00 -9.194338E+01 -3.535429E-02 -1.041933E+00
  1.586206E+00  1.400000E+02     2  8.741010E-01  8.809959E+01  2.898729E-02  8.736203E-01
  1.586206E+00  1.400000E+02     3  4.729704E-01  5.849459E+01  2.471644E-01  4.032502E-01
  1.586206E+00  1.400000E+02     4  3.672044E-02  1.040274E+02 -8.900527E-03  3.562543E-02
  1.586206E+00  1.400000E+02     5  4.391683E-02  1.034565E+02 -1.021975E-02  4.271118E-02
  1.586206E+00  1.400000E+02     6  9.316761E-08  5.547510E+00  9.273125E-08  9.006616E-09
  1.586206E+00  1.500000E+02     1  1.177950E+00 -9.185389E+01 -3.810770E-02 -1.177333E+00
  1.586206E+00  1.500000E+02     2  6.806856E-01  8.801858E+01  2.353499E-02  6.802786E-01
  1.586206E+00  1.500000E+02     3  4.727321E-01  5.854995E+01  2.466504E-01  4.032856E-01
  1.586206E+00  1.500000E+02     4  2.963263E-02  1.022847E+02 -6.304936E-03  2.895411E-02
  1.586206E+00  1.500000E+02     5  4.843663E-02  1.054825E+02 -1.292986E-02  4.667896E-02
  1.586206E+00  1.500000E+02     6  2.050993E-07  2.326849E+00  2.049302E-07  8.327034E-09
  1.586206E+00  1.600000E+02     1  1.277740E+00 -9.178249E+01 -3.974457E-02 -1.277121E+00
  1.586206E+00  1.600000E+02     2  4.666191E-01  8.793073E+01  1.684858E-02  4.663149E-01
  1.586206E+00  1.600000E+02     3  4.723930E-01  5.870078E+01  2.454117E-01  4.036437E-01
  1.586206E+00  1.600000E+02     4  2.139138E-02  1.006854E+02 -3.966304E-03  2.102046E-02
  1.586206E+00  1.600000E+02     5  5.169621E-02  1.071683E+02 -1.525966E-02  4.939272E-02
  1.586206E+00  1.600000E+02     6  2.285544E-07  2.067556E+00  2.284056E-07  8.245748E-09
  1.586206E+00  1.700000E+02     1  1.338858E+00 -9.173139E+01 -4.045204E-02 -1.338246E+00
  1.586206E+00  1.700000E+02     2  2.383288E-01  8.780509E+01  9.127765E-03  2.381539E-01
  1.586206E+00  1.700000E+02     3  4.719191E-01  5.890635E+01  2.437172E-01  4.041158E-01
  1.586206E+00  1.700000E+02     4  1.218045E-02  9.914016E+01 -1.934867E-03  1.202579E-02
  1.586206E+00  1.700000E+02     5  5.367441E-02  1.083905E+02 -1.693380E-02  5.093318E-02
  1.586206E+00  1.700000E+02     6  1.514513E-07  3.296273E+00  1.512007E-07  8.708312E-09
  1.586206E+00  1.800000E+02     1  1.359392E+00 -9.170142E+01 -4.036168E-02 -1.358793E+00
  1.586206E+00  1.800000E+02     2  2.761739E-03  7.397415E+01  7.624360E-04  2.654410E-03
  1.586206E+00  1.800000E+02     3  4.712887E-01  5.912030E+01  2.418829E-01  4.044820E-01
  1.586206E+00  1.800000E+02     4  2.332823E-03  9.295061E+01 -1.200822E-04  2.329730E-03
  1.586206E+00  1.800000E+02     5  5.430829E-02  1.090829E+02 -1.775535E-02  5.132385E-02
  1.586206E+00  1.800000E+02     6  1.263885E-08  4.891422E+01  8.306104E-09  9.526238E-09
  1.586206E+00  1.900000E+02     1  1.338636E+00 -9.169198E+01 -3.952508E-02 -1.338053E+00
  1.586206E+00  1.900000E+02     2  2.332121E-01 -9.189795E+01 -7.723833E-03 -2.330842E-01
  1.586206E+00  1.900000E+02     3  4.705155E-01  5.930541E+01  2.401801E-01  4.045965E-01
  1.586206E+00  1.900000E+02     4  7.771064E-03 -7.763097E+01  1.664620E-03 -7.590684E-03
  1.586206E+00  1.900000E+02     5  5.351288E-02  1.092398E+02 -1.763367E-02  5.052407E-02
  1.586206E+00  1.900000E+02     6  1.347304E-07  1.755550E+02 -1.343252E-07  1.044177E-08
  1.586206E+00  2.000000E+02     1  1.277130E+00 -9.170111E+01 -3.791229E-02 -1.276567E+00
  1.586206E+00  2.000000E+02     2  4.621928E-01 -9.195646E+01 -1.577930E-02 -4.619233E-01
  1.586206E+00  2.000000E+02     3  4.696641E-01  5.944233E+01  2.387798E-01  4.044362E-01
  1.586206E+00  2.000000E+02     4  1.759539E-02 -7.813619E+01  3.617367E-03 -1.721953E-02
  1.586206E+00  2.000000E+02     5  5.120948E-02  1.089081E+02 -1.659445E-02  4.844621E-02
  1.586206E+00  2.000000E+02     6  2.112120E-07  1.769547E+02 -2.109138E-07  1.122059E-08
  1.586206E+00  2.100000E+02     1  1.176673E+00 -9.172527E+01 -3.542617E-02 -1.176139E+00
  1.586206E+00  2.100000E+02     2  6.772824E-01 -9.194088E+01 -2.293836E-02 -6.768939E-01
  1.586206E+00  2.100000E+02     3  4.688438E-01  5.952940E+01  2.377489E-01  4.040915E-01
  1.586206E+00  2.100000E+02     4  2.673786E-02 -7.734399E+01  5.858190E-03 -2.608821E-02
  1.586206E+00  2.100000E+02     5  4.734915E-02  1.081818E+02 -1.477446E-02  4.498508E-02
  1.586206E+00  2.100000E+02     6  1.872684E-07  1.764088E+02 -1.869007E-07  1.172994E-08
  1.586206E+00  2.200000E+02     1  1.040285E+00 -9.175897E+01 -3.193156E-02 -1.039795E+00
  1.586206E+00  2.200000E+02     2  8.718882E-01 -9.189961E+01 -2.890172E-02 -8.714090E-01
  1.586206E+00  2.200000E+02     3  4.681794E-01  5.957501E+01  2.370907E-01  4.037078E-01
  1.586206E+00  2.200000E+02     4  3.485892E-02 -7.610514E+01  8.371055E-03 -3.383888E-02
  1.586206E+00  2.200000E+02     5  4.192900E-02  1.072011E+02 -1.239952E-02  4.005363E-02
  1.586206E+00  2.200000E+02     6  7.566040E-08  1.708988E+02 -7.470788E-08  1.196782E-08
  1.586206E+00  2.300000E+02     1  8.721236E-01 -9.179398E+01 -2.730241E-02 -8.716961E-01
  1.586206E+00  2.300000E+02     2  1.040019E+00 -9.184908E+01 -3.355820E-02 -1.039477E+00
  1.586206E+00  2.300000E+02     3  4.677727E-01  5.958720E+01  2.367989E-01  4.034075E-01
  1.586206E+00  2.300000E+02     4  4.172431E-02 -7.471744E+01  1.099767E-02 -4.024884E-02
  1.586206E+00  2.300000E+02     5  3.500694E-02  1.061586E+02 -9.742325E-03  3.362399E-02
  1.586206E+00  2.300000E+02     6  7.368138E-08  9.399912E+00  7.269202E-08  1.203397E-08
  1.586206E+00  2.400000E+02     1  6.773489E-01 -9.181766E+01 -2.148476E-02 -6.770081E-01
  1.586206E+00  2.400000E+02     2  1.176486E+00 -9.179986E+01 -3.695149E-02 -1.175906E+00
  1.586206E+00  2.400000E+02     3  4.676716E-01  5.956598E+01  2.368971E-01  4.032325E-01
  1.586206E+00  2.400000E+02     4  4.718438E-02 -7.340172E+01  1.347867E-02 -4.521826E-02
  1.586206E+00  2.400000E+02     5  2.672148E-02  1.053250E+02 -7.062307E-03  2.577132E-02
  1.586206E+00  2.400000E+02     6  1.869170E-07  3.700135E+00  1.865274E-07  1.206263E-08
  1.586206E+00  2.500000E+02     1  4.619507E-01 -9.180624E+01 -1.456047E-02 -4.617211E-01
  1.586206E+00  2.500000E+02     2  1.277084E+00 -9.175968E+01 -3.921583E-02 -1.276482E+00
  1.586206E+00  2.500000E+02     3  4.678602E-01  5.950259E+01  2.374388E-01  4.031327E-01
  1.586206E+00  2.500000E+02     4  5.114922E-02 -7.233606E+01  1.552038E-02 -4.873766E-02
  1.586206E+00  2.500000E+02     5  1.731636E-02  1.052026E+02 -4.540931E-03  1.671036E-02
  1.586206E+00  2.500000E+02     6  2.142197E-07  3.252409E+00  2.138746E-07  1.215370E-08
  1.586206E+00  2.600000E+02     1  2.325465E-01 -9.167206E+01 -6.785436E-03 -2.324475E-01
  1.586206E+00  2.600000E+02     2  1.338734E+00 -9.173397E+01 -4.050858E-02 -1.338121E+00
  1.586206E+00  2.600000E+02     3  4.682750E-01  5.938578E+01  2.384714E-01  4.030048E-01
  1.586206E+00  2.600000E+02     4  5.357565E-02 -7.165517E+01  1.686215E-02 -5.085291E-02
  1.586206E+00  2.600000E+02     5  7.166187E-03  1.081842E+02 -2.236374E-03  6.808294E-03
  1.586206E+00  2.600000E+02     6  1.428310E-07  4.954348E+00  1.422973E-07  1.233516E-08
  1.586206E+00  2.700000E+02     1  4.053227E-03  6.945430E+01  1.422497E-03  3.795412E-03
  1.586206E+00  2.700000E+02     2  1.359588E+00 -9.172632E+01 -4.095807E-02 -1.358971E+00
  1.586206E+00  2.700000E+02     3  4.688348E-01  5.921197E+01  2.399793E-01  4.027604E-01
  1.586206E+00  2.700000E+02     4  5.446624E-02 -7.145000E+01  1.732746E-02 -5.163653E-02
  1.586206E+00  2.700000E+02     5  3.441180E-03 -9.134800E+01 -8.095304E-05 -3.440228E-03
  1.586206E+00  2.700000E+02     6  1.397415E-08  6.408833E+01  6.106493E-09  1.256931E-08
  1.586206E+00  2.800000E+02     1  2.399938E-01  8.771881E+01  9.552642E-03  2.398036E-01
  1.586206E+00  2.800000E+02     2  1.339077E+00 -9.173878E+01 -4.063128E-02 -1.338461E+00
  1.586206E+00  2.800000E+02     3  4.694681E-01  5.899394E+01  2.418365E-01  4.023872E-01
  1.586206E+00  2.800000E+02     4  5.386816E-02 -7.176849E+01  1.685304E-02 -5.116398E-02
  1.586206E+00  2.800000E+02     5  1.363611E-02 -8.126303E+01  2.071306E-03 -1.347788E-02
  1.586206E+00  2.800000E+02     6  1.301643E-07  1.743598E+02 -1.295341E-07  1.279267E-08
  1.586206E+00  2.900000E+02     1  4.687144E-01  8.790834E+01  1.710726E-02  4.684021E-01
  1.586206E+00  2.900000E+02     2  1.277916E+00 -9.177211E+01 -3.951851E-02 -1.277305E+00
  1.586206E+00  2.900000E+02     3  4.701226E-01  5.876314E+01  2.437949E-01  4.019694E-01
  1.586206E+00  2.900000E+02     4  5.185965E-02 -7.261289E+01  1.549701E-02 -4.949006E-02
  1.586206E+00  2.900000E+02     5  2.318902E-02 -7.915250E+01  4.364073E-03 -2.277467E-02
  1.586206E+00  2.900000E+02     6  2.000816E-07  1.762846E+02 -1.996611E-07  1.296552E-08
  1.586206E+00  3.000000E+02     1  6.830706E-01  8.801128E+01  2.370443E-02  6.826592E-01
  1.586206E+00  3.000000E+02     2  1.178047E+00 -9.182581E+01 -3.753383E-02 -1.177449E+00
  1.586206E+00  3.000000E+02     3  4.707557E-01  5.856361E+01  2.455234E-01  4.016581E-01
  1.586206E+00  3.000000E+02     4  4.852271E-02 -7.393414E+01  1.342828E-02 -4.662762E-02
  1.586206E+00  3.000000E+02     5  3.166740E-02 -7.748907E+01  6.859975E-03 -3.091544E-02
  1.586206E+00  3.000000E+02     6  1.709833E-07  1.756035E+02 -1.704801E-07  1.310735E-08
  1.586206E+00  3.100000E+02     1  8.765802E-01  8.809507E+01  2.913856E-02  8.760958E-01
  1.586206E+00  3.100000E+02     2  1.042557E+00 -9.189833E+01 -3.453576E-02 -1.041985E+00
  1.586206E+00  3.100000E+02     3  4.713203E-01  5.843910E+01  2.466912E-01  4.016047E-01
  1.586206E+00  3.100000E+02     4  4.391420E-02 -7.563227E+01  1.089706E-02 -4.254070E-02
  1.586206E+00  3.100000E+02     5  3.883409E-02 -7.584381E+01  9.497497E-03 -3.765480E-02
  1.586206E+00  3.100000E+02     6  5.662804E-08  1.664126E+02 -5.504316E-08  1.330358E-08
  1.586206E+00  3.200000E+02     1  1.043415E+00  8.816675E+01  3.337969E-02  1.042881E+00
  1.586206E+00  3.200000E+02     2  8.755667E-01 -9.198799E+01 -3.037339E-02 -8.750397E-01
  1.586206E+00  3.200000E+02     3  4.717613E-01  5.841859E+01  2.470659E-01  4.018920E-01
  1.586206E+00  3.200000E+02     4  3.805709E-02 -7.757780E+01  8.186602E-03 -3.716613E-02
  1.586206E+00  3.200000E+02     5  4.459334E-02 -7.425866E+01  1.209795E-02 -4.292092E-02
  1.586206E+00  3.200000E+02     6  9.426728E-08  8.345190E+00  9.326914E-08  1.368163E-08
  1.586206E+00  3.300000E+02     1  1.178565E+00  8.822427E+01  3.652067E-02  1.177999E+00
  1.586206E+00  3.300000E+02     2  6.821078E-01 -9.209665E+01 -2.495508E-02 -6.816512E-01
  1.586206E+00  3.300000E+02     3  4.720255E-01  5.850645E+01  2.465873E-01  4.024957E-01
  1.586206E+00  3.300000E+02     4  3.096806E-02 -7.967403E+01  5.550965E-03 -3.046650E-02
  1.586206E+00  3.300000E+02     5  4.894072E-02 -7.287274E+01  1.441280E-02 -4.677035E-02
  1.586206E+00  3.300000E+02     6  2.060697E-07  3.997147E+00  2.055684E-07  1.436446E-08
  1.586206E+00  3.400000E+02     1  1.277976E+00  8.826465E+01  3.870079E-02  1.277390E+00
  1.586206E+00  3.400000E+02     2  4.679856E-01 -9.224361E+01 -1.832090E-02 -4.676268E-01
  1.586206E+00  3.400000E+02     3  4.720789E-01  5.868159E+01  2.453836E-01  4.032932E-01
  1.586206E+00  3.400000E+02     4  2.271843E-02 -8.202098E+01  3.153558E-03 -2.249850E-02
  1.586206E+00  3.400000E+02     5  5.190477E-02 -7.182830E+01  1.618731E-02 -4.931609E-02
  1.586206E+00  3.400000E+02     6  2.296460E-07  3.849504E+00  2.291279E-07  1.541751E-08
  1.586206E+00  3.500000E+02     1  1.338651E+00  8.828611E+01  4.003704E-02  1.338052E+00
  1.586206E+00  3.500000E+02     2  2.396273E-01 -9.255679E+01 -1.068969E-02 -2.393887E-01
  1.586206E+00  3.500000E+02     3  4.719216E-01  5.890586E+01  2.437219E-01  4.041158E-01
  1.586206E+00  3.500000E+02     4  1.350584E-02 -8.563323E+01  1.028345E-03 -1.346664E-02
  1.586206E+00  3.500000E+02     5  5.350515E-02 -7.122881E+01  1.721740E-02 -5.065928E-02
  1.586206E+00  3.500000E+02     6  1.529127E-07  6.310703E+00  1.519861E-07  1.680816E-08
  1.538846E+00  0.000000E+00     1  1.308418E+00  9.097909E+01 -2.235753E-02  1.308227E+00
  1.538846E+00  0.000000E+00     2  4.096577E-03 -1.203144E+02 -2.067724E-03 -3.536448E-03
  1.538846E+00  0.000000E+00     3  4.227581E-01  6.382533E+01  1.864825E-01  3.794057E-01
  1.538846E+00  0.000000E+00     4  3.634056E-03 -1.017076E+02 -7.374145E-04 -3.558452E-03
  1.538846E+00  0.000000E+00     5  6.182301E-02 -7.060258E+01  2.053257E-02 -5.831378E-02
  1.538846E+00  0.000000E+00     6  1.866709E-08  6.783753E+01  7.041865E-09  1.728793E-08
  1.538846E+00  1.000000E+01     1  1.288047E+00  9.096107E+01 -2.160456E-02  1.287866E+00
  1.538846E+00  1.000000E+01     2  2.234741E-01  9.114643E+01 -4.471179E-03  2.234293E-01
  1.538846E+00  1.000000E+01     3  4.225197E-01  6.406460E+01  1.847921E-01  3.799668E-01
  1.538846E+00  1.000000E+01     4  8.249149E-03  1.109076E+02 -2.943809E-03  7.706000E-03
  1.538846E+00  1.000000E+01     5  6.057092E-02 -7.099979E+01  1.972017E-02 -5.727086E-02
  1.538846E+00  1.000000E+01     6  1.693787E-07  1.734754E+02 -1.682817E-07  1.924653E-08
  1.538846E+00  2.000000E+01     1  1.228453E+00  9.092544E+01 -1.984111E-02  1.228292E+00
  1.538846E+00  2.000000E+01     2  4.438429E-01  9.090390E+01 -7.001782E-03  4.437877E-01
  1.538846E+00  2.000000E+01     3  4.222368E-01  6.425420E+01  1.834109E-01  3.803213E-01
  1.538846E+00  2.000000E+01     4  1.938562E-02  1.060030E+02 -5.344373E-03  1.863437E-02
  1.538846E+00  2.000000E+01     5  5.763348E-02 -7.183160E+01  1.797074E-02 -5.476012E-02
  1.538846E+00  2.000000E+01     6  2.628870E-07  1.754592E+02 -2.620618E-07  2.081254E-08
  1.538846E+00  3.000000E+01     1  1.131428E+00  9.087690E+01 -1.731555E-02  1.131296E+00
  1.538846E+00  3.000000E+01     2  6.509081E-01  9.086173E+01 -9.789355E-03  6.508344E-01
  1.538846E+00  3.000000E+01     3  4.220510E-01  6.439348E+01  1.824056E-01  3.805986E-01
  1.538846E+00  3.000000E+01     4  2.981600E-02  1.056529E+02 -8.044611E-03  2.871024E-02
  1.538846E+00  3.000000E+01     5  5.301978E-02 -7.299769E+01  1.550353E-02 -5.070244E-02
  1.538846E+00  3.000000E+01     6  2.328051E-07  1.746559E+02 -2.317932E-07  2.168286E-08
  1.538846E+00  4.000000E+01     1  9.999450E-01  9.082248E+01 -1.435377E-02  9.998420E-01
  1.538846E+00  4.000000E+01     2  8.383122E-01  9.087535E+01 -1.280704E-02  8.382144E-01
  1.538846E+00  4.000000E+01     3  4.220815E-01  6.449017E+01  1.817761E-01  3.809334E-01
  1.538846E+00  4.000000E+01     4  3.911138E-02  1.063270E+02 -1.099496E-02  3.753413E-02
  1.538846E+00  4.000000E+01     5  4.677354E-02 -7.434852E+01  1.261881E-02 -4.503920E-02
  1.538846E+00  4.000000E+01     6  9.552684E-08  1.668433E+02 -9.301937E-08  2.174337E-08
  1.538846E+00  5.000000E+01     1  8.380583E-01  9.077279E+01 -1.130318E-02  8.379821E-01
  1.538846E+00  5.000000E+01     2  1.000259E+00  9.090939E+01 -1.587523E-02  1.000133E+00
  1.538846E+00  5.000000E+01     3  4.223730E-01  6.454878E+01  1.815117E-01  3.813824E-01
  1.538846E+00  5.000000E+01     4  4.698323E-02  1.073366E+02 -1.400025E-02  4.484882E-02
  1.538846E+00  5.000000E+01     5  3.898086E-02 -7.567239E+01  9.646435E-03 -3.776843E-02
  1.538846E+00  5.000000E+01     6  9.132330E-08  1.335162E+01  8.885494E-08  2.108897E-08
  1.538846E+00  6.000000E+01     1  6.507657E-01  9.074473E+01 -8.458367E-03  6.507107E-01
  1.538846E+00  6.000000E+01     2  1.131718E+00  9.094756E+01 -1.871553E-02  1.131563E+00
  1.538846E+00  6.000000E+01     3  4.228725E-01  6.456321E+01  1.816301E-01  3.818792E-01
  1.538846E+00  6.000000E+01     4  5.323822E-02  1.083672E+02 -1.677569E-02  5.052607E-02
  1.538846E+00  6.000000E+01     5  2.979055E-02 -7.665703E+01  6.875048E-03 -2.898639E-02
  1.538846E+00  6.000000E+01     6  2.299458E-07  4.979868E+00  2.290778E-07  1.996061E-08
  1.538846E+00  7.000000E+01     1  4.438272E-01  9.077257E+01 -5.984331E-03  4.437868E-01
  1.538846E+00  7.000000E+01     2  1.228607E+00  9.098043E+01 -2.102248E-02  1.228427E+00
  1.538846E+00  7.000000E+01     3  4.234449E-01  6.451751E+01  1.821809E-01  3.822508E-01
  1.538846E+00  7.000000E+01     4  5.775464E-02  1.092264E+02 -1.901872E-02  5.453335E-02
  1.538846E+00  7.000000E+01     5  1.944736E-02 -7.669050E+01  4.476998E-03 -1.892501E-02
  1.538846E+00  7.000000E+01     6  2.630190E-07  4.061172E+00  2.623585E-07  1.862739E-08
  1.538846E+00  8.000000E+01     1  2.235656E-01  9.099093E+01 -3.866354E-03  2.235322E-01
  1.538846E+00  8.000000E+01     2  1.287939E+00  9.100209E+01 -2.252456E-02  1.287742E+00
  1.538846E+00  8.000000E+01     3  4.239236E-01  6.439422E+01  1.832099E-01  3.822896E-01
  1.538846E+00  8.000000E+01     4  6.047055E-02  1.097863E+02 -2.047010E-02  5.690046E-02
  1.538846E+00  8.000000E+01     5  8.337723E-03 -7.286272E+01  2.456811E-03 -7.967541E-03
  1.538846E+00  8.000000E+01     6  1.741014E-07  5.692588E+00  1.732428E-07  1.726930E-08
  1.538846E+00  9.000000E+01     1  3.880194E-03 -1.195863E+02 -1.915784E-03 -3.374267E-03
  1.538846E+00  9.000000E+01     2  1.307923E+00  9.100864E+01 -2.302353E-02  1.307721E+00
  1.538846E+00  9.000000E+01     3  4.241770E-01  6.418672E+01  1.847035E-01  3.818517E-01
  1.538846E+00  9.000000E+01     4  6.138183E-02  1.099601E+02 -2.095369E-02  5.769464E-02
  1.538846E+00  9.000000E+01     5  3.436304E-03  7.906388E+01  6.519163E-04  3.373898E-03
  1.538846E+00  9.000000E+01     6  1.643561E-08  7.559554E+01  4.088608E-09  1.591893E-08
  1.538846E+00  1.000000E+02     1  2.300925E-01 -8.996058E+01  1.583197E-04 -2.300925E-01
  1.538846E+00  1.000000E+02     2  1.288018E+00  9.099731E+01 -2.241848E-02  1.287823E+00
  1.538846E+00  1.000000E+02     3  4.241599E-01  6.390952E+01  1.865412E-01  3.809383E-01
  1.538846E+00  1.000000E+02     4  6.053997E-02  1.096907E+02 -2.039853E-02  5.699989E-02
  1.538846E+00  1.000000E+02     5  1.457202E-02  9.473703E+01 -1.203396E-03  1.452225E-02
  1.538846E+00  1.000000E+02     6  1.650683E-07  1.749629E+02 -1.644308E-07  1.449307E-08
  1.538846E+00  1.100000E+02     1  4.498163E-01 -8.966471E+01  2.632267E-03 -4.498086E-01
  1.538846E+00  1.100000E+02     2  1.228928E+00  9.096628E+01 -2.072470E-02  1.228753E+00
  1.538846E+00  1.100000E+02     3  4.239249E-01  6.360166E+01  1.884809E-01  3.797200E-01
  1.538846E+00  1.100000E+02     4  5.803892E-02  1.089527E+02 -1.885031E-02  5.489246E-02
  1.538846E+00  1.100000E+02     5  2.515335E-02  9.769947E+01 -3.369969E-03  2.492658E-02
  1.538846E+00  1.100000E+02     6  2.522074E-07  1.770689E+02 -2.518774E-07  1.289654E-08
  1.538846E+00  1.200000E+02     1  6.559441E-01 -8.950642E+01  5.650637E-03 -6.559197E-01
  1.538846E+00  1.200000E+02     2  1.132552E+00  9.091511E+01 -1.808809E-02  1.132408E+00
  1.538846E+00  1.200000E+02     3  4.235909E-01  6.332012E+01  1.901945E-01  3.784908E-01
  1.538846E+00  1.200000E+02     4  5.398853E-02  1.077661E+02 -1.647358E-02  5.141383E-02
  1.538846E+00  1.200000E+02     5  3.467370E-02  9.995643E+01 -5.995056E-03  3.415150E-02
  1.538846E+00  1.200000E+02     6  2.167865E-07  1.770546E+02 -2.165002E-07  1.113947E-08
  1.538846E+00  1.300000E+02     1  8.422716E-01 -8.937710E+01  9.156672E-03 -8.422218E-01
  1.538846E+00  1.300000E+02     2  1.001907E+00  9.084538E+01 -1.478219E-02  1.001798E+00
  1.538846E+00  1.300000E+02     3  4.232843E-01  6.312417E+01  1.913492E-01  3.775646E-01
  1.538846E+00  1.300000E+02     4  4.848413E-02  1.062130E+02 -1.353722E-02  4.655593E-02
  1.538846E+00  1.300000E+02     5  4.289786E-02  1.021756E+02 -9.047523E-03  4.193291E-02
  1.538846E+00  1.300000E+02     6  7.506616E-08  1.728075E+02 -7.447547E-08  9.398537E-09
  1.538846E+00  1.400000E+02     1  1.003176E+00 -8.926344E+01  1.289585E-02 -1.003093E+00
  1.538846E+00  1.400000E+02     2  8.410048E-01  9.076101E+01 -1.116994E-02  8.409307E-01
  1.538846E+00  1.400000E+02     3  4.230854E-01  6.305597E+01  1.917084E-01  3.771593E-01
  1.538846E+00  1.400000E+02     4  4.159139E-02  1.044417E+02 -1.037265E-02  4.027719E-02
  1.538846E+00  1.400000E+02     5  4.972982E-02  1.043425E+02 -1.231892E-02  4.817986E-02
  1.538846E+00  1.400000E+02     6  1.086656E-07  4.212146E+00  1.083721E-07  7.981445E-09
  1.538846E+00  1.500000E+02     1  1.133783E+00 -8.916692E+01  1.648467E-02 -1.133664E+00
  1.538846E+00  1.500000E+02     2  6.547322E-01  9.066724E+01 -7.624482E-03  6.546878E-01
  1.538846E+00  1.500000E+02     3  4.229987E-01  6.312585E+01  1.912091E-01  3.773155E-01
  1.538846E+00  1.500000E+02     4  3.336471E-02  1.026423E+02 -7.302301E-03  3.255580E-02
  1.538846E+00  1.500000E+02     5  5.514258E-02  1.063046E+02 -1.548098E-02  5.292489E-02
  1.538846E+00  1.500000E+02     6  2.472665E-07  1.670111E+00  2.471614E-07  7.206533E-09
  1.538846E+00  1.600000E+02     1  1.230107E+00 -8.909119E+01  1.951084E-02 -1.229952E+00
  1.538846E+00  1.600000E+02     2  4.486979E-01  9.056538E+01 -4.427596E-03  4.486760E-01
  1.538846E+00  1.600000E+02     3  4.229542E-01  6.330915E+01  1.899810E-01  3.778855E-01
  1.538846E+00  1.600000E+02     4  2.390096E-02  1.009829E+02 -4.553495E-03  2.346319E-02
  1.538846E+00  1.600000E+02     5  5.910955E-02  1.079016E+02 -1.816933E-02  5.624780E-02
  1.538846E+00  1.600000E+02     6  2.768862E-07  1.501671E+00  2.767911E-07  7.256107E-09
  1.538846E+00  1.700000E+02     1  1.289167E+00 -8.903882E+01  2.162568E-02 -1.288986E+00
  1.538846E+00  1.700000E+02     2  2.290752E-01  9.042170E+01 -1.685983E-03  2.290690E-01
  1.538846E+00  1.700000E+02     3  4.228366E-01  6.355643E+01  1.882960E-01  3.785966E-01
  1.538846E+00  1.700000E+02     4  1.340426E-02  9.940581E+01 -2.190604E-03  1.322405E-02
  1.538846E+00  1.700000E+02     5  6.156737E-02  1.090174E+02 -2.006207E-02  5.820699E-02
  1.538846E+00  1.700000E+02     6  1.824555E-07  2.537537E+00  1.822766E-07  8.078014E-09
  1.538846E+00  1.800000E+02     1  1.309084E+00 -8.901061E+01  2.260430E-02 -1.308888E+00
  1.538846E+00  1.800000E+02     2  2.532011E-03  7.412562E+01  6.925790E-04  2.435449E-03
  1.538846E+00  1.800000E+02     3  4.225371E-01  6.381189E+01  1.864739E-01  3.791637E-01
  1.538846E+00  1.800000E+02     4  2.233090E-03  9.258323E+01 -1.006468E-04  2.230821E-03
  1.538846E+00  1.800000E+02     5  6.241832E-02  1.095967E+02 -2.093496E-02  5.880284E-02
  1.538846E+00  1.800000E+02     6  1.149947E-08  5.471762E+01  6.642172E-09  9.387194E-09
  1.538846E+00  1.900000E+02     1  1.289153E+00 -8.900572E+01  2.237012E-02 -1.288958E+00
  1.538846E+00  1.900000E+02     2  2.244563E-01 -8.924822E+01  2.945010E-03 -2.244370E-01
  1.538846E+00  1.900000E+02     3  4.220085E-01  6.403148E+01  1.847879E-01  3.794003E-01
  1.538846E+00  1.900000E+02     4  9.207554E-03 -7.776331E+01  1.951547E-03 -8.998362E-03
  1.538846E+00  1.900000E+02     5  6.155833E-02  1.096404E+02 -2.069071E-02  5.797691E-02
  1.538846E+00  1.900000E+02     6  1.690111E-07  1.763464E+02 -1.686676E-07  1.076995E-08
  1.538846E+00  2.000000E+02     1  1.229894E+00 -8.902191E+01  2.099435E-02 -1.229714E+00
  1.538846E+00  2.000000E+02     2  4.447528E-01 -8.931204E+01  5.340060E-03 -4.447207E-01
  1.538846E+00  2.000000E+02     3  4.212980E-01  6.419312E+01  1.834075E-01  3.792804E-01
  1.538846E+00  2.000000E+02     4  2.034447E-02 -7.803888E+01  4.216350E-03 -1.990276E-02
  1.538846E+00  2.000000E+02     5  5.890966E-02  1.091948E+02 -1.936834E-02  5.563466E-02
  1.538846E+00  2.000000E+02     6  2.626842E-07  1.774158E+02 -2.624171E-07  1.184362E-08
  1.538846E+00  2.100000E+02     1  1.133060E+00 -8.905536E+01  1.867998E-02 -1.132906E+00
  1.538846E+00  2.100000E+02     2  6.517829E-01 -8.929186E+01  8.055455E-03 -6.517331E-01
  1.538846E+00  2.100000E+02     3  4.205382E-01  6.429604E+01  1.823964E-01  3.789247E-01
  1.538846E+00  2.100000E+02     4  3.074209E-02 -7.713326E+01  6.845779E-03 -2.997018E-02
  1.538846E+00  2.100000E+02     5  5.444409E-02  1.083465E+02 -1.713694E-02  5.167673E-02
  1.538846E+00  2.100000E+02     6  2.324320E-07  1.769424E+02 -2.321011E-07  1.239773E-08
  1.538846E+00  2.200000E+02     1  1.001602E+00 -8.910011E+01  1.573054E-02 -1.001478E+00
  1.538846E+00  2.200000E+02     2  8.392059E-01 -8.924236E+01  1.109677E-02 -8.391325E-01
  1.538846E+00  2.200000E+02     3  4.198965E-01  6.435128E+01  1.817532E-01  3.785219E-01
  1.538846E+00  2.200000E+02     4  4.002701E-02 -7.579617E+01  9.821514E-03 -3.880334E-02
  1.538846E+00  2.200000E+02     5  4.819404E-02  1.072248E+02 -1.427128E-02  4.603256E-02
  1.538846E+00  2.200000E+02     6  9.409331E-08  1.723948E+02 -9.326561E-08  1.245297E-08
  1.538846E+00  2.300000E+02     1  8.395732E-01 -8.914716E+01  1.249652E-02 -8.394802E-01
  1.538846E+00  2.300000E+02     2  1.001226E+00 -8.918245E+01  1.428601E-02 -1.001124E+00
  1.538846E+00  2.300000E+02     3  4.195079E-01  6.436891E+01  1.814686E-01  3.782274E-01
  1.538846E+00  2.300000E+02     4  4.792701E-02 -7.432415E+01  1.294962E-02 -4.614440E-02
  1.538846E+00  2.300000E+02     5  4.025945E-02  1.060093E+02 -1.110328E-02  3.869807E-02
  1.538846E+00  2.300000E+02     6  8.951775E-08  7.843126E+00  8.868035E-08  1.221571E-08
  1.538846E+00  2.400000E+02     1  6.519916E-01 -8.918279E+01  9.298997E-03 -6.519253E-01
  1.538846E+00  2.400000E+02     2  1.132798E+00 -8.912428E+01  1.731328E-02 -1.132666E+00
  1.538846E+00  2.400000E+02     3  4.194231E-01  6.434890E+01  1.815640E-01  3.780876E-01
  1.538846E+00  2.400000E+02     4  5.424835E-02 -7.294059E+01  1.591447E-02 -5.186149E-02
  1.538846E+00  2.400000E+02     5  3.082012E-02  1.049470E+02 -7.949294E-03  2.977732E-02
  1.538846E+00  2.400000E+02     6  2.292909E-07  2.989234E+00  2.289789E-07  1.195713E-08
  1.538846E+00  2.500000E+02     1  4.446522E-01 -8.918217E+01  6.346645E-03 -4.446069E-01
  1.538846E+00  2.500000E+02     2  1.229814E+00 -8.907654E+01  1.982067E-02 -1.229654E+00
  1.538846E+00  2.500000E+02     3  4.195977E-01  6.428006E+01  1.820939E-01  3.780265E-01
  1.538846E+00  2.500000E+02     4  5.885389E-02 -7.182053E+01  1.836210E-02 -5.591613E-02
  1.538846E+00  2.500000E+02     5  2.015637E-02  1.044475E+02 -5.028856E-03  1.951896E-02
  1.538846E+00  2.500000E+02     6  2.626024E-07  2.592968E+00  2.623335E-07  1.188023E-08
  1.538846E+00  2.600000E+02     1  2.239230E-01 -8.905872E+01  3.678531E-03 -2.238928E-01
  1.538846E+00  2.600000E+02     2  1.289259E+00 -8.904520E+01  2.148385E-02 -1.289080E+00
  1.538846E+00  2.600000E+02     3  4.199248E-01  6.414775E+01  1.831090E-01  3.778994E-01
  1.538846E+00  2.600000E+02     4  6.165848E-02 -7.109121E+01  1.998121E-02 -5.833112E-02
  1.538846E+00  2.600000E+02     5  8.670244E-03  1.061094E+02 -2.405747E-03  8.329796E-03
  1.538846E+00  2.600000E+02     6  1.737033E-07  3.973738E+00  1.732857E-07  1.203750E-08
  1.538846E+00  2.700000E+02     1  3.675093E-03  7.152094E+01  1.164850E-03  3.485604E-03
  1.538846E+00  2.700000E+02     2  1.309325E+00 -8.903413E+01  2.207110E-02 -1.309139E+00
  1.538846E+00  2.700000E+02     3  4.202931E-01  6.394618E+01  1.845991E-01  3.775837E-01
  1.538846E+00  2.700000E+02     4  6.263813E-02 -7.083645E+01  2.056196E-02 -5.916706E-02
  1.538846E+00  2.700000E+02     5  3.250435E-03 -8.969971E+01  1.703538E-05 -3.250391E-03
  1.538846E+00  2.700000E+02     6  1.302482E-08  7.122621E+01  4.191812E-09  1.233185E-08
  1.538846E+00  2.800000E+02     1  2.306382E-01  9.035378E+01 -1.424087E-03  2.306338E-01
  1.538846E+00  2.800000E+02     2  1.289460E+00 -8.904562E+01  2.147755E-02 -1.289281E+00
  1.538846E+00  2.800000E+02     3  4.206383E-01  6.368908E+01  1.864446E-01  3.770610E-01
  1.538846E+00  2.800000E+02     4  6.183614E-02 -7.110177E+01  2.002799E-02 -5.850289E-02
  1.538846E+00  2.800000E+02     5  1.481771E-02 -8.053385E+01  2.436991E-03 -1.461593E-02
  1.538846E+00  2.800000E+02     6  1.647562E-07  1.756172E+02 -1.642744E-07  1.259073E-08
  1.538846E+00  2.900000E+02     1  4.507071E-01  9.054714E+01 -4.303904E-03  4.506865E-01
  1.538846E+00  2.900000E+02     2  1.230373E+00 -8.908066E+01  1.974115E-02 -1.230215E+00
  1.538846E+00  2.900000E+02     3  4.209588E-01  6.341318E+01  1.884015E-01  3.764455E-01
  1.538846E+00  2.900000E+02     4  5.935100E-02 -7.189347E+01  1.844538E-02 -5.641196E-02
  1.538846E+00  2.900000E+02     5  2.569053E-02 -7.866775E+01  5.048143E-03 -2.518968E-02
  1.538846E+00  2.900000E+02     6  2.519919E-07  1.771174E+02 -2.516730E-07  1.267241E-08
  1.538846E+00  3.000000E+02     1  6.570420E-01  9.065973E+01 -7.565333E-03  6.569984E-01
  1.538846E+00  3.000000E+02     2  1.133978E+00 -8.913883E+01  1.704327E-02 -1.133850E+00
  1.538846E+00  3.000000E+02     3  4.212904E-01  6.317139E+01  1.901382E-01  3.759430E-01
  1.538846E+00  3.000000E+02     4  5.530367E-02 -7.317051E+01  1.601176E-02 -5.293505E-02
  1.538846E+00  3.000000E+02     5  3.541690E-02 -7.704592E+01  7.939407E-03 -3.451555E-02
  1.538846E+00  3.000000E+02     6  2.166155E-07  1.766775E+02 -2.162514E-07  1.255407E-08
  1.538846E+00  3.100000E+02     1  8.434112E-01  9.075505E+01 -1.111431E-02  8.433380E-01
  1.538846E+00  3.100000E+02     2  1.003302E+00 -8.921832E+01  1.368755E-02 -1.003208E+00
  1.538846E+00  3.100000E+02     3  4.216629E-01  6.301734E+01  1.913172E-01  3.757623E-01
  1.538846E+00  3.100000E+02     4  4.979846E-02 -7.483814E+01  1.302463E-02 -4.806502E-02
  1.538846E+00  3.100000E+02     5  4.373335E-02 -7.537821E+01  1.103993E-02 -4.231697E-02
  1.538846E+00  3.100000E+02     6  7.520862E-08  1.705382E+02 -7.418544E-08  1.236354E-08
  1.538846E+00  3.200000E+02     1  1.004184E+00  9.083792E+01 -1.468509E-02  1.004077E+00
  1.538846E+00  3.200000E+02     2  8.423636E-01 -8.931657E+01  1.004762E-02 -8.423037E-01
  1.538846E+00  3.200000E+02     3  4.220670E-01  6.298732E+01  1.916976E-01  3.760221E-01
  1.538846E+00  3.200000E+02     4  4.290267E-02 -7.675993E+01  9.826070E-03 -4.176228E-02
  1.538846E+00  3.200000E+02     5  5.051674E-02 -7.375744E+01  1.412976E-02 -4.850043E-02
  1.538846E+00  3.200000E+02     6  1.093980E-07  6.477443E+00  1.086996E-07  1.234141E-08
  1.538846E+00  3.300000E+02     1  1.134502E+00  9.090473E+01 -1.791362E-02  1.134360E+00
  1.538846E+00  3.300000E+02     2  6.560475E-01 -8.943368E+01  6.484347E-03 -6.560155E-01
  1.538846E+00  3.300000E+02     3  4.224493E-01  6.308743E+01  1.912134E-01  3.766973E-01
  1.538846E+00  3.300000E+02     4  3.466661E-02 -7.880964E+01  6.727726E-03 -3.400752E-02
  1.538846E+00  3.300000E+02     5  5.573090E-02 -7.234563E+01  1.690174E-02 -5.310616E-02
  1.538846E+00  3.300000E+02     6  2.478491E-07  2.948226E+00  2.475210E-07  1.274775E-08
  1.538846E+00  3.400000E+02     1  1.230414E+00  9.095162E+01 -2.043483E-02  1.230244E+00
  1.538846E+00  3.400000E+02     2  4.499568E-01 -8.958581E+01  3.252737E-03 -4.499450E-01
  1.538846E+00  3.400000E+02     3  4.227313E-01  6.329217E+01  1.899928E-01  3.776301E-01
  1.538846E+00  3.400000E+02     4  2.518406E-02 -8.101595E+01  3.932728E-03 -2.487510E-02
  1.538846E+00  3.400000E+02     5  5.936772E-02 -7.129169E+01  1.904222E-02 -5.623095E-02
  1.538846E+00  3.400000E+02     6  2.775160E-07  2.839902E+00  2.771752E-07  1.374962E-08
  1.538846E+00  3.500000E+02     1  1.288992E+00  9.097645E+01 -2.196630E-02  1.288805E+00
  1.538846E+00  3.500000E+02     2  2.302618E-01 -8.989180E+01  4.348199E-04 -2.302614E-01
  1.538846E+00  3.500000E+02     3  4.228428E-01  6.355498E+01  1.883084E-01  3.785974E-01
  1.538846E+00  3.500000E+02     4  1.466838E-02 -8.419571E+01  1.483424E-03 -1.459318E-02
  1.538846E+00  3.500000E+02     5  6.140976E-02 -7.069638E+01  2.030047E-02 -5.795731E-02
  1.538846E+00  3.500000E+02     6  1.833173E-07  4.798435E+00  1.826748E-07  1.533461E-08
  1.495489E+00  0.000000E+00     1  1.258066E+00  9.401423E+01 -8.806996E-02  1.254980E+00
  1.495489E+00  0.000000E+00     2  3.717536E-03 -1.172571E+02 -1.702573E-03 -3.304742E-03
  1.495489E+00  0.000000E+00     3  3.787544E-01  6.856364E+01  1.384224E-01  3.525537E-01
  1.495489E+00  0.000000E+00     4  3.429422E-03 -9.930878E+01 -5.547264E-04 -3.384260E-03
  1.495489E+00  0.000000E+00     5  6.888838E-02 -6.914205E+01  2.452786E-02 -6.437385E-02
  1.495489E+00  0.000000E+00     6  1.696131E-08  7.314295E+01  4.918525E-09  1.623250E-08
  1.495489E+00  1.000000E+01     1  1.238473E+00  9.399376E+01 -8.625701E-02  1.235465E+00
  1.495489E+00  1.000000E+01     2  2.147191E-01  9.409881E+01 -1.534742E-02  2.141699E-01
  1.495489E+00  1.000000E+01     3  3.786777E-01  6.883132E+01  1.367461E-01  3.531250E-01
  1.495489E+00  1.000000E+01     4  9.438953E-03  1.096187E+02 -3.169214E-03  8.891002E-03
  1.495489E+00  1.000000E+01     5  6.754234E-02 -6.955468E+01  2.359344E-02 -6.328758E-02
  1.495489E+00  1.000000E+01     6  2.086489E-07  1.748348E+02 -2.078016E-07  1.878422E-08
  1.495489E+00  2.000000E+01     1  1.181070E+00  9.395350E+01 -8.143110E-02  1.178259E+00
  1.495489E+00  2.000000E+01     2  4.263528E-01  9.387603E+01 -2.882053E-02  4.253776E-01
  1.495489E+00  2.000000E+01     3  3.784662E-01  6.904248E+01  1.353682E-01  3.534291E-01
  1.495489E+00  2.000000E+01     4  2.166925E-02  1.061502E+02 -6.027449E-03  2.081409E-02
  1.495489E+00  2.000000E+01     5  6.424356E-02 -7.041681E+01  2.153285E-02 -6.052744E-02
  1.495489E+00  2.000000E+01     6  3.217902E-07  1.763093E+02 -3.211229E-07  2.071367E-08
  1.495489E+00  3.000000E+01     1  1.087614E+00  9.389825E+01 -7.394128E-02  1.085098E+00
  1.495489E+00  3.000000E+01     2  6.253310E-01  9.384578E+01 -4.194169E-02  6.239229E-01
  1.495489E+00  3.000000E+01     3  3.783039E-01  6.919609E+01  1.343625E-01  3.536390E-01
  1.495489E+00  3.000000E+01     4  3.315923E-02  1.062133E+02 -9.258513E-03  3.184045E-02
  1.495489E+00  3.000000E+01     5  5.903362E-02 -7.163810E+01  1.859665E-02 -5.602796E-02
  1.495489E+00  3.000000E+01     6  2.843111E-07  1.756460E+02 -2.834906E-07  2.158428E-08
  1.495489E+00  4.000000E+01     1  9.610182E-01  9.383521E+01 -6.427972E-02  9.588660E-01
  1.495489E+00  4.000000E+01     2  8.055489E-01  9.387006E+01 -5.436971E-02  8.037120E-01
  1.495489E+00  4.000000E+01     3  3.783614E-01  6.930076E+01  1.337365E-01  3.539377E-01
  1.495489E+00  4.000000E+01     4  4.346851E-02  1.071255E+02 -1.280000E-02  4.154121E-02
  1.495489E+00  4.000000E+01     5  5.200651E-02 -7.308122E+01  1.513472E-02 -4.975557E-02
  1.495489E+00  4.000000E+01     6  1.160852E-07  1.694215E+02 -1.141123E-07  2.131119E-08
  1.495489E+00  5.000000E+01     1  8.052456E-01  9.377537E+01 -5.302133E-02  8.034982E-01
  1.495489E+00  5.000000E+01     2  9.613997E-01  9.391378E+01 -6.562061E-02  9.591576E-01
  1.495489E+00  5.000000E+01     3  3.787128E-01  6.936198E+01  1.334821E-01  3.544092E-01
  1.495489E+00  5.000000E+01     4  5.227143E-02  1.082996E+02 -1.641252E-02  4.962794E-02
  1.495489E+00  5.000000E+01     5  4.330443E-02 -7.454578E+01  1.153926E-02 -4.173870E-02
  1.495489E+00  5.000000E+01     6  1.092507E-07  1.063709E+01  1.073733E-07  2.016633E-08
  1.495489E+00  6.000000E+01     1  6.251605E-01  9.373621E+01 -4.073732E-02  6.238318E-01
  1.495489E+00  6.000000E+01     2  1.087987E+00  9.396032E+01 -7.514248E-02  1.085389E+00
  1.495489E+00  6.000000E+01     3  3.792925E-01  6.937393E+01  1.336124E-01  3.549796E-01
  1.495489E+00  6.000000E+01     4  5.932359E-02  1.094478E+02 -1.975170E-02  5.593889E-02
  1.495489E+00  6.000000E+01     5  3.312570E-02 -7.573637E+01  8.161640E-03 -3.210452E-02
  1.495489E+00  6.000000E+01     6  2.786076E-07  3.834824E+00  2.779838E-07  1.863337E-08
  1.495489E+00  7.000000E+01     1  4.263327E-01  9.375210E+01 -2.789906E-02  4.254189E-01
  1.495489E+00  7.000000E+01     2  1.181320E+00  9.400006E+01 -8.240595E-02  1.178443E+00
  1.495489E+00  7.000000E+01     3  3.799139E-01  6.932004E+01  1.341657E-01  3.554351E-01
  1.495489E+00  7.000000E+01     4  6.444654E-02  1.103928E+02 -2.245666E-02  6.040740E-02
  1.495489E+00  7.000000E+01     5  2.174986E-02 -7.611423E+01  5.219683E-03 -2.111425E-02
  1.495489E+00  7.000000E+01     6  3.187283E-07  3.089356E+00  3.182651E-07  1.717732E-08
  1.495489E+00  8.000000E+01     1  2.148304E-01  9.395233E+01 -1.480749E-02  2.143195E-01
  1.495489E+00  8.000000E+01     2  1.238472E+00  9.402711E+01 -8.697597E-02  1.235414E+00
  1.495489E+00  8.000000E+01     3  3.803442E-01  6.918180E+01  1.351758E-01  3.555126E-01
  1.495489E+00  8.000000E+01     4  6.752740E-02  1.110201E+02 -2.422179E-02  6.303376E-02
  1.495489E+00  8.000000E+01     5  9.576165E-03 -7.343348E+01  2.730436E-03 -9.178652E-03
  1.495489E+00  8.000000E+01     6  2.098287E-07  4.383011E+00  2.092150E-07  1.603582E-08
  1.495489E+00  9.000000E+01     1  3.478899E-03 -1.171094E+02 -1.585305E-03 -3.096699E-03
  1.495489E+00  9.000000E+01     2  1.257688E+00  9.403754E+01 -8.855377E-02  1.254566E+00
  1.495489E+00  9.000000E+01     3  3.804054E-01  6.895178E+01  1.366240E-01  3.550241E-01
  1.495489E+00  9.000000E+01     4  6.852847E-02  1.112526E+02 -2.484022E-02  6.386795E-02
  1.495489E+00  9.000000E+01     5  3.204114E-03  8.090068E+01  5.067189E-04  3.163792E-03
  1.495489E+00  9.000000E+01     6  1.531696E-08  8.114089E+01  2.358892E-09  1.513422E-08
  1.495489E+00  1.000000E+02     1  2.206410E-01 -8.694637E+01  1.175368E-02 -2.203277E-01
  1.495489E+00  1.000000E+02     2  1.238438E+00  9.402832E+01 -8.699966E-02  1.235378E+00
  1.495489E+00  1.000000E+02     3  3.800557E-01  6.864500E+01  1.383955E-01  3.539619E-01
  1.495489E+00  1.000000E+02     4  6.749297E-02  1.110352E+02 -2.422607E-02  6.299523E-02
  1.495489E+00  1.000000E+02     5  1.541200E-02  9.658129E+01 -1.766411E-03  1.531044E-02
  1.495489E+00  1.000000E+02     6  2.042931E-07  1.760229E+02 -2.038012E-07  1.416914E-08
  1.495489E+00  1.100000E+02     1  4.316328E-01 -8.665552E+01  2.518108E-02 -4.308977E-01
  1.495489E+00  1.100000E+02     2  1.181418E+00  9.399712E+01 -8.235233E-02  1.178545E+00
  1.495489E+00  1.100000E+02     3  3.794110E-01  6.830340E+01  1.402651E-01  3.525314E-01
  1.495489E+00  1.100000E+02     4  6.453443E-02  1.103357E+02 -2.242698E-02  6.051217E-02
  1.495489E+00  1.100000E+02     5  2.704592E-02  9.935991E+01 -4.398628E-03  2.668583E-02
  1.495489E+00  1.100000E+02     6  3.112942E-07  1.776398E+02 -3.110302E-07  1.281947E-08
  1.495489E+00  1.200000E+02     1  6.296941E-01 -8.649200E+01  3.852971E-02 -6.285142E-01
  1.495489E+00  1.200000E+02     2  1.088502E+00  9.394285E+01 -7.484702E-02  1.085926E+00
  1.495489E+00  1.200000E+02     3  3.786946E-01  6.798972E+01  1.419245E-01  3.510940E-01
  1.495489E+00  1.200000E+02     4  5.980635E-02  1.091604E+02 -1.962928E-02  5.649329E-02
  1.495489E+00  1.200000E+02     5  3.760013E-02  1.015997E+02 -7.560374E-03  3.683219E-02
  1.495489E+00  1.200000E+02     6  2.687153E-07  1.776593E+02 -2.684911E-07  1.097478E-08
  1.495489E+00  1.300000E+02     1  8.088743E-01 -8.635487E+01  5.142548E-02 -8.072380E-01
  1.495489E+00  1.300000E+02     2  9.626467E-01  9.386670E+01 -6.491648E-02  9.604554E-01
  1.495489E+00  1.300000E+02     3  3.781421E-01  6.777077E+01  1.430561E-01  3.500377E-01
  1.495489E+00  1.300000E+02     4  5.346218E-02  1.075779E+02 -1.614573E-02  5.096588E-02
  1.495489E+00  1.300000E+02     5  4.682641E-02  1.038448E+02 -1.120526E-02  4.546598E-02
  1.495489E+00  1.300000E+02     6  9.640979E-08  1.747288E+02 -9.600207E-08  8.857219E-09
  1.495489E+00  1.400000E+02     1  9.637426E-01 -8.623375E+01  6.330447E-02 -9.616612E-01
  1.495489E+00  1.400000E+02     2  8.077780E-01  9.377270E+01 -5.315053E-02  8.060275E-01
  1.495489E+00  1.400000E+02     3  3.779062E-01  6.769512E+01  1.434286E-01  3.496303E-01
  1.495489E+00  1.400000E+02     4  4.562652E-02  1.057310E+02 -1.237031E-02  4.391760E-02
  1.495489E+00  1.400000E+02     5  5.460121E-02  1.060279E+02 -1.507567E-02  5.247872E-02
  1.495489E+00  1.400000E+02     6  1.265810E-07  3.154969E+00  1.263891E-07  6.966607E-09
  1.495489E+00  1.500000E+02     1  1.089560E+00 -8.613178E+01  7.350379E-02 -1.087077E+00
  1.495489E+00  1.500000E+02     2  6.286467E-01  9.366675E+01 -4.020397E-02  6.273598E-01
  1.495489E+00  1.500000E+02     3  3.780005E-01  6.777530E+01  1.429749E-01  3.499180E-01
  1.495489E+00  1.500000E+02     4  3.640049E-02  1.038181E+02 -8.693909E-03  3.534701E-02
  1.495489E+00  1.500000E+02     5  6.085353E-02  1.079728E+02 -1.877731E-02  5.788406E-02
  1.495489E+00  1.500000E+02     6  2.956353E-07  1.137581E+00  2.955771E-07  5.869314E-09
  1.495489E+00  1.600000E+02     1  1.182431E+00 -8.605337E+01  8.138346E-02 -1.179627E+00
  1.495489E+00  1.600000E+02     2  4.306718E-01  9.355075E+01 -2.667264E-02  4.298451E-01
  1.495489E+00  1.600000E+02     3  3.782980E-01  6.798360E+01  1.418133E-01  3.507112E-01
  1.495489E+00  1.600000E+02     4  2.590890E-02  1.020257E+02 -5.398124E-03  2.534031E-02
  1.495489E+00  1.600000E+02     5  6.550135E-02  1.095164E+02 -2.188244E-02  6.173804E-02
  1.495489E+00  1.600000E+02     6  3.323546E-07  1.022882E+00  3.323016E-07  5.933096E-09
  1.495489E+00  1.700000E+02     1  1.239433E+00 -8.600118E+01  8.643313E-02 -1.236416E+00
  1.495489E+00  1.700000E+02     2  2.197734E-01  9.338733E+01 -1.298546E-02  2.193894E-01
  1.495489E+00  1.700000E+02     3  3.785833E-01  6.826391E+01  1.402015E-01  3.516658E-01
  1.495489E+00  1.700000E+02     4  1.436807E-02  1.002961E+02 -2.568086E-03  1.413670E-02
  1.495489E+00  1.700000E+02     5  6.842578E-02  1.105527E+02 -2.402212E-02  6.407047E-02
  1.495489E+00  1.700000E+02     6  2.181444E-07  1.875387E+00  2.180276E-07  7.138959E-09
  1.495489E+00  1.800000E+02     1  1.258716E+00 -8.597568E+01  8.833649E-02 -1.255612E+00
  1.495489E+00  1.800000E+02     2  2.336812E-03  7.421453E+01  6.356977E-04  2.248684E-03
  1.495489E+00  1.800000E+02     3  3.786433E-01  6.855331E+01  1.384454E-01  3.524254E-01
  1.495489E+00  1.800000E+02     4  2.147903E-03  9.188977E+01 -7.083090E-05  2.146735E-03
  1.495489E+00  1.800000E+02     5  6.948600E-02  1.110399E+02 -2.494674E-02  6.485341E-02
  1.495489E+00  1.800000E+02     6  1.031765E-08  6.146633E+01  4.928483E-09  9.064428E-09
  1.495489E+00  1.900000E+02     1  1.239578E+00 -8.597567E+01  8.699357E-02 -1.236521E+00
  1.495489E+00  1.900000E+02     2  2.155927E-01 -8.624349E+01  1.412487E-02 -2.151295E-01
  1.495489E+00  1.900000E+02     3  3.783614E-01  6.880256E+01  1.368090E-01  3.527615E-01
  1.495489E+00  1.900000E+02     4  1.036559E-02 -7.673501E+01  2.378437E-03 -1.008903E-02
  1.495489E+00  1.900000E+02     5  6.855684E-02  1.109878E+02 -2.455492E-02  6.400857E-02
  1.495489E+00  1.900000E+02     6  2.080507E-07  1.769556E+02 -2.077571E-07  1.104966E-08
  1.495489E+00  2.000000E+02     1  1.182522E+00 -8.599862E+01  8.251694E-02 -1.179639E+00
  1.495489E+00  2.000000E+02     2  4.271399E-01 -8.631517E+01  2.745147E-02 -4.262568E-01
  1.495489E+00  2.000000E+02     3  3.777718E-01  6.898724E+01  1.354598E-01  3.526503E-01
  1.495489E+00  2.000000E+02     4  2.256449E-02 -7.697916E+01  5.083901E-03 -2.198432E-02
  1.495489E+00  2.000000E+02     5  6.556596E-02  1.104434E+02 -2.290095E-02  6.143648E-02
  1.495489E+00  2.000000E+02     6  3.212809E-07  1.777756E+02 -3.210389E-07  1.246977E-08
  1.495489E+00  2.100000E+02     1  1.089264E+00 -8.604051E+01  7.521496E-02 -1.086664E+00
  1.495489E+00  2.100000E+02     2  6.260724E-01 -8.629203E+01  4.048877E-02 -6.247618E-01
  1.495489E+00  2.100000E+02     3  3.770448E-01  6.910650E+01  1.344662E-01  3.522522E-01
  1.495489E+00  2.100000E+02     4  3.401012E-02 -7.599865E+01  8.228570E-03 -3.299968E-02
  1.495489E+00  2.100000E+02     5  6.051563E-02  1.094872E+02 -2.018777E-02  5.704906E-02
  1.495489E+00  2.100000E+02     6  2.836594E-07  1.773761E+02 -2.833620E-07  1.298606E-08
  1.495489E+00  2.200000E+02     1  9.626938E-01 -8.609509E+01  6.556026E-02 -9.604588E-01
  1.495489E+00  2.200000E+02     2  8.063054E-01 -8.623592E+01  5.293261E-02 -8.045660E-01
  1.495489E+00  2.200000E+02     3  3.764067E-01  6.917237E+01  1.338343E-01  3.518101E-01
  1.495489E+00  2.200000E+02     4  4.430588E-02 -7.457115E+01  1.178720E-02 -4.270916E-02
  1.495489E+00  2.200000E+02     5  5.348698E-02  1.082402E+02 -1.674148E-02  5.079941E-02
  1.495489E+00  2.200000E+02     6  1.146375E-07  1.736593E+02 -1.139362E-07  1.266057E-08
  1.495489E+00  2.300000E+02     1  8.067750E-01 -8.615274E+01  5.413206E-02 -8.049569E-01
  1.495489E+00  2.300000E+02     2  9.622338E-01 -8.616831E+01  6.430206E-02 -9.600828E-01
  1.495489E+00  2.300000E+02     3  3.760366E-01  6.919576E+01  1.335592E-01  3.515188E-01
  1.495489E+00  2.300000E+02     4  5.314182E-02 -7.301552E+01  1.552339E-02 -5.082398E-02
  1.495489E+00  2.300000E+02     5  4.463559E-02  1.068756E+02 -1.295748E-02  4.271345E-02
  1.495489E+00  2.300000E+02     6  1.082497E-07  6.303884E+00  1.075952E-07  1.188600E-08
  1.495489E+00  2.400000E+02     1  6.263921E-01 -8.619874E+01  4.152724E-02 -6.250141E-01
  1.495489E+00  2.400000E+02     2  1.088944E+00 -8.610281E+01  7.401161E-02 -1.086426E+00
  1.495489E+00  2.400000E+02     3  3.759895E-01  6.917641E+01  1.336612E-01  3.514297E-01
  1.495489E+00  2.400000E+02     4  6.027116E-02 -7.156561E+01  1.905886E-02 -5.717843E-02
  1.495489E+00  2.400000E+02     5  3.419207E-02  1.056349E+02 -9.214987E-03  3.292692E-02
  1.495489E+00  2.400000E+02     6  2.784678E-07  2.299610E+00  2.782435E-07  1.117352E-08
  1.495489E+00  2.500000E+02     1  4.271516E-01 -8.620693E+01  2.825746E-02 -4.262159E-01
  1.495489E+00  2.500000E+02     2  1.182415E+00 -8.604886E+01  8.147531E-02 -1.179605E+00
  1.495489E+00  2.500000E+02     3  3.761819E-01  6.910180E+01  1.341874E-01  3.514351E-01
  1.495489E+00  2.500000E+02     4  6.549581E-02 -7.039558E+01  2.197543E-02 -6.169912E-02
  1.495489E+00  2.500000E+02     5  2.247468E-02  1.048958E+02 -5.777398E-03  2.171941E-02
  1.495489E+00  2.500000E+02     6  3.187357E-07  1.960887E+00  3.185491E-07  1.090626E-08
  1.495489E+00  2.600000E+02     1  2.151683E-01 -8.609022E+01  1.467139E-02 -2.146675E-01
  1.495489E+00  2.600000E+02     2  1.239688E+00 -8.601273E+01  8.620157E-02 -1.236688E+00
  1.495489E+00  2.600000E+02     3  3.764472E-01  6.895550E+01  1.351795E-01  3.513388E-01
  1.495489E+00  2.600000E+02     4  6.867494E-02 -6.962520E+01  2.390985E-02 -6.437830E-02
  1.495489E+00  2.600000E+02     5  9.907505E-03  1.059178E+02 -2.717215E-03  9.527612E-03
  1.495489E+00  2.600000E+02     6  2.098040E-07  3.053407E+00  2.095061E-07  1.117558E-08
  1.495489E+00  2.700000E+02     1  3.346295E-03  7.363892E+01  9.426171E-04  3.210789E-03
  1.495489E+00  2.700000E+02     2  1.258986E+00 -8.599842E+01  8.785702E-02 -1.255917E+00
  1.495489E+00  2.700000E+02     3  3.766293E-01  6.873058E+01  1.366237E-01  3.509752E-01
  1.495489E+00  2.700000E+02     4  6.974785E-02 -6.933078E+01  2.461906E-02 -6.525845E-02
  1.495489E+00  2.700000E+02     5  3.080907E-03 -8.827832E+01  9.256430E-05 -3.079516E-03
  1.495489E+00  2.700000E+02     6  1.206184E-08  7.735810E+01  2.639816E-09  1.176942E-08
  1.495489E+00  2.800000E+02     1  2.212384E-01  9.333281E+01 -1.286186E-02  2.208643E-01
  1.495489E+00  2.800000E+02     2  1.239772E+00 -8.600842E+01  8.630030E-02 -1.236765E+00
  1.495489E+00  2.800000E+02     3  3.766654E-01  6.844150E+01  1.384061E-01  3.503149E-01
  1.495489E+00  2.800000E+02     4  6.874948E-02 -6.955589E+01  2.401375E-02 -6.441918E-02
  1.495489E+00  2.800000E+02     5  1.573795E-02 -7.936672E+01  2.904003E-03 -1.546771E-02
  1.495489E+00  2.800000E+02     6  2.039161E-07  1.765400E+02 -2.035444E-07  1.230658E-08
  1.495489E+00  2.900000E+02     1  4.325889E-01  9.353321E+01 -2.665921E-02  4.317666E-01
  1.495489E+00  2.900000E+02     2  1.182751E+00 -8.604404E+01  8.159767E-02 -1.179933E+00
  1.495489E+00  2.900000E+02     3  3.766107E-01  6.812854E+01  1.402971E-01  3.495030E-01
  1.495489E+00  2.900000E+02     4  6.580050E-02 -7.031259E+01  2.216742E-02 -6.195410E-02
  1.495489E+00  2.900000E+02     5  2.768234E-02 -7.755947E+01  5.963498E-03 -2.703236E-02
  1.495489E+00  2.900000E+02     6  3.110556E-07  1.777068E+02 -3.108065E-07  1.244606E-08
  1.495489E+00  3.000000E+02     1  6.308672E-01  9.365637E+01 -4.023187E-02  6.295831E-01
  1.495489E+00  3.000000E+02     2  1.089811E+00 -8.610519E+01  7.402531E-02 -1.087294E+00
  1.495489E+00  3.000000E+02     3  3.765953E-01  6.785116E+01  1.419817E-01  3.488055E-01
  1.495489E+00  3.000000E+02     4  6.106916E-02 -7.157071E+01  1.930604E-02 -5.793720E-02
  1.495489E+00  3.000000E+02     5  3.845510E-02 -7.587551E+01  9.384184E-03 -3.729252E-02
  1.495489E+00  3.000000E+02     6  2.685759E-07  1.774236E+02 -2.683045E-07  1.207269E-08
  1.495489E+00  3.100000E+02     1  8.100933E-01  9.376323E+01 -5.316929E-02  8.083466E-01
  1.495489E+00  3.100000E+02     2  9.639253E-01 -8.619008E+01  6.404968E-02 -9.617950E-01
  1.495489E+00  3.100000E+02     3  3.767440E-01  6.767104E+01  1.431340E-01  3.484949E-01
  1.495489E+00  3.100000E+02     4  5.472040E-02 -7.324415E+01  1.577556E-02 -5.239708E-02
  1.495489E+00  3.100000E+02     5  4.777563E-02 -7.411181E+01  1.307910E-02 -4.595049E-02
  1.495489E+00  3.100000E+02     6  9.652520E-08  1.732315E+02 -9.585248E-08  1.137620E-08
  1.495489E+00  3.200000E+02     1  9.648270E-01  9.385671E+01 -6.489560E-02  9.626420E-01
  1.495489E+00  3.200000E+02     2  8.090255E-01 -8.629553E+01  5.227134E-02 -8.073351E-01
  1.495489E+00  3.200000E+02     3  3.771056E-01  6.763092E+01  1.435156E-01  3.487290E-01
  1.495489E+00  3.200000E+02     4  4.688043E-02 -7.519294E+01  1.198099E-02 -4.532362E-02
  1.495489E+00  3.200000E+02     5  5.549177E-02 -7.240141E+01  1.677774E-02 -5.289465E-02
  1.495489E+00  3.200000E+02     6  1.269628E-07  4.874674E+00  1.265036E-07  1.078886E-08
  1.495489E+00  3.300000E+02     1  1.090344E+00  9.393189E+01 -7.476550E-02  1.087778E+00
  1.495489E+00  3.300000E+02     2  6.298588E-01 -8.642008E+01  3.932884E-02 -6.286298E-01
  1.495489E+00  3.300000E+02     3  3.776263E-01  6.773899E+01  1.430548E-01  3.494810E-01
  1.495489E+00  3.300000E+02     4  3.764396E-02 -7.726535E+01  8.298089E-03 -3.671797E-02
  1.495489E+00  3.300000E+02     5  6.152486E-02 -7.092587E+01  2.010578E-02 -5.814693E-02
  1.495489E+00  3.300000E+02     6  2.958564E-07  2.093328E+00  2.956589E-07  1.080685E-08
  1.495489E+00  3.400000E+02     1  1.182789E+00  9.398428E+01 -8.218339E-02  1.179931E+00
  1.495489E+00  3.400000E+02     2  4.318341E-01 -8.657683E+01  2.578483E-02 -4.310636E-01
  1.495489E+00  3.400000E+02     3  3.781718E-01  6.796666E+01  1.418697E-01  3.505523E-01
  1.495489E+00  3.400000E+02     4  2.712952E-02 -7.942936E+01  4.976848E-03 -2.666912E-02
  1.495489E+00  3.400000E+02     5  6.581524E-02 -6.983776E+01  2.268517E-02 -6.178211E-02
  1.495489E+00  3.400000E+02     6  3.325612E-07  2.028233E+00  3.323528E-07  1.176999E-08
  1.495489E+00  3.500000E+02     1  1.239293E+00  9.401168E+01 -8.670079E-02  1.236256E+00
  1.495489E+00  3.500000E+02     2  2.208644E-01 -8.687584E+01  1.203709E-02 -2.205362E-01
  1.495489E+00  3.500000E+02     3  3.785843E-01  6.826076E+01  1.402212E-01  3.516590E-01
  1.495489E+00  3.500000E+02     4  1.555833E-02 -8.234300E+01  2.073028E-03 -1.541960E-02
  1.495489E+00  3.500000E+02     5  6.829428E-02 -6.923165E+01  2.421650E-02 -6.385664E-02
  1.495489E+00  3.500000E+02     6  2.184784E-07  3.593678E+00  2.180488E-07  1.369431E-08
  1.455602E+00  0.000000E+00     1  1.208707E+00  9.735084E+01 -1.546477E-01  1.198773E+00
  1.455602E+00  0.000000E+00     2  3.387837E-03 -1.142028E+02 -1.388904E-03 -3.090046E-03
  1.455602E+00  0.000000E+00     3  3.390584E-01  7.334454E+01  9.717952E-02  3.248334E-01
  1.455602E+00  0.000000E+00     4  3.243035E-03 -9.713585E+01 -4.028576E-04 -3.217916E-03
  1.455602E+00  0.000000E+00     5  7.503362E-02 -6.700716E+01  2.930934E-02 -6.907248E-02
  1.455602E+00  0.000000E+00     6  1.526948E-08  7.844575E+01  3.058410E-09  1.496005E-08
  1.455602E+00  1.000000E+01     1  1.189862E+00  9.732827E+01 -1.517717E-01  1.180143E+00
  1.455602E+00  1.000000E+01     2  2.060491E-01  9.737284E+01 -2.644135E-02  2.043456E-01
  1.455602E+00  1.000000E+01     3  3.391184E-01  7.363689E+01  9.553770E-02  3.253826E-01
  1.455602E+00  1.000000E+01     4  1.040308E-02  1.099668E+02 -3.552406E-03  9.777756E-03
  1.455602E+00  1.000000E+01     5  7.359098E-02 -6.743064E+01  2.824433E-02 -6.795506E-02
  1.455602E+00  1.000000E+01     6  2.527251E-07  1.758243E+02 -2.520542E-07  1.840216E-08
  1.455602E+00  2.000000E+01     1  1.134581E+00  9.728463E+01 -1.438632E-01  1.125424E+00
  1.455602E+00  2.000000E+01     2  4.090714E-01  9.716406E+01 -5.101564E-02  4.058778E-01
  1.455602E+00  2.000000E+01     3  3.389394E-01  7.386994E+01  9.416368E-02  3.255966E-01
  1.455602E+00  2.000000E+01     4  2.348843E-02  1.073208E+02 -6.992993E-03  2.242330E-02
  1.455602E+00  2.000000E+01     5  6.993255E-02 -6.831238E+01  2.584329E-02 -6.498220E-02
  1.455602E+00  2.000000E+01     6  3.880407E-07  1.769202E+02 -3.874803E-07  2.084795E-08
  1.455602E+00  3.000000E+01     1  1.044591E+00  9.722462E+01 -1.313672E-01  1.036298E+00
  1.455602E+00  3.000000E+01     2  6.000980E-01  9.714251E+01 -7.461482E-02  5.954412E-01
  1.455602E+00  3.000000E+01     3  3.387603E-01  7.403961E+01  9.314987E-02  3.257018E-01
  1.455602E+00  3.000000E+01     4  3.585085E-02  1.076586E+02 -1.087516E-02  3.416159E-02
  1.455602E+00  3.000000E+01     5  6.414106E-02 -6.957279E+01  2.238633E-02 -6.010764E-02
  1.455602E+00  3.000000E+01     6  3.421583E-07  1.763736E+02 -3.414732E-07  2.164147E-08
  1.455602E+00  4.000000E+01     1  9.227501E-01  9.715533E+01 -1.149374E-01  9.155638E-01
  1.455602E+00  4.000000E+01     2  7.732727E-01  9.717459E+01 -9.657650E-02  7.672181E-01
  1.455602E+00  4.000000E+01     3  3.388175E-01  7.415229E+01  9.252473E-02  3.259393E-01
  1.455602E+00  4.000000E+01     4  4.703987E-02  1.087474E+02 -1.511848E-02  4.454414E-02
  1.455602E+00  4.000000E+01     5  5.637334E-02 -7.108771E+01  1.827175E-02 -5.333007E-02
  1.455602E+00  4.000000E+01     6  1.390508E-07  1.714160E+02 -1.374932E-07  2.075457E-08
  1.455602E+00  5.000000E+01     1  7.729443E-01  9.708783E+01 -9.537419E-02  7.670376E-01
  1.455602E+00  5.000000E+01     2  9.231688E-01  9.722523E+01 -1.161071E-01  9.158383E-01
  1.455602E+00  5.000000E+01     3  3.392233E-01  7.421280E+01  9.229090E-02  3.264273E-01
  1.455602E+00  5.000000E+01     4  5.668961E-02  1.100475E+02 -1.943316E-02  5.325471E-02
  1.455602E+00  5.000000E+01     5  4.684177E-02 -7.266648E+01  1.395573E-02 -4.471453E-02
  1.455602E+00  5.000000E+01     6  1.300881E-07  8.293505E+00  1.287277E-07  1.876444E-08
  1.455602E+00  6.000000E+01     1  5.999163E-01  9.704001E+01 -7.352720E-02  5.953934E-01
  1.455602E+00  6.000000E+01     2  1.045013E+00  9.727762E+01 -1.323792E-01  1.036594E+00
  1.455602E+00  6.000000E+01     3  3.399006E-01  7.421641E+01  9.245453E-02  3.270849E-01
  1.455602E+00  6.000000E+01     4  6.449472E-02  1.112837E+02 -2.341067E-02  6.009584E-02
  1.455602E+00  6.000000E+01     5  3.580528E-02 -7.402006E+01  9.857219E-03 -3.442170E-02
  1.455602E+00  6.000000E+01     6  3.340947E-07  2.842135E+00  3.336838E-07  1.656584E-08
  1.455602E+00  7.000000E+01     1  4.090561E-01  9.704631E+01 -5.017956E-02  4.059667E-01
  1.455602E+00  7.000000E+01     2  1.134894E+00  9.732223E+01 -1.446417E-01  1.125639E+00
  1.455602E+00  7.000000E+01     3  3.406043E-01  7.414908E+01  9.303101E-02  3.276530E-01
  1.455602E+00  7.000000E+01     4  7.020752E-02  1.122911E+02 -2.663062E-02  6.496080E-02
  1.455602E+00  7.000000E+01     5  2.358119E-02 -7.464053E+01  6.246046E-03 -2.273894E-02
  1.455602E+00  7.000000E+01     6  3.822002E-07  2.241443E+00  3.819077E-07  1.494807E-08
  1.455602E+00  8.000000E+01     1  2.061812E-01  9.723180E+01 -2.595488E-02  2.045410E-01
  1.455602E+00  8.000000E+01     2  1.189939E+00  9.735349E+01 -1.523008E-01  1.180152E+00
  1.455602E+00  8.000000E+01     3  3.410228E-01  7.399518E+01  9.402622E-02  3.278042E-01
  1.455602E+00  8.000000E+01     4  7.365284E-02  1.129695E+02 -2.874235E-02  6.781311E-02
  1.455602E+00  8.000000E+01     5  1.057686E-02 -7.263217E+01  3.157247E-03 -1.009465E-02
  1.455602E+00  8.000000E+01     6  2.506803E-07  3.254842E+00  2.502759E-07  1.423292E-08
  1.455602E+00  9.000000E+01     1  3.124624E-03 -1.144669E+02 -1.294116E-03 -2.844035E-03
  1.455602E+00  9.000000E+01     2  1.208420E+00  9.736762E+01 -1.549620E-01  1.198443E+00
  1.455602E+00  9.000000E+01     3  3.409192E-01  7.374912E+01  9.540411E-02  3.272980E-01
  1.455602E+00  9.000000E+01     4  7.475099E-02  1.132520E+02 -2.950989E-02  6.867953E-02
  1.455602E+00  9.000000E+01     5  2.986719E-03  8.266023E+01  3.815627E-04  2.962246E-03
  1.455602E+00  9.000000E+01     6  1.416335E-08  8.740747E+01  6.406481E-10  1.414886E-08
  1.455602E+00  1.000000E+02     1  2.113566E-01 -8.362232E+01  2.347788E-02 -2.100486E-01
  1.455602E+00  1.000000E+02     2  1.189820E+00  9.736139E+01 -1.524485E-01  1.180013E+00
  1.455602E+00  1.000000E+02     3  3.402475E-01  7.342620E+01  9.705565E-02  3.261113E-01
  1.455602E+00  1.000000E+02     4  7.353230E-02  1.130856E+02 -2.883245E-02  6.764383E-02
  1.455602E+00  1.000000E+02     5  1.601033E-02  9.878395E+01 -2.444923E-03  1.582255E-02
  1.455602E+00  1.000000E+02     6  2.486104E-07  1.767701E+02 -2.482154E-07  1.400739E-08
  1.455602E+00  1.100000E+02     1  4.137543E-01 -8.333505E+01  4.802164E-02 -4.109580E-01
  1.455602E+00  1.100000E+02     2  1.134826E+00  9.733179E+01 -1.448207E-01  1.125548E+00
  1.455602E+00  1.100000E+02     3  3.391866E-01  7.306786E+01  9.878430E-02  3.244829E-01
  1.455602E+00  1.100000E+02     4  7.012964E-02  1.124291E+02 -2.675726E-02  6.482450E-02
  1.455602E+00  1.100000E+02     5  2.847670E-02  1.015053E+02 -5.679905E-03  2.790450E-02
  1.455602E+00  1.100000E+02     6  3.780407E-07  1.780145E+02 -3.778137E-07  1.309807E-08
  1.455602E+00  1.200000E+02     1  6.038984E-01 -8.316682E+01  7.185117E-02 -5.996088E-01
  1.455602E+00  1.200000E+02     2  1.045283E+00  9.727679E+01 -1.323985E-01  1.036864E+00
  1.455602E+00  1.200000E+02     3  3.380727E-01  7.273752E+01  1.003229E-01  3.228443E-01
  1.455602E+00  1.200000E+02     4  6.474525E-02  1.112717E+02 -2.348897E-02  6.033420E-02
  1.455602E+00  1.200000E+02     5  3.989248E-02  1.037959E+02 -9.512938E-03  3.874163E-02
  1.455602E+00  1.200000E+02     6  3.272735E-07  1.780556E+02 -3.270851E-07  1.110440E-08
  1.455602E+00  1.300000E+02     1  7.760852E-01 -8.302330E+01  9.426769E-02 -7.703387E-01
  1.455602E+00  1.300000E+02     2  9.240990E-01  9.719680E+01 -1.157691E-01  9.168186E-01
  1.455602E+00  1.300000E+02     3  3.372622E-01  7.250475E+01  1.013900E-01  3.216610E-01
  1.455602E+00  1.300000E+02     4  5.760135E-02  1.096631E+02 -1.938222E-02  5.424246E-02
  1.455602E+00  1.300000E+02     5  5.000199E-02  1.061100E+02 -1.387471E-02  4.803844E-02
  1.455602E+00  1.300000E+02     6  1.203690E-07  1.760334E+02 -1.200807E-07  8.326471E-09
  1.455602E+00  1.400000E+02     1  9.250610E-01 -8.289668E+01  1.143922E-01 -9.179609E-01
  1.455602E+00  1.400000E+02     2  7.751214E-01  9.709560E+01 -9.574710E-02  7.691850E-01
  1.455602E+00  1.400000E+02     3  3.369888E-01  7.242197E+01  1.017721E-01  3.212537E-01
  1.455602E+00  1.400000E+02     4  4.889612E-02  1.077359E+02 -1.489519E-02  4.657213E-02
  1.455602E+00  1.400000E+02     5  5.864792E-02  1.083356E+02 -1.844962E-02  5.567037E-02
  1.455602E+00  1.400000E+02     6  1.471672E-07  2.177218E+00  1.470609E-07  5.590951E-09
  1.455602E+00  1.500000E+02     1  1.046208E+00 -8.279142E+01  1.312799E-01 -1.037938E+00
  1.455602E+00  1.500000E+02     2  6.029814E-01  9.697950E+01 -7.327084E-02  5.985131E-01
  1.455602E+00  1.500000E+02     3  3.372758E-01  7.250415E+01  1.013975E-01  3.216730E-01
  1.455602E+00  1.500000E+02     4  3.879100E-02  1.056942E+02 -1.049310E-02  3.734483E-02
  1.455602E+00  1.500000E+02     5  6.570117E-02  1.102783E+02 -2.277077E-02  6.162902E-02
  1.455602E+00  1.500000E+02     6  3.507280E-07  6.347823E-01  3.507065E-07  3.885651E-09
  1.455602E+00  1.600000E+02     1  1.135710E+00 -8.271238E+01  1.440651E-01 -1.126536E+00
  1.455602E+00  1.600000E+02     2  4.129207E-01  9.685090E+01 -4.925570E-02  4.099725E-01
  1.455602E+00  1.600000E+02     3  3.379306E-01  7.272331E+01  1.003608E-01  3.226837E-01
  1.455602E+00  1.600000E+02     4  2.744469E-02  1.037429E+02 -6.519889E-03  2.665899E-02
  1.455602E+00  1.600000E+02     5  7.100896E-02  1.117777E+02 -2.634476E-02  6.594108E-02
  1.455602E+00  1.600000E+02     6  3.955946E-07  5.640329E-01  3.955754E-07  3.894262E-09
  1.455602E+00  1.700000E+02     1  1.190696E+00 -8.266192E+01  1.520801E-01 -1.180944E+00
  1.455602E+00  1.700000E+02     2  2.106132E-01  9.666920E+01 -2.445996E-02  2.091881E-01
  1.455602E+00  1.700000E+02     3  3.386254E-01  7.302105E+01  9.888552E-02  3.238655E-01
  1.455602E+00  1.700000E+02     4  1.507933E-02  1.018188E+02 -3.088517E-03  1.475965E-02
  1.455602E+00  1.700000E+02     5  7.438535E-02  1.127430E+02 -2.875730E-02  6.860173E-02
  1.455602E+00  1.700000E+02     6  2.590585E-07  1.251324E+00  2.589968E-07  5.657315E-09
  1.455602E+00  1.800000E+02     1  1.209340E+00 -8.263994E+01  1.549218E-01 -1.199376E+00
  1.455602E+00  1.800000E+02     2  2.160763E-03  7.460946E+01  5.734599E-04  2.083277E-03
  1.455602E+00  1.800000E+02     3  3.390329E-01  7.333171E+01  9.724496E-02  3.247872E-01
  1.455602E+00  1.800000E+02     4  2.061502E-03  9.138314E+01 -4.976040E-05  2.060901E-03
  1.455602E+00  1.800000E+02     5  7.564090E-02  1.131495E+02 -2.973685E-02  6.955045E-02
  1.455602E+00  1.800000E+02     6  9.193551E-09  6.801757E+01  3.441351E-09  8.525167E-09
  1.455602E+00  1.900000E+02     1  1.190950E+00 -8.264467E+01  1.524683E-01 -1.181150E+00
  1.455602E+00  1.900000E+02     2  2.068316E-01 -8.292666E+01  2.546920E-02 -2.052575E-01
  1.455602E+00  1.900000E+02     3  3.389655E-01  7.360365E+01  9.568330E-02  3.251804E-01
  1.455602E+00  1.900000E+02     4  1.127986E-02 -7.494407E+01  2.930077E-03 -1.089265E-02
  1.455602E+00  1.900000E+02     5  7.462965E-02  1.130170E+02 -2.918049E-02  6.868830E-02
  1.455602E+00  1.900000E+02     6  2.518772E-07  1.773993E+02 -2.516178E-07  1.142881E-08
  1.455602E+00  2.000000E+02     1  1.136015E+00 -8.267335E+01  1.448715E-01 -1.126740E+00
  1.455602E+00  2.000000E+02     2  4.097577E-01 -8.300649E+01  4.989080E-02 -4.067091E-01
  1.455602E+00  2.000000E+02     3  3.384524E-01  7.381016E+01  9.436756E-02  3.250305E-01
  1.455602E+00  2.000000E+02     4  2.431401E-02 -7.520581E+01  6.208526E-03 -2.350798E-02
  1.455602E+00  2.000000E+02     5  7.128995E-02  1.123928E+02 -2.715825E-02  6.591423E-02
  1.455602E+00  2.000000E+02     6  3.872275E-07  1.780254E+02 -3.869976E-07  1.334247E-08
  1.455602E+00  2.100000E+02     1  1.046220E+00 -8.272194E+01  1.325401E-01 -1.037790E+00
  1.455602E+00  2.100000E+02     2  6.007320E-01 -8.298185E+01  7.339974E-02 -5.962311E-01
  1.455602E+00  2.100000E+02     3  3.377158E-01  7.394798E+01  9.338178E-02  3.245486E-01
  1.455602E+00  2.100000E+02     4  3.662457E-02 -7.416024E+01  9.996598E-03 -3.523389E-02
  1.455602E+00  2.100000E+02     5  6.566430E-02  1.113498E+02 -2.390582E-02  6.115809E-02
  1.455602E+00  2.100000E+02     6  3.412264E-07  1.776955E+02 -3.409504E-07  1.372079E-08
  1.455602E+00  2.200000E+02     1  9.244022E-01 -8.278422E+01  1.161110E-01 -9.170811E-01
  1.455602E+00  2.200000E+02     2  7.739216E-01 -8.292114E+01  9.537454E-02 -7.680223E-01
  1.455602E+00  2.200000E+02     3  3.370556E-01  7.402681E+01  9.275350E-02  3.240421E-01
  1.455602E+00  2.200000E+02     4  4.780081E-02 -7.264818E+01  1.425603E-02 -4.562547E-02
  1.455602E+00  2.200000E+02     5  5.789555E-02  1.099986E+02 -1.980007E-02  5.440452E-02
  1.455602E+00  2.200000E+02     6  1.375262E-07  1.746984E+02 -1.369379E-07  1.270724E-08
  1.455602E+00  2.300000E+02     1  7.744482E-01 -8.285026E+01  9.639002E-02 -7.684263E-01
  1.455602E+00  2.300000E+02     2  9.239020E-01 -8.284814E+01  1.150255E-01 -9.167137E-01
  1.455602E+00  2.300000E+02     3  3.367042E-01  7.405598E+01  9.249200E-02  3.237514E-01
  1.455602E+00  2.300000E+02     4  5.749262E-02 -7.101789E+01  1.870079E-02 -5.436618E-02
  1.455602E+00  2.300000E+02     5  4.820890E-02  1.085063E+02 -1.530191E-02  4.571596E-02
  1.455602E+00  2.300000E+02     6  1.297731E-07  4.872280E+00  1.293042E-07  1.102226E-08
  1.455602E+00  2.400000E+02     1  6.011220E-01 -8.290455E+01  7.425216E-02 -5.965185E-01
  1.455602E+00  2.400000E+02     2  1.045879E+00 -8.277761E+01  1.314889E-01 -1.037581E+00
  1.455602E+00  2.400000E+02     3  3.367202E-01  7.403489E+01  9.261557E-02  3.237327E-01
  1.455602E+00  2.400000E+02     4  6.538943E-02 -6.951423E+01  2.288465E-02 -6.125415E-02
  1.455602E+00  2.400000E+02     5  3.689621E-02  1.071155E+02 -1.085853E-02  3.526220E-02
  1.455602E+00  2.400000E+02     6  3.344019E-07  1.644186E+00  3.342642E-07  9.594831E-09
  1.455602E+00  2.500000E+02     1  4.098507E-01 -8.291978E+01  5.051778E-02 -4.067254E-01
  1.455602E+00  2.500000E+02     2  1.135909E+00 -8.271937E+01  1.439528E-01 -1.126750E+00
  1.455602E+00  2.500000E+02     3  3.369720E-01  7.395193E+01  9.315380E-02  3.238402E-01
  1.455602E+00  2.500000E+02     4  7.121841E-02 -6.830803E+01  2.632351E-02 -6.617503E-02
  1.455602E+00  2.500000E+02     5  2.431544E-02  1.061995E+02 -6.783608E-03  2.335002E-02
  1.455602E+00  2.500000E+02     6  3.825778E-07  1.365978E+00  3.824691E-07  9.120103E-09
  1.455602E+00  2.600000E+02     1  2.064979E-01 -8.280800E+01  2.585243E-02 -2.048732E-01
  1.455602E+00  2.600000E+02     2  1.191078E+00 -8.267968E+01  1.517629E-01 -1.181370E+00
  1.455602E+00  2.600000E+02     3  3.372187E-01  7.379225E+01  9.412484E-02  3.238163E-01
  1.455602E+00  2.600000E+02     4  7.477076E-02 -6.750838E+01  2.860343E-02 -6.908336E-02
  1.455602E+00  2.600000E+02     5  1.090403E-02  1.068640E+02 -3.163273E-03  1.043511E-02
  1.455602E+00  2.600000E+02     6  2.509815E-07  2.226912E+00  2.507920E-07  9.752429E-09
  1.455602E+00  2.700000E+02     1  3.042541E-03  7.592057E+01  7.401492E-04  2.951141E-03
  1.455602E+00  2.700000E+02     2  1.209639E+00 -8.266243E+01  1.544891E-01 -1.199733E+00
  1.455602E+00  2.700000E+02     3  3.372455E-01  7.355019E+01  9.549959E-02  3.234415E-01
  1.455602E+00  2.700000E+02     4  7.594071E-02 -6.718193E+01  2.945029E-02 -6.999766E-02
  1.455602E+00  2.700000E+02     5  2.905799E-03 -8.688382E+01  1.579615E-04 -2.901502E-03
  1.455602E+00  2.700000E+02     6  1.112174E-08  8.439722E+01  1.085829E-09  1.106861E-08
  1.455602E+00  2.800000E+02     1  2.119728E-01  9.662326E+01 -2.444902E-02  2.105581E-01
  1.455602E+00  2.800000E+02     2  1.191066E+00 -8.267025E+01  1.519557E-01 -1.181333E+00
  1.455602E+00  2.800000E+02     3  3.369833E-01  7.324086E+01  9.716880E-02  3.226701E-01
  1.455602E+00  2.800000E+02     4  7.475106E-02 -6.737009E+01  2.876250E-02 -6.899594E-02
  1.455602E+00  2.800000E+02     5  1.639263E-02 -7.771587E+01  3.487693E-03 -1.601731E-02
  1.455602E+00  2.800000E+02     6  2.481668E-07  1.771579E+02 -2.478616E-07  1.230485E-08
  1.455602E+00  2.900000E+02     1  4.147290E-01  9.683086E+01 -4.932737E-02  4.117851E-01
  1.455602E+00  2.900000E+02     2  1.136058E+00 -8.270494E+01  1.442557E-01 -1.126862E+00
  1.455602E+00  2.900000E+02     3  3.365458E-01  7.290522E+01  9.892872E-02  3.216771E-01
  1.455602E+00  2.900000E+02     4  7.134590E-02 -6.809276E+01  2.661952E-02 -6.619395E-02
  1.455602E+00  2.900000E+02     5  2.918283E-02 -7.586834E+01  7.125016E-03 -2.829968E-02
  1.455602E+00  2.900000E+02     6  3.777792E-07  1.780663E+02 -3.775641E-07  1.274714E-08
  1.455602E+00  3.000000E+02     1  6.050914E-01  9.696373E+01 -7.336188E-02  6.006277E-01
  1.455602E+00  3.000000E+02     2  1.046482E+00 -8.276706E+01  1.317558E-01 -1.038154E+00
  1.455602E+00  3.000000E+02     3  3.361676E-01  7.260494E+01  1.005002E-01  3.207933E-01
  1.455602E+00  3.000000E+02     4  6.594753E-02 -6.933501E+01  2.327310E-02 -6.170446E-02
  1.455602E+00  3.000000E+02     5  4.082503E-02 -7.407129E+01  1.120407E-02 -3.925751E-02
  1.455602E+00  3.000000E+02     6  3.271685E-07  1.778818E+02 -3.269449E-07  1.209229E-08
  1.455602E+00  3.100000E+02     1  7.773247E-01  9.708066E+01 -9.581813E-02  7.713965E-01
  1.455602E+00  3.100000E+02     2  9.252641E-01 -8.285524E+01  1.150812E-01 -9.180795E-01
  1.455602E+00  3.100000E+02     3  3.360812E-01  7.240585E+01  1.015881E-01  3.203598E-01
  1.455602E+00  3.100000E+02     4  5.879349E-02 -7.102555E+01  1.911650E-02 -5.559886E-02
  1.455602E+00  3.100000E+02     5  5.102793E-02 -7.218149E+01  1.561469E-02 -4.858015E-02
  1.455602E+00  3.100000E+02     6  1.205172E-07  1.749463E+02 -1.200487E-07  1.061623E-08
  1.455602E+00  3.200000E+02     1  9.261655E-01  9.718285E+01 -1.158044E-01  9.188971E-01
  1.455602E+00  3.200000E+02     2  7.762597E-01 -8.296614E+01  9.505754E-02 -7.704175E-01
  1.455602E+00  3.200000E+02     3  3.364027E-01  7.235536E+01  1.019678E-01  3.205766E-01
  1.455602E+00  3.200000E+02     4  5.008390E-02 -7.302764E+01  1.462001E-02 -4.790253E-02
  1.455602E+00  3.200000E+02     5  5.960493E-02 -7.036661E+01  2.002729E-02 -5.613961E-02
  1.455602E+00  3.200000E+02     6  1.472703E-07  3.532581E+00  1.469905E-07  9.074225E-09
  1.455602E+00  3.300000E+02     1  1.047011E+00  9.726435E+01 -1.323919E-01  1.038607E+00
  1.455602E+00  3.300000E+02     2  6.040935E-01 -8.309714E+01  7.260379E-02 -5.997146E-01
  1.455602E+00  3.300000E+02     3  3.370786E-01  7.246435E+01  1.015615E-01  3.214145E-01
  1.455602E+00  3.300000E+02     4  3.997084E-02 -7.517098E+01  1.022995E-02 -3.863956E-02
  1.455602E+00  3.300000E+02     5  6.642151E-02 -6.882383E+01  2.399389E-02 -6.193634E-02
  1.455602E+00  3.300000E+02     6  3.506423E-07  1.368691E+00  3.505422E-07  8.375402E-09
  1.455602E+00  3.400000E+02     1  1.136085E+00  9.732036E+01 -1.447566E-01  1.126825E+00
  1.455602E+00  3.400000E+02     2  4.139924E-01 -8.325884E+01  4.859614E-02 -4.111303E-01
  1.455602E+00  3.400000E+02     3  3.379096E-01  7.270377E+01  1.004646E-01  3.226295E-01
  1.455602E+00  3.400000E+02     4  2.860237E-02 -7.737493E+01  6.251627E-03 -2.791080E-02
  1.455602E+00  3.400000E+02     5  7.135118E-02 -6.770445E+01  2.706952E-02 -6.601690E-02
  1.455602E+00  3.400000E+02     6  3.954340E-07  1.329258E+00  3.953276E-07  9.173218E-09
  1.455602E+00  3.500000E+02     1  1.190571E+00  9.734897E+01 -1.522887E-01  1.180791E+00
  1.455602E+00  3.500000E+02     2  2.116186E-01 -8.355459E+01  2.375557E-02 -2.102810E-01
  1.455602E+00  3.500000E+02     3  3.386374E-01  7.301763E+01  9.890836E-02  3.238710E-01
  1.455602E+00  3.500000E+02     4  1.620124E-02 -8.018652E+01  2.761360E-03 -1.596418E-02
  1.455602E+00  3.500000E+02     5  7.426194E-02 -6.709157E+01  2.890716E-02 -6.840476E-02
  1.455602E+00  3.500000E+02     6  2.589341E-07  2.557291E+00  2.586762E-07  1.155320E-08
  1.418746E+00  0.000000E+00     1  1.160995E+00  1.009492E+02 -2.205168E-01  1.139861E+00
  1.418746E+00  0.000000E+00     2  3.102114E-03 -1.112164E+02 -1.122627E-03 -2.891855E-03
  1.418746E+00  0.000000E+00     3  3.032079E-01  7.815086E+01  6.225934E-02  2.967471E-01
  1.418746E+00  0.000000E+00     4  3.073820E-03 -9.515366E+01 -2.761121E-04 -3.061394E-03
  1.418746E+00  0.000000E+00     5  8.038112E-02 -6.437554E+01  3.476248E-02 -7.247548E-02
  1.418746E+00  0.000000E+00     6  1.395624E-08  8.481378E+01  1.261547E-09  1.389910E-08
  1.418746E+00  1.000000E+01     1  1.142862E+00  1.009250E+02 -2.165994E-01  1.122149E+00
  1.418746E+00  1.000000E+01     2  1.975854E-01  1.009379E+02 -3.749095E-02  1.939959E-01
  1.418746E+00  1.000000E+01     3  3.033627E-01  7.846747E+01  6.064957E-02  2.972382E-01
  1.418746E+00  1.000000E+01     4  1.113171E-02  1.115326E+02 -4.085674E-03  1.035482E-02
  1.418746E+00  1.000000E+01     5  7.883575E-02 -6.480439E+01  3.356116E-02 -7.133530E-02
  1.418746E+00  1.000000E+01     6  3.020896E-07  1.764473E+02 -3.015091E-07  1.871936E-08
  1.418746E+00  2.000000E+01     1  1.089608E+00  1.008799E+02 -2.056642E-01  1.070022E+00
  1.418746E+00  2.000000E+01     2  3.922345E-01  1.007369E+02 -7.307314E-02  3.853677E-01
  1.418746E+00  2.000000E+01     3  3.031671E-01  7.873019E+01  5.924779E-02  2.973214E-01
  1.418746E+00  2.000000E+01     4  2.484761E-02  1.093417E+02 -8.229558E-03  2.344521E-02
  1.418746E+00  2.000000E+01     5  7.481003E-02 -6.568680E+01  3.080111E-02 -6.817501E-02
  1.418746E+00  2.000000E+01     6  4.622004E-07  1.772806E+02 -4.616799E-07  2.192897E-08
  1.418746E+00  3.000000E+01     1  1.002932E+00  1.008182E+02 -1.882435E-01  9.851077E-01
  1.418746E+00  3.000000E+01     2  5.755522E-01  1.007197E+02 -1.070549E-01  5.655082E-01
  1.418746E+00  3.000000E+01     3  3.029266E-01  7.892577E+01  5.818630E-02  2.972858E-01
  1.418746E+00  3.000000E+01     4  3.791203E-02  1.098540E+02 -1.287585E-02  3.565858E-02
  1.418746E+00  3.000000E+01     5  6.843555E-02 -6.695661E+01  2.678760E-02 -6.297498E-02
  1.418746E+00  3.000000E+01     6  4.067640E-07  1.768263E+02 -4.061401E-07  2.251973E-08
  1.418746E+00  4.000000E+01     1  8.856505E-01  1.007465E+02 -1.651417E-01  8.701178E-01
  1.418746E+00  4.000000E+01     2  7.419228E-01  1.007552E+02 -1.384520E-01  7.288899E-01
  1.418746E+00  4.000000E+01     3  3.029541E-01  7.905149E+01  5.753907E-02  2.974398E-01
  1.418746E+00  4.000000E+01     4  4.986806E-02  1.110600E+02 -1.791987E-02  4.653710E-02
  1.418746E+00  4.000000E+01     5  5.994486E-02 -6.850700E+01  2.196305E-02 -5.577644E-02
  1.418746E+00  4.000000E+01     6  1.645651E-07  1.728205E+02 -1.632748E-07  2.056709E-08
  1.418746E+00  5.000000E+01     1  7.415818E-01  1.006755E+02 -1.373754E-01  7.287466E-01
  1.418746E+00  5.000000E+01     2  8.860866E-01  1.008084E+02 -1.661630E-01  8.703673E-01
  1.418746E+00  5.000000E+01     3  3.034075E-01  7.910731E+01  5.733499E-02  2.979410E-01
  1.418746E+00  5.000000E+01     4  6.030299E-02  1.124367E+02 -2.301540E-02  5.573815E-02
  1.418746E+00  5.000000E+01     5  4.963736E-02 -7.016035E+01  1.684637E-02 -4.669118E-02
  1.418746E+00  5.000000E+01     6  1.540924E-07  6.393280E+00  1.531341E-07  1.715856E-08
  1.418746E+00  6.000000E+01     1  5.753641E-01  1.006231E+02 -1.060673E-01  5.655030E-01
  1.418746E+00  6.000000E+01     2  1.003378E+00  1.008626E+02 -1.890904E-01  9.853991E-01
  1.418746E+00  6.000000E+01     3  3.041998E-01  7.909057E+01  5.757197E-02  2.987022E-01
  1.418746E+00  6.000000E+01     4  6.883677E-02  1.137168E+02 -2.768722E-02  6.302316E-02
  1.418746E+00  6.000000E+01     5  3.784857E-02 -7.163106E+01  1.192739E-02 -3.592007E-02
  1.418746E+00  6.000000E+01     6  3.969251E-07  2.002041E+00  3.966828E-07  1.386662E-08
  1.418746E+00  7.000000E+01     1  3.922223E-01  1.006239E+02 -7.231034E-02  3.854991E-01
  1.418746E+00  7.000000E+01     2  1.089956E+00  1.009088E+02 -2.062707E-01  1.070260E+00
  1.418746E+00  7.000000E+01     3  3.050225E-01  7.899553E+01  5.822440E-02  2.994139E-01
  1.418746E+00  7.000000E+01     4  7.513799E-02  1.147501E+02 -3.145737E-02  6.823600E-02
  1.418746E+00  7.000000E+01     5  2.494160E-02 -7.241762E+01  7.534279E-03 -2.377642E-02
  1.418746E+00  7.000000E+01     6  4.541025E-07  1.515090E+00  4.539438E-07  1.200657E-08
  1.418746E+00  8.000000E+01     1  1.977315E-01  1.007998E+02 -3.705064E-02  1.942293E-01
  1.418746E+00  8.000000E+01     2  1.142991E+00  1.009423E+02 -2.169622E-01  1.122210E+00
  1.418746E+00  8.000000E+01     3  3.054762E-01  7.881730E+01  5.924350E-02  2.996764E-01
  1.418746E+00  8.000000E+01     4  7.895775E-02  1.154541E+02 -3.393505E-02  7.129333E-02
  1.418746E+00  8.000000E+01     5  1.132736E-02 -7.079421E+01  3.726271E-03 -1.069691E-02
  1.418746E+00  8.000000E+01     6  2.972600E-07  2.318407E+00  2.970167E-07  1.202500E-08
  1.418746E+00  9.000000E+01     1  2.819462E-03 -1.118080E+02 -1.047422E-03 -2.617685E-03
  1.418746E+00  9.000000E+01     2  1.160783E+00  1.009595E+02 -2.206833E-01  1.139612E+00
  1.418746E+00  9.000000E+01     3  3.052536E-01  7.855829E+01  6.055342E-02  2.991873E-01
  1.418746E+00  9.000000E+01     4  8.016659E-02  1.157751E+02 -3.485964E-02  7.219063E-02
  1.418746E+00  9.000000E+01     5  2.790917E-03  8.433370E+01  2.755596E-04  2.777280E-03
  1.418746E+00  9.000000E+01     6  1.333254E-08  9.313500E+01 -7.291396E-10  1.331258E-08
  1.418746E+00  1.000000E+02     1  2.023504E-01 -8.002127E+01  3.506380E-02 -1.992893E-01
  1.418746E+00  1.000000E+02     2  1.142821E+00  1.009573E+02 -2.172240E-01  1.121986E+00
  1.418746E+00  1.000000E+02     3  3.042948E-01  7.823529E+01  6.204359E-02  2.979025E-01
  1.418746E+00  1.000000E+02     4  7.877727E-02  1.156628E+02 -3.411634E-02  7.100657E-02
  1.418746E+00  1.000000E+02     5  1.637572E-02  1.013743E+02 -3.229576E-03  1.605409E-02
  1.418746E+00  1.000000E+02     6  2.979760E-07  1.772033E+02 -2.976211E-07  1.453892E-08
  1.418746E+00  1.100000E+02     1  3.964004E-01 -7.973595E+01  7.063253E-02 -3.900569E-01
  1.418746E+00  1.100000E+02     2  1.089780E+00  1.009316E+02 -2.066626E-01  1.070005E+00
  1.418746E+00  1.100000E+02     3  3.028377E-01  7.788476E+01  6.355916E-02  2.960927E-01
  1.418746E+00  1.100000E+02     4  7.494049E-02  1.150652E+02 -3.174843E-02  6.788309E-02
  1.418746E+00  1.100000E+02     5  2.946041E-02  1.041325E+02 -7.193193E-03  2.856875E-02
  1.418746E+00  1.100000E+02     6  4.525569E-07  1.781826E+02 -4.523293E-07  1.435222E-08
  1.418746E+00  1.200000E+02     1  5.788803E-01 -7.956437E+01  1.048530E-01 -5.693051E-01
  1.418746E+00  1.200000E+02     2  1.003479E+00  1.008792E+02 -1.893950E-01  9.854434E-01
  1.418746E+00  1.200000E+02     3  3.013338E-01  7.756225E+01  6.490089E-02  2.942617E-01
  1.418746E+00  1.200000E+02     4  6.891035E-02  1.139493E+02 -2.797270E-02  6.297749E-02
  1.418746E+00  1.200000E+02     5  4.157875E-02  1.065144E+02 -1.181903E-02  3.986355E-02
  1.418746E+00  1.200000E+02     6  3.925530E-07  1.782335E+02 -3.923665E-07  1.210115E-08
  1.418746E+00  1.300000E+02     1  7.443212E-01 -7.941710E+01  1.367006E-01 -7.316605E-01
  1.418746E+00  1.300000E+02     2  8.867804E-01  1.007991E+02 -1.661522E-01  8.710757E-01
  1.418746E+00  1.300000E+02     3  3.002671E-01  7.733134E+01  6.585235E-02  2.929570E-01
  1.418746E+00  1.300000E+02     4  6.098788E-02  1.123387E+02 -2.318035E-02  5.641093E-02
  1.418746E+00  1.300000E+02     5  5.247200E-02  1.089116E+02 -1.700664E-02  4.963955E-02
  1.418746E+00  1.300000E+02     6  1.469046E-07  1.767931E+02 -1.466745E-07  8.218099E-09
  1.418746E+00  1.400000E+02     1  8.876297E-01 -7.928827E+01  1.649817E-01 -8.721625E-01
  1.418746E+00  1.400000E+02     2  7.434673E-01  1.006943E+02 -1.379646E-01  7.305542E-01
  1.418746E+00  1.400000E+02     3  2.999592E-01  7.724283E+01  6.623683E-02  2.925546E-01
  1.418746E+00  1.400000E+02     4  5.146172E-02  1.103464E+02 -1.789295E-02  4.825092E-02
  1.418746E+00  1.400000E+02     5  6.193828E-02  1.111758E+02 -2.237397E-02  5.775600E-02
  1.418746E+00  1.400000E+02     6  1.706225E-07  1.366135E+00  1.705740E-07  4.067861E-09
  1.418746E+00  1.500000E+02     1  1.004290E+00 -7.918319E+01  1.884745E-01 -9.864461E-01
  1.418746E+00  1.500000E+02     2  5.780687E-01  1.005711E+02 -1.060496E-01  5.682578E-01
  1.418746E+00  1.500000E+02     3  3.004435E-01  7.731422E+01  6.597864E-02  2.931094E-01
  1.418746E+00  1.500000E+02     4  4.057266E-02  1.081743E+02 -1.265498E-02  3.854857E-02
  1.418746E+00  1.500000E+02     5  6.977146E-02  1.131024E+02 -2.737659E-02  6.417615E-02
  1.418746E+00  1.500000E+02     6  4.128568E-07  1.843040E-01  4.128547E-07  1.328039E-09
  1.418746E+00  1.600000E+02     1  1.090554E+00 -7.910658E+01  2.060959E-01 -1.070903E+00
  1.418746E+00  1.600000E+02     2  3.956673E-01  1.004317E+02 -7.164110E-02  3.891274E-01
  1.418746E+00  1.600000E+02     3  3.014568E-01  7.752250E+01  6.513160E-02  2.943367E-01
  1.418746E+00  1.600000E+02     4  2.852521E-02  1.060396E+02 -7.881551E-03  2.741476E-02
  1.418746E+00  1.600000E+02     5  7.572994E-02  1.145427E+02 -3.145606E-02  6.888789E-02
  1.418746E+00  1.600000E+02     6  4.669305E-07  1.469186E-01  4.669289E-07  1.197308E-09
  1.418746E+00  1.700000E+02     1  1.143593E+00 -7.906002E+01  2.170317E-01 -1.122810E+00
  1.418746E+00  1.700000E+02     2  2.017028E-01  1.002316E+02 -3.582782E-02  1.984953E-01
  1.418746E+00  1.700000E+02     3  3.025496E-01  7.781524E+01  6.385757E-02  2.957338E-01
  1.418746E+00  1.700000E+02     4  1.554436E-02  1.038545E+02 -3.722195E-03  1.509213E-02
  1.418746E+00  1.700000E+02     5  7.954919E-02  1.154289E+02 -3.415771E-02  7.184236E-02
  1.418746E+00  1.700000E+02     6  3.053632E-07  7.151658E-01  3.053395E-07  3.811444E-09
  1.418746E+00  1.800000E+02     1  1.161609E+00 -7.904244E+01  2.208006E-01 -1.140430E+00
  1.418746E+00  1.800000E+02     2  2.003472E-03  7.479490E+01  5.254609E-04  1.933337E-03
  1.418746E+00  1.800000E+02     3  3.032748E-01  7.813182E+01  6.237171E-02  2.967918E-01
  1.418746E+00  1.800000E+02     4  1.981567E-03  9.048573E+01 -1.679869E-05  1.981495E-03
  1.418746E+00  1.800000E+02     5  8.098668E-02  1.157577E+02 -3.519402E-02  7.293986E-02
  1.418746E+00  1.800000E+02     6  8.400484E-09  7.592636E+01  2.042736E-09  8.148335E-09
  1.418746E+00  1.900000E+02     1  1.143916E+00 -7.905138E+01  2.172624E-01 -1.123094E+00
  1.418746E+00  1.900000E+02     2  1.982937E-01 -7.932425E+01  3.673404E-02 -1.948615E-01
  1.418746E+00  1.900000E+02     3  3.033751E-01  7.842237E+01  6.088598E-02  2.972025E-01
  1.418746E+00  1.900000E+02     4  1.195111E-02 -7.239115E+01  3.615415E-03 -1.139113E-02
  1.418746E+00  1.900000E+02     5  7.987650E-02  1.155606E+02 -3.446398E-02  7.205893E-02
  1.418746E+00  1.900000E+02     6  3.009106E-07  1.776248E+02 -3.006520E-07  1.247083E-08
  1.418746E+00  2.000000E+02     1  1.090996E+00 -7.908384E+01  2.066044E-01 -1.071254E+00
  1.418746E+00  2.000000E+02     2  3.928357E-01 -7.941586E+01  7.215577E-02 -3.861520E-01
  1.418746E+00  2.000000E+02     3  3.028837E-01  7.865679E+01  5.957287E-02  2.969673E-01
  1.418746E+00  2.000000E+02     4  2.559865E-02 -7.276573E+01  7.584354E-03 -2.444931E-02
  1.418746E+00  2.000000E+02     5  7.617251E-02  1.148844E+02 -3.205251E-02  6.910056E-02
  1.418746E+00  2.000000E+02     6  4.610202E-07  1.781229E+02 -4.607728E-07  1.510099E-08
  1.418746E+00  2.100000E+02     1  1.004506E+00 -7.913606E+01  1.893267E-01 -9.865031E-01
  1.418746E+00  2.100000E+02     2  5.760927E-01 -7.939322E+01  1.060401E-01 -5.662494E-01
  1.418746E+00  2.100000E+02     3  3.020873E-01  7.882373E+01  5.855302E-02  2.963584E-01
  1.418746E+00  2.100000E+02     4  3.860267E-02 -7.169218E+01  1.212595E-02 -3.664870E-02
  1.418746E+00  2.100000E+02     5  6.996616E-02  1.137905E+02 -2.822391E-02  6.402089E-02
  1.418746E+00  2.100000E+02     6  4.054892E-07  1.778571E+02 -4.052057E-07  1.516217E-08
  1.418746E+00  2.200000E+02     1  8.872438E-01 -7.920223E+01  1.662191E-01 -8.715348E-01
  1.418746E+00  2.200000E+02     2  7.424768E-01 -7.933183E+01  1.374478E-01 -7.296437E-01
  1.418746E+00  2.200000E+02     3  3.013724E-01  7.892335E+01  5.790028E-02  2.957582E-01
  1.418746E+00  2.200000E+02     4  5.054617E-02 -7.012610E+01  1.718323E-02 -4.753580E-02
  1.418746E+00  2.200000E+02     5  6.147517E-02  1.123749E+02 -2.340142E-02  5.684690E-02
  1.418746E+00  2.200000E+02     6  1.628483E-07  1.754418E+02 -1.623332E-07  1.294197E-08
  1.418746E+00  2.300000E+02     1  7.430283E-01 -7.927258E+01  1.383049E-01 -7.300430E-01
  1.418746E+00  2.300000E+02     2  8.867307E-01 -7.925754E+01  1.652819E-01 -8.711907E-01
  1.418746E+00  2.300000E+02     3  3.010328E-01  7.895833E+01  5.765469E-02  2.954601E-01
  1.418746E+00  2.300000E+02     4  6.103295E-02 -6.845358E+01  2.241465E-02 -5.676799E-02
  1.418746E+00  2.300000E+02     5  5.101087E-02  1.107949E+02 -1.811004E-02  4.768790E-02
  1.418746E+00  2.300000E+02     6  1.543686E-07  3.607343E+00  1.540627E-07  9.712626E-09
  1.418746E+00  2.400000E+02     1  5.765195E-01 -7.933122E+01  1.067317E-01 -5.665537E-01
  1.418746E+00  2.400000E+02     2  1.004165E+00 -7.918583E+01  1.884057E-01 -9.863321E-01
  1.418746E+00  2.400000E+02     3  3.011318E-01  7.892743E+01  5.783303E-02  2.955262E-01
  1.418746E+00  2.400000E+02     4  6.967433E-02 -6.692922E+01  2.730314E-02 -6.410188E-02
  1.418746E+00  2.400000E+02     5  3.894155E-02  1.092957E+02 -1.286797E-02  3.675404E-02
  1.418746E+00  2.400000E+02     6  3.976391E-07  1.023852E+00  3.975757E-07  7.105271E-09
  1.418746E+00  2.500000E+02     1  3.929791E-01 -7.934983E+01  7.262725E-02 -3.862096E-01
  1.418746E+00  2.500000E+02     2  1.090900E+00 -7.912644E+01  2.057898E-01 -1.071314E+00
  1.418746E+00  2.500000E+02     3  3.014840E-01  7.882472E+01  5.843094E-02  2.957676E-01
  1.418746E+00  2.500000E+02     4  7.610715E-02 -6.571569E+01  3.130018E-02 -6.937288E-02
  1.418746E+00  2.500000E+02     5  2.567160E-02  1.082641E+02 -8.045402E-03  2.437833E-02
  1.418746E+00  2.500000E+02     6  4.548183E-07  7.989959E-01  4.547741E-07  6.342285E-09
  1.418746E+00  2.600000E+02     1  1.980266E-01 -7.923884E+01  3.697460E-02 -1.945441E-01
  1.418746E+00  2.600000E+02     2  1.144064E+00 -7.908516E+01  2.166283E-01 -1.123367E+00
  1.418746E+00  2.600000E+02     3  3.017630E-01  7.864421E+01  5.941743E-02  2.958555E-01
  1.418746E+00  2.600000E+02     4  8.004241E-02 -6.490649E+01  3.394573E-02 -7.248775E-02
  1.418746E+00  2.600000E+02     5  1.164459E-02  1.087759E+02 -3.748013E-03  1.102492E-02
  1.418746E+00  2.600000E+02     6  2.978540E-07  1.479110E+00  2.977548E-07  7.688350E-09
  1.418746E+00  2.700000E+02     1  2.769615E-03  7.814378E+01  5.690350E-04  2.710529E-03
  1.418746E+00  2.700000E+02     2  1.161930E+00 -7.906549E+01  2.204027E-01 -1.140834E+00
  1.418746E+00  2.700000E+02     3  3.016827E-01  7.838752E+01  6.072611E-02  2.955077E-01
  1.418746E+00  2.700000E+02     4  8.132133E-02 -6.455531E+01  3.493886E-02 -7.343320E-02
  1.418746E+00  2.700000E+02     5  2.740442E-03 -8.571151E+01  2.049257E-04 -2.732769E-03
  1.418746E+00  2.700000E+02     6  1.036671E-08  9.062199E+01 -1.125358E-10  1.036610E-08
  1.418746E+00  2.800000E+02     1  2.029595E-01  1.001928E+02 -3.591593E-02  1.997563E-01
  1.418746E+00  2.800000E+02     2  1.143982E+00 -7.907016E+01  2.169068E-01 -1.123230E+00
  1.418746E+00  2.800000E+02     3  3.011576E-01  7.807177E+01  6.224515E-02  2.946548E-01
  1.418746E+00  2.800000E+02     4  7.995044E-02 -6.470046E+01  3.416687E-02 -7.228208E-02
  1.418746E+00  2.800000E+02     5  1.679639E-02 -7.560505E+01  4.175659E-03 -1.626907E-02
  1.418746E+00  2.800000E+02     6  2.974337E-07  1.775027E+02 -2.971512E-07  1.295990E-08
  1.418746E+00  2.900000E+02     1  3.973586E-01  1.004082E+02 -7.178706E-02  3.908202E-01
  1.418746E+00  2.900000E+02     2  1.090914E+00 -7.910160E+01  2.062570E-01 -1.071239E+00
  1.418746E+00  2.900000E+02     3  3.003564E-01  7.773454E+01  6.380812E-02  2.935004E-01
  1.418746E+00  2.900000E+02     4  7.609674E-02 -6.537161E+01  3.171189E-02 -6.917420E-02
  1.418746E+00  2.900000E+02     5  3.021246E-02 -7.363108E+01  8.514510E-03 -2.898786E-02
  1.418746E+00  2.900000E+02     6  4.522448E-07  1.782122E+02 -4.520247E-07  1.410908E-08
  1.418746E+00  3.000000E+02     1  5.800519E-01  1.005491E+02 -1.061944E-01  5.702481E-01
  1.418746E+00  3.000000E+02     2  1.004570E+00 -7.916143E+01  1.889018E-01 -9.866493E-01
  1.418746E+00  3.000000E+02     3  2.996210E-01  7.743196E+01  6.519721E-02  2.924416E-01
  1.418746E+00  3.000000E+02     4  7.004082E-02 -6.657424E+01  2.784546E-02 -6.426778E-02
  1.418746E+00  3.000000E+02     5  4.256129E-02 -7.168882E+01  1.337181E-02 -4.040617E-02
  1.418746E+00  3.000000E+02     6  3.924591E-07  1.780773E+02 -3.922382E-07  1.316759E-08
  1.418746E+00  3.100000E+02     1  7.455385E-01  1.006732E+02 -1.380785E-01  7.326404E-01
  1.418746E+00  3.100000E+02     2  8.878365E-01 -7.924926E+01  1.656141E-01 -8.722532E-01
  1.418746E+00  3.100000E+02     3  2.992996E-01  7.722628E+01  6.617551E-02  2.918922E-01
  1.418746E+00  3.100000E+02     4  6.210368E-02 -6.826016E+01  2.300276E-02 -5.768657E-02
  1.418746E+00  3.100000E+02     5  5.354592E-02 -6.966674E+01  1.860614E-02 -5.020933E-02
  1.418746E+00  3.100000E+02     6  1.471037E-07  1.758953E+02 -1.467264E-07  1.052967E-08
  1.418746E+00  3.200000E+02     1  8.887142E-01  1.007806E+02 -1.662326E-01  8.730290E-01
  1.418746E+00  3.200000E+02     2  7.445037E-01 -7.936214E+01  1.374360E-01 -7.317084E-01
  1.418746E+00  3.200000E+02     3  2.995819E-01  7.716517E+01  6.654949E-02  2.920967E-01
  1.418746E+00  3.200000E+02     4  5.257640E-02 -7.030590E+01  1.771816E-02 -4.950095E-02
  1.418746E+00  3.200000E+02     5  6.293504E-02 -6.775951E+01  2.382060E-02 -5.825288E-02
  1.418746E+00  3.200000E+02     6  1.705088E-07  2.512360E+00  1.703449E-07  7.474236E-09
  1.418746E+00  3.300000E+02     1  1.005079E+00  1.008648E+02 -1.894498E-01  9.870625E-01
  1.418746E+00  3.300000E+02     2  5.790918E-01 -7.949691E+01  1.055618E-01 -5.693891E-01
  1.418746E+00  3.300000E+02     3  3.004155E-01  7.726290E+01  6.623496E-02  2.930229E-01
  1.418746E+00  3.300000E+02     4  4.168651E-02 -7.253243E+01  1.251287E-02 -3.976422E-02
  1.418746E+00  3.300000E+02     5  7.051972E-02 -6.617243E+01  2.848895E-02 -6.450900E-02
  1.418746E+00  3.300000E+02     6  4.124958E-07  7.773954E-01  4.124578E-07  5.596617E-09
  1.418746E+00  3.400000E+02     1  1.090924E+00  1.009213E+02 -2.066868E-01  1.071165E+00
  1.418746E+00  3.400000E+02     2  3.966630E-01 -7.966243E+01  7.118010E-02 -3.902242E-01
  1.418746E+00  3.400000E+02     3  3.015317E-01  7.749518E+01  6.528814E-02  2.943787E-01
  1.418746E+00  3.400000E+02     4  2.962226E-02 -7.482197E+01  7.755674E-03 -2.858895E-02
  1.418746E+00  3.400000E+02     5  7.608845E-02 -6.504684E+01  3.209999E-02 -6.898581E-02
  1.418746E+00  3.400000E+02     6  4.664201E-07  7.470580E-01  4.663805E-07  6.081303E-09
  1.418746E+00  3.500000E+02     1  1.143474E+00  1.009489E+02 -2.171838E-01  1.122660E+00
  1.418746E+00  3.500000E+02     2  2.026397E-01 -7.995744E+01  3.533622E-02 -1.995349E-01
  1.418746E+00  3.500000E+02     3  3.025633E-01  7.781065E+01  6.388416E-02  2.957421E-01
  1.418746E+00  3.500000E+02     4  1.660420E-02 -7.764852E+01  3.551774E-03 -1.621987E-02
  1.418746E+00  3.500000E+02     5  7.943322E-02 -6.444655E+01  3.426375E-02 -7.166333E-02
  1.418746E+00  3.500000E+02     6  3.047987E-07  1.719133E+00  3.046615E-07  9.143972E-09
  1.384554E+00  0.000000E+00     1  1.115233E+00  1.047719E+02 -2.843524E-01  1.078373E+00
  1.384554E+00  0.000000E+00     2  2.840563E-03 -1.084565E+02 -8.992777E-04 -2.694457E-03
  1.384554E+00  0.000000E+00     3  2.708016E-01  8.297752E+01  3.310789E-02  2.687701E-01
  1.384554E+00  0.000000E+00     4  2.908514E-03 -9.355167E+01 -1.801783E-04 -2.902928E-03
  1.384554E+00  0.000000E+00     5  8.500697E-02 -6.142361E+01  4.066139E-02 -7.465144E-02
  1.384554E+00  0.000000E+00     6  1.268976E-08  9.062718E+01 -1.389040E-10  1.268900E-08
  1.384554E+00  1.000000E+01     1  1.097775E+00  1.047468E+02 -2.794371E-01  1.061614E+00
  1.384554E+00  1.000000E+01     2  1.894316E-01  1.047610E+02 -4.826485E-02  1.831798E-01
  1.384554E+00  1.000000E+01     3  2.710115E-01  8.332136E+01  3.151878E-02  2.691725E-01
  1.384554E+00  1.000000E+01     4  1.167002E-02  1.140531E+02 -4.756497E-03  1.065669E-02
  1.384554E+00  1.000000E+01     5  8.335557E-02 -6.185019E+01  3.932537E-02 -7.349602E-02
  1.384554E+00  1.000000E+01     6  3.565709E-07  1.768411E+02 -3.560291E-07  1.964894E-08
  1.384554E+00  2.000000E+01     1  1.046456E+00  1.047026E+02 -2.655933E-01  1.012191E+00
  1.384554E+00  2.000000E+01     2  3.760215E-01  1.045619E+02 -9.454162E-02  3.639424E-01
  1.384554E+00  2.000000E+01     3  2.707632E-01  8.362895E+01  3.004574E-02  2.690910E-01
  1.384554E+00  2.000000E+01     4  2.582503E-02  1.120683E+02 -9.702758E-03  2.393301E-02
  1.384554E+00  2.000000E+01     5  7.896747E-02 -6.270762E+01  3.620906E-02 -7.017667E-02
  1.384554E+00  2.000000E+01     6  5.442392E-07  1.774733E+02 -5.437101E-07  2.399271E-08
  1.384554E+00  3.000000E+01     1  9.629482E-01  1.046430E+02 -2.434292E-01  9.316713E-01
  1.384554E+00  3.000000E+01     2  5.519319E-01  1.045440E+02 -1.386034E-01  5.342451E-01
  1.384554E+00  3.000000E+01     3  2.704309E-01  8.386840E+01  2.888538E-02  2.688838E-01
  1.384554E+00  3.000000E+01     4  3.944331E-02  1.126642E+02 -1.519864E-02  3.639747E-02
  1.384554E+00  3.000000E+01     5  7.202510E-02 -6.394599E+01  3.163473E-02 -6.470594E-02
  1.384554E+00  3.000000E+01     6  4.781334E-07  1.771031E+02 -4.775224E-07  2.416451E-08
  1.384554E+00  4.000000E+01     1  8.500239E-01  1.045735E+02 -2.138847E-01  8.226749E-01
  1.384554E+00  4.000000E+01     2  7.117770E-01  1.045777E+02 -1.791496E-01  6.888628E-01
  1.384554E+00  4.000000E+01     3  2.704052E-01  8.401715E+01  2.818456E-02  2.689323E-01
  1.384554E+00  4.000000E+01     4  5.206351E-02  1.139187E+02 -2.110859E-02  4.759240E-02
  1.384554E+00  4.000000E+01     5  6.284188E-02 -6.548079E+01  2.607927E-02 -5.717494E-02
  1.384554E+00  4.000000E+01     6  1.925919E-07  1.739118E+02 -1.915057E-07  2.042626E-08
  1.384554E+00  5.000000E+01     1  7.114419E-01  1.045040E+02 -1.781788E-01  6.887684E-01
  1.384554E+00  5.000000E+01     2  8.504503E-01  1.046282E+02 -2.147774E-01  8.228830E-01
  1.384554E+00  5.000000E+01     3  2.708907E-01  8.406383E+01  2.801566E-02  2.694381E-01
  1.384554E+00  5.000000E+01     4  6.321889E-02  1.153088E+02 -2.702585E-02  5.715096E-02
  1.384554E+00  5.000000E+01     5  5.181428E-02 -6.715329E+01  2.011777E-02 -4.774929E-02
  1.384554E+00  5.000000E+01     6  1.811271E-07  4.655566E+00  1.805295E-07  1.470128E-08
  1.384554E+00  6.000000E+01     1  5.517469E-01  1.044518E+02 -1.376970E-01  5.342884E-01
  1.384554E+00  6.000000E+01     2  9.633839E-01  1.046793E+02 -2.441300E-01  9.319384E-01
  1.384554E+00  6.000000E+01     3  2.717939E-01  8.400915E+01  2.836701E-02  2.703095E-01
  1.384554E+00  6.000000E+01     4  7.244410E-02  1.165756E+02 -3.240997E-02  6.478998E-02
  1.384554E+00  6.000000E+01     5  3.936734E-02 -6.868438E+01  1.431023E-02 -3.667431E-02
  1.384554E+00  6.000000E+01     6  4.670221E-07  1.185062E+00  4.669222E-07  9.658843E-09
  1.384554E+00  7.000000E+01     1  3.760131E-01  1.044511E+02 -9.383522E-02  3.641164E-01
  1.384554E+00  7.000000E+01     2  1.046803E+00  1.047233E+02 -2.660455E-01  1.012431E+00
  1.384554E+00  7.000000E+01     3  2.727484E-01  8.386429E+01  2.915239E-02  2.711860E-01
  1.384554E+00  7.000000E+01     4  7.931595E-02  1.175887E+02 -3.673287E-02  7.029734E-02
  1.384554E+00  7.000000E+01     5  2.591855E-02 -6.956842E+01  9.047868E-03 -2.428801E-02
  1.384554E+00  7.000000E+01     6  5.343600E-07  7.998336E-01  5.343079E-07  7.459278E-09
  1.384554E+00  8.000000E+01     1  1.895854E-01  1.046213E+02 -4.785685E-02  1.834458E-01
  1.384554E+00  8.000000E+01     2  1.097921E+00  1.047563E+02 -2.796500E-01  1.061710E+00
  1.384554E+00  8.000000E+01     3  2.732701E-01  8.364679E+01  3.023935E-02  2.715918E-01
  1.384554E+00  8.000000E+01     4  8.350772E-02  1.182875E+02 -3.957395E-02  7.353531E-02
  1.384554E+00  8.000000E+01     5  1.187973E-02 -6.815175E+01  4.421036E-03 -1.102644E-02
  1.384554E+00  8.000000E+01     6  3.493930E-07  1.433925E+00  3.492836E-07  8.743247E-09
  1.384554E+00  9.000000E+01     1  2.542388E-03 -1.091417E+02 -8.336613E-04 -2.401821E-03
  1.384554E+00  9.000000E+01     2  1.115067E+00  1.047760E+02 -2.843866E-01  1.078192E+00
  1.384554E+00  9.000000E+01     3  2.729796E-01  8.337630E+01  3.148768E-02  2.711575E-01
  1.384554E+00  9.000000E+01     4  8.483798E-02  1.186347E+02 -4.065629E-02  7.446173E-02
  1.384554E+00  9.000000E+01     5  2.600447E-03  8.582312E+01  1.894056E-04  2.593540E-03
  1.384554E+00  9.000000E+01     6  1.252059E-08  9.953583E+01 -2.074216E-09  1.234759E-08
  1.384554E+00  1.000000E+02     1  1.936948E-01 -7.617192E+01  4.629486E-02 -1.880810E-01
  1.384554E+00  1.000000E+02     2  1.097732E+00  1.047787E+02 -2.800167E-01  1.061417E+00
  1.384554E+00  1.000000E+02     3  2.717958E-01  8.307345E+01  3.277772E-02  2.698121E-01
  1.384554E+00  1.000000E+02     4  8.329893E-02  1.185835E+02 -3.985339E-02  7.314655E-02
  1.384554E+00  1.000000E+02     5  1.653488E-02  1.043642E+02 -4.102061E-03  1.601797E-02
  1.384554E+00  1.000000E+02     6  3.528388E-07  1.774180E+02 -3.524806E-07  1.589488E-08
  1.384554E+00  1.100000E+02     1  3.797252E-01 -7.588955E+01  9.257393E-02 -3.682680E-01
  1.384554E+00  1.100000E+02     2  1.046579E+00  1.047597E+02 -2.666322E-01  1.012045E+00
  1.384554E+00  1.100000E+02     3  2.700037E-01  8.276376E+01  3.400988E-02  2.678532E-01
  1.384554E+00  1.100000E+02     4  7.905459E-02  1.180703E+02 -3.719950E-02  6.975547E-02
  1.384554E+00  1.100000E+02     5  3.006608E-02  1.072162E+02 -8.898927E-03  2.871896E-02
  1.384554E+00  1.100000E+02     6  5.353045E-07  1.781819E+02 -5.350351E-07  1.698291E-08
  1.384554E+00  1.200000E+02     1  5.548594E-01 -7.571767E+01  1.368839E-01 -5.377097E-01
  1.384554E+00  1.200000E+02     2  9.633902E-01  1.047139E+02 -2.446932E-01  9.317972E-01
  1.384554E+00  1.200000E+02     3  2.681584E-01  8.248282E+01  3.508142E-02  2.658537E-01
  1.384554E+00  1.200000E+02     4  7.240718E-02  1.170364E+02 -3.291313E-02  6.449439E-02
  1.384554E+00  1.200000E+02     5  4.276311E-02  1.096955E+02 -1.441206E-02  4.026135E-02
  1.384554E+00  1.200000E+02     6  4.648751E-07  1.782249E+02 -4.646520E-07  1.440023E-08
  1.384554E+00  1.300000E+02     1  7.138479E-01 -7.557074E+01  1.778798E-01 -6.913303E-01
  1.384554E+00  1.300000E+02     2  8.509848E-01  1.046384E+02 -2.150590E-01  8.233619E-01
  1.384554E+00  1.300000E+02     3  2.668634E-01  8.227503E+01  3.587124E-02  2.644415E-01
  1.384554E+00  1.300000E+02     4  6.373793E-02  1.154712E+02 -2.741101E-02  5.754268E-02
  1.384554E+00  1.300000E+02     5  5.436240E-02  1.121557E+02 -2.050138E-02  5.034843E-02
  1.384554E+00  1.300000E+02     6  1.761237E-07  1.771449E+02 -1.759050E-07  8.772750E-09
  1.384554E+00  1.400000E+02     1  8.517389E-01 -7.544426E+01  2.140605E-01 -8.244012E-01
  1.384554E+00  1.400000E+02     2  7.130847E-01  1.045349E+02 -1.789622E-01  6.902625E-01
  1.384554E+00  1.400000E+02     3  2.665248E-01  8.218129E+01  3.625778E-02  2.640471E-01
  1.384554E+00  1.400000E+02     4  5.343618E-02  1.134578E+02 -2.127154E-02  4.901986E-02
  1.384554E+00  1.400000E+02     5  6.460305E-02  1.144235E+02 -2.671198E-02  5.882197E-02
  1.384554E+00  1.400000E+02     6  1.970180E-07  6.747787E-01  1.970043E-07  2.320249E-09
  1.384554E+00  1.500000E+02     1  9.641055E-01 -7.534376E+01  2.439371E-01 -9.327347E-01
  1.384554E+00  1.500000E+02     2  5.541321E-01  1.044087E+02 -1.378885E-01  5.367021E-01
  1.384554E+00  1.500000E+02     3  2.671879E-01  8.222184E+01  3.616067E-02  2.647296E-01
  1.384554E+00  1.500000E+02     4  4.183931E-02  1.111841E+02 -1.511930E-02  3.901198E-02
  1.384554E+00  1.500000E+02     5  7.318477E-02  1.162958E+02 -3.242124E-02  6.561154E-02
  1.384554E+00  1.500000E+02     6  4.822904E-07 -2.574101E-01  4.822856E-07 -2.166756E-09
  1.384554E+00  1.600000E+02     1  1.047259E+00 -7.527326E+01  2.662232E-01 -1.012856E+00
  1.384554E+00  1.600000E+02     2  3.790695E-01  1.042617E+02 -9.338421E-02  3.673868E-01
  1.384554E+00  1.600000E+02     3  2.685223E-01  8.238716E+01  3.557343E-02  2.661555E-01
  1.384554E+00  1.600000E+02     4  2.921319E-02  1.088691E+02 -9.447763E-03  2.764327E-02
  1.384554E+00  1.600000E+02     5  7.976616E-02  1.176457E+02 -3.701169E-02  7.065958E-02
  1.384554E+00  1.600000E+02     6  5.467579E-07 -2.769606E-01  5.467515E-07 -2.642949E-09
  1.384554E+00  1.700000E+02     1  1.098416E+00 -7.523307E+01  2.799729E-01 -1.062137E+00
  1.384554E+00  1.700000E+02     2  1.931197E-01  1.040440E+02 -4.686365E-02  1.873473E-01
  1.384554E+00  1.700000E+02     3  2.699634E-01  8.264352E+01  3.456672E-02  2.677412E-01
  1.384554E+00  1.700000E+02     4  1.578862E-02  1.063804E+02 -4.452611E-03  1.514777E-02
  1.384554E+00  1.700000E+02     5  8.400157E-02  1.184351E+02 -3.999840E-02  7.386739E-02
  1.384554E+00  1.700000E+02     6  3.574249E-07  1.938918E-01  3.574229E-07  1.209541E-09
  1.384554E+00  1.800000E+02     1  1.115810E+00 -7.522078E+01  2.846376E-01 -1.078894E+00
  1.384554E+00  1.800000E+02     2  1.856317E-03  7.464406E+01  4.915801E-04  1.790046E-03
  1.384554E+00  1.800000E+02     3  2.709518E-01  8.294682E+01  3.327031E-02  2.689014E-01
  1.384554E+00  1.800000E+02     4  1.899067E-03  8.912046E+01  2.915129E-05  1.898843E-03
  1.384554E+00  1.800000E+02     5  8.559827E-02  1.186856E+02 -4.108738E-02  7.509255E-02
  1.384554E+00  1.800000E+02     6  7.855349E-09  8.324301E+01  9.242485E-10  7.800786E-09
  1.384554E+00  1.900000E+02     1  1.098768E+00 -7.523305E+01  2.800628E-01 -1.062476E+00
  1.384554E+00  1.900000E+02     2  1.900752E-01 -7.546801E+01  4.769375E-02 -1.839942E-01
  1.384554E+00  1.900000E+02     3  2.711693E-01  8.325440E+01  3.185183E-02  2.692921E-01
  1.384554E+00  1.900000E+02     4  1.242863E-02 -6.916745E+01  4.420093E-03 -1.161609E-02
  1.384554E+00  1.900000E+02     5  8.437443E-02  1.184412E+02 -4.018395E-02  7.419094E-02
  1.384554E+00  1.900000E+02     6  3.551718E-07  1.776855E+02 -3.548821E-07  1.434353E-08
  1.384554E+00  2.000000E+02     1  1.047764E+00 -7.526677E+01  2.664661E-01 -1.013313E+00
  1.384554E+00  2.000000E+02     2  3.765465E-01 -7.557513E+01  9.380160E-02 -3.646759E-01
  1.384554E+00  2.000000E+02     3  2.706595E-01  8.353028E+01  3.049738E-02  2.689358E-01
  1.384554E+00  2.000000E+02     4  2.649852E-02 -6.973488E+01  9.178149E-03 -2.485826E-02
  1.384554E+00  2.000000E+02     5  8.030248E-02  1.177462E+02 -3.738534E-02  7.106915E-02
  1.384554E+00  2.000000E+02     6  5.428208E-07  1.780868E+02 -5.425182E-07  1.812205E-08
  1.384554E+00  2.100000E+02     1  9.644294E-01 -7.531874E+01  2.444265E-01 -9.329415E-01
  1.384554E+00  2.100000E+02     2  5.523876E-01 -7.555876E+01  1.377583E-01 -5.349344E-01
  1.384554E+00  2.100000E+02     3  2.697773E-01  8.374604E+01  2.938835E-02  2.681718E-01
  1.384554E+00  2.100000E+02     4  4.004715E-02 -6.868236E+01  1.455866E-02 -3.730710E-02
  1.384554E+00  2.100000E+02     5  7.352575E-02  1.166475E+02 -3.297632E-02  6.571605E-02
  1.384554E+00  2.100000E+02     6  4.766493E-07  1.778692E+02 -4.763197E-07  1.772232E-08
  1.384554E+00  2.200000E+02     1  8.515201E-01 -7.538403E+01  2.148718E-01 -8.239640E-01
  1.384554E+00  2.200000E+02     2  7.122448E-01 -7.550161E+01  1.783125E-01 -6.895631E-01
  1.384554E+00  2.200000E+02     3  2.689956E-01  8.388104E+01  2.867307E-02  2.674630E-01
  1.384554E+00  2.200000E+02     4  5.265593E-02 -6.711184E+01  2.047966E-02 -4.851010E-02
  1.384554E+00  2.200000E+02     5  6.434247E-02  1.152207E+02 -2.741677E-02  5.820889E-02
  1.384554E+00  2.200000E+02     6  1.908091E-07  1.758987E+02 -1.903205E-07  1.364666E-08
  1.384554E+00  2.300000E+02     1  7.127964E-01 -7.545362E+01  1.790286E-01 -6.899475E-01
  1.384554E+00  2.300000E+02     2  8.510146E-01 -7.543117E+01  2.140666E-01 -8.236512E-01
  1.384554E+00  2.300000E+02     3  2.686679E-01  8.392333E+01  2.844095E-02  2.671583E-01
  1.384554E+00  2.300000E+02     4  6.387526E-02 -6.544949E+01  2.653987E-02 -5.810064E-02
  1.384554E+00  2.300000E+02     5  5.316009E-02  1.136079E+02 -2.128931E-02  4.871099E-02
  1.384554E+00  2.300000E+02     6  1.818496E-07  2.531350E+00  1.816722E-07  8.031575E-09
  1.384554E+00  2.400000E+02     1  5.528254E-01 -7.551171E+01  1.383070E-01 -5.352449E-01
  1.384554E+00  2.400000E+02     2  9.641024E-01 -7.536309E+01  2.436217E-01 -9.328140E-01
  1.384554E+00  2.400000E+02     3  2.688618E-01  8.387054E+01  2.870781E-02  2.673248E-01
  1.384554E+00  2.400000E+02     4  7.322657E-02 -6.395470E+01  3.215244E-02 -6.579021E-02
  1.384554E+00  2.400000E+02     5  4.043553E-02  1.120539E+02 -1.518271E-02  3.747689E-02
  1.384554E+00  2.400000E+02     6  4.680112E-07  4.426386E-01  4.679972E-07  3.615585E-09
  1.384554E+00  2.500000E+02     1  3.767166E-01 -7.552930E+01  9.413579E-02 -3.647654E-01
  1.384554E+00  2.500000E+02     2  1.047687E+00 -7.530644E+01  2.657449E-01 -1.013423E+00
  1.384554E+00  2.500000E+02     3  2.693379E-01  8.372956E+01  2.941751E-02  2.677266E-01
  1.384554E+00  2.500000E+02     4  8.024695E-02 -6.277544E+01  3.671131E-02 -7.135722E-02
  1.384554E+00  2.500000E+02     5  2.662703E-02  1.109677E+02 -9.528263E-03  2.486385E-02
  1.384554E+00  2.500000E+02     6  5.352925E-07  2.626121E-01  5.352869E-07  2.453476E-09
  1.384554E+00  2.600000E+02     1  1.898561E-01 -7.541454E+01  4.781027E-02 -1.837376E-01
  1.384554E+00  2.600000E+02     2  1.098936E+00 -7.526605E+01  2.794935E-01 -1.062800E+00
  1.384554E+00  2.600000E+02     3  2.696840E-01  8.351432E+01  3.046214E-02  2.679581E-01
  1.384554E+00  2.600000E+02     4  8.456226E-02 -6.198419E+01  3.972018E-02 -7.465309E-02
  1.384554E+00  2.600000E+02     5  1.217973E-02  1.114691E+02 -4.457784E-03  1.133464E-02
  1.384554E+00  2.600000E+02     6  3.501706E-07  8.149185E-01  3.501352E-07  4.980313E-09
  1.384554E+00  2.700000E+02     1  2.515702E-03  8.012979E+01  4.312338E-04  2.478466E-03
  1.384554E+00  2.700000E+02     2  1.116147E+00 -7.524472E+01  2.842728E-01 -1.079340E+00
  1.384554E+00  2.700000E+02     3  2.695396E-01  8.324294E+01  3.171396E-02  2.676674E-01
  1.384554E+00  2.700000E+02     4  8.595853E-02 -6.161841E+01  4.085966E-02 -7.562643E-02
  1.384554E+00  2.700000E+02     5  2.572884E-03 -8.488338E+01  2.294580E-04 -2.562632E-03
  1.384554E+00  2.700000E+02     6  9.946726E-09  9.798396E+01 -1.381559E-09  9.850313E-09
  1.384554E+00  2.800000E+02     1  1.942758E-01  1.040096E+02 -4.703114E-02  1.884971E-01
  1.384554E+00  2.800000E+02     2  1.098813E+00 -7.524514E+01  2.798501E-01 -1.062579E+00
  1.384554E+00  2.800000E+02     3  2.687970E-01  8.293722E+01  3.305042E-02  2.667574E-01
  1.384554E+00  2.800000E+02     4  8.442367E-02 -6.171222E+01  4.000841E-02 -7.434166E-02
  1.384554E+00  2.800000E+02     5  1.697789E-02 -7.306056E+01  4.946691E-03 -1.624127E-02
  1.384554E+00  2.800000E+02     6  3.522778E-07  1.776235E+02 -3.519748E-07  1.460776E-08
  1.384554E+00  2.900000E+02     1  3.806382E-01  1.042328E+02 -9.358468E-02  3.689544E-01
  1.384554E+00  2.900000E+02     2  1.047616E+00 -7.527060E+01  2.663610E-01 -1.013189E+00
  1.384554E+00  2.900000E+02     3  2.676727E-01  8.262600E+01  3.435458E-02  2.654589E-01
  1.384554E+00  2.900000E+02     4  8.014421E-02 -6.230630E+01  3.724660E-02 -7.096327E-02
  1.384554E+00  2.900000E+02     5  3.084030E-02 -7.090078E+01  1.009110E-02 -2.914264E-02
  1.384554E+00  2.900000E+02     6  5.350031E-07  1.781936E+02 -5.347372E-07  1.686504E-08
  1.384554E+00  3.000000E+02     1  5.559775E-01  1.043789E+02 -1.380679E-01  5.385613E-01
  1.384554E+00  3.000000E+02     2  9.643733E-01 -7.532416E+01  2.443240E-01 -9.329104E-01
  1.384554E+00  3.000000E+02     3  2.666100E-01  8.234888E+01  3.549663E-02  2.642364E-01
  1.384554E+00  3.000000E+02     4  7.345665E-02 -6.343077E+01  3.285560E-02 -6.569923E-02
  1.384554E+00  3.000000E+02     5  4.376660E-02 -6.880701E+01  1.582209E-02 -4.080657E-02
  1.384554E+00  3.000000E+02     6  4.648317E-07  1.780966E+02 -4.645752E-07  1.543884E-08
  1.384554E+00  3.100000E+02     1  7.150116E-01  1.045063E+02 -1.791007E-01  6.922171E-01
  1.384554E+00  3.100000E+02     2  8.519306E-01 -7.540702E+01  2.146447E-01 -8.244474E-01
  1.384554E+00  3.100000E+02     3  2.660693E-01  8.215299E+01  3.632602E-02  2.635778E-01
  1.384554E+00  3.100000E+02     4  6.476799E-02 -6.506854E+01  2.730190E-02 -5.873244E-02
  1.384554E+00  3.100000E+02     5  5.545330E-02 -6.667333E+01  2.195801E-02 -5.092066E-02
  1.384554E+00  3.100000E+02     6  1.763931E-07  1.764496E+02 -1.760546E-07  1.092342E-08
  1.384554E+00  3.200000E+02     1  8.527769E-01  1.046145E+02 -2.151676E-01  8.251857E-01
  1.384554E+00  3.200000E+02     2  7.140192E-01 -7.551728E+01  1.785677E-01 -6.913299E-01
  1.384554E+00  3.200000E+02     3  2.663135E-01  8.207956E+01  3.669744E-02  2.637729E-01
  1.384554E+00  3.200000E+02     4  5.447080E-02 -6.712097E+01  2.117752E-02 -5.018546E-02
  1.384554E+00  3.200000E+02     5  6.561067E-02 -6.471112E+01  2.802772E-02 -5.932290E-02
  1.384554E+00  3.200000E+02     6  1.967065E-07  1.584983E+00  1.966312E-07  5.440832E-09
  1.384554E+00  3.300000E+02     1  9.648614E-01  1.046971E+02 -2.447934E-01  9.332919E-01
  1.384554E+00  3.300000E+02     2  5.550686E-01 -7.565195E+01  1.375524E-01 -5.377550E-01
  1.384554E+00  3.300000E+02     3  2.672928E-01  8.214734E+01  3.651917E-02  2.647863E-01
  1.384554E+00  3.300000E+02     4  4.288457E-02 -6.941340E+01  1.507919E-02 -4.014604E-02
  1.384554E+00  3.300000E+02     5  7.393843E-02 -6.312318E+01  3.342563E-02 -6.595164E-02
  1.384554E+00  3.300000E+02     6  4.817030E-07  1.999807E-01  4.817000E-07  1.681295E-09
  1.384554E+00  3.400000E+02     1  1.047615E+00  1.047503E+02 -2.667295E-01  1.013091E+00
  1.384554E+00  3.400000E+02     2  3.799946E-01 -7.581892E+01  9.309383E-02 -3.684148E-01
  1.384554E+00  3.400000E+02     3  2.686700E-01  8.234492E+01  3.578932E-02  2.662756E-01
  1.384554E+00  3.400000E+02     4  3.025152E-02 -7.180528E+01  9.445958E-03 -2.873897E-02
  1.384554E+00  3.400000E+02     5  8.012845E-02 -6.203069E+01  3.758012E-02 -7.076937E-02
  1.384554E+00  3.400000E+02     6  5.459769E-07  1.750986E-01  5.459743E-07  1.668529E-09
  1.384554E+00  3.500000E+02     1  1.098309E+00  1.047743E+02 -2.800811E-01  1.061996E+00
  1.384554E+00  3.500000E+02     2  1.939961E-01 -7.611424E+01  4.655651E-02 -1.883268E-01
  1.384554E+00  3.500000E+02     3  2.699723E-01  8.263694E+01  3.459864E-02  2.677461E-01
  1.384554E+00  3.500000E+02     4  1.679165E-02 -7.473457E+01  4.421092E-03 -1.619918E-02
  1.384554E+00  3.500000E+02     5  8.389284E-02 -6.147040E+01  4.006829E-02 -7.370577E-02
  1.384554E+00  3.500000E+02     6  3.565314E-07  9.341763E-01  3.564840E-07  5.812792E-09
  1.352721E+00  0.000000E+00     1  1.071611E+00  1.087869E+02 -3.451111E-01  1.014519E+00
  1.352721E+00  0.000000E+00     2  2.596495E-03 -1.059595E+02 -7.139268E-04 -2.496416E-03
  1.352721E+00  0.000000E+00     3  2.413863E-01  8.780924E+01  9.227386E-03  2.412099E-01
  1.352721E+00  0.000000E+00     4  2.743073E-03 -9.233812E+01 -1.119080E-04 -2.740789E-03
  1.352721E+00  0.000000E+00     5  8.902611E-02 -5.825623E+01  4.683854E-02 -7.570864E-02
  1.352721E+00  0.000000E+00     6  1.156557E-08  9.751332E+01 -1.512274E-09  1.146627E-08
  1.352721E+00  1.000000E+01     1  1.054792E+00  1.087619E+02 -3.392585E-01  9.987437E-01
  1.352721E+00  1.000000E+01     2  1.816557E-01  1.088140E+02 -5.858331E-02  1.719499E-01
  1.352721E+00  1.000000E+01     3  2.416221E-01  8.818964E+01  7.633212E-03  2.415015E-01
  1.352721E+00  1.000000E+01     4  1.206378E-02  1.174100E+02 -5.553617E-03  1.070944E-02
  1.352721E+00  1.000000E+01     5  8.726640E-02 -5.867028E+01  4.537523E-02 -7.454202E-02
  1.352721E+00  1.000000E+01     6  4.166557E-07  1.770083E+02 -4.160879E-07  2.174591E-08
  1.352721E+00  2.000000E+01     1  1.005322E+00  1.087214E+02 -3.226752E-01  9.521308E-01
  1.352721E+00  2.000000E+01     2  3.605578E-01  1.086115E+02 -1.150717E-01  3.417022E-01
  1.352721E+00  2.000000E+01     3  2.413116E-01  8.856934E+01  6.024849E-03  2.412364E-01
  1.352721E+00  2.000000E+01     4  2.650816E-02  1.154500E+02 -1.139116E-02  2.393583E-02
  1.352721E+00  2.000000E+01     5  8.252863E-02 -5.947069E+01  4.192281E-02 -7.108764E-02
  1.352721E+00  2.000000E+01     6  6.346259E-07  1.774866E+02 -6.340153E-07  2.783040E-08
  1.352721E+00  3.000000E+01     1  9.248389E-01  1.086683E+02 -2.960302E-01  8.761810E-01
  1.352721E+00  3.000000E+01     2  5.294086E-01  1.085876E+02 -1.687512E-01  5.017933E-01
  1.352721E+00  3.000000E+01     3  2.408883E-01  8.888336E+01  4.694375E-03  2.408426E-01
  1.352721E+00  3.000000E+01     4  4.056562E-02  1.160389E+02 -1.780754E-02  3.644806E-02
  1.352721E+00  3.000000E+01     5  7.504261E-02 -6.062605E+01  3.680897E-02 -6.539490E-02
  1.352721E+00  3.000000E+01     6  5.566027E-07  1.771865E+02 -5.559317E-07  2.732111E-08
  1.352721E+00  4.000000E+01     1  8.160681E-01  1.086065E+02 -2.603808E-01  7.734138E-01
  1.352721E+00  4.000000E+01     2  6.830376E-01  1.086135E+02 -2.180140E-01  6.473101E-01
  1.352721E+00  4.000000E+01     3  2.408060E-01  8.907289E+01  3.896334E-03  2.407745E-01
  1.352721E+00  4.000000E+01     4  5.376873E-02  1.172611E+02 -2.462858E-02  4.779654E-02
  1.352721E+00  4.000000E+01     5  6.520079E-02 -6.207873E+01  3.053078E-02 -5.761089E-02
  1.352721E+00  4.000000E+01     6  2.233233E-07  1.746613E+02 -2.223545E-07  2.077856E-08
  1.352721E+00  5.000000E+01     1  6.827086E-01  1.085446E+02 -2.171301E-01  6.472601E-01
  1.352721E+00  5.000000E+01     2  8.164778E-01  1.086551E+02 -2.611670E-01  7.735811E-01
  1.352721E+00  5.000000E+01     3  2.413077E-01  8.910516E+01  3.768549E-03  2.412783E-01
  1.352721E+00  5.000000E+01     4  6.558714E-02  1.185875E+02 -3.138351E-02  5.759122E-02
  1.352721E+00  5.000000E+01     5  5.350129E-02 -6.369564E+01  2.370853E-02 -4.796138E-02
  1.352721E+00  5.000000E+01     6  2.111827E-07  3.102588E+00  2.108732E-07  1.143004E-08
  1.352721E+00  6.000000E+01     1  5.292215E-01  1.084985E+02 -1.679115E-01  5.018776E-01
  1.352721E+00  6.000000E+01     2  9.252515E-01  1.086975E+02 -2.966088E-01  8.764209E-01
  1.352721E+00  6.000000E+01     3  2.422969E-01  8.898578E+01  4.288783E-03  2.422590E-01
  1.352721E+00  6.000000E+01     4  7.546160E-02  1.197724E+02 -3.747094E-02  6.550100E-02
  1.352721E+00  6.000000E+01     5  4.046981E-02 -6.521032E+01  1.696853E-02 -3.674064E-02
  1.352721E+00  6.000000E+01     6  5.445212E-07  3.838666E-01  5.445090E-07  3.648121E-09
  1.352721E+00  7.000000E+01     1  3.605447E-01  1.085017E+02 -1.144128E-01  3.419097E-01
  1.352721E+00  7.000000E+01     2  1.005650E+00  1.087345E+02 -3.229977E-01  9.523674E-01
  1.352721E+00  7.000000E+01     3  2.433641E-01  8.875533E+01  5.286327E-03  2.433067E-01
  1.352721E+00  7.000000E+01     4  8.287516E-02  1.207105E+02 -4.232443E-02  7.125261E-02
  1.352721E+00  7.000000E+01     5  2.658939E-02 -6.610943E+01  1.076847E-02 -2.431123E-02
  1.352721E+00  7.000000E+01     6  6.232505E-07  8.274057E-02  6.232499E-07  9.000329E-10
  1.352721E+00  8.000000E+01     1  1.818079E-01  1.086716E+02 -5.820470E-02  1.722392E-01
  1.352721E+00  8.000000E+01     2  1.054938E+00  1.087642E+02 -3.393459E-01  9.988686E-01
  1.352721E+00  8.000000E+01     3  2.439578E-01  8.847116E+01  6.508843E-03  2.438709E-01
  1.352721E+00  8.000000E+01     4  8.742676E-02  1.213680E+02 -4.550854E-02  7.464859E-02
  1.352721E+00  8.000000E+01     5  1.227424E-02 -6.474259E+01  5.237243E-03 -1.110082E-02
  1.352721E+00  8.000000E+01     6  4.073927E-07  5.795891E-01  4.073719E-07  4.121008E-09
  1.352721E+00  9.000000E+01     1  2.290889E-03 -1.067659E+02 -6.608350E-04 -2.193506E-03
  1.352721E+00  9.000000E+01     2  1.071476E+00  1.087851E+02 -3.450361E-01  1.014402E+00
  1.352721E+00  9.000000E+01     3  2.436370E-01  8.818417E+01  7.720111E-03  2.435147E-01
  1.352721E+00  9.000000E+01     4  8.888684E-02  1.217262E+02 -4.674203E-02  7.560458E-02
  1.352721E+00  9.000000E+01     5  2.417415E-03  8.692369E+01  1.297331E-04  2.413932E-03
  1.352721E+00  9.000000E+01     6  1.172418E-08  1.057423E+02 -3.180900E-09  1.128443E-08
  1.352721E+00  1.000000E+02     1  1.854406E-01 -7.210295E+01  5.698730E-02 -1.764671E-01
  1.352721E+00  1.000000E+02     2  1.054763E+00  1.087938E+02 -3.398064E-01  9.985272E-01
  1.352721E+00  1.000000E+02     3  2.422963E-01  8.792344E+01  8.779570E-03  2.421371E-01
  1.352721E+00  1.000000E+02     4  8.722627E-02  1.217429E+02 -4.589053E-02  7.417871E-02
  1.352721E+00  1.000000E+02     5  1.652697E-02  1.077759E+02 -5.045605E-03  1.573793E-02
  1.352721E+00  1.000000E+02     6  4.131051E-07  1.774486E+02 -4.126955E-07  1.838956E-08
  1.352721E+00  1.100000E+02     1  3.638331E-01 -7.182409E+01  1.134925E-01 -3.456791E-01
  1.352721E+00  1.100000E+02     2  1.005437E+00  1.087843E+02 -3.237571E-01  9.518847E-01
  1.352721E+00  1.100000E+02     3  2.402526E-01  8.769641E+01  9.656825E-03  2.400585E-01
  1.352721E+00  1.100000E+02     4  8.261552E-02  1.213428E+02 -4.297307E-02  7.055947E-02
  1.352721E+00  1.100000E+02     5  3.037281E-02  1.107655E+02 -1.076850E-02  2.839976E-02
  1.352721E+00  1.100000E+02     6  6.262511E-07  1.780408E+02 -6.258850E-07  2.140984E-08
  1.352721E+00  1.200000E+02     1  5.319848E-01 -7.165550E+01  1.674315E-01 -5.049501E-01
  1.352721E+00  1.200000E+02     2  9.252364E-01  1.087494E+02 -2.973984E-01  8.761373E-01
  1.352721E+00  1.200000E+02     3  2.381421E-01  8.750229E+01  1.037812E-02  2.379159E-01
  1.352721E+00  1.200000E+02     4  7.539448E-02  1.204388E+02 -3.819617E-02  6.500292E-02
  1.352721E+00  1.200000E+02     5  4.355981E-02  1.133256E+02 -1.724773E-02  3.999966E-02
  1.352721E+00  1.200000E+02     6  5.442096E-07  1.780761E+02 -5.439028E-07  1.827020E-08
  1.352721E+00  1.300000E+02     1  6.848464E-01 -7.151383E+01  2.171482E-01 -6.495084E-01
  1.352721E+00  1.300000E+02     2  8.169270E-01  1.086839E+02 -2.616996E-01  7.738754E-01
  1.352721E+00  1.300000E+02     3  2.366661E-01  8.734733E+01  1.095319E-02  2.364125E-01
  1.352721E+00  1.300000E+02     4  6.601731E-02  1.189809E+02 -3.198658E-02  5.775071E-02
  1.352721E+00  1.300000E+02     5  5.581197E-02  1.158033E+02 -2.429402E-02  5.024716E-02
  1.352721E+00  1.300000E+02     6  2.080054E-07  1.772726E+02 -2.077698E-07  9.897790E-09
  1.352721E+00  1.400000E+02     1  8.175886E-01 -7.139504E+01  2.608446E-01 -7.748620E-01
  1.352721E+00  1.400000E+02     2  6.841715E-01  1.085871E+02 -2.180771E-01  6.484851E-01
  1.352721E+00  1.400000E+02     3  2.363028E-01  8.724984E+01  1.133800E-02  2.360306E-01
  1.352721E+00  1.400000E+02     4  5.497702E-02  1.170112E+02 -2.496865E-02  4.897999E-02
  1.352721E+00  1.400000E+02     5  6.679103E-02  1.180169E+02 -3.137389E-02  5.896372E-02
  1.352721E+00  1.400000E+02     6  2.262888E-07 -4.191125E-02  2.262888E-07 -1.655278E-10
  1.352721E+00  1.500000E+02     1  9.258605E-01 -7.130417E+01  2.967790E-01 -8.770062E-01
  1.352721E+00  1.500000E+02     2  5.313367E-01  1.084631E+02 -1.682713E-01  5.039876E-01
  1.352721E+00  1.500000E+02     3  2.371097E-01  8.723275E+01  1.144737E-02  2.368332E-01
  1.352721E+00  1.500000E+02     4  4.272263E-02  1.146890E+02 -1.784490E-02  3.881730E-02
  1.352721E+00  1.500000E+02     5  7.608651E-02  1.197788E+02 -3.778863E-02  6.603920E-02
  1.352721E+00  1.500000E+02     6  5.589502E-07 -7.594816E-01  5.589011E-07 -7.408923E-09
  1.352721E+00  1.600000E+02     1  1.006032E+00 -7.124392E+01  3.234795E-01 -9.526077E-01
  1.352721E+00  1.600000E+02     2  3.632451E-01  1.083123E+02 -1.141303E-01  3.448497E-01
  1.352721E+00  1.600000E+02     3  2.387023E-01  8.731251E+01  1.119236E-02  2.384398E-01
  1.352721E+00  1.600000E+02     4  2.960056E-02  1.122189E+02 -1.119336E-02  2.740259E-02
  1.352721E+00  1.600000E+02     5  8.325206E-02  1.209952E+02 -4.287203E-02  7.136452E-02
  1.352721E+00  1.600000E+02     6  6.349974E-07 -7.648636E-01  6.349408E-07 -8.476575E-09
  1.352721E+00  1.700000E+02     1  1.055370E+00 -7.121279E+01  3.398867E-01 -9.991413E-01
  1.352721E+00  1.700000E+02     2  1.849232E-01  1.080784E+02 -5.738501E-02  1.757940E-01
  1.352721E+00  1.700000E+02     3  2.404193E-01  8.749258E+01  1.051805E-02  2.401891E-01
  1.352721E+00  1.700000E+02     4  1.585732E-02  1.093966E+02 -5.266287E-03  1.495730E-02
  1.352721E+00  1.700000E+02     5  8.786604E-02  1.216636E+02 -4.612365E-02  7.478669E-02
  1.352721E+00  1.700000E+02     6  4.151048E-07 -3.816342E-01  4.150956E-07 -2.764898E-09
  1.352721E+00  1.800000E+02     1  1.072149E+00 -7.120665E+01  3.453990E-01 -1.014989E+00
  1.352721E+00  1.800000E+02     2  1.718328E-03  7.390636E+01  4.763341E-04  1.650986E-03
  1.352721E+00  1.800000E+02     3  2.416078E-01  8.776132E+01  9.437797E-03  2.414234E-01
  1.352721E+00  1.800000E+02     4  1.817641E-03  8.709416E+01  9.214485E-05  1.815303E-03
  1.352721E+00  1.800000E+02     5  8.959438E-02  1.218329E+02 -4.725601E-02  7.611848E-02
  1.352721E+00  1.800000E+02     6  7.265389E-09  9.140556E+01 -1.782144E-10  7.263203E-09
  1.352721E+00  1.900000E+02     1  1.055715E+00 -7.122114E+01  3.398521E-01 -9.995175E-01
  1.352721E+00  1.900000E+02     2  1.822443E-01 -7.138468E+01  5.817471E-02 -1.727098E-01
  1.352721E+00  1.900000E+02     3  2.419010E-01  8.809014E+01  8.061857E-03  2.417666E-01
  1.352721E+00  1.900000E+02     4  1.276302E-02 -6.527424E+01  5.338457E-03 -1.159291E-02
  1.352721E+00  1.900000E+02     5  8.824563E-02  1.215597E+02 -4.618657E-02  7.519369E-02
  1.352721E+00  1.900000E+02     6  4.150091E-07  1.776248E+02 -4.146525E-07  1.719955E-08
  1.352721E+00  2.000000E+02     1  1.006535E+00 -7.125310E+01  3.234884E-01 -9.531356E-01
  1.352721E+00  2.000000E+02     2  3.610149E-01 -7.151171E+01  1.144817E-01 -3.423824E-01
  1.352721E+00  2.000000E+02     3  2.413560E-01  8.843268E+01  6.601434E-03  2.412657E-01
  1.352721E+00  2.000000E+02     4  2.710563E-02 -6.612295E+01  1.097169E-02 -2.478583E-02
  1.352721E+00  2.000000E+02     5  8.381166E-02  1.208843E+02 -4.302105E-02  7.192762E-02
  1.352721E+00  2.000000E+02     6  6.329419E-07  1.779426E+02 -6.325339E-07  2.272257E-08
  1.352721E+00  2.100000E+02     1  9.262096E-01 -7.130024E+01  2.969511E-01 -8.773165E-01
  1.352721E+00  2.100000E+02     2  5.297858E-01 -7.150666E+01  1.680451E-01 -5.024279E-01
  1.352721E+00  2.100000E+02     3  2.403888E-01  8.872972E+01  5.329105E-03  2.403297E-01
  1.352721E+00  2.100000E+02     4  4.108316E-02 -6.515906E+01  1.725906E-02 -3.728205E-02
  1.352721E+00  2.100000E+02     5  7.648505E-02  1.198361E+02 -3.805294E-02  6.634710E-02
  1.352721E+00  2.100000E+02     6  5.548726E-07  1.777708E+02 -5.544526E-07  2.158332E-08
  1.352721E+00  2.200000E+02     1  8.174484E-01 -7.135903E+01  2.612867E-01 -7.745651E-01
  1.352721E+00  2.200000E+02     2  6.834234E-01 -7.145954E+01  2.173110E-01 -6.479533E-01
  1.352721E+00  2.200000E+02     3  2.395453E-01  8.892302E+01  4.502443E-03  2.395029E-01
  1.352721E+00  2.200000E+02     4  5.427555E-02 -6.365467E+01  2.408643E-02 -4.863826E-02
  1.352721E+00  2.200000E+02     5  6.664315E-02  1.184657E+02 -3.176435E-02  5.858614E-02
  1.352721E+00  2.200000E+02     6  2.213996E-07  1.762157E+02 -2.209169E-07  1.461254E-08
  1.352721E+00  2.300000E+02     1  6.839540E-01 -7.142181E+01  2.179067E-01 -6.483130E-01
  1.352721E+00  2.300000E+02     2  8.169653E-01 -7.139896E+01  2.605927E-01 -7.742891E-01
  1.352721E+00  2.300000E+02     3  2.392285E-01  8.897413E+01  4.283097E-03  2.391901E-01
  1.352721E+00  2.300000E+02     4  6.617046E-02 -6.207396E+01  3.098971E-02 -5.846510E-02
  1.352721E+00  2.300000E+02     5  5.479420E-02  1.168925E+02 -2.478439E-02  4.886858E-02
  1.352721E+00  2.300000E+02     6  2.123042E-07  1.426188E+00  2.122384E-07  5.284061E-09
  1.352721E+00  2.400000E+02     1  5.302096E-01 -7.147360E+01  1.684697E-01 -5.027328E-01
  1.352721E+00  2.400000E+02     2  9.259030E-01 -7.134007E+01  2.962431E-01 -8.772322E-01
  1.352721E+00  2.400000E+02     3  2.395094E-01  8.887889E+01  4.686193E-03  2.394636E-01
  1.352721E+00  2.400000E+02     4  7.618999E-02 -6.067377E+01  3.731646E-02 -6.642587E-02
  1.352721E+00  2.400000E+02     5  4.149459E-02  1.153544E+02 -1.776863E-02  3.749769E-02
  1.352721E+00  2.400000E+02     6  5.457779E-07 -2.040450E-01  5.457744E-07 -1.943651E-09
  1.352721E+00  2.500000E+02     1  3.611873E-01 -7.148533E+01  1.146941E-01 -3.424931E-01
  1.352721E+00  2.500000E+02     2  1.006475E+00 -7.129068E+01  3.228439E-01 -9.532906E-01
  1.352721E+00  2.500000E+02     3  2.401048E-01  8.866800E+01  5.581420E-03  2.400399E-01
  1.352721E+00  2.500000E+02     4  8.376851E-02 -5.958027E+01  4.241457E-02 -7.223688E-02
  1.352721E+00  2.500000E+02     5  2.726663E-02  1.142828E+02 -1.121314E-02  2.485427E-02
  1.352721E+00  2.500000E+02     6  6.243984E-07 -3.410072E-01  6.243873E-07 -3.716208E-09
  1.352721E+00  2.600000E+02     1  1.820536E-01 -7.136312E+01  5.817875E-02 -1.725073E-01
  1.352721E+00  2.600000E+02     2  1.055894E+00 -7.125409E+01  3.393345E-01 -9.998818E-01
  1.352721E+00  2.600000E+02     3  2.405300E-01  8.839214E+01  6.748965E-03  2.404353E-01
  1.352721E+00  2.600000E+02     4  8.844974E-02 -5.884020E+01  4.576626E-02 -7.568888E-02
  1.352721E+00  2.600000E+02     5  1.255661E-02  1.148828E+02 -5.283369E-03  1.139099E-02
  1.352721E+00  2.600000E+02     6  4.083512E-07  9.486993E-02  4.083506E-07  6.761446E-10
  1.352721E+00  2.700000E+02     1  2.273811E-03  8.191581E+01  3.197616E-04  2.251215E-03
  1.352721E+00  2.700000E+02     2  1.072489E+00 -7.123206E+01  3.450582E-01 -1.015464E+00
  1.352721E+00  2.700000E+02     3  2.403587E-01  8.810010E+01  7.968697E-03  2.402266E-01
  1.352721E+00  2.700000E+02     4  8.996834E-02 -5.847216E+01  4.704559E-02 -7.668777E-02
  1.352721E+00  2.700000E+02     5  2.397789E-03 -8.440738E+01  2.336758E-04 -2.386375E-03
  1.352721E+00  2.700000E+02     6  9.323833E-09  1.048675E+02 -2.392352E-09  9.011687E-09
  1.352721E+00  2.800000E+02     1  1.859798E-01  1.080506E+02 -5.762718E-02  1.768264E-01
  1.352721E+00  2.800000E+02     2  1.055759E+00 -7.122714E+01  3.397616E-01 -9.995947E-01
  1.352721E+00  2.800000E+02     3  2.394588E-01  8.782317E+01  9.095555E-03  2.392860E-01
  1.352721E+00  2.800000E+02     4  8.829339E-02 -5.850508E+01  4.612649E-02 -7.528658E-02
  1.352721E+00  2.800000E+02     5  1.697222E-02 -7.003381E+01  5.795429E-03 -1.595209E-02
  1.352721E+00  2.800000E+02     6  4.124855E-07  1.776076E+02 -4.121259E-07  1.721807E-08
  1.352721E+00  2.900000E+02     1  3.646823E-01  1.082792E+02 -1.143820E-01  3.462802E-01
  1.352721E+00  2.900000E+02     2  1.006371E+00 -7.124359E+01  3.235941E-01 -9.529273E-01
  1.352721E+00  2.900000E+02     3  2.380817E-01  8.757459E+01  1.007533E-02  2.378684E-01
  1.352721E+00  2.900000E+02     4  8.362488E-02 -5.899103E+01  4.308122E-02 -7.167377E-02
  1.352721E+00  2.900000E+02     5  3.114341E-02 -6.765834E+01  1.183851E-02 -2.880559E-02
  1.352721E+00  2.900000E+02     6  6.259202E-07  1.780495E+02 -6.255576E-07  2.130338E-08
  1.352721E+00  3.000000E+02     1  5.330281E-01  1.084262E+02 -1.684815E-01  5.057005E-01
  1.352721E+00  3.000000E+02     2  9.261049E-01 -7.128635E+01  2.971302E-01 -8.771453E-01
  1.352721E+00  3.000000E+02     3  2.367534E-01  8.736180E+01  1.089753E-02  2.365024E-01
  1.352721E+00  3.000000E+02     4  7.634594E-02 -5.998744E+01  3.818746E-02 -6.610916E-02
  1.352721E+00  3.000000E+02     5  4.455527E-02 -6.543613E+01  1.852195E-02 -4.052295E-02
  1.352721E+00  3.000000E+02     6  5.441742E-07  1.779742E+02 -5.438341E-07  1.923664E-08
  1.352721E+00  3.100000E+02     1  6.859345E-01  1.085514E+02 -2.182341E-01  6.502922E-01
  1.352721E+00  3.100000E+02     2  8.177574E-01 -7.135875E+01  2.613893E-01 -7.748566E-01
  1.352721E+00  3.100000E+02     3  2.360286E-01  8.719947E+01  1.153214E-02  2.357467E-01
  1.352721E+00  3.100000E+02     4  6.694353E-02 -6.151484E+01  3.192745E-02 -5.883939E-02
  1.352721E+00  3.100000E+02     5  5.689061E-02 -6.324122E+01  2.561416E-02 -5.079819E-02
  1.352721E+00  3.100000E+02     6  2.083104E-07  1.767221E+02 -2.079696E-07  1.191108E-08
  1.352721E+00  3.200000E+02     1  8.185596E-01  1.086546E+02 -2.618264E-01  7.755557E-01
  1.352721E+00  3.200000E+02     2  6.850018E-01 -7.146068E+01  2.178001E-01 -6.494540E-01
  1.352721E+00  3.200000E+02     3  2.362345E-01  8.711180E+01  1.190319E-02  2.359344E-01
  1.352721E+00  3.200000E+02     4  5.591550E-02 -6.351102E+01  2.493975E-02 -5.004550E-02
  1.352721E+00  3.200000E+02     5  6.778321E-02 -6.128745E+01  3.256411E-02 -5.944865E-02
  1.352721E+00  3.200000E+02     6  2.258354E-07  6.979642E-01  2.258186E-07  2.751008E-09
  1.352721E+00  3.300000E+02     1  9.265666E-01  1.087301E+02 -2.975300E-01  8.774973E-01
  1.352721E+00  3.300000E+02     2  5.321882E-01 -7.159007E+01  1.680722E-01 -5.049515E-01
  1.352721E+00  3.300000E+02     3  2.373257E-01  8.712334E+01  1.191044E-02  2.370266E-01
  1.352721E+00  3.300000E+02     4  4.368807E-02 -6.582134E+01  1.789390E-02 -3.985543E-02
  1.352721E+00  3.300000E+02     5  7.682538E-02 -5.976151E+01  3.868929E-02 -6.637227E-02
  1.352721E+00  3.300000E+02     6  5.581824E-07 -3.958073E-01  5.581690E-07 -3.855971E-09
  1.352721E+00  3.400000E+02     1  1.006363E+00  1.087755E+02 -3.239096E-01  9.528113E-01
  1.352721E+00  3.400000E+02     2  3.641053E-01 -7.175475E+01  1.139959E-01 -3.458000E-01
  1.352721E+00  3.400000E+02     3  2.389088E-01  8.724782E+01  1.147148E-02  2.386333E-01
  1.352721E+00  3.400000E+02     4  3.057516E-02 -6.830052E+01  1.130481E-02 -2.840848E-02
  1.352721E+00  3.400000E+02     5  8.360661E-02 -5.875360E+01  4.336839E-02 -7.147900E-02
  1.352721E+00  3.400000E+02     6  6.339847E-07 -4.142695E-01  6.339682E-07 -4.583902E-09
  1.352721E+00  3.500000E+02     1  1.055268E+00  1.087930E+02 -3.399543E-01  9.990105E-01
  1.352721E+00  3.500000E+02     2  1.857479E-01 -7.204967E+01  5.724609E-02 -1.767065E-01
  1.352721E+00  3.500000E+02     3  2.404216E-01  8.748289E+01  1.055875E-02  2.401896E-01
  1.352721E+00  3.500000E+02     4  1.680422E-02 -7.138621E+01  5.363696E-03 -1.592522E-02
  1.352721E+00  3.500000E+02     5  8.776310E-02 -5.826670E+01  4.616041E-02 -7.464300E-02
  1.352721E+00  3.500000E+02     6  4.139201E-07  1.769596E-01  4.139181E-07  1.278402E-09
  1.322987E+00  0.000000E+00     1  1.030000E+00  1.129683E+02 -4.019282E-01  9.483426E-01
  1.322987E+00  0.000000E+00     2  2.334344E-03 -1.039267E+02 -5.618299E-04 -2.265725E-03
  1.322987E+00  0.000000E+00     3  2.148393E-01  9.264930E+01 -9.930429E-03  2.146096E-01
  1.322987E+00  0.000000E+00     4  2.547842E-03 -9.192395E+01 -8.553839E-05 -2.546406E-03
  1.322987E+00  0.000000E+00     5  9.232367E-02 -5.494324E+01  5.302957E-02 -7.557462E-02
  1.322987E+00  0.000000E+00     6  1.076687E-08  1.039513E+02 -2.595865E-09  1.044926E-08
  1.322987E+00  1.000000E+01     1  1.013794E+00  1.129445E+02 -3.952165E-01  9.335861E-01
  1.322987E+00  1.000000E+01     2  1.742964E-01  1.130684E+02 -6.829442E-02  1.603593E-01
  1.322987E+00  1.000000E+01     3  2.150927E-01  9.307810E+01 -1.154986E-02  2.147824E-01
  1.322987E+00  1.000000E+01     4  1.236453E-02  1.215187E+02 -6.463890E-03  1.054039E-02
  1.322987E+00  1.000000E+01     5  9.046376E-02 -5.533204E+01  5.145756E-02 -7.440303E-02
  1.322987E+00  1.000000E+01     6  4.825424E-07  1.769490E+02 -4.818584E-07  2.568327E-08
  1.322987E+00  2.000000E+01     1  9.661100E-01  1.129107E+02 -3.761035E-01  8.898959E-01
  1.322987E+00  2.000000E+01     2  3.458813E-01  1.128603E+02 -1.343698E-01  3.187140E-01
  1.322987E+00  2.000000E+01     3  2.147491E-01  9.356724E+01 -1.336167E-02  2.143330E-01
  1.322987E+00  2.000000E+01     4  2.695540E-02  1.194445E+02 -1.325073E-02  2.347363E-02
  1.322987E+00  2.000000E+01     5  8.541696E-02 -5.604318E+01  4.771117E-02 -7.084985E-02
  1.322987E+00  2.000000E+01     6  7.338145E-07  1.773203E+02 -7.330120E-07  3.430750E-08
  1.322987E+00  3.000000E+01     1  8.885393E-01  1.128686E+02 -3.453037E-01  8.186986E-01
  1.322987E+00  3.000000E+01     2  5.080084E-01  1.128259E+02 -1.970727E-01  4.682253E-01
  1.322987E+00  3.000000E+01     3  2.142751E-01  9.399873E+01 -1.494233E-02  2.137535E-01
  1.322987E+00  3.000000E+01     4  4.132989E-02  1.199342E+02 -2.062384E-02  3.581644E-02
  1.322987E+00  3.000000E+01     5  7.744974E-02 -5.706459E+01  4.210891E-02 -6.500233E-02
  1.322987E+00  3.000000E+01     6  6.426256E-07  1.770858E+02 -6.417946E-07  3.267138E-08
  1.322987E+00  4.000000E+01     1  7.837491E-01  1.128203E+02 -3.039711E-01  7.224017E-01
  1.322987E+00  4.000000E+01     2  6.557076E-01  1.128384E+02 -2.545017E-01  6.043024E-01
  1.322987E+00  4.000000E+01     3  2.141562E-01  9.425465E+01 -1.588813E-02  2.135661E-01
  1.322987E+00  4.000000E+01     4  5.501134E-02  1.210372E+02 -2.836353E-02  4.713553E-02
  1.322987E+00  4.000000E+01     5  6.702153E-02 -5.836783E+01  3.515038E-02 -5.706432E-02
  1.322987E+00  4.000000E+01     6  2.570529E-07  1.751331E+02 -2.561261E-07  2.180872E-08
  1.322987E+00  5.000000E+01     1  6.553742E-01  1.127721E+02 -2.536734E-01  6.042889E-01
  1.322987E+00  5.000000E+01     2  7.841400E-01  1.128651E+02 -3.046875E-01  7.225241E-01
  1.322987E+00  5.000000E+01     3  2.146533E-01  9.426626E+01 -1.596838E-02  2.140586E-01
  1.322987E+00  5.000000E+01     4  6.739833E-02  1.222189E+02 -3.593374E-02  5.702017E-02
  1.322987E+00  5.000000E+01     5  5.472679E-02 -5.985050E+01  2.748696E-02 -4.732323E-02
  1.322987E+00  5.000000E+01     6  2.441374E-07  1.626717E+00  2.440390E-07  6.930514E-09
  1.322987E+00  6.000000E+01     1  5.077968E-01  1.127384E+02 -1.962756E-01  4.683305E-01
  1.322987E+00  6.000000E+01     2  8.889159E-01  1.128931E+02 -3.458005E-01  8.188977E-01
  1.322987E+00  6.000000E+01     3  2.156727E-01  9.404543E+01 -1.521514E-02  2.151354E-01
  1.322987E+00  6.000000E+01     4  7.783607E-02  1.232522E+02 -4.267950E-02  6.509158E-02
  1.322987E+00  6.000000E+01     5  4.119724E-02 -6.126590E+01  1.980539E-02 -3.612422E-02
  1.322987E+00  6.000000E+01     6  6.295435E-07 -4.565502E-01  6.295235E-07 -5.016341E-09
  1.322987E+00  7.000000E+01     1  3.458331E-01  1.127510E+02 -1.337431E-01  3.189253E-01
  1.322987E+00  7.000000E+01     2  9.663998E-01  1.129187E+02 -3.763394E-01  8.901108E-01
  1.322987E+00  7.000000E+01     3  2.167910E-01  9.367882E+01 -1.391007E-02  2.163443E-01
  1.322987E+00  7.000000E+01     4  8.572221E-02  1.240615E+02 -4.801157E-02  7.101540E-02
  1.322987E+00  7.000000E+01     5  2.699260E-02 -6.209567E+01  1.263245E-02 -2.385418E-02
  1.322987E+00  7.000000E+01     6  7.210492E-07 -6.833188E-01  7.209980E-07 -8.599147E-09
  1.322987E+00  8.000000E+01     1  1.744143E-01  1.129256E+02 -6.794048E-02  1.606376E-01
  1.322987E+00  8.000000E+01     2  1.013922E+00  1.129418E+02 -3.952233E-01  9.337223E-01
  1.322987E+00  8.000000E+01     3  2.174260E-01  9.328723E+01 -1.246752E-02  2.170683E-01
  1.322987E+00  8.000000E+01     4  9.059534E-02  1.246419E+02 -5.149853E-02  7.453468E-02
  1.322987E+00  8.000000E+01     5  1.253524E-02 -6.065316E+01  6.143460E-03 -1.092658E-02
  1.322987E+00  8.000000E+01     6  4.714788E-07 -2.977179E-01  4.714724E-07 -2.449867E-09
  1.322987E+00  9.000000E+01     1  2.053813E-03 -1.048861E+02 -5.276214E-04 -1.984884E-03
  1.322987E+00  9.000000E+01     2  1.029887E+00  1.129626E+02 -4.017900E-01  9.482787E-01
  1.322987E+00  9.000000E+01     3  2.170995E-01  9.297252E+01 -1.125813E-02  2.168074E-01
  1.322987E+00  9.000000E+01     4  9.218890E-02  1.249942E+02 -5.286979E-02  7.552204E-02
  1.322987E+00  9.000000E+01     5  2.237666E-03  8.750263E+01  9.750313E-05  2.235541E-03
  1.322987E+00  9.000000E+01     6  1.088256E-08  1.119958E+02 -4.075938E-09  1.009043E-08
  1.322987E+00  1.000000E+02     1  1.775796E-01 -6.783744E+01  6.698936E-02 -1.644596E-01
  1.322987E+00  1.000000E+02     2  1.013801E+00  1.129777E+02 -3.957604E-01  9.333628E-01
  1.322987E+00  1.000000E+02     3  2.156837E-01  9.277967E+01 -1.045965E-02  2.154299E-01
  1.322987E+00  1.000000E+02     4  9.045373E-02  1.250818E+02 -5.198786E-02  7.402121E-02
  1.322987E+00  1.000000E+02     5  1.636405E-02  1.116046E+02 -6.025224E-03  1.521442E-02
  1.322987E+00  1.000000E+02     6  4.790316E-07  1.773003E+02 -4.784999E-07  2.256287E-08
  1.322987E+00  1.100000E+02     1  3.487144E-01 -6.756383E+01  1.330882E-01 -3.223186E-01
  1.322987E+00  1.100000E+02     2  9.662680E-01  1.129798E+02 -3.772381E-01  8.895872E-01
  1.322987E+00  1.100000E+02     3  2.135061E-01  9.268986E+01 -1.001976E-02  2.132709E-01
  1.322987E+00  1.100000E+02     4  8.555549E-02  1.248174E+02 -4.884898E-02  7.023901E-02
  1.322987E+00  1.100000E+02     5  3.040587E-02  1.147514E+02 -1.273040E-02  2.761256E-02
  1.322987E+00  1.100000E+02     6  7.256764E-07  1.777504E+02 -7.251172E-07  2.848426E-08
  1.322987E+00  1.200000E+02     1  5.102375E-01 -6.740292E+01  1.960579E-01 -4.710664E-01
  1.322987E+00  1.200000E+02     2  8.889650E-01  1.129595E+02 -3.467682E-01  8.185417E-01
  1.322987E+00  1.200000E+02     3  2.112451E-01  9.264462E+01 -9.747066E-03  2.110202E-01
  1.322987E+00  1.200000E+02     4  7.785157E-02  1.240855E+02 -4.363036E-02  6.447680E-02
  1.322987E+00  1.200000E+02     5  4.399577E-02  1.173543E+02 -2.021568E-02  3.907626E-02
  1.322987E+00  1.200000E+02     6  6.306247E-07  1.777759E+02 -6.301496E-07  2.447355E-08
  1.322987E+00  1.300000E+02     1  6.572795E-01 -6.727194E+01  2.539450E-01 -6.062411E-01
  1.322987E+00  1.300000E+02     2  7.845855E-01  1.129087E+02 -3.054105E-01  7.227025E-01
  1.322987E+00  1.300000E+02     3  2.096591E-01  9.258604E+01 -9.459718E-03  2.094456E-01
  1.322987E+00  1.300000E+02     4  6.784864E-02  1.227944E+02 -3.674860E-02  5.703489E-02
  1.322987E+00  1.300000E+02     5  5.683328E-02  1.197881E+02 -2.823444E-02  4.932381E-02
  1.322987E+00  1.300000E+02     6  2.422996E-07  1.771819E+02 -2.420066E-07  1.191258E-08
  1.322987E+00  1.400000E+02     1  7.851163E-01 -6.716646E+01  3.046685E-01 -7.235916E-01
  1.322987E+00  1.400000E+02     2  6.567271E-01  1.128240E+02 -2.547461E-01  6.053057E-01
  1.322987E+00  1.400000E+02     3  2.092730E-01  9.249121E+01 -9.096272E-03  2.090752E-01
  1.322987E+00  1.400000E+02     4  5.613414E-02  1.209378E+02 -2.885895E-02  4.814772E-02
  1.322987E+00  1.400000E+02     5  6.848513E-02  1.218814E+02 -3.617133E-02  5.815366E-02
  1.322987E+00  1.400000E+02     6  2.589990E-07 -8.090019E-01  2.589732E-07 -3.656879E-09
  1.322987E+00  1.500000E+02     1  8.894647E-01 -6.709031E+01  3.462505E-01 -8.193034E-01
  1.322987E+00  1.500000E+02     2  5.096900E-01  1.127075E+02 -1.967540E-01  4.701827E-01
  1.322987E+00  1.500000E+02     3  2.101594E-01  9.238442E+01 -8.743450E-03  2.099774E-01
  1.322987E+00  1.500000E+02     4  4.327718E-02  1.186313E+02 -2.073722E-02  3.798529E-02
  1.322987E+00  1.500000E+02     5  7.842135E-02  1.234763E+02 -4.325658E-02  6.541236E-02
  1.322987E+00  1.500000E+02     6  6.436548E-07 -1.345720E+00  6.434773E-07 -1.511629E-08
  1.322987E+00  1.600000E+02     1  9.667560E-01 -6.704434E+01  3.770529E-01 -8.901957E-01
  1.322987E+00  1.600000E+02     2  3.481974E-01  1.125573E+02 -1.335711E-01  3.215590E-01
  1.322987E+00  1.600000E+02     3  2.119070E-01  9.232451E+01 -8.594792E-03  2.117326E-01
  1.322987E+00  1.600000E+02     4  2.972600E-02  1.160448E+02 -1.305190E-02  2.670736E-02
  1.322987E+00  1.600000E+02     5  8.609573E-02  1.245189E+02 -4.878861E-02  7.093762E-02
  1.322987E+00  1.600000E+02     6  7.325513E-07 -1.338677E+00  7.323514E-07 -1.711401E-08
  1.322987E+00  1.700000E+02     1  1.014321E+00 -6.702481E+01  3.959225E-01 -9.338593E-01
  1.322987E+00  1.700000E+02     2  1.771050E-01  1.123098E+02 -6.723161E-02  1.638478E-01
  1.322987E+00  1.700000E+02     3  2.137966E-01  9.237739E+01 -8.868561E-03  2.136126E-01
  1.322987E+00  1.700000E+02     4  1.576164E-02  1.128624E+02 -6.123695E-03  1.452342E-02
  1.322987E+00  1.700000E+02     5  9.102561E-02  1.250452E+02 -5.226891E-02  7.452263E-02
  1.322987E+00  1.700000E+02     6  4.790932E-07 -1.027970E+00  4.790161E-07 -8.595174E-09
  1.322987E+00  1.800000E+02     1  1.030489E+00 -6.702561E+01  4.022200E-01 -9.487497E-01
  1.322987E+00  1.800000E+02     2  1.574929E-03  7.205565E+01  4.852246E-04  1.498318E-03
  1.322987E+00  1.800000E+02     3  2.151154E-01  9.258544E+01 -9.703674E-03  2.148964E-01
  1.322987E+00  1.800000E+02     4  1.731058E-03  8.390547E+01  1.837850E-04  1.721275E-03
  1.322987E+00  1.800000E+02     5  9.285116E-02  1.251313E+02 -5.343136E-02  7.593700E-02
  1.322987E+00  1.800000E+02     6  6.756396E-09  9.896381E+01 -1.052718E-09  6.673880E-09
  1.322987E+00  1.900000E+02     1  1.014632E+00 -6.704119E+01  3.957769E-01 -9.342585E-01
  1.322987E+00  1.900000E+02     2  1.748289E-01 -6.710107E+01  6.802710E-02 -1.610511E-01
  1.322987E+00  1.900000E+02     3  2.154648E-01  9.294331E+01 -1.106364E-02  2.151805E-01
  1.322987E+00  1.900000E+02     4  1.299683E-02 -6.074718E+01  6.351083E-03 -1.133937E-02
  1.322987E+00  1.900000E+02     5  9.137939E-02  1.248460E+02 -5.221173E-02  7.499419E-02
  1.322987E+00  1.900000E+02     6  4.807217E-07  1.773962E+02 -4.802254E-07  2.183920E-08
  1.322987E+00  2.000000E+02     1  9.672072E-01 -6.706844E+01  3.768543E-01 -8.907697E-01
  1.322987E+00  2.000000E+02     2  3.462666E-01 -6.725151E+01  1.338967E-01 -3.193309E-01
  1.322987E+00  2.000000E+02     3  2.149111E-01  9.338795E+01 -1.270049E-02  2.145355E-01
  1.322987E+00  2.000000E+02     4  2.747334E-02 -6.197093E+01  1.291026E-02 -2.425097E-02
  1.322987E+00  2.000000E+02     5  8.661933E-02  1.242255E+02 -4.871916E-02  7.161950E-02
  1.322987E+00  2.000000E+02     6  7.319765E-07  1.776401E+02 -7.313557E-07  3.013987E-08
  1.322987E+00  2.100000E+02     1  8.897754E-01 -6.710623E+01  3.461438E-01 -8.196857E-01
  1.322987E+00  2.100000E+02     2  5.082990E-01 -6.726253E+01  1.964623E-01 -4.687968E-01
  1.322987E+00  2.100000E+02     3  2.139073E-01  9.381072E+01 -1.421641E-02  2.134344E-01
  1.322987E+00  2.100000E+02     4  4.175900E-02 -6.117596E+01  2.013291E-02 -3.658525E-02
  1.322987E+00  2.100000E+02     5  7.880245E-02  1.232802E+02 -4.324153E-02  6.587865E-02
  1.322987E+00  2.100000E+02     6  6.407904E-07  1.774921E+02 -6.401767E-07  2.803887E-08
  1.322987E+00  2.200000E+02     1  7.849885E-01 -6.715290E+01  3.047901E-01 -7.234016E-01
  1.322987E+00  2.200000E+02     2  6.559995E-01 -6.723108E+01  2.538819E-01 -6.048796E-01
  1.322987E+00  2.200000E+02     3  2.130395E-01  9.409277E+01 -1.520495E-02  2.124962E-01
  1.322987E+00  2.200000E+02     4  5.543057E-02 -5.981872E+01  2.786703E-02 -4.791635E-02
  1.322987E+00  2.200000E+02     5  6.837375E-02  1.220324E+02 -3.626539E-02  5.796370E-02
  1.322987E+00  2.200000E+02     6  2.551536E-07  1.762176E+02 -2.545978E-07  1.683160E-08
  1.322987E+00  2.300000E+02     1  6.564862E-01 -6.720273E+01  2.543698E-01 -6.052026E-01
  1.322987E+00  2.300000E+02     2  7.845355E-01 -6.718625E+01  3.041932E-01 -7.231614E-01
  1.322987E+00  2.300000E+02     3  2.127358E-01  9.415293E+01 -1.540609E-02  2.121772E-01
  1.322987E+00  2.300000E+02     4  6.790635E-02 -5.839678E+01  3.558522E-02 -5.783566E-02
  1.322987E+00  2.300000E+02     5  5.593762E-02  1.205733E+02 -2.845215E-02  4.816111E-02
  1.322987E+00  2.300000E+02     6  2.454459E-07  4.638059E-01  2.454379E-07  1.986848E-09
  1.322987E+00  2.400000E+02     1  5.086736E-01 -6.724232E+01  1.967725E-01 -4.690729E-01
  1.322987E+00  2.400000E+02     2  8.894832E-01 -6.714205E+01  3.455178E-01 -8.196328E-01
  1.322987E+00  2.400000E+02     3  2.130703E-01  9.398438E+01 -1.480509E-02  2.125553E-01
  1.322987E+00  2.400000E+02     4  7.850776E-02 -5.715743E+01  4.257732E-02 -6.595939E-02
  1.322987E+00  2.400000E+02     5  4.215556E-02  1.191256E+02 -2.051821E-02  3.682518E-02
  1.322987E+00  2.400000E+02     6  6.308320E-07 -8.583095E-01  6.307612E-07 -9.449717E-09
  1.322987E+00  2.500000E+02     1  3.463988E-01 -6.724338E+01  1.339931E-01 -3.194338E-01
  1.322987E+00  2.500000E+02     2  9.671478E-01 -6.710440E+01  3.762720E-01 -8.909513E-01
  1.322987E+00  2.500000E+02     3  2.137391E-01  9.365693E+01 -1.363276E-02  2.133039E-01
  1.322987E+00  2.500000E+02     4  8.657461E-02 -5.620021E+01  4.816081E-02 -7.194234E-02
  1.322987E+00  2.500000E+02     5  2.762447E-02  1.181369E+02 -1.302715E-02  2.435990E-02
  1.322987E+00  2.500000E+02     6  7.221491E-07 -9.644781E-01  7.220468E-07 -1.215559E-08
  1.322987E+00  2.600000E+02     1  1.746256E-01 -6.711097E+01  6.792022E-02 -1.608756E-01
  1.322987E+00  2.600000E+02     2  1.014801E+00 -6.707463E+01  3.952973E-01 -9.346453E-01
  1.322987E+00  2.600000E+02     3  2.142186E-01  9.328155E+01 -1.226241E-02  2.138674E-01
  1.322987E+00  2.600000E+02     4  9.158201E-02 -5.554352E+01  5.181528E-02 -7.551450E-02
  1.322987E+00  2.600000E+02     5  1.279584E-02  1.189098E+02 -6.185915E-03  1.120125E-02
  1.322987E+00  2.600000E+02     6  4.723327E-07 -6.053315E-01  4.723063E-07 -4.990115E-09
  1.322987E+00  2.700000E+02     1  2.040188E-03  8.351297E+01  2.304971E-04  2.027125E-03
  1.322987E+00  2.700000E+02     2  1.030814E+00 -6.705309E+01  4.018916E-01 -9.492418E-01
  1.322987E+00  2.700000E+02     3  2.140397E-01  9.295768E+01 -1.104411E-02  2.137546E-01
  1.322987E+00  2.700000E+02     4  9.322390E-02 -5.518581E+01  5.322309E-02 -7.653755E-02
  1.322987E+00  2.700000E+02     5  2.213211E-03 -8.424293E+01  2.220092E-04 -2.202048E-03
  1.322987E+00  2.700000E+02     6  9.204138E-09  1.122091E+02 -3.479051E-09  8.521289E-09
  1.322987E+00  2.800000E+02     1  1.780734E-01  1.122932E+02 -6.755159E-02  1.647632E-01
  1.322987E+00  2.800000E+02     2  1.014695E+00 -6.704203E+01  3.957874E-01 -9.343219E-01
  1.322987E+00  2.800000E+02     3  2.130496E-01  9.273352E+01 -1.016050E-02  2.128071E-01
  1.322987E+00  2.800000E+02     4  9.145135E-02 -5.514985E+01  5.225824E-02 -7.504949E-02
  1.322987E+00  2.800000E+02     5  1.679525E-02 -6.652536E+01  6.690274E-03 -1.540522E-02
  1.322987E+00  2.800000E+02     6  4.786562E-07  1.773798E+02 -4.781558E-07  2.188178E-08
  1.322987E+00  2.900000E+02     1  3.494920E-01  1.125231E+02 -1.338749E-01  3.228345E-01
  1.322987E+00  2.900000E+02     2  9.670826E-01 -6.704674E+01  3.771430E-01 -8.905121E-01
  1.322987E+00  2.900000E+02     3  2.115158E-01  9.259812E+01 -9.588073E-03  2.112984E-01
  1.322987E+00  2.900000E+02     4  8.646648E-02 -5.549829E+01  4.897728E-02 -7.125783E-02
  1.322987E+00  2.900000E+02     5  3.115217E-02 -6.393740E+01  1.368680E-02 -2.798445E-02
  1.322987E+00  2.900000E+02     6  7.256014E-07  1.777340E+02 -7.250340E-07  2.868968E-08
  1.322987E+00  3.000000E+02     1  5.111957E-01  1.126655E+02 -1.969896E-01  4.717162E-01
  1.322987E+00  3.000000E+02     2  8.897020E-01 -6.707421E+01  3.465732E-01 -8.194246E-01
  1.322987E+00  3.000000E+02     3  2.100135E-01  9.250535E+01 -9.180263E-03  2.098128E-01
  1.322987E+00  3.000000E+02     4  7.867948E-02 -5.631602E+01  4.363656E-02 -6.546992E-02
  1.322987E+00  3.000000E+02     5  4.496168E-02 -6.163441E+01  2.136111E-02 -3.956331E-02
  1.322987E+00  3.000000E+02     6  6.308511E-07  1.776704E+02 -6.303298E-07  2.564294E-08
  1.322987E+00  3.100000E+02     1  6.582815E-01  1.127823E+02 -2.549069E-01  6.069242E-01
  1.322987E+00  3.100000E+02     2  7.852852E-01 -6.713035E+01  3.051900E-01 -7.235551E-01
  1.322987E+00  3.100000E+02     3  2.091569E-01  9.241251E+01 -8.804223E-03  2.089715E-01
  1.322987E+00  3.100000E+02     4  6.863849E-02 -5.766435E+01  3.671323E-02 -5.799466E-02
  1.322987E+00  3.100000E+02     5  5.788084E-02 -5.944641E+01  2.942338E-02 -4.984432E-02
  1.322987E+00  3.100000E+02     6  2.428584E-07  1.766740E+02 -2.424493E-07  1.408979E-08
  1.322987E+00  3.200000E+02     1  7.860113E-01  1.128743E+02 -3.055306E-01  7.241994E-01
  1.322987E+00  3.200000E+02     2  6.574406E-01 -6.721744E+01  2.545841E-01 -6.061478E-01
  1.322987E+00  3.200000E+02     3  2.093171E-01  9.231052E+01 -8.438688E-03  2.091470E-01
  1.322987E+00  3.200000E+02     4  5.693965E-02 -5.952663E+01  2.887625E-02 -4.907429E-02
  1.322987E+00  3.200000E+02     5  6.944863E-02 -5.757340E+01  3.723966E-02 -5.862013E-02
  1.322987E+00  3.200000E+02     6  2.582713E-07 -1.293738E-01  2.582706E-07 -5.831756E-10
  1.322987E+00  3.300000E+02     1  8.901150E-01  1.129372E+02 -3.468968E-01  8.197362E-01
  1.322987E+00  3.300000E+02     2  5.104475E-01 -6.733503E+01  1.966968E-01 -4.710276E-01
  1.322987E+00  3.300000E+02     3  2.104579E-01  9.223046E+01 -8.190827E-03  2.102984E-01
  1.322987E+00  3.300000E+02     4  4.412626E-02 -6.178492E+01  2.086213E-02 -3.888314E-02
  1.322987E+00  3.300000E+02     5  7.913961E-02 -5.617288E+01  4.405614E-02 -6.574295E-02
  1.322987E+00  3.300000E+02     6  6.426242E-07 -1.019824E+00  6.425224E-07 -1.143765E-08
  1.322987E+00  3.400000E+02     1  9.670610E-01  1.129706E+02 -3.774045E-01  8.903779E-01
  1.322987E+00  3.400000E+02     2  3.489874E-01 -6.749164E+01  1.335987E-01 -3.224028E-01
  1.322987E+00  3.400000E+02     3  2.121556E-01  9.222823E+01 -8.248651E-03  2.119952E-01
  1.322987E+00  3.400000E+02     4  3.060558E-02 -6.431221E+01  1.326651E-02 -2.758081E-02
  1.322987E+00  3.400000E+02     5  8.644490E-02 -5.529641E+01  4.921577E-02 -7.106707E-02
  1.322987E+00  3.400000E+02     6  7.312810E-07 -1.034233E+00  7.311619E-07 -1.319947E-08
  1.322987E+00  3.500000E+02     1  1.014230E+00  1.129789E+02 -3.959470E-01  9.337492E-01
  1.322987E+00  3.500000E+02     2  1.778760E-01 -6.778160E+01  6.726169E-02 -1.646685E-01
  1.322987E+00  3.500000E+02     3  2.137925E-01  9.235877E+01 -8.798999E-03  2.136114E-01
  1.322987E+00  3.500000E+02     4  1.662956E-02 -6.758935E+01  6.339890E-03 -1.537361E-02
  1.322987E+00  3.500000E+02     5  9.093890E-02 -5.491021E+01  5.227709E-02 -7.441096E-02
  1.322987E+00  3.500000E+02     6  4.776483E-07 -5.664164E-01  4.776250E-07 -4.721874E-09
  1.295132E+00  0.000000E+00     1  9.909448E-01  1.172953E+02 -4.544234E-01  8.806083E-01
  1.295132E+00  0.000000E+00     2  2.139470E-03 -1.016065E+02 -4.304389E-04 -2.095723E-03
  1.295132E+00  0.000000E+00     3  1.901613E-01  9.738158E+01 -2.443130E-02  1.885854E-01
  1.295132E+00  0.000000E+00     4  2.381947E-03 -9.068318E+01 -2.840092E-05 -2.381778E-03
  1.295132E+00  0.000000E+00     5  9.549226E-02 -5.143862E+01  5.952536E-02 -7.466929E-02
  1.295132E+00  0.000000E+00     6  1.006987E-08  1.114499E+02 -3.682430E-09  9.372409E-09
  1.295132E+00  1.000000E+01     1  9.753123E-01  1.172735E+02 -4.469255E-01  8.668863E-01
  1.295132E+00  1.000000E+01     2  1.673554E-01  1.175085E+02 -7.729807E-02  1.484346E-01
  1.295132E+00  1.000000E+01     3  1.904402E-01  9.789253E+01 -2.615036E-02  1.886362E-01
  1.295132E+00  1.000000E+01     4  1.260330E-02  1.262543E+02 -7.453213E-03  1.016330E-02
  1.295132E+00  1.000000E+01     5  9.353081E-02 -5.179218E+01  5.785028E-02 -7.349394E-02
  1.295132E+00  1.000000E+01     6  5.531265E-07  1.766738E+02 -5.521947E-07  3.209263E-08
  1.295132E+00  2.000000E+01     1  9.293248E-01  1.172494E+02 -4.255054E-01  8.261899E-01
  1.295132E+00  2.000000E+01     2  3.320968E-01  1.172882E+02 -1.522555E-01  2.951382E-01
  1.295132E+00  2.000000E+01     3  1.901272E-01  9.855995E+01 -2.829933E-02  1.880093E-01
  1.295132E+00  2.000000E+01     4  2.732803E-02  1.240416E+02 -1.529811E-02  2.264485E-02
  1.295132E+00  2.000000E+01     5  8.819597E-02 -5.237848E+01  5.383859E-02 -6.985654E-02
  1.295132E+00  2.000000E+01     6  8.397949E-07  1.769490E+02 -8.386045E-07  4.469790E-08
  1.295132E+00  3.000000E+01     1  8.545178E-01  1.172231E+02 -3.909049E-01  7.598645E-01
  1.295132E+00  3.000000E+01     2  4.879444E-01  1.172368E+02 -2.233168E-01  4.338425E-01
  1.295132E+00  3.000000E+01     3  1.896850E-01  9.918289E+01 -3.027115E-02  1.872540E-01
  1.295132E+00  3.000000E+01     4  4.202645E-02  1.243640E+02 -2.372176E-02  3.469151E-02
  1.295132E+00  3.000000E+01     5  7.977660E-02 -5.320536E+01  4.778210E-02 -6.388410E-02
  1.295132E+00  3.000000E+01     6  7.341484E-07  1.767464E+02 -7.329650E-07  4.166691E-08
  1.295132E+00  4.000000E+01     1  7.534848E-01  1.171943E+02 -3.443502E-01  6.701958E-01
  1.295132E+00  4.000000E+01     2  6.301027E-01  1.172287E+02 -2.882989E-01  5.602796E-01
  1.295132E+00  4.000000E+01     3  1.895784E-01  9.955136E+01 -3.145706E-02  1.869504E-01
  1.295132E+00  4.000000E+01     4  5.619918E-02  1.252602E+02 -3.244327E-02  4.588880E-02
  1.295132E+00  4.000000E+01     5  6.878333E-02 -5.427628E+01  4.016103E-02 -5.584119E-02
  1.295132E+00  4.000000E+01     6  2.926034E-07  1.751610E+02 -2.915605E-07  2.468275E-08
  1.295132E+00  5.000000E+01     1  6.297902E-01  1.171666E+02 -2.875497E-01  5.603132E-01
  1.295132E+00  5.000000E+01     2  7.538398E-01  1.172334E+02 -3.449688E-01  6.702768E-01
  1.295132E+00  5.000000E+01     3  1.900500E-01  9.954025E+01 -3.149895E-02  1.874215E-01
  1.295132E+00  5.000000E+01     4  6.915623E-02  1.262078E+02 -4.085164E-02  5.580079E-02
  1.295132E+00  5.000000E+01     5  5.589998E-02 -5.552662E+01  3.164069E-02 -4.608334E-02
  1.295132E+00  5.000000E+01     6  2.799438E-07  3.729438E-01  2.799378E-07  1.822169E-09
  1.295132E+00  6.000000E+01     1  4.877442E-01  1.171516E+02 -2.225807E-01  4.339957E-01
  1.295132E+00  6.000000E+01     2  8.548446E-01  1.172406E+02 -3.912866E-01  7.600355E-01
  1.295132E+00  6.000000E+01     3  1.910134E-01  9.916992E+01 -3.044048E-02  1.885723E-01
  1.295132E+00  6.000000E+01     4  8.014008E-02  1.270104E+02 -4.824107E-02  6.399399E-02
  1.295132E+00  6.000000E+01     5  4.187193E-02 -5.674294E+01  2.296241E-02 -3.501408E-02
  1.295132E+00  6.000000E+01     6  7.209734E-07 -1.289261E+00  7.207909E-07 -1.622186E-08
  1.295132E+00  7.000000E+01     1  3.320591E-01  1.171784E+02 -1.516720E-01  2.953961E-01
  1.295132E+00  7.000000E+01     2  9.295603E-01  1.172495E+02 -4.256141E-01  8.263988E-01
  1.295132E+00  7.000000E+01     3  1.920756E-01  9.859695E+01 -2.871199E-02  1.899175E-01
  1.295132E+00  7.000000E+01     4  8.847002E-02  1.276287E+02 -5.401461E-02  7.006687E-02
  1.295132E+00  7.000000E+01     5  2.735241E-02 -5.742202E+01  1.472782E-02 -2.304877E-02
  1.295132E+00  7.000000E+01     6  8.263164E-07 -1.465866E+00  8.260460E-07 -2.113832E-08
  1.295132E+00  8.000000E+01     1  1.674886E-01  1.173577E+02 -7.696851E-02  1.487558E-01
  1.295132E+00  8.000000E+01     2  9.753963E-01  1.172628E+02 -4.468017E-01  8.670446E-01
  1.295132E+00  8.000000E+01     3  1.926796E-01  9.803933E+01 -2.694680E-02  1.907860E-01
  1.295132E+00  8.000000E+01     4  9.363926E-02  1.280899E+02 -5.776575E-02  7.369823E-02
  1.295132E+00  8.000000E+01     5  1.278236E-02 -5.587761E+01  7.170423E-03 -1.058176E-02
  1.295132E+00  8.000000E+01     6  5.406219E-07 -1.154987E+00  5.405121E-07 -1.089730E-08
  1.295132E+00  9.000000E+01     1  1.826016E-03 -1.026617E+02 -4.002503E-04 -1.781610E-03
  1.295132E+00  9.000000E+01     2  9.908129E-01  1.172822E+02 -4.541620E-01  8.805947E-01
  1.295132E+00  9.000000E+01     3  1.923497E-01  9.767810E+01 -2.569932E-02  1.906251E-01
  1.295132E+00  9.000000E+01     4  9.535735E-02  1.284166E+02 -5.925265E-02  7.471377E-02
  1.295132E+00  9.000000E+01     5  2.035026E-03  8.817855E+01  6.468316E-05  2.033998E-03
  1.295132E+00  9.000000E+01     6  1.053138E-08  1.181137E+02 -4.962632E-09  9.288829E-09
  1.295132E+00  1.000000E+02     1  1.702310E-01 -6.338172E+01  7.627104E-02 -1.521884E-01
  1.295132E+00  1.000000E+02     2  9.753295E-01  1.173049E+02 -4.474078E-01  8.666567E-01
  1.295132E+00  1.000000E+02     3  1.909457E-01  9.758411E+01 -2.520131E-02  1.892753E-01
  1.295132E+00  1.000000E+02     4  9.355918E-02  1.285794E+02 -5.834334E-02  7.313942E-02
  1.295132E+00  1.000000E+02     5  1.614149E-02  1.162084E+02 -7.128696E-03  1.448203E-02
  1.295132E+00  1.000000E+02     6  5.500087E-07  1.769329E+02 -5.492209E-07  2.942876E-08
  1.295132E+00  1.100000E+02     1  3.345919E-01 -6.312184E+01  1.512672E-01 -2.984459E-01
  1.295132E+00  1.100000E+02     2  9.295119E-01  1.173223E+02 -4.266416E-01  8.258143E-01
  1.295132E+00  1.100000E+02     3  1.887832E-01  9.769958E+01 -2.529297E-02  1.870812E-01
  1.295132E+00  1.100000E+02     4  8.839861E-02  1.284820E+02 -5.500775E-02  6.919872E-02
  1.295132E+00  1.100000E+02     5  3.038276E-02  1.194365E+02 -1.493188E-02  2.646036E-02
  1.295132E+00  1.100000E+02     6  8.325501E-07  1.772805E+02 -8.316124E-07  3.950176E-08
  1.295132E+00  1.200000E+02     1  4.899390E-01 -6.297660E+01  2.226059E-01 -4.364480E-01
  1.295132E+00  1.200000E+02     2  8.549618E-01  1.173225E+02 -3.924266E-01  7.595796E-01
  1.295132E+00  1.200000E+02     3  1.865326E-01  9.787707E+01 -2.556395E-02  1.847725E-01
  1.295132E+00  1.200000E+02     4  8.023542E-02  1.279840E+02 -4.938022E-02  6.324015E-02
  1.295132E+00  1.200000E+02     5  4.441027E-02  1.219764E+02 -2.351836E-02  3.767172E-02
  1.295132E+00  1.200000E+02     6  7.234091E-07  1.772870E+02 -7.225983E-07  3.424155E-08
  1.295132E+00  1.300000E+02     1  6.315560E-01 -6.286445E+01  2.880509E-01 -5.620406E-01
  1.295132E+00  1.300000E+02     2  7.542909E-01  1.172943E+02 -3.458883E-01  6.703104E-01
  1.295132E+00  1.300000E+02     3  1.849467E-01  9.795777E+01 -2.560462E-02  1.831658E-01
  1.295132E+00  1.300000E+02     4  6.961355E-02  1.269535E+02 -4.184930E-02  5.562987E-02
  1.295132E+00  1.300000E+02     5  5.787471E-02  1.242476E+02 -3.257018E-02  4.784000E-02
  1.295132E+00  1.300000E+02     6  2.793605E-07  1.767839E+02 -2.789205E-07  1.567293E-08
  1.295132E+00  1.400000E+02     1  7.547996E-01 -6.277980E+01  3.452540E-01 -6.712095E-01
  1.295132E+00  1.400000E+02     2  6.310285E-01  1.172311E+02 -2.887465E-01  5.610904E-01
  1.295132E+00  1.400000E+02     3  1.845527E-01  9.785350E+01 -2.521740E-02  1.828217E-01
  1.295132E+00  1.400000E+02     4  5.720978E-02  1.253332E+02 -3.308612E-02  4.667192E-02
  1.295132E+00  1.400000E+02     5  7.021902E-02  1.261100E+02 -4.138269E-02  5.672903E-02
  1.295132E+00  1.400000E+02     6  2.934700E-07 -1.523787E+00  2.933662E-07 -7.803942E-09
  1.295132E+00  1.500000E+02     1  8.554436E-01 -6.272463E+01  3.920220E-01 -7.603305E-01
  1.295132E+00  1.500000E+02     2  4.894180E-01  1.171321E+02 -2.231957E-01  4.355612E-01
  1.295132E+00  1.500000E+02     3  1.854347E-01  9.759204E+01 -2.449941E-02  1.838092E-01
  1.295132E+00  1.500000E+02     4  4.372548E-02  1.231850E+02 -2.393289E-02  3.659418E-02
  1.295132E+00  1.500000E+02     5  8.078023E-02  1.274504E+02 -4.912038E-02  6.412982E-02
  1.295132E+00  1.500000E+02     6  7.338209E-07 -1.979176E+00  7.333832E-07 -2.534344E-08
  1.295132E+00  1.600000E+02     1  9.299868E-01 -6.269739E+01  4.265757E-01 -8.263829E-01
  1.295132E+00  1.600000E+02     2  3.341023E-01  1.169929E+02 -1.516425E-01  2.977061E-01
  1.295132E+00  1.600000E+02     3  1.871931E-01  9.730260E+01 -2.379403E-02  1.856747E-01
  1.295132E+00  1.600000E+02     4  2.973518E-02  1.206306E+02 -1.515009E-02  2.558624E-02
  1.295132E+00  1.600000E+02     5  8.892017E-02  1.282617E+02 -5.506417E-02  6.981930E-02
  1.295132E+00  1.600000E+02     6  8.368467E-07 -1.968536E+00  8.363528E-07 -2.874625E-08
  1.295132E+00  1.700000E+02     1  9.758407E-01 -6.269183E+01  4.476926E-01 -8.670850E-01
  1.295132E+00  1.700000E+02     2  1.697860E-01  1.167451E+02 -7.640734E-02  1.516219E-01
  1.295132E+00  1.700000E+02     3  1.891070E-01  9.715240E+01 -2.354552E-02  1.876355E-01
  1.295132E+00  1.700000E+02     4  1.557342E-02  1.172583E+02 -7.132679E-03  1.384400E-02
  1.295132E+00  1.700000E+02     5  9.411632E-02  1.286181E+02 -5.874048E-02  7.353528E-02
  1.295132E+00  1.700000E+02     6  5.477251E-07 -1.707880E+00  5.474818E-07 -1.632424E-08
  1.295132E+00  1.800000E+02     1  9.914051E-01 -6.269968E+01  4.547124E-01 -8.809771E-01
  1.295132E+00  1.800000E+02     2  1.436471E-03  7.146095E+01  4.567274E-04  1.361929E-03
  1.295132E+00  1.800000E+02     3  1.904525E-01  9.726896E+01 -2.409744E-02  1.889219E-01
  1.295132E+00  1.800000E+02     4  1.609267E-03  8.176644E+01  2.304611E-04  1.592680E-03
  1.295132E+00  1.800000E+02     5  9.600425E-02  1.286213E+02 -5.992304E-02  7.500697E-02
  1.295132E+00  1.800000E+02     6  6.568761E-09  1.071117E+02 -1.932759E-09  6.277982E-09
  1.295132E+00  1.900000E+02     1  9.760895E-01 -6.271430E+01  4.474665E-01 -8.674817E-01
  1.295132E+00  1.900000E+02     2  1.678622E-01 -6.264161E+01  7.714191E-02 -1.490867E-01
  1.295132E+00  1.900000E+02     3  1.908261E-01  9.768076E+01 -2.550456E-02  1.891141E-01
  1.295132E+00  1.900000E+02     4  1.320092E-02 -5.570422E+01  7.438258E-03 -1.090580E-02
  1.295132E+00  1.900000E+02     5  9.440048E-02  1.283502E+02 -5.857229E-02  7.403200E-02
  1.295132E+00  1.900000E+02     6  5.510862E-07  1.770146E+02 -5.503383E-07  2.870139E-08
  1.295132E+00  2.000000E+02     1  9.303360E-01 -6.273280E+01  4.262248E-01 -8.269568E-01
  1.295132E+00  2.000000E+02     2  3.324406E-01 -6.281158E+01  1.518981E-01 -2.957088E-01
  1.295132E+00  2.000000E+02     3  1.903017E-01  9.829538E+01 -2.745603E-02  1.883106E-01
  1.295132E+00  2.000000E+02     4  2.777387E-02 -5.719710E+01  1.504652E-02 -2.334502E-02
  1.295132E+00  2.000000E+02     5  8.932829E-02  1.278347E+02 -5.479264E-02  7.055005E-02
  1.295132E+00  2.000000E+02     6  8.377064E-07  1.772147E+02 -8.367167E-07  4.070720E-08
  1.295132E+00  2.100000E+02     1  8.556515E-01 -6.275557E+01  3.917066E-01 -7.607270E-01
  1.295132E+00  2.100000E+02     2  4.881834E-01 -6.284231E+01  2.228269E-01 -4.343629E-01
  1.295132E+00  2.100000E+02     3  1.893376E-01  9.892411E+01 -2.937118E-02  1.870456E-01
  1.295132E+00  2.100000E+02     4  4.236101E-02 -5.660489E+01  2.331590E-02 -3.536698E-02
  1.295132E+00  2.100000E+02     5  8.104445E-02  1.270650E+02 -4.884712E-02  6.466964E-02
  1.295132E+00  2.100000E+02     6  7.320408E-07  1.771068E+02 -7.311077E-07  3.694954E-08
  1.295132E+00  2.200000E+02     1  7.546166E-01 -6.278326E+01  3.451297E-01 -6.710675E-01
  1.295132E+00  2.200000E+02     2  6.303445E-01 -6.283277E+01  2.878085E-01 -5.608034E-01
  1.295132E+00  2.200000E+02     3  1.885100E-01  9.935179E+01 -3.063209E-02  1.860046E-01
  1.295132E+00  2.200000E+02     4  5.652380E-02 -5.547152E+01  3.203858E-02 -4.656682E-02
  1.295132E+00  2.200000E+02     5  7.004595E-02  1.260325E+02 -4.120416E-02  5.664497E-02
  1.295132E+00  2.200000E+02     6  2.904287E-07  1.761625E+02 -2.897776E-07  1.943755E-08
  1.295132E+00  2.300000E+02     1  6.308014E-01 -6.281280E+01  2.882127E-01 -5.611095E-01
  1.295132E+00  2.300000E+02     2  7.541977E-01 -6.281069E+01  3.446170E-01 -6.708601E-01
  1.295132E+00  2.300000E+02     3  1.882300E-01  9.942991E+01 -3.083977E-02  1.856864E-01
  1.295132E+00  2.300000E+02     4  6.958939E-02 -5.429669E+01  4.061154E-02 -5.651005E-02
  1.295132E+00  2.300000E+02     5  5.702630E-02  1.247938E+02 -3.254062E-02  4.683062E-02
  1.295132E+00  2.300000E+02     6  2.816387E-07 -7.031414E-01  2.816175E-07 -3.456221E-09
  1.295132E+00  2.400000E+02     1  4.885400E-01 -6.283317E+01  2.230590E-01 -4.346447E-01
  1.295132E+00  2.400000E+02     2  8.553914E-01 -6.278777E+01  3.911601E-01 -7.607156E-01
  1.295132E+00  2.400000E+02     3  1.885676E-01  9.914739E+01 -2.997747E-02  1.861695E-01
  1.295132E+00  2.400000E+02     4  8.076511E-02 -5.330013E+01  4.826711E-02 -6.475561E-02
  1.295132E+00  2.400000E+02     5  4.275981E-02  1.235454E+02 -2.362894E-02  3.563810E-02
  1.295132E+00  2.400000E+02     6  7.226478E-07 -1.661193E+00  7.223441E-07 -2.094900E-08
  1.295132E+00  2.500000E+02     1  3.325753E-01 -6.281792E+01  1.519269E-01 -2.958454E-01
  1.295132E+00  2.500000E+02     2  9.303003E-01 -6.276724E+01  4.257114E-01 -8.271810E-01
  1.295132E+00  2.500000E+02     3  1.892305E-01  9.863534E+01 -2.841204E-02  1.870853E-01
  1.295132E+00  2.500000E+02     4  8.929859E-02 -5.254511E+01  5.430574E-02 -7.088812E-02
  1.295132E+00  2.500000E+02     5  2.793505E-02  1.227374E+02 -1.510698E-02  2.349779E-02
  1.295132E+00  2.500000E+02     6  8.278193E-07 -1.723121E+00  8.274450E-07 -2.489220E-08
  1.295132E+00  2.600000E+02     1  1.676892E-01 -6.267250E+01  7.698208E-02 -1.489746E-01
  1.295132E+00  2.600000E+02     2  9.762680E-01 -6.274792E+01  4.470391E-01 -8.679028E-01
  1.295132E+00  2.600000E+02     3  1.897038E-01  9.809925E+01 -2.672705E-02  1.878116E-01
  1.295132E+00  2.600000E+02     4  9.460991E-02 -5.201766E+01  5.822470E-02 -7.457158E-02
  1.295132E+00  2.600000E+02     5  1.301963E-02  1.237628E+02 -7.235732E-03  1.082382E-02
  1.295132E+00  2.600000E+02     6  5.418895E-07 -1.433000E+00  5.417200E-07 -1.355156E-08
  1.295132E+00  2.700000E+02     1  1.809769E-03  8.474613E+01  1.657185E-04  1.802165E-03
  1.295132E+00  2.700000E+02     2  9.917196E-01 -6.272846E+01  4.544140E-01 -8.814850E-01
  1.295132E+00  2.700000E+02     3  1.895134E-01  9.771877E+01 -2.545371E-02  1.877963E-01
  1.295132E+00  2.700000E+02     4  9.636712E-02 -5.169478E+01  5.973322E-02 -7.562120E-02
  1.295132E+00  2.700000E+02     5  2.017322E-03 -8.450512E+01  1.931724E-04 -2.008052E-03
  1.295132E+00  2.700000E+02     6  8.605694E-09  1.176175E+02 -3.989311E-09  7.625180E-09
  1.295132E+00  2.800000E+02     1  1.706644E-01  1.167247E+02 -7.674838E-02  1.524336E-01
  1.295132E+00  2.800000E+02     2  9.761814E-01 -6.271074E+01  4.475625E-01 -8.675355E-01
  1.295132E+00  2.800000E+02     3  1.884975E-01  9.757032E+01 -2.483320E-02  1.868545E-01
  1.295132E+00  2.800000E+02     4  9.451085E-02 -5.159248E+01  5.871493E-02 -7.405982E-02
  1.295132E+00  2.800000E+02     5  1.655664E-02 -6.228303E+01  7.700564E-03 -1.465686E-02
  1.295132E+00  2.800000E+02     6  5.492705E-07  1.770160E+02 -5.485258E-07  2.859342E-08
  1.295132E+00  2.900000E+02     1  3.352867E-01  1.169502E+02 -1.519573E-01  2.988748E-01
  1.295132E+00  2.900000E+02     2  9.302616E-01 -6.270121E+01  4.266466E-01 -8.266555E-01
  1.295132E+00  2.900000E+02     3  1.869237E-01  9.760735E+01 -2.474563E-02  1.852785E-01
  1.295132E+00  2.900000E+02     4  8.924191E-02 -5.178321E+01  5.520849E-02 -7.011519E-02
  1.295132E+00  2.900000E+02     5  3.109528E-02 -5.951348E+01  1.577574E-02 -2.679632E-02
  1.295132E+00  2.900000E+02     6  8.321668E-07  1.772842E+02 -8.312321E-07  3.943018E-08
  1.295132E+00  3.000000E+02     1  4.908044E-01  1.170812E+02 -2.234404E-01  4.369935E-01
  1.295132E+00  3.000000E+02     2  8.556192E-01 -6.270930E+01  3.923060E-01 -7.603816E-01
  1.295132E+00  3.000000E+02     3  1.853751E-01  9.770096E+01 -2.484077E-02  1.837032E-01
  1.295132E+00  3.000000E+02     4  8.098438E-02 -5.237799E+01  4.943687E-02 -6.414410E-02
  1.295132E+00  3.000000E+02     5  4.532843E-02 -5.721498E+01  2.454482E-02 -3.810799E-02
  1.295132E+00  3.000000E+02     6  7.234042E-07  1.772285E+02 -7.225581E-07  3.497848E-08
  1.295132E+00  3.100000E+02     1  6.324655E-01  1.171822E+02 -2.889237E-01  5.626151E-01
  1.295132E+00  3.100000E+02     2  7.549102E-01 -6.274394E+01  3.457247E-01 -6.710915E-01
  1.295132E+00  3.100000E+02     3  1.844743E-01  9.771762E+01 -2.477322E-02  1.828033E-01
  1.295132E+00  3.100000E+02     4  7.033135E-02 -5.347837E+01  4.185602E-02 -5.652054E-02
  1.295132E+00  3.100000E+02     5  5.886417E-02 -5.514080E+01  3.364451E-02 -4.830153E-02
  1.295132E+00  3.100000E+02     6  2.797664E-07  1.764632E+02 -2.792335E-07  1.725854E-08
  1.295132E+00  3.200000E+02     1  7.556118E-01  1.172556E+02 -3.460411E-01  6.717177E-01
  1.295132E+00  3.200000E+02     2  6.316752E-01 -6.281036E+01  2.886358E-01 -5.618745E-01
  1.295132E+00  3.200000E+02     3  1.846006E-01  9.759416E+01 -2.439596E-02  1.829815E-01
  1.295132E+00  3.200000E+02     4  5.796790E-02 -5.511658E+01  3.315233E-02 -4.755208E-02
  1.295132E+00  3.200000E+02     5  7.111979E-02 -5.345454E+01  4.234902E-02 -5.713655E-02
  1.295132E+00  3.200000E+02     6  2.927507E-07 -1.068996E+00  2.926997E-07 -5.461677E-09
  1.295132E+00  3.300000E+02     1  8.560295E-01  1.172995E+02 -3.926110E-01  7.606860E-01
  1.295132E+00  3.300000E+02     2  4.901308E-01 -6.291053E+01  2.231964E-01 -4.363617E-01
  1.295132E+00  3.300000E+02     3  1.857264E-01  9.737121E+01 -2.382820E-02  1.841915E-01
  1.295132E+00  3.300000E+02     4  4.455970E-02 -5.722155E+01  2.412427E-02 -3.746447E-02
  1.295132E+00  3.300000E+02     5  8.144035E-02 -5.226934E+01  4.983745E-02 -6.441086E-02
  1.295132E+00  3.300000E+02     6  7.327234E-07 -1.759375E+00  7.323780E-07 -2.249612E-08
  1.295132E+00  3.400000E+02     1  9.302535E-01  1.173159E+02 -4.268898E-01  8.265209E-01
  1.295132E+00  3.400000E+02     2  3.348687E-01 -6.305466E+01  1.517425E-01 -2.985151E-01
  1.295132E+00  3.400000E+02     3  1.874312E-01  9.717183E+01 -2.339993E-02  1.859648E-01
  1.295132E+00  3.400000E+02     4  3.062478E-02 -5.969985E+01  1.545112E-02 -2.644126E-02
  1.295132E+00  3.400000E+02     5  8.922717E-02 -5.159087E+01  5.543441E-02 -6.991792E-02
  1.295132E+00  3.400000E+02     6  8.354370E-07 -1.762880E+00  8.350416E-07 -2.570073E-08
  1.295132E+00  3.500000E+02     1  9.757428E-01  1.173116E+02 -4.477002E-01  8.669709E-01
  1.295132E+00  3.500000E+02     2  1.705449E-01 -6.333851E+01  7.652665E-02 -1.524114E-01
  1.295132E+00  3.500000E+02     3  1.890898E-01  9.714191E+01 -2.350900E-02  1.876227E-01
  1.295132E+00  3.500000E+02     4  1.645516E-02 -6.308284E+01  7.449279E-03 -1.467244E-02
  1.295132E+00  3.500000E+02     5  9.401360E-02 -5.134652E+01  5.872172E-02 -7.341878E-02
  1.295132E+00  3.500000E+02     6  5.460781E-07 -1.392857E+00  5.459168E-07 -1.327382E-08
  1.268965E+00  0.000000E+00     1  9.532787E-01  1.217597E+02 -5.017657E-01  8.105377E-01
  1.268965E+00  0.000000E+00     2  1.924989E-03 -9.960901E+01 -3.213265E-04 -1.897981E-03
  1.268965E+00  0.000000E+00     3  1.684647E-01  1.021442E+02 -3.544027E-02  1.646947E-01
  1.268965E+00  0.000000E+00     4  2.194417E-03 -9.014656E+01 -5.613027E-06 -2.194410E-03
  1.268965E+00  0.000000E+00     5  9.737188E-02 -4.775561E+01  6.546257E-02 -7.208284E-02
  1.268965E+00  0.000000E+00     6  9.489543E-09  1.184938E+02 -4.527113E-09  8.340064E-09
  1.268965E+00  1.000000E+01     1  9.382199E-01  1.217406E+02 -4.935740E-01  7.978981E-01
  1.268965E+00  1.000000E+01     2  1.607874E-01  1.220937E+02 -8.542720E-02  1.362160E-01
  1.268965E+00  1.000000E+01     3  1.688143E-01  1.027584E+02 -3.728090E-02  1.646463E-01
  1.268965E+00  1.000000E+01     4  1.276733E-02  1.313847E+02 -8.440626E-03  9.579169E-03
  1.268965E+00  1.000000E+01     5  9.534772E-02 -4.806845E+01  6.371539E-02 -7.093334E-02
  1.268965E+00  1.000000E+01     6  6.309063E-07  1.762134E+02 -6.295289E-07  4.166575E-08
  1.268965E+00  2.000000E+01     1  8.939309E-01  1.217270E+02 -4.700933E-01  7.603451E-01
  1.268965E+00  2.000000E+01     2  3.190104E-01  1.218632E+02 -1.684035E-01  2.709390E-01
  1.268965E+00  2.000000E+01     3  1.686626E-01  1.036595E+02 -3.982994E-02  1.638922E-01
  1.268965E+00  2.000000E+01     4  2.749776E-02  1.289893E+02 -1.730091E-02  2.137301E-02
  1.268965E+00  2.000000E+01     5  8.985118E-02 -4.852628E+01  5.950632E-02 -6.732185E-02
  1.268965E+00  2.000000E+01     6  9.565693E-07  1.764128E+02 -9.546951E-07  5.985057E-08
  1.268965E+00  3.000000E+01     1  8.218667E-01  1.217174E+02 -4.320799E-01  6.991222E-01
  1.268965E+00  3.000000E+01     2  4.688525E-01  1.217938E+02 -2.470217E-01  3.985009E-01
  1.268965E+00  3.000000E+01     3  1.684042E-01  1.045353E+02 -4.226551E-02  1.630141E-01
  1.268965E+00  3.000000E+01     4  4.237062E-02  1.290992E+02 -2.672166E-02  3.288194E-02
  1.268965E+00  3.000000E+01     5  8.116452E-02 -4.915293E+01  5.308503E-02 -6.139755E-02
  1.268965E+00  3.000000E+01     6  8.348418E-07  1.762418E+02 -8.330465E-07  5.472056E-08
  1.268965E+00  4.000000E+01     1  7.245201E-01  1.217095E+02 -3.808174E-01  6.163664E-01
  1.268965E+00  4.000000E+01     2  6.056754E-01  1.217637E+02 -3.188381E-01  5.149611E-01
  1.268965E+00  4.000000E+01     3  1.684026E-01  1.050536E+02 -4.373788E-02  1.626236E-01
  1.268965E+00  4.000000E+01     4  5.685471E-02  1.297514E+02 -3.635617E-02  4.371141E-02
  1.268965E+00  4.000000E+01     5  6.981157E-02 -4.997820E+01  4.489436E-02 -5.346169E-02
  1.268965E+00  4.000000E+01     6  3.317504E-07  1.750003E+02 -3.304882E-07  2.891207E-08
  1.268965E+00  5.000000E+01     1  6.053642E-01  1.217043E+02 -3.181402E-01  5.150268E-01
  1.268965E+00  5.000000E+01     2  7.248461E-01  1.217451E+02 -3.813717E-01  6.164069E-01
  1.268965E+00  5.000000E+01     3  1.688275E-01  1.050147E+02 -4.373753E-02  1.630636E-01
  1.268965E+00  5.000000E+01     4  7.017230E-02  1.304405E+02 -4.551782E-02  5.340675E-02
  1.268965E+00  5.000000E+01     5  5.653252E-02 -5.097082E+01  3.559943E-02 -4.391589E-02
  1.268965E+00  5.000000E+01     6  3.191742E-07 -9.666389E-01  3.191288E-07 -5.384543E-09
  1.268965E+00  6.000000E+01     1  4.686327E-01  1.217103E+02 -2.463248E-01  3.986737E-01
  1.268965E+00  6.000000E+01     2  8.221402E-01  1.217307E+02 -4.323860E-01  6.992545E-01
  1.268965E+00  6.000000E+01     3  1.696071E-01  1.044483E+02 -4.231808E-02  1.642430E-01
  1.268965E+00  6.000000E+01     4  8.148259E-02  1.309998E+02 -5.345716E-02  6.149589E-02
  1.268965E+00  6.000000E+01     5  4.216970E-02 -5.195161E+01  2.599031E-02 -3.320824E-02
  1.268965E+00  6.000000E+01     6  8.214710E-07 -2.240881E+00  8.208428E-07 -3.212016E-08
  1.268965E+00  7.000000E+01     1  3.189444E-01  1.217533E+02 -1.678484E-01  2.712055E-01
  1.268965E+00  7.000000E+01     2  8.941024E-01  1.217222E+02 -4.701200E-01  7.605303E-01
  1.268965E+00  7.000000E+01     3  1.704436E-01  1.036005E+02 -4.007991E-02  1.656642E-01
  1.268965E+00  7.000000E+01     4  9.006247E-02  1.314214E+02 -5.958462E-02  6.753460E-02
  1.268965E+00  7.000000E+01     5  2.747183E-02 -5.244160E+01  1.674600E-02 -2.177781E-02
  1.268965E+00  7.000000E+01     6  9.424112E-07 -2.364697E+00  9.416087E-07 -3.888392E-08
  1.268965E+00  8.000000E+01     1  1.608957E-01  1.219387E+02 -8.511579E-02  1.365384E-01
  1.268965E+00  8.000000E+01     2  9.382506E-01  1.217248E+02 -4.933703E-01  7.980602E-01
  1.268965E+00  8.000000E+01     3  1.708895E-01  1.028174E+02 -3.791081E-02  1.666313E-01
  1.268965E+00  8.000000E+01     4  9.540053E-02  1.317595E+02 -6.353722E-02  7.116377E-02
  1.268965E+00  8.000000E+01     5  1.290990E-02 -5.076846E+01  8.164944E-03 -9.999966E-03
  1.268965E+00  8.000000E+01     6  6.171814E-07 -2.110225E+00  6.167628E-07 -2.272589E-08
  1.268965E+00  9.000000E+01     1  1.615876E-03 -1.006673E+02 -2.991076E-04 -1.587952E-03
  1.268965E+00  9.000000E+01     2  9.531267E-01  1.217420E+02 -5.014359E-01  8.105631E-01
  1.268965E+00  9.000000E+01     3  1.705322E-01  1.023874E+02 -3.658253E-02  1.665621E-01
  1.268965E+00  9.000000E+01     4  9.721310E-02  1.320546E+02 -6.511710E-02  7.218137E-02
  1.268965E+00  9.000000E+01     5  1.843040E-03  8.865387E+01  4.329718E-05  1.842531E-03
  1.268965E+00  9.000000E+01     6  1.015637E-08  1.238484E+02 -5.657070E-09  8.435011E-09
  1.268965E+00  1.000000E+02     1  1.632444E-01 -5.877823E+01  8.461804E-02 -1.396013E-01
  1.268965E+00  1.000000E+02     2  9.382700E-01  1.217712E+02 -4.940265E-01  7.976769E-01
  1.268965E+00  1.000000E+02     3  1.692359E-01  1.024193E+02 -3.639659E-02  1.652758E-01
  1.268965E+00  1.000000E+02     4  9.542814E-02  1.322831E+02 -6.420355E-02  7.060053E-02
  1.268965E+00  1.000000E+02     5  1.581252E-02  1.211266E+02 -8.173989E-03  1.353594E-02
  1.268965E+00  1.000000E+02     6  6.280176E-07  1.763913E+02 -6.267723E-07  3.952924E-08
  1.268965E+00  1.100000E+02     1  3.211551E-01 -5.853492E+01  1.676362E-01 -2.739320E-01
  1.268965E+00  1.100000E+02     2  8.941943E-01  1.218029E+02 -4.712398E-01  7.599451E-01
  1.268965E+00  1.100000E+02     3  1.672728E-01  1.028062E+02 -3.707657E-02  1.631120E-01
  1.268965E+00  1.100000E+02     4  9.017108E-02  1.323409E+02 -6.073381E-02  6.665004E-02
  1.268965E+00  1.100000E+02     5  3.014126E-02  1.243865E+02 -1.702294E-02  2.487398E-02
  1.268965E+00  1.100000E+02     6  9.498718E-07  1.766525E+02 -9.482511E-07  5.546410E-08
  1.268965E+00  1.200000E+02     1  4.706051E-01 -5.840843E+01  2.465315E-01 -4.008633E-01
  1.268965E+00  1.200000E+02     2  8.223972E-01  1.218230E+02 -4.336469E-01  6.987757E-01
  1.268965E+00  1.200000E+02     3  1.652330E-01  1.032834E+02 -3.796515E-02  1.608123E-01
  1.268965E+00  1.200000E+02     4  8.176661E-02  1.320665E+02 -5.478300E-02  6.070091E-02
  1.268965E+00  1.200000E+02     5  4.447971E-02  1.268082E+02 -2.664950E-02  3.561248E-02
  1.268965E+00  1.200000E+02     6  8.248837E-07  1.766442E+02 -8.234692E-07  4.828595E-08
  1.268965E+00  1.300000E+02     1  6.070109E-01 -5.831766E+01  3.188078E-01 -5.165499E-01
  1.268965E+00  1.300000E+02     2  7.253745E-01  1.218172E+02 -3.824254E-01  6.163756E-01
  1.268965E+00  1.300000E+02     3  1.637754E-01  1.035576E+02 -3.839265E-02  1.592118E-01
  1.268965E+00  1.300000E+02     4  7.075011E-02  1.312960E+02 -4.669145E-02  5.315531E-02
  1.268965E+00  1.300000E+02     5  5.841383E-02  1.288740E+02 -3.666113E-02  4.547677E-02
  1.268965E+00  1.300000E+02     6  3.194576E-07  1.762362E+02 -3.187686E-07  2.097042E-08
  1.268965E+00  1.400000E+02     1  7.257998E-01 -5.825547E+01  3.818671E-01 -6.172219E-01
  1.268965E+00  1.400000E+02     2  6.065647E-01  1.217763E+02 -3.194199E-01  5.156469E-01
  1.268965E+00  1.400000E+02     3  1.633683E-01  1.034517E+02 -3.800354E-02  1.588865E-01
  1.268965E+00  1.400000E+02     4  5.784954E-02  1.299291E+02 -3.713008E-02  4.436131E-02
  1.268965E+00  1.400000E+02     5  7.125842E-02  1.304848E+02 -4.626429E-02  5.419759E-02
  1.268965E+00  1.400000E+02     6  3.319068E-07 -2.408522E+00  3.316136E-07 -1.394814E-08
  1.268965E+00  1.500000E+02     1  8.228070E-01 -5.822194E+01  4.333152E-01 -6.994636E-01
  1.268965E+00  1.500000E+02     2  4.701502E-01  1.216967E+02 -2.470275E-01  4.000234E-01
  1.268965E+00  1.500000E+02     3  1.641116E-01  1.029947E+02 -3.690223E-02  1.599088E-01
  1.268965E+00  1.500000E+02     4  4.388130E-02  1.279752E+02 -2.700106E-02  3.459063E-02
  1.268965E+00  1.500000E+02     5  8.223375E-02  1.315702E+02 -5.456518E-02  6.152260E-02
  1.268965E+00  1.500000E+02     6  8.335446E-07 -2.767473E+00  8.325724E-07 -4.024581E-08
  1.268965E+00  1.600000E+02     1  8.946178E-01 -5.821340E+01  4.712462E-01 -7.604394E-01
  1.268965E+00  1.600000E+02     2  3.207084E-01  1.215711E+02 -1.679090E-01  2.732407E-01
  1.268965E+00  1.600000E+02     3  1.656827E-01  1.024071E+02 -3.559811E-02  1.618132E-01
  1.268965E+00  1.600000E+02     4  2.955390E-02  1.254960E+02 -1.716035E-02  2.406149E-02
  1.268965E+00  1.600000E+02     5  9.064316E-02  1.321611E+02 -6.084125E-02  6.719021E-02
  1.268965E+00  1.600000E+02     6  9.523351E-07 -2.745443E+00  9.512420E-07 -4.561559E-08
  1.268965E+00  1.700000E+02     1  9.387517E-01 -5.822142E+01  4.943824E-01 -7.980231E-01
  1.268965E+00  1.700000E+02     2  1.628192E-01  1.213258E+02 -8.465042E-02  1.390841E-01
  1.268965E+00  1.700000E+02     3  1.674473E-01  1.019914E+02 -3.478960E-02  1.637935E-01
  1.268965E+00  1.700000E+02     4  1.527843E-02  1.219544E+02 -8.086028E-03  1.296327E-02
  1.268965E+00  1.700000E+02     5  9.596356E-02  1.323613E+02 -6.466057E-02  7.090851E-02
  1.268965E+00  1.700000E+02     6  6.239588E-07 -2.521817E+00  6.233545E-07 -2.745406E-08
  1.268965E+00  1.800000E+02     1  9.537041E-01 -5.823584E+01  5.020527E-01 -8.108604E-01
  1.268965E+00  1.800000E+02     2  1.298612E-03  6.967413E+01  4.510848E-04  1.217750E-03
  1.268965E+00  1.800000E+02     3  1.687376E-01  1.019893E+02 -3.505170E-02  1.650568E-01
  1.268965E+00  1.800000E+02     4  1.496956E-03  7.846125E+01  2.994371E-04  1.466702E-03
  1.268965E+00  1.800000E+02     5  9.785710E-02  1.322926E+02 -6.584972E-02  7.238665E-02
  1.268965E+00  1.800000E+02     6  6.447832E-09  1.141025E+02 -2.633100E-09  5.885688E-09
  1.268965E+00  1.900000E+02     1  9.389301E-01 -5.824899E+01  4.940922E-01 -7.984125E-01
  1.268965E+00  1.900000E+02     2  1.612657E-01 -5.803784E+01  8.536747E-02 -1.368175E-01
  1.268965E+00  1.900000E+02     3  1.691703E-01  1.024745E+02 -3.654156E-02  1.651766E-01
  1.268965E+00  1.900000E+02     4  1.332805E-02 -5.033034E+01  8.508098E-03 -1.025910E-02
  1.268965E+00  1.900000E+02     5  9.616219E-02  1.320425E+02 -6.439806E-02  7.141469E-02
  1.268965E+00  1.900000E+02     6  6.287188E-07  1.764453E+02 -6.275091E-07  3.898168E-08
  1.268965E+00  2.000000E+02     1  8.948493E-01 -5.825814E+01  4.707741E-01 -7.610039E-01
  1.268965E+00  2.000000E+02     2  3.193086E-01 -5.822747E+01  1.681314E-01 -2.714587E-01
  1.268965E+00  2.000000E+02     3  1.688056E-01  1.033140E+02 -3.887388E-02  1.642685E-01
  1.268965E+00  2.000000E+02     4  2.787918E-02 -5.212522E+01  1.711608E-02 -2.200655E-02
  1.268965E+00  2.000000E+02     5  9.090593E-02  1.316369E+02 -6.039855E-02  6.794044E-02
  1.268965E+00  2.000000E+02     6  9.543238E-07  1.766024E+02 -9.526464E-07  5.655799E-08
  1.268965E+00  2.100000E+02     1  8.228910E-01 -5.826501E+01  4.328334E-01 -6.998606E-01
  1.268965E+00  2.100000E+02     2  4.690323E-01 -5.827921E+01  2.466080E-01 -3.989684E-01
  1.268965E+00  2.100000E+02     3  1.680449E-01  1.042117E+02 -4.125603E-02  1.629019E-01
  1.268965E+00  2.100000E+02     4  4.262293E-02 -5.178097E+01  2.636951E-02 -3.348677E-02
  1.268965E+00  2.100000E+02     5  8.234087E-02  1.310494E+02 -5.407402E-02  6.209685E-02
  1.268965E+00  2.100000E+02     6  8.325906E-07  1.765140E+02 -8.310501E-07  5.062553E-08
  1.268965E+00  2.200000E+02     1  7.255364E-01 -5.827244E+01  3.815457E-01 -6.171109E-01
  1.268965E+00  2.200000E+02     2  6.058548E-01 -5.829312E+01  3.184214E-01 -5.154297E-01
  1.268965E+00  2.200000E+02     3  1.673720E-01  1.048254E+02 -4.282625E-02  1.618002E-01
  1.268965E+00  2.200000E+02     4  5.709748E-02 -5.091076E+01  3.600168E-02 -4.431706E-02
  1.268965E+00  2.200000E+02     5  7.097817E-02  1.302455E+02 -4.585642E-02  5.417646E-02
  1.268965E+00  2.200000E+02     6  3.294874E-07  1.757911E+02 -3.285988E-07  2.418211E-08
  1.268965E+00  2.300000E+02     1  6.062664E-01 -5.827992E+01  3.187565E-01 -5.157065E-01
  1.268965E+00  2.300000E+02     2  7.251498E-01 -5.829509E+01  3.810986E-01 -6.169328E-01
  1.268965E+00  2.300000E+02     3  1.671203E-01  1.049193E+02 -4.302650E-02  1.614866E-01
  1.268965E+00  2.300000E+02     4  7.054149E-02 -5.000858E+01  4.533510E-02 -5.404471E-02
  1.268965E+00  2.300000E+02     5  5.756841E-02  1.292498E+02 -3.642370E-02  4.458066E-02
  1.268965E+00  2.300000E+02     6  3.210449E-07 -1.829003E+00  3.208814E-07 -1.024669E-08
  1.268965E+00  2.400000E+02     1  4.693390E-01 -5.827920E+01  2.467692E-01 -3.992293E-01
  1.268965E+00  2.400000E+02     2  8.226468E-01 -5.829436E+01  4.323465E-01 -6.998744E-01
  1.268965E+00  2.400000E+02     3  1.673551E-01  1.044779E+02 -4.183977E-02  1.620406E-01
  1.268965E+00  2.400000E+02     4  8.206932E-02 -4.926685E+01  5.355326E-02 -6.218859E-02
  1.268965E+00  2.400000E+02     5  4.298326E-02  1.282293E+02 -2.659849E-02  3.376508E-02
  1.268965E+00  2.400000E+02     6  8.232524E-07 -2.541359E+00  8.224428E-07 -3.650346E-08
  1.268965E+00  2.500000E+02     1  3.194025E-01 -5.824654E+01  1.680905E-01 -2.715945E-01
  1.268965E+00  2.500000E+02     2  8.948132E-01 -5.829158E+01  4.703109E-01 -7.612479E-01
  1.268965E+00  2.500000E+02     3  1.678555E-01  1.037134E+02 -3.979281E-02  1.630706E-01
  1.268965E+00  2.500000E+02     4  9.087313E-02 -4.871752E+01  5.995554E-02 -6.828805E-02
  1.268965E+00  2.500000E+02     5  2.800547E-02  1.276216E+02 -1.709577E-02  2.218199E-02
  1.268965E+00  2.500000E+02     6  9.439905E-07 -2.571382E+00  9.430400E-07 -4.235121E-08
  1.268965E+00  2.600000E+02     1  1.610778E-01 -5.809022E+01  8.514304E-02 -1.367360E-01
  1.268965E+00  2.600000E+02     2  9.390941E-01 -5.828324E+01  4.937010E-01 -7.988473E-01
  1.268965E+00  2.600000E+02     3  1.681981E-01  1.029579E+02 -3.771605E-02  1.639149E-01
  1.268965E+00  2.600000E+02     4  9.635834E-02 -4.831974E+01  6.407571E-02 -7.196689E-02
  1.268965E+00  2.600000E+02     5  1.312932E-02  1.288602E+02 -8.237633E-03  1.022352E-02
  1.268965E+00  2.600000E+02     6  6.185115E-07 -2.331518E+00  6.179995E-07 -2.516194E-08
  1.268965E+00  2.700000E+02     1  1.593417E-03  8.621403E+01  1.052125E-04  1.589939E-03
  1.268965E+00  2.700000E+02     2  9.539930E-01 -5.826635E+01  5.017729E-01 -8.113732E-01
  1.268965E+00  2.700000E+02     3  1.679652E-01  1.025002E+02 -3.635480E-02  1.639837E-01
  1.268965E+00  2.700000E+02     4  9.819669E-02 -4.803269E+01  6.566476E-02 -7.301184E-02
  1.268965E+00  2.700000E+02     5  1.816456E-03 -8.463875E+01  1.697204E-04 -1.808510E-03
  1.268965E+00  2.700000E+02     6  8.317154E-09  1.240002E+02 -4.650922E-09  6.895215E-09
  1.268965E+00  2.800000E+02     1  1.636233E-01  1.213113E+02 -8.503288E-02  1.397926E-01
  1.268965E+00  2.800000E+02     2  9.390599E-01 -5.824239E+01  4.942524E-01 -7.984660E-01
  1.268965E+00  2.800000E+02     3  1.670042E-01  1.024563E+02 -3.602196E-02  1.630731E-01
  1.268965E+00  2.800000E+02     4  9.632628E-02 -4.786680E+01  6.462111E-02 -7.143434E-02
  1.268965E+00  2.800000E+02     5  1.619584E-02 -5.763256E+01  8.670391E-03 -1.367953E-02
  1.268965E+00  2.800000E+02     6  6.272325E-07  1.764618E+02 -6.260370E-07  3.870859E-08
  1.268965E+00  2.900000E+02     1  3.217734E-01  1.215259E+02 -1.682503E-01  2.742808E-01
  1.268965E+00  2.900000E+02     2  8.948590E-01 -5.821878E+01  4.713019E-01 -7.606886E-01
  1.268965E+00  2.900000E+02     3  1.655541E-01  1.027325E+02 -3.648797E-02  1.614830E-01
  1.268965E+00  2.900000E+02     4  9.092954E-02 -4.790269E+01  6.095842E-02 -6.747038E-02
  1.268965E+00  2.900000E+02     5  3.080525E-02 -5.476585E+01  1.777214E-02 -2.516177E-02
  1.268965E+00  2.900000E+02     6  9.494366E-07  1.766602E+02 -9.478241E-07  5.531118E-08
  1.268965E+00  3.000000E+02     1  4.713840E-01  1.216409E+02 -2.472851E-01  4.013140E-01
  1.268965E+00  3.000000E+02     2  8.229542E-01 -5.820704E+01  4.335745E-01 -6.994760E-01
  1.268965E+00  3.000000E+02     3  1.641374E-01  1.030871E+02 -3.716593E-02  1.598742E-01
  1.268965E+00  3.000000E+02     4  8.240761E-02 -4.827292E+01  5.484912E-02 -6.150275E-02
  1.268965E+00  3.000000E+02     5  4.534001E-02 -5.254349E+01  2.757394E-02 -3.599159E-02
  1.268965E+00  3.000000E+02     6  8.248310E-07  1.766027E+02 -8.233814E-07  4.887926E-08
  1.268965E+00  3.100000E+02     1  6.078348E-01  1.217223E+02 -3.196016E-01  5.170280E-01
  1.268965E+00  3.100000E+02     2  7.258924E-01 -5.821883E+01  3.823104E-01 -6.170564E-01
  1.268965E+00  3.100000E+02     3  1.633030E-01  1.032617E+02 -3.746151E-02  1.589481E-01
  1.268965E+00  3.100000E+02     4  7.135473E-02 -4.911244E+01  4.670714E-02 -5.394387E-02
  1.268965E+00  3.100000E+02     5  5.934198E-02 -5.063818E+01  3.763561E-02 -4.588063E-02
  1.268965E+00  3.100000E+02     6  3.198268E-07  1.759876E+02 -3.190429E-07  2.237885E-08
  1.268965E+00  3.200000E+02     1  7.265363E-01  1.217749E+02 -3.825823E-01  6.176454E-01
  1.268965E+00  3.200000E+02     2  6.071245E-01 -5.826214E+01  3.193680E-01 -5.163374E-01
  1.268965E+00  3.200000E+02     3  1.633846E-01  1.031169E+02 -3.707829E-02  1.591217E-01
  1.268965E+00  3.200000E+02     4  5.851001E-02 -5.049675E+01  3.721950E-02 -4.514565E-02
  1.268965E+00  3.200000E+02     5  7.210042E-02 -4.917009E+01  4.714038E-02 -5.455506E-02
  1.268965E+00  3.200000E+02     6  3.311750E-07 -2.044768E+00  3.309642E-07 -1.181644E-08
  1.268965E+00  3.300000E+02     1  8.233353E-01  1.217986E+02 -4.338443E-01  6.997572E-01
  1.268965E+00  3.300000E+02     2  4.708006E-01 -5.834136E+01  2.471031E-01 -4.007409E-01
  1.268965E+00  3.300000E+02     3  1.643697E-01  1.027036E+02 -3.614614E-02  1.603461E-01
  1.268965E+00  3.300000E+02     4  4.464788E-02 -5.240344E+01  2.723957E-02 -3.537569E-02
  1.268965E+00  3.300000E+02     5  8.284515E-02 -4.820970E+01  5.520853E-02 -6.176841E-02
  1.268965E+00  3.300000E+02     6  8.324024E-07 -2.594056E+00  8.315494E-07 -3.767399E-08
  1.268965E+00  3.400000E+02     1  8.948529E-01  1.217977E+02 -4.715178E-01  7.605476E-01
  1.268965E+00  3.400000E+02     2  3.214376E-01 -5.846867E+01  1.681005E-01 -2.739787E-01
  1.268965E+00  3.400000E+02     3  1.659030E-01  1.022349E+02 -3.515804E-02  1.621349E-01
  1.268965E+00  3.400000E+02     4  3.040681E-02 -5.478670E+01  1.753324E-02 -2.484270E-02
  1.268965E+00  3.400000E+02     5  9.092031E-02 -4.772486E+01  6.116133E-02 -6.727403E-02
  1.268965E+00  3.400000E+02     6  9.508395E-07 -2.589214E+00  9.498687E-07 -4.295410E-08
  1.268965E+00  3.500000E+02     1  9.386543E-01  1.217813E+02 -4.943690E-01  7.979167E-01
  1.268965E+00  3.500000E+02     2  1.635570E-01 -5.874069E+01  8.487174E-02 -1.398131E-01
  1.268965E+00  3.500000E+02     3  1.674318E-01  1.019813E+02 -3.475750E-02  1.637844E-01
  1.268965E+00  3.500000E+02     4  1.614056E-02 -5.825956E+01  8.491100E-03 -1.372658E-02
  1.268965E+00  3.500000E+02     5  9.585750E-02 -4.761296E+01  6.462092E-02 -7.080110E-02
  1.268965E+00  3.500000E+02     6  6.221813E-07 -2.295670E+00  6.216819E-07 -2.492226E-08
  1.244322E+00  0.000000E+00     1  9.178010E-01  1.263337E+02 -5.437856E-01  7.393618E-01
  1.244322E+00  0.000000E+00     2  1.735149E-03 -9.703679E+01 -2.125674E-04 -1.722079E-03
  1.244322E+00  0.000000E+00     3  1.482338E-01  1.068371E+02 -4.293623E-02  1.418794E-01
  1.244322E+00  0.000000E+00     4  2.008195E-03 -8.863325E+01  4.789964E-05 -2.007624E-03
  1.244322E+00  0.000000E+00     5  9.905039E-02 -4.399304E+01  7.125925E-02 -6.879752E-02
  1.244322E+00  0.000000E+00     6  9.169376E-09  1.241272E+02 -5.144315E-09  7.590354E-09
  1.244322E+00  1.000000E+01     1  9.032908E-01  1.263184E+02 -5.349936E-01  7.278160E-01
  1.244322E+00  1.000000E+01     2  1.546399E-01  1.268050E+02 -9.264384E-02  1.238168E-01
  1.244322E+00  1.000000E+01     3  1.487064E-01  1.075927E+02 -4.494640E-02  1.417513E-01
  1.244322E+00  1.000000E+01     4  1.295460E-02  1.367823E+02 -9.440748E-03  8.870955E-03
  1.244322E+00  1.000000E+01     5  9.697546E-02 -4.425616E+01  6.945644E-02 -6.767601E-02
  1.244322E+00  1.000000E+01     6  7.123042E-07  1.755268E+02 -7.101345E-07  5.555448E-08
  1.244322E+00  2.000000E+01     1  8.606435E-01  1.263167E+02 -5.097140E-01  6.934688E-01
  1.244322E+00  2.000000E+01     2  3.067895E-01  1.265644E+02 -1.827623E-01  2.464097E-01
  1.244322E+00  2.000000E+01     3  1.488818E-01  1.088071E+02 -4.799705E-02  1.409329E-01
  1.244322E+00  2.000000E+01     4  2.774128E-02  1.342677E+02 -1.936374E-02  1.986515E-02
  1.244322E+00  2.000000E+01     5  9.137561E-02 -4.456883E+01  6.509671E-02 -6.412426E-02
  1.244322E+00  2.000000E+01     6  1.078534E-06  1.756715E+02 -1.075458E-06  8.140137E-08
  1.244322E+00  3.000000E+01     1  7.912178E-01  1.263260E+02 -4.687009E-01  6.374521E-01
  1.244322E+00  3.000000E+01     2  4.510335E-01  1.264740E+02 -2.681205E-01  3.626880E-01
  1.244322E+00  3.000000E+01     3  1.490089E-01  1.100164E+02 -5.100418E-02  1.400079E-01
  1.244322E+00  3.000000E+01     4  4.282702E-02  1.341284E+02 -2.981912E-02  3.074043E-02
  1.244322E+00  3.000000E+01     5  8.250418E-02 -4.496757E+01  5.837228E-02 -5.830624E-02
  1.244322E+00  3.000000E+01     6  9.396737E-07  1.755238E+02 -9.368076E-07  7.333685E-08
  1.244322E+00  4.000000E+01     1  6.973872E-01  1.263421E+02 -4.132752E-01  5.617406E-01
  1.244322E+00  4.000000E+01     2  5.828637E-01  1.264182E+02 -3.460317E-01  4.690333E-01
  1.244322E+00  4.000000E+01     3  1.492449E-01  1.107301E+02 -5.282753E-02  1.395825E-01
  1.244322E+00  4.000000E+01     4  5.762916E-02  1.344808E+02 -4.037906E-02  4.111753E-02
  1.244322E+00  4.000000E+01     5  7.086979E-02 -4.550353E+01  4.967017E-02 -5.055097E-02
  1.244322E+00  4.000000E+01     6  3.724961E-07  1.745566E+02 -3.708163E-07  3.533570E-08
  1.244322E+00  5.000000E+01     1  5.825233E-01  1.263630E+02 -3.453777E-01  4.690923E-01
  1.244322E+00  5.000000E+01     2  6.977265E-01  1.263732E+02 -4.137810E-01  5.617895E-01
  1.244322E+00  5.000000E+01     3  1.496110E-01  1.106563E+02 -5.277704E-02  1.399930E-01
  1.244322E+00  5.000000E+01     4  7.126832E-02  1.348615E+02 -5.027233E-02  5.051600E-02
  1.244322E+00  5.000000E+01     5  5.724643E-02 -4.617540E+01  3.964046E-02 -4.130118E-02
  1.244322E+00  5.000000E+01     6  3.598034E-07 -2.348123E+00  3.595013E-07 -1.474151E-08
  1.244322E+00  6.000000E+01     1  4.507850E-01  1.263940E+02 -2.674662E-01  3.628621E-01
  1.244322E+00  6.000000E+01     2  7.914795E-01  1.263346E+02 -4.689514E-01  6.375926E-01
  1.244322E+00  6.000000E+01     3  1.500535E-01  1.098370E+02 -5.091997E-02  1.411496E-01
  1.244322E+00  6.000000E+01     4  8.282578E-02  1.351397E+02 -5.870929E-02  5.842369E-02
  1.244322E+00  6.000000E+01     5  4.256596E-02 -4.684268E+01  2.911528E-02 -3.105095E-02
  1.244322E+00  6.000000E+01     6  9.259321E-07 -3.311289E+00  9.243862E-07 -5.348252E-08
  1.244322E+00  7.000000E+01     1  3.067111E-01  1.264560E+02 -1.822493E-01  2.466920E-01
  1.244322E+00  7.000000E+01     2  8.607818E-01  1.263070E+02 -5.096794E-01  6.936658E-01
  1.244322E+00  7.000000E+01     3  1.504495E-01  1.086299E+02 -4.806157E-02  1.425662E-01
  1.244322E+00  7.000000E+01     4  9.156053E-02  1.353374E+02 -6.512324E-02  6.436067E-02
  1.244322E+00  7.000000E+01     5  2.768051E-02 -4.707130E+01  1.885285E-02 -2.026772E-02
  1.244322E+00  7.000000E+01     6  1.063590E-06 -3.387547E+00  1.061731E-06 -6.284688E-08
  1.244322E+00  8.000000E+01     1  1.547604E-01  1.266456E+02 -9.237088E-02  1.241709E-01
  1.244322E+00  8.000000E+01     2  9.032820E-01  1.262979E+02 -5.347283E-01  7.280000E-01
  1.244322E+00  8.000000E+01     3  1.505655E-01  1.075476E+02 -4.539513E-02  1.435593E-01
  1.244322E+00  8.000000E+01     4  9.698938E-02  1.355322E+02 -6.921594E-02  6.794184E-02
  1.244322E+00  8.000000E+01     5  1.310369E-02 -4.526326E+01  9.223037E-03 -9.308183E-03
  1.244322E+00  8.000000E+01     6  6.973755E-07 -3.174825E+00  6.963051E-07 -3.862261E-08
  1.244322E+00  9.000000E+01     1  1.389214E-03 -9.908342E+01 -2.193185E-04 -1.371793E-03
  1.244322E+00  9.000000E+01     2  9.176233E-01  1.263120E+02 -5.434004E-01  7.394244E-01
  1.244322E+00  9.000000E+01     3  1.501299E-01  1.070238E+02 -4.395344E-02  1.435517E-01
  1.244322E+00  9.000000E+01     4  9.886241E-02  1.357804E+02 -7.085197E-02  6.894762E-02
  1.244322E+00  9.000000E+01     5  1.625193E-03  8.823221E+01  5.013532E-05  1.624419E-03
  1.244322E+00  9.000000E+01     6  9.881601E-09  1.301254E+02 -6.368320E-09  7.555828E-09
  1.244322E+00  1.000000E+02     1  1.567002E-01 -5.403412E+01  9.203056E-02 -1.268280E-01
  1.244322E+00  1.000000E+02     2  9.033741E-01  1.263473E+02 -5.354101E-01  7.276131E-01
  1.244322E+00  1.000000E+02     3  1.490371E-01  1.072204E+02 -4.412218E-02  1.423563E-01
  1.244322E+00  1.000000E+02     4  9.711139E-02  1.360640E+02 -6.993138E-02  6.738119E-02
  1.244322E+00  1.000000E+02     5  1.548727E-02  1.265875E+02 -9.231178E-03  1.243547E-02
  1.244322E+00  1.000000E+02     6  7.096429E-07  1.756643E+02 -7.076122E-07  5.364847E-08
  1.244322E+00  1.100000E+02     1  3.086016E-01 -5.381692E+01  1.821883E-01 -2.490830E-01
  1.244322E+00  1.100000E+02     2  8.609895E-01  1.263934E+02 -5.108474E-01  6.930642E-01
  1.244322E+00  1.100000E+02     3  1.474868E-01  1.079632E+02 -4.548582E-02  1.402975E-01
  1.244322E+00  1.100000E+02     4  9.182452E-02  1.362736E+02 -6.635686E-02  6.347054E-02
  1.244322E+00  1.100000E+02     5  2.995879E-02  1.297668E+02 -1.916359E-02  2.302794E-02
  1.244322E+00  1.100000E+02     6  1.072157E-06  1.758495E+02 -1.069345E-06  7.759939E-08
  1.244322E+00  1.200000E+02     1  4.525583E-01 -5.371668E+01  2.678143E-01 -3.648075E-01
  1.244322E+00  1.200000E+02     2  7.918458E-01  1.264343E+02 -4.702782E-01  6.370700E-01
  1.244322E+00  1.200000E+02     3  1.459049E-01  1.088301E+02 -4.709260E-02  1.380961E-01
  1.244322E+00  1.200000E+02     4  8.326722E-02  1.362338E+02 -6.013291E-02  5.759742E-02
  1.244322E+00  1.200000E+02     5  4.465846E-02  1.319521E+02 -2.985460E-02  3.321266E-02
  1.244322E+00  1.200000E+02     6  9.300601E-07  1.758220E+02 -9.275885E-07  6.775959E-08
  1.244322E+00  1.300000E+02     1  5.840938E-01 -5.365355E+01  3.461727E-01 -4.704573E-01
  1.244322E+00  1.300000E+02     2  6.983044E-01  1.264537E+02 -4.149140E-01  5.616720E-01
  1.244322E+00  1.300000E+02     3  1.447450E-01  1.093521E+02 -4.796447E-02  1.365670E-01
  1.244322E+00  1.300000E+02     4  7.193613E-02  1.357587E+02 -5.153563E-02  5.018850E-02
  1.244322E+00  1.300000E+02     5  5.908105E-02  1.337099E+02 -4.082542E-02  4.270663E-02
  1.244322E+00  1.300000E+02     6  3.605407E-07  1.754828E+02 -3.594208E-07  2.839546E-08
  1.244322E+00  1.400000E+02     1  6.986863E-01 -5.361837E+01  4.144333E-01 -5.625012E-01
  1.244322E+00  1.400000E+02     2  5.837024E-01  1.264396E+02 -3.467043E-01  4.695792E-01
  1.244322E+00  1.400000E+02     3  1.443341E-01  1.092398E+02 -4.756124E-02  1.362728E-01
  1.244322E+00  1.400000E+02     4  5.858606E-02  1.347165E+02 -4.122114E-02  4.163105E-02
  1.244322E+00  1.400000E+02     5  7.239556E-02  1.349965E+02 -5.118826E-02  5.119453E-02
  1.244322E+00  1.400000E+02     6  3.723968E-07 -3.433055E+00  3.717285E-07 -2.229996E-08
  1.244322E+00  1.500000E+02     1  7.922269E-01 -5.360919E+01  4.700201E-01 -6.377339E-01
  1.244322E+00  1.500000E+02     2  4.521636E-01  1.263853E+02 -2.682288E-01  3.640127E-01
  1.244322E+00  1.500000E+02     3  1.447865E-01  1.085246E+02 -4.600040E-02  1.372847E-01
  1.244322E+00  1.500000E+02     4  4.413991E-02  1.330703E+02 -3.014294E-02  3.224491E-02
  1.244322E+00  1.500000E+02     5  8.370931E-02  1.357854E+02 -5.999722E-02  5.837450E-02
  1.244322E+00  1.500000E+02     6  9.379015E-07 -3.712133E+00  9.359337E-07 -6.072314E-08
  1.244322E+00  1.600000E+02     1  8.613990E-01 -5.362050E+01  5.109223E-01 -6.935175E-01
  1.244322E+00  1.600000E+02     2  3.082142E-01  1.262806E+02 -1.823825E-01  2.484604E-01
  1.244322E+00  1.600000E+02     3  1.459352E-01  1.075449E+02 -4.399274E-02  1.391464E-01
  1.244322E+00  1.600000E+02     4  2.944957E-02  1.308196E+02 -1.925060E-02  2.228658E-02
  1.244322E+00  1.600000E+02     5  9.229161E-02  1.361381E+02 -6.654341E-02  6.395088E-02
  1.244322E+00  1.600000E+02     6  1.073485E-06 -3.680372E+00  1.071271E-06 -6.890745E-08
  1.244322E+00  1.700000E+02     1  9.038511E-01 -5.364209E+01  5.358278E-01 -7.278980E-01
  1.244322E+00  1.700000E+02     2  1.563284E-01  1.260474E+02 -9.199223E-02  1.263962E-01
  1.244322E+00  1.700000E+02     3  1.473401E-01  1.067816E+02 -4.254075E-02  1.410652E-01
  1.244322E+00  1.700000E+02     4  1.502076E-02  1.273228E+02 -9.107159E-03  1.194500E-02
  1.244322E+00  1.700000E+02     5  9.765226E-02  1.361799E+02 -7.045776E-02  6.761411E-02
  1.244322E+00  1.700000E+02     6  7.042349E-07 -3.496878E+00  7.029237E-07 -4.295421E-08
  1.244322E+00  1.800000E+02     1  9.181945E-01 -5.366231E+01  5.440698E-01 -7.396412E-01
  1.244322E+00  1.800000E+02     2  1.172787E-03  6.851959E+01  4.294545E-04  1.091328E-03
  1.244322E+00  1.800000E+02     3  1.484714E-01  1.066307E+02 -4.249269E-02  1.422607E-01
  1.244322E+00  1.800000E+02     4  1.371911E-03  7.613409E+01  3.287791E-04  1.331932E-03
  1.244322E+00  1.800000E+02     5  9.950839E-02  1.360465E+02 -7.163646E-02  6.906618E-02
  1.244322E+00  1.800000E+02     6  5.998672E-09  1.217473E+02 -3.156345E-09  5.101133E-09
  1.244322E+00  1.900000E+02     1  9.039390E-01 -5.367266E+01  5.354913E-01 -7.282546E-01
  1.244322E+00  1.900000E+02     2  1.550940E-01 -5.331016E+01  9.266600E-02 -1.243670E-01
  1.244322E+00  1.900000E+02     3  1.489999E-01  1.072243E+02 -4.412080E-02  1.423177E-01
  1.244322E+00  1.900000E+02     4  1.348420E-02 -4.473354E+01  9.579009E-03 -9.490326E-03
  1.244322E+00  1.900000E+02     5  9.773300E-02  1.358318E+02 -7.010364E-02  6.809713E-02
  1.244322E+00  1.900000E+02     6  7.099568E-07  1.757268E+02 -7.079832E-07  5.290067E-08
  1.244322E+00  2.000000E+02     1  8.614763E-01 -5.367062E+01  5.103613E-01 -6.940265E-01
  1.244322E+00  2.000000E+02     2  3.070437E-01 -5.351719E+01  1.825625E-01 -2.468740E-01
  1.244322E+00  2.000000E+02     3  1.489517E-01  1.083696E+02 -4.694145E-02  1.413616E-01
  1.244322E+00  2.000000E+02     4  2.805665E-02 -4.672611E+01  1.923246E-02 -2.042763E-02
  1.244322E+00  2.000000E+02     5  9.235027E-02  1.355580E+02 -6.593437E-02  6.466244E-02
  1.244322E+00  2.000000E+02     6  1.076073E-06  1.758303E+02 -1.073225E-06  7.824266E-08
  1.244322E+00  2.100000E+02     1  7.921416E-01 -5.365910E+01  4.694139E-01 -6.380743E-01
  1.244322E+00  2.100000E+02     2  4.511542E-01 -5.359249E+01  2.677711E-01 -3.630961E-01
  1.244322E+00  2.100000E+02     3  1.485974E-01  1.096220E+02 -4.990108E-02  1.399681E-01
  1.244322E+00  2.100000E+02     4  4.299137E-02 -4.665771E+01  2.950736E-02 -3.126618E-02
  1.244322E+00  2.100000E+02     5  8.358597E-02  1.351856E+02 -5.929531E-02  5.891248E-02
  1.244322E+00  2.100000E+02     6  9.371464E-07  1.757481E+02 -9.345672E-07  6.948076E-08
  1.244322E+00  2.200000E+02     1  6.982978E-01 -5.364299E+01  4.139612E-01 -5.623663E-01
  1.244322E+00  2.200000E+02     2  5.829811E-01 -5.363352E+01  3.456774E-01 -4.694402E-01
  1.244322E+00  2.200000E+02     3  1.482240E-01  1.104731E+02 -5.184384E-02  1.388617E-01
  1.244322E+00  2.200000E+02     4  5.778423E-02 -4.610673E+01  4.006280E-02 -4.164120E-02
  1.244322E+00  2.200000E+02     5  7.193674E-02  1.346584E+02 -5.056279E-02  5.116932E-02
  1.244322E+00  2.200000E+02     6  3.699262E-07  1.752033E+02 -3.686306E-07  3.093335E-08
  1.244322E+00  2.300000E+02     1  5.833256E-01 -5.362448E+01  3.459558E-01 -4.696631E-01
  1.244322E+00  2.300000E+02     2  6.979780E-01 -5.366296E+01  4.135757E-01 -5.622530E-01
  1.244322E+00  2.300000E+02     3  1.480072E-01  1.105790E+02 -5.202424E-02  1.385627E-01
  1.244322E+00  2.300000E+02     4  7.157033E-02 -4.553024E+01  5.013735E-02 -5.107404E-02
  1.244322E+00  2.300000E+02     5  5.818772E-02  1.339725E+02 -4.040050E-02  4.187614E-02
  1.244322E+00  2.300000E+02     6  3.620942E-07 -3.040809E+00  3.615844E-07 -1.920809E-08
  1.244322E+00  2.400000E+02     1  4.514095E-01 -5.359864E+01  2.678836E-01 -3.633303E-01
  1.244322E+00  2.400000E+02     2  7.919503E-01 -5.368709E+01  4.689888E-01 -6.381495E-01
  1.244322E+00  2.400000E+02     3  1.480036E-01  1.099218E+02 -5.043032E-02  1.391469E-01
  1.244322E+00  2.400000E+02     4  8.337440E-02 -4.508375E+01  5.886836E-02 -5.904071E-02
  1.244322E+00  2.400000E+02     5  4.330093E-02  1.332600E+02 -2.967457E-02  3.153395E-02
  1.244322E+00  2.400000E+02     6  9.281016E-07 -3.547826E+00  9.263229E-07 -5.743248E-08
  1.244322E+00  2.500000E+02     1  3.071172E-01 -5.354585E+01  1.824827E-01 -2.470244E-01
  1.244322E+00  2.500000E+02     2  8.614699E-01 -5.370392E+01  5.099541E-01 -6.943178E-01
  1.244322E+00  2.500000E+02     3  1.481381E-01  1.088187E+02 -4.778556E-02  1.402192E-01
  1.244322E+00  2.500000E+02     4  9.235600E-02 -4.476837E+01  6.556904E-02 -6.504101E-02
  1.244322E+00  2.500000E+02     5  2.816180E-02  1.329249E+02 -1.917928E-02  2.062139E-02
  1.244322E+00  2.500000E+02     6  1.065512E-06 -3.545760E+00  1.063472E-06 -6.589732E-08
  1.244322E+00  2.600000E+02     1  1.549275E-01 -5.338096E+01  9.241296E-02 -1.243478E-01
  1.244322E+00  2.600000E+02     2  9.041044E-01 -5.370775E+01  5.351431E-01 -7.287157E-01
  1.244322E+00  2.600000E+02     3  1.481816E-01  1.077681E+02 -4.521992E-02  1.411133E-01
  1.244322E+00  2.600000E+02     4  9.793799E-02 -4.451979E+01  6.983060E-02 -6.866977E-02
  1.244322E+00  2.600000E+02     5  1.330389E-02  1.343793E+02 -9.304799E-03  9.508631E-03
  1.244322E+00  2.600000E+02     6  6.989799E-07 -3.341278E+00  6.977917E-07 -4.073882E-08
  1.244322E+00  2.700000E+02     1  1.359544E-03  8.730564E+01  6.390948E-05  1.358041E-03
  1.244322E+00  2.700000E+02     2  9.184564E-01 -5.369417E+01  5.438136E-01 -7.401547E-01
  1.244322E+00  2.700000E+02     3  1.478513E-01  1.072067E+02 -4.373733E-02  1.412341E-01
  1.244322E+00  2.700000E+02     4  9.982309E-02 -4.428209E+01  7.146445E-02 -6.969563E-02
  1.244322E+00  2.700000E+02     5  1.590515E-03 -8.563404E+01  1.210805E-04 -1.585900E-03
  1.244322E+00  2.700000E+02     6  8.054780E-09  1.301780E+02 -5.196652E-09  6.154210E-09
  1.244322E+00  2.800000E+02     1  1.570265E-01  1.260408E+02 -9.238822E-02  1.269714E-01
  1.244322E+00  2.800000E+02     2  9.041088E-01 -5.366428E+01  5.356986E-01 -7.283130E-01
  1.244322E+00  2.800000E+02     3  1.470309E-01  1.073055E+02 -4.373671E-02  1.403751E-01
  1.244322E+00  2.800000E+02     4  9.795878E-02 -4.406069E+01  7.039353E-02 -6.812250E-02
  1.244322E+00  2.800000E+02     5  1.583733E-02 -5.241580E+01  9.659611E-03 -1.255042E-02
  1.244322E+00  2.800000E+02     6  7.087698E-07  1.757333E+02 -7.068054E-07  5.273244E-08
  1.244322E+00  2.900000E+02     1  3.091474E-01  1.262345E+02 -1.827344E-01  2.493597E-01
  1.244322E+00  2.900000E+02     2  8.615758E-01 -5.362629E+01  5.109571E-01 -6.937115E-01
  1.244322E+00  2.900000E+02     3  1.459020E-01  1.079048E+02 -4.485547E-02  1.388358E-01
  1.244322E+00  2.900000E+02     4  9.250164E-02 -4.394229E+01  6.660480E-02 -6.418998E-02
  1.244322E+00  2.900000E+02     5  3.057198E-02 -4.956361E+01  1.982909E-02 -2.326915E-02
  1.244322E+00  2.900000E+02     6  1.071712E-06  1.758730E+02 -1.068933E-06  7.712784E-08
  1.244322E+00  3.000000E+02     1  4.532565E-01  1.263255E+02 -2.684967E-01  3.651726E-01
  1.244322E+00  3.000000E+02     2  7.923096E-01 -5.359356E+01  4.702432E-01 -6.376722E-01
  1.244322E+00  3.000000E+02     3  1.448461E-01  1.086090E+02 -4.622156E-02  1.372733E-01
  1.244322E+00  3.000000E+02     4  8.380648E-02 -4.407527E+01  6.020880E-02 -5.829602E-02
  1.244322E+00  3.000000E+02     5  4.545833E-02 -4.753661E+01  3.068978E-02 -3.353501E-02
  1.244322E+00  3.000000E+02     6  9.300595E-07  1.758141E+02 -9.275786E-07  6.788764E-08
  1.244322E+00  3.100000E+02     1  5.848383E-01  1.263810E+02 -3.468978E-01  4.708479E-01
  1.244322E+00  3.100000E+02     2  6.987296E-01 -5.358010E+01  4.148346E-01 -5.622591E-01
  1.244322E+00  3.100000E+02     3  1.442320E-01  1.089937E+02 -4.694234E-02  1.363792E-01
  1.244322E+00  3.100000E+02     4  7.243830E-02 -4.461888E+01  5.156120E-02 -5.087977E-02
  1.244322E+00  3.100000E+02     5  5.994515E-02 -4.590513E+01  4.171274E-02 -4.305192E-02
  1.244322E+00  3.100000E+02     6  3.609970E-07  1.753429E+02 -3.598052E-07  2.931038E-08
  1.244322E+00  3.200000E+02     1  6.993521E-01  1.264079E+02 -4.150862E-01  5.628471E-01
  1.244322E+00  3.200000E+02     2  5.841856E-01 -5.359647E+01  3.466957E-01 -4.701860E-01
  1.244322E+00  3.200000E+02     3  1.442722E-01  1.088211E+02 -4.654432E-02  1.365581E-01
  1.244322E+00  3.200000E+02     4  5.916478E-02 -4.568236E+01  4.133462E-02 -4.233108E-02
  1.244322E+00  3.200000E+02     5  7.317578E-02 -4.473142E+01  5.198507E-02 -5.149998E-02
  1.244322E+00  3.200000E+02     6  3.715354E-07 -3.174255E+00  3.709653E-07 -2.057298E-08
  1.244322E+00  3.300000E+02     1  7.927009E-01  1.264084E+02 -4.704976E-01  6.379708E-01
  1.244322E+00  3.300000E+02     2  4.527632E-01 -5.364967E+01  2.683622E-01 -3.646591E-01
  1.244322E+00  3.300000E+02     3  1.449717E-01  1.081556E+02 -4.517289E-02  1.377541E-01
  1.244322E+00  3.300000E+02     4  4.485907E-02 -4.728834E+01  3.042832E-02 -3.296139E-02
  1.244322E+00  3.300000E+02     5  8.426901E-02 -4.404198E+01  6.057515E-02 -5.858257E-02
  1.244322E+00  3.300000E+02     6  9.366333E-07 -3.574461E+00  9.348112E-07 -5.839501E-08
  1.244322E+00  3.400000E+02     1  8.616036E-01  1.263889E+02 -5.111574E-01  6.935985E-01
  1.244322E+00  3.400000E+02     2  3.089178E-01 -5.375433E+01  1.826472E-01 -2.491389E-01
  1.244322E+00  3.400000E+02     3  1.461153E-01  1.073278E+02 -4.351860E-02  1.394840E-01
  1.244322E+00  3.400000E+02     4  3.028807E-02 -4.944454E+01  1.969281E-02 -2.301218E-02
  1.244322E+00  3.400000E+02     5  9.253655E-02 -4.377361E+01  6.681870E-02 -6.401777E-02
  1.244322E+00  3.400000E+02     6  1.071869E-06 -3.547668E+00  1.069814E-06 -6.632607E-08
  1.244322E+00  3.500000E+02     1  9.037532E-01  1.263601E+02 -5.357970E-01  7.277990E-01
  1.244322E+00  3.500000E+02     2  1.570557E-01 -5.400776E+01  9.229779E-02 -1.270732E-01
  1.244322E+00  3.500000E+02     3  1.473242E-01  1.067752E+02 -4.252030E-02  1.410548E-01
  1.244322E+00  3.500000E+02     4  1.588415E-02 -5.283835E+01  9.595071E-03 -1.265863E-02
  1.244322E+00  3.500000E+02     5  9.754177E-02 -4.380176E+01  7.039969E-02 -6.751504E-02
  1.244322E+00  3.500000E+02     6  7.023359E-07 -3.297597E+00  7.011730E-07 -4.039988E-08
  1.221062E+00  0.000000E+00     1  8.842179E-01  1.310115E+02 -5.802328E-01  6.672114E-01
  1.221062E+00  0.000000E+00     2  1.510017E-03 -9.565987E+01 -1.489221E-04 -1.502655E-03
  1.221062E+00  0.000000E+00     3  1.296007E-01  1.114520E+02 -4.739788E-02  1.206225E-01
  1.221062E+00  0.000000E+00     4  1.792643E-03 -8.910637E+01  2.795837E-05 -1.792425E-03
  1.221062E+00  0.000000E+00     5  1.003183E-01 -4.006759E+01  7.677216E-02 -6.457398E-02
  1.221062E+00  0.000000E+00     6  9.007342E-09  1.327256E+02 -6.111372E-09  6.616898E-09
  1.221062E+00  1.000000E+01     1  8.702589E-01  1.310000E+02 -5.709411E-01  6.567929E-01
  1.221062E+00  1.000000E+01     2  1.489084E-01  1.316270E+02 -9.891660E-02  1.113069E-01
  1.221062E+00  1.000000E+01     3  1.302856E-01  1.123722E+02 -4.958953E-02  1.204792E-01
  1.221062E+00  1.000000E+01     4  1.319746E-02  1.425293E+02 -1.047435E-02  8.028753E-03
  1.221062E+00  1.000000E+01     5  9.823884E-02 -4.027444E+01  7.495199E-02 -6.350645E-02
  1.221062E+00  1.000000E+01     6  7.990991E-07  1.746717E+02 -7.956461E-07  7.420651E-08
  1.221062E+00  2.000000E+01     1  8.292246E-01  1.310099E+02 -5.441287E-01  6.257295E-01
  1.221062E+00  2.000000E+01     2  2.953374E-01  1.313777E+02 -1.952240E-01  2.216117E-01
  1.221062E+00  2.000000E+01     3  1.310007E-01  1.139746E+02 -5.322963E-02  1.196987E-01
  1.221062E+00  2.000000E+01     4  2.801726E-02  1.398480E+02 -2.141462E-02  1.806601E-02
  1.221062E+00  2.000000E+01     5  9.262904E-02 -4.044158E+01  7.049697E-02 -6.008590E-02
  1.221062E+00  2.000000E+01     6  1.207898E-06  1.747522E+02 -1.202835E-06  1.104784E-07
  1.221062E+00  3.000000E+01     1  7.623565E-01  1.310381E+02 -5.005337E-01  5.750247E-01
  1.221062E+00  3.000000E+01     2  4.343027E-01  1.312647E+02 -2.864395E-01  3.264525E-01
  1.221062E+00  3.000000E+01     3  1.317554E-01  1.155990E+02 -5.692760E-02  1.188223E-01
  1.221062E+00  3.000000E+01     4  4.327711E-02  1.394005E+02 -3.285930E-02  2.816336E-02
  1.221062E+00  3.000000E+01     5  8.368366E-02 -4.061252E+01  6.352670E-02 -5.447306E-02
  1.221062E+00  3.000000E+01     6  1.050170E-06  1.746062E+02 -1.045520E-06  9.871670E-08
  1.221062E+00  4.000000E+01     1  6.718878E-01  1.310790E+02 -4.414965E-01  5.064722E-01
  1.221062E+00  4.000000E+01     2  5.614118E-01  1.311813E+02 -3.696581E-01  4.225353E-01
  1.221062E+00  4.000000E+01     3  1.323797E-01  1.165622E+02 -5.919606E-02  1.184069E-01
  1.221062E+00  4.000000E+01     4  5.833515E-02  1.394110E+02 -4.429951E-02  3.795449E-02
  1.221062E+00  4.000000E+01     5  7.186167E-02 -4.085184E+01  5.435642E-02 -4.700510E-02
  1.221062E+00  4.000000E+01     6  4.148750E-07  1.738271E+02 -4.124696E-07  4.461085E-08
  1.221062E+00  5.000000E+01     1  5.610788E-01  1.311283E+02 -3.690483E-01  4.226260E-01
  1.221062E+00  5.000000E+01     2  6.721771E-01  1.311085E+02 -4.419480E-01  5.064623E-01
  1.221062E+00  5.000000E+01     3  1.326635E-01  1.164649E+02 -5.912150E-02  1.187613E-01
  1.221062E+00  5.000000E+01     4  7.220665E-02  1.394644E+02 -5.487724E-02  4.692854E-02
  1.221062E+00  5.000000E+01     5  5.794669E-02 -4.118144E+01  4.361231E-02 -3.815474E-02
  1.221062E+00  5.000000E+01     6  4.035197E-07 -3.756938E+00  4.026526E-07 -2.644021E-08
  1.221062E+00  6.000000E+01     1  4.340216E-01  1.311878E+02 -2.858156E-01  3.266254E-01
  1.221062E+00  6.000000E+01     2  7.625352E-01  1.310455E+02 -5.007248E-01  5.750953E-01
  1.221062E+00  6.000000E+01     3  1.325794E-01  1.153549E+02 -5.677359E-02  1.198084E-01
  1.221062E+00  6.000000E+01     4  8.390440E-02  1.394601E+02 -6.376349E-02  5.453592E-02
  1.221062E+00  6.000000E+01     5  4.295675E-02 -4.150124E+01  3.217209E-02 -2.846470E-02
  1.221062E+00  6.000000E+01     6  1.037370E-06 -4.488296E+00  1.034188E-06 -8.117982E-08
  1.221062E+00  7.000000E+01     1  2.951984E-01  1.312726E+02 -1.947254E-01  2.218651E-01
  1.221062E+00  7.000000E+01     2  8.292675E-01  1.309989E+02 -5.440361E-01  6.258668E-01
  1.221062E+00  7.000000E+01     3  1.322762E-01  1.137093E+02 -5.318775E-02  1.211118E-01
  1.221062E+00  7.000000E+01     4  9.269335E-02  1.394393E+02 -7.042074E-02  6.027417E-02
  1.221062E+00  7.000000E+01     5  2.786412E-02 -4.144364E+01  2.088715E-02 -1.844279E-02
  1.221062E+00  7.000000E+01     6  1.193189E-06 -4.518879E+00  1.189480E-06 -9.400845E-08
  1.221062E+00  8.000000E+01     1  1.489585E-01  1.314687E+02 -9.864187E-02  1.116173E-01
  1.221062E+00  8.000000E+01     2  8.701702E-01  1.309776E+02 -5.706265E-01  6.569486E-01
  1.221062E+00  8.000000E+01     3  1.318618E-01  1.122428E+02 -4.991389E-02  1.220498E-01
  1.221062E+00  8.000000E+01     4  9.814855E-02  1.394935E+02 -7.462555E-02  6.375082E-02
  1.221062E+00  8.000000E+01     5  1.324845E-02 -3.955529E+01  1.021470E-02 -8.436914E-03
  1.221062E+00  8.000000E+01     6  7.835523E-07 -4.317839E+00  7.813283E-07 -5.899302E-08
  1.221062E+00  9.000000E+01     1  1.204949E-03 -9.668566E+01 -1.402828E-04 -1.196756E-03
  1.221062E+00  9.000000E+01     2  8.840039E-01  1.309876E+02 -5.798138E-01  6.672922E-01
  1.221062E+00  9.000000E+01     3  1.312938E-01  1.115843E+02 -4.829911E-02  1.220871E-01
  1.221062E+00  9.000000E+01     4  1.000774E-01  1.396896E+02 -7.631411E-02  6.474293E-02
  1.221062E+00  9.000000E+01     5  1.431595E-03  8.936615E+01  1.583711E-05  1.431507E-03
  1.221062E+00  9.000000E+01     6  9.889092E-09  1.327132E+02 -6.708063E-09  7.266087E-09
  1.221062E+00  1.000000E+02     1  1.505824E-01 -4.917110E+01  9.845113E-02 -1.139405E-01
  1.221062E+00  1.000000E+02     2  8.703705E-01  1.310269E+02 -5.713231E-01  6.566086E-01
  1.221062E+00  1.000000E+02     3  1.305209E-01  1.119755E+02 -4.884228E-02  1.210377E-01
  1.221062E+00  1.000000E+02     4  9.842105E-02  1.400139E+02 -7.541020E-02  6.324559E-02
  1.221062E+00  1.000000E+02     5  1.520812E-02  1.325632E+02 -1.028682E-02  1.120126E-02
  1.221062E+00  1.000000E+02     6  7.966700E-07  1.747155E+02 -7.932839E-07  7.337427E-08
  1.221062E+00  1.100000E+02     1  2.968231E-01 -4.898527E+01  1.947911E-01 -2.239652E-01
  1.221062E+00  1.100000E+02     2  8.296556E-01  1.310851E+02 -5.452327E-01  6.253396E-01
  1.221062E+00  1.100000E+02     3  1.296302E-01  1.131578E+02 -5.097911E-02  1.191853E-01
  1.221062E+00  1.100000E+02     4  9.321359E-02  1.403550E+02 -7.177563E-02  5.947295E-02
  1.221062E+00  1.100000E+02     5  2.980613E-02  1.354760E+02 -2.125047E-02  2.090031E-02
  1.221062E+00  1.100000E+02     6  1.202536E-06  1.748508E+02 -1.197683E-06  1.079280E-07
  1.221062E+00  1.200000E+02     1  4.356015E-01 -4.891644E+01  2.862595E-01 -3.283355E-01
  1.221062E+00  1.200000E+02     2  7.630913E-01  1.311453E+02 -5.020918E-01  5.746408E-01
  1.221062E+00  1.200000E+02     3  1.287854E-01  1.145071E+02 -5.342104E-02  1.171830E-01
  1.221062E+00  1.200000E+02     4  8.462738E-02  1.405309E+02 -6.532963E-02  5.379436E-02
  1.221062E+00  1.200000E+02     5  4.483290E-02  1.373056E+02 -3.295134E-02  3.040063E-02
  1.221062E+00  1.200000E+02     6  1.042251E-06  1.748065E+02 -1.037972E-06  9.434432E-08
  1.221062E+00  1.300000E+02     1  5.625353E-01 -4.888506E+01  3.699073E-01 -4.238096E-01
  1.221062E+00  1.300000E+02     2  6.728821E-01  1.311897E+02 -4.431291E-01  5.063664E-01
  1.221062E+00  1.300000E+02     3  1.281050E-01  1.153403E+02 -5.482815E-02  1.157789E-01
  1.221062E+00  1.300000E+02     4  7.308295E-02  1.403459E+02 -5.626736E-02  4.663799E-02
  1.221062E+00  1.300000E+02     5  5.968529E-02  1.386830E+02 -4.482772E-02  3.940570E-02
  1.221062E+00  1.300000E+02     6  4.051212E-07  1.745207E+02 -4.032700E-07  3.868368E-08
  1.221062E+00  1.400000E+02     1  6.731420E-01 -4.887919E+01  4.426911E-01 -5.070945E-01
  1.221062E+00  1.400000E+02     2  5.622528E-01  1.312044E+02 -3.703828E-01  4.230187E-01
  1.221062E+00  1.400000E+02     3  1.276833E-01  1.152350E+02 -5.443542E-02  1.154981E-01
  1.221062E+00  1.400000E+02     4  5.933663E-02  1.396493E+02 -4.522022E-02  3.841832E-02
  1.221062E+00  1.400000E+02     5  7.338477E-02  1.396164E+02 -5.589896E-02  4.754610E-02
  1.221062E+00  1.400000E+02     6  4.137628E-07 -4.601620E+00  4.124290E-07 -3.319499E-08
  1.221062E+00  1.500000E+02     1  7.633650E-01 -4.889490E+01  5.018684E-01 -5.751992E-01
  1.221062E+00  1.500000E+02     2  4.352778E-01  1.311805E+02 -2.866016E-01  3.276070E-01
  1.221062E+00  1.500000E+02     3  1.276536E-01  1.142175E+02 -5.236379E-02  1.164194E-01
  1.221062E+00  1.500000E+02     4  4.441480E-02  1.383660E+02 -3.319580E-02  2.950785E-02
  1.221062E+00  1.500000E+02     5  8.493587E-02  1.401108E+02 -6.517011E-02  5.446979E-02
  1.221062E+00  1.500000E+02     6  1.047044E-06 -4.807268E+00  1.043361E-06 -8.774676E-08
  1.221062E+00  1.600000E+02     1  8.299920E-01 -4.892546E+01  5.453382E-01 -6.256940E-01
  1.221062E+00  1.600000E+02     2  2.964566E-01  1.311042E+02 -1.948997E-01  2.233845E-01
  1.221062E+00  1.600000E+02     3  1.281042E-01  1.127556E+02 -4.955078E-02  1.181330E-01
  1.221062E+00  1.600000E+02     4  2.933176E-02  1.364271E+02 -2.125079E-02  2.021772E-02
  1.221062E+00  1.600000E+02     5  9.359535E-02  1.402425E+02 -7.195221E-02  5.985790E-02
  1.221062E+00  1.600000E+02     6  1.201187E-06 -4.748426E+00  1.197064E-06 -9.943521E-08
  1.221062E+00  1.700000E+02     1  8.708155E-01 -4.895974E+01  5.717680E-01 -6.568112E-01
  1.221062E+00  1.700000E+02     2  1.501872E-01  1.308950E+02 -9.832382E-02  1.135281E-01
  1.221062E+00  1.700000E+02     3  1.289193E-01  1.115498E+02 -4.735320E-02  1.199077E-01
  1.221062E+00  1.700000E+02     4  1.471659E-02  1.330617E+02 -1.004827E-02  1.075222E-02
  1.221062E+00  1.700000E+02     5  9.893241E-02  1.401447E+02 -7.594700E-02  6.340091E-02
  1.221062E+00  1.700000E+02     6  7.891975E-07 -4.557493E+00  7.867021E-07 -6.270917E-08
  1.221062E+00  1.800000E+02     1  8.845761E-01 -4.898523E+01  5.805062E-01 -6.674484E-01
  1.221062E+00  1.800000E+02     2  1.017374E-03  6.502779E+01  4.295133E-04  9.222620E-04
  1.221062E+00  1.800000E+02     3  1.297995E-01  1.112028E+02 -4.694461E-02  1.210129E-01
  1.221062E+00  1.800000E+02     4  1.237385E-03  7.064362E+01  4.101226E-04  1.167443E-03
  1.221062E+00  1.800000E+02     5  1.007406E-01  1.399597E+02 -7.712620E-02  6.480903E-02
  1.221062E+00  1.800000E+02     6  6.585249E-09  1.258085E+02 -3.852880E-09  5.340489E-09
  1.221062E+00  1.900000E+02     1  8.708431E-01 -4.899286E+01  5.714064E-01 -6.571624E-01
  1.221062E+00  1.900000E+02     2  1.493329E-01 -4.847748E+01  9.899492E-02 -1.118048E-01
  1.221062E+00  1.900000E+02     3  1.304978E-01  1.119312E+02 -4.873998E-02  1.210541E-01
  1.221062E+00  1.900000E+02     4  1.369140E-02 -3.887087E+01  1.065961E-02 -8.592276E-03
  1.221062E+00  1.900000E+02     5  9.893383E-02  1.397851E+02 -7.554871E-02  6.387719E-02
  1.221062E+00  1.900000E+02     6  7.964364E-07  1.747445E+02 -7.930883E-07  7.295178E-08
  1.221062E+00  2.000000E+02     1  8.299705E-01 -4.898005E+01  5.447277E-01 -6.261971E-01
  1.221062E+00  2.000000E+02     2  2.955409E-01 -4.869667E+01  1.950704E-01 -2.220179E-01
  1.221062E+00  2.000000E+02     3  1.309732E-01  1.134621E+02 -5.214599E-02  1.201448E-01
  1.221062E+00  2.000000E+02     4  2.826132E-02 -4.105749E+01  2.131048E-02 -1.856249E-02
  1.221062E+00  2.000000E+02     5  9.351986E-02  1.396420E+02 -7.126341E-02  6.055981E-02
  1.221062E+00  2.000000E+02     6  1.205071E-06  1.748300E+02 -1.200169E-06  1.085896E-07
  1.221062E+00  2.100000E+02     1  7.631785E-01 -4.895036E+01  5.011889E-01 -5.755442E-01
  1.221062E+00  2.100000E+02     2  4.343566E-01 -4.879605E+01  2.861286E-01 -3.267967E-01
  1.221062E+00  2.100000E+02     3  1.312754E-01  1.151563E+02 -5.580372E-02  1.188241E-01
  1.221062E+00  2.100000E+02     4  4.334587E-02 -4.131087E+01  3.255877E-02 -2.861453E-02
  1.221062E+00  2.100000E+02     5  8.466773E-02  1.394834E+02 -6.436590E-02  5.500595E-02
  1.221062E+00  2.100000E+02     6  1.047308E-06  1.747554E+02 -1.042923E-06  9.573258E-08
  1.221062E+00  2.200000E+02     1  6.726912E-01 -4.890999E+01  4.421222E-01 -5.069926E-01
  1.221062E+00  2.200000E+02     2  5.614589E-01 -4.886597E+01  3.693404E-01 -4.228756E-01
  1.221062E+00  2.200000E+02     3  1.313722E-01  1.163004E+02 -5.820796E-02  1.177730E-01
  1.221062E+00  2.200000E+02     4  5.839334E-02 -4.112035E+01  4.398945E-02 -3.840196E-02
  1.221062E+00  2.200000E+02     5  7.282526E-02  1.392395E+02 -5.516117E-02  4.754749E-02
  1.221062E+00  2.200000E+02     6  4.120707E-07  1.743512E+02 -4.100697E-07  4.056001E-08
  1.221062E+00  2.300000E+02     1  5.617793E-01 -4.886333E+01  3.695706E-01 -4.230999E-01
  1.221062E+00  2.300000E+02     2  6.723686E-01 -4.892439E+01  4.417827E-01 -5.068605E-01
  1.221062E+00  2.300000E+02     3  1.311916E-01  1.164257E+02 -5.838502E-02  1.174837E-01
  1.221062E+00  2.300000E+02     4  7.243267E-02 -4.089205E+01  5.475506E-02 -4.741702E-02
  1.221062E+00  2.300000E+02     5  5.878870E-02  1.388838E+02 -4.429008E-02  3.865876E-02
  1.221062E+00  2.300000E+02     6  4.059804E-07 -4.382967E+00  4.047931E-07 -3.102608E-08
  1.221062E+00  2.400000E+02     1  4.345617E-01 -4.880898E+01  2.861900E-01 -3.270155E-01
  1.221062E+00  2.400000E+02     2  7.629631E-01 -4.897420E+01  5.008080E-01 -5.755901E-01
  1.221062E+00  2.400000E+02     3  1.307821E-01  1.155082E+02 -5.631996E-02  1.180340E-01
  1.221062E+00  2.400000E+02     4  8.440849E-02 -4.074677E+01  6.394802E-02 -5.509486E-02
  1.221062E+00  2.400000E+02     5  4.360824E-02  1.385108E+02 -3.266610E-02  2.888952E-02
  1.221062E+00  2.400000E+02     6  1.039589E-06 -4.720726E+00  1.036063E-06 -8.555719E-08
  1.221062E+00  2.500000E+02     1  2.955495E-01 -4.873258E+01  1.949369E-01 -2.221466E-01
  1.221062E+00  2.500000E+02     2  8.299270E-01 -4.901106E+01  5.443602E-01 -6.264589E-01
  1.221062E+00  2.500000E+02     3  1.303063E-01  1.139815E+02 -5.296182E-02  1.190579E-01
  1.221062E+00  2.500000E+02     4  9.347046E-02 -4.066322E+01  7.090228E-02 -6.090644E-02
  1.221062E+00  2.500000E+02     5  2.828961E-02  1.384674E+02 -2.117699E-02  1.875732E-02
  1.221062E+00  2.500000E+02     6  1.195106E-06 -4.685276E+00  1.191112E-06 -9.761906E-08
  1.221062E+00  2.600000E+02     1  1.491079E-01 -4.855788E+01  9.868904E-02 -1.117750E-01
  1.221062E+00  2.600000E+02     2  8.709669E-01 -4.902758E+01  5.710892E-01 -6.576020E-01
  1.221062E+00  2.600000E+02     3  1.298549E-01  1.125482E+02 -4.979419E-02  1.199284E-01
  1.221062E+00  2.600000E+02     4  9.908729E-02 -4.056172E+01  7.527720E-02 -6.443318E-02
  1.221062E+00  2.600000E+02     5  1.342886E-02  1.400635E+02 -1.029666E-02  8.620507E-03
  1.221062E+00  2.600000E+02     6  7.851741E-07 -4.505897E+00  7.827473E-07 -6.168461E-08
  1.221062E+00  2.700000E+02     1  1.170811E-03  8.913053E+01  1.776646E-05  1.170677E-03
  1.221062E+00  2.700000E+02     2  8.848003E-01 -4.901827E+01  5.802682E-01 -6.679524E-01
  1.221062E+00  2.700000E+02     3  1.293674E-01  1.118435E+02 -4.813399E-02  1.200793E-01
  1.221062E+00  2.700000E+02     4  1.010149E-01 -4.037608E+01  7.695403E-02 -6.543763E-02
  1.221062E+00  2.700000E+02     5  1.393285E-03 -8.515369E+01  1.177092E-04 -1.388304E-03
  1.221062E+00  2.700000E+02     6  7.650180E-09  1.357961E+02 -5.484134E-09  5.333810E-09
  1.221062E+00  2.800000E+02     1  1.508586E-01  1.308898E+02 -9.875297E-02  1.140447E-01
  1.221062E+00  2.800000E+02     2  8.710471E-01 -4.898389E+01  5.716431E-01 -6.572270E-01
  1.221062E+00  2.800000E+02     3  1.287879E-01  1.121195E+02 -4.849372E-02  1.193092E-01
  1.221062E+00  2.800000E+02     4  9.921511E-02 -4.010798E+01  7.588285E-02 -6.391737E-02
  1.221062E+00  2.800000E+02     5  1.552208E-02 -4.668825E+01  1.064765E-02 -1.129437E-02
  1.221062E+00  2.800000E+02     6  7.955205E-07  1.748057E+02 -7.922536E-07  7.202189E-08
  1.221062E+00  2.900000E+02     1  2.973003E-01  1.310563E+02 -1.952669E-01  2.241837E-01
  1.221062E+00  2.900000E+02     2  8.301606E-01 -4.893310E+01  5.453655E-01 -6.258938E-01
  1.221062E+00  2.900000E+02     3  1.282030E-01  1.131319E+02 -5.036443E-02  1.178958E-01
  1.221062E+00  2.900000E+02     4  9.380238E-02 -3.984772E+01  7.201680E-02 -6.010381E-02
  1.221062E+00  2.900000E+02     5  3.036752E-02 -4.403684E+01  2.183100E-02 -2.110909E-02
  1.221062E+00  2.900000E+02     6  1.201655E-06  1.748825E+02 -1.196865E-06  1.071852E-07
  1.221062E+00  3.000000E+02     1  4.362247E-01  1.311179E+02 -2.868661E-01  3.286332E-01
  1.221062E+00  3.000000E+02     2  7.634586E-01 -4.888035E+01  5.020761E-01 -5.751423E-01
  1.221062E+00  3.000000E+02     3  1.277573E-01  1.142842E+02 -5.254177E-02  1.164529E-01
  1.221062E+00  3.000000E+02     4  8.505265E-02 -3.975316E+01  6.538903E-02 -5.438959E-02
  1.221062E+00  3.000000E+02     5  4.557586E-02 -4.232345E+01  3.369677E-02 -3.068692E-02
  1.221062E+00  3.000000E+02     6  1.041700E-06  1.747990E+02 -1.037412E-06  9.443013E-08
  1.221062E+00  3.100000E+02     1  5.632076E-01  1.311431E+02 -3.705582E-01  4.241337E-01
  1.221062E+00  3.100000E+02     2  6.732107E-01 -4.884120E+01  4.430724E-01 -5.068525E-01
  1.221062E+00  3.100000E+02     3  1.275176E-01  1.149434E+02 -5.377717E-02  1.156234E-01
  1.221062E+00  3.100000E+02     4  7.346585E-02 -3.999798E+01  5.627977E-02 -4.722095E-02
  1.221062E+00  3.100000E+02     5  6.049426E-02 -4.103711E+01  4.562988E-02 -3.971737E-02
  1.221062E+00  3.100000E+02     6  4.049948E-07  1.743642E+02 -4.030372E-07  3.977263E-08
  1.221062E+00  3.200000E+02     1  6.737454E-01  1.311422E+02 -4.432771E-01  5.073838E-01
  1.221062E+00  3.200000E+02     2  5.626552E-01 -4.882814E+01  3.704071E-01 -4.235322E-01
  1.221062E+00  3.200000E+02     3  1.274921E-01  1.147510E+02 -5.337785E-02  1.157801E-01
  1.221062E+00  3.200000E+02     4  5.981439E-02 -4.071499E+01  4.533714E-02 -3.901673E-02
  1.221062E+00  3.200000E+02     5  7.411646E-02 -4.018601E+01  5.662154E-02 -4.782522E-02
  1.221062E+00  3.200000E+02     6  4.134233E-07 -4.330212E+00  4.122431E-07 -3.121533E-08
  1.221062E+00  3.300000E+02     1  7.637925E-01  1.311192E+02 -5.022916E-01  5.753974E-01
  1.221062E+00  3.300000E+02     2  4.358224E-01 -4.885069E+01  2.867814E-01 -3.281731E-01
  1.221062E+00  3.300000E+02     3  1.277133E-01  1.137793E+02 -5.149579E-02  1.168712E-01
  1.221062E+00  3.300000E+02     4  4.506829E-02 -4.196846E+01  3.350886E-02 -3.013813E-02
  1.221062E+00  3.300000E+02     5  8.545896E-02 -3.976478E+01  6.569032E-02 -5.466274E-02
  1.221062E+00  3.300000E+02     6  1.046153E-06 -4.678100E+00  1.042668E-06 -8.532172E-08
  1.221062E+00  3.400000E+02     1  8.301728E-01  1.310819E+02 -5.455373E-01  6.257603E-01
  1.221062E+00  3.400000E+02     2  2.971307E-01 -4.892647E+01  1.952229E-01 -2.239970E-01
  1.221062E+00  3.400000E+02     3  1.282051E-01  1.124931E+02 -4.904773E-02  1.184519E-01
  1.221062E+00  3.400000E+02     4  3.014207E-02 -4.383263E+01  2.174346E-02 -2.087501E-02
  1.221062E+00  3.400000E+02     5  9.382242E-02 -3.969470E+01  7.219247E-02 -5.992406E-02
  1.221062E+00  3.400000E+02     6  1.199750E-06 -4.644303E+00  1.195811E-06 -9.714334E-08
  1.221062E+00  3.500000E+02     1  8.707220E-01  1.310418E+02 -5.717240E-01  6.567255E-01
  1.221062E+00  3.500000E+02     2  1.509000E-01 -4.915327E+01  9.869432E-02 -1.141501E-01
  1.221062E+00  3.500000E+02     3  1.288854E-01  1.115411E+02 -4.732269E-02  1.198833E-01
  1.221062E+00  3.500000E+02     4  1.557418E-02 -4.711176E+01  1.059933E-02 -1.141093E-02
  1.221062E+00  3.500000E+02     5  9.882926E-02 -3.984245E+01  7.588200E-02 -6.331781E-02
  1.221062E+00  3.500000E+02     6  7.872634E-07 -4.439723E+00  7.849011E-07 -6.094227E-08
  1.199059E+00  0.000000E+00     1  8.523223E-01  1.357818E+02 -6.108500E-01  5.944035E-01
  1.199059E+00  0.000000E+00     2  1.310737E-03 -9.296762E+01 -6.785891E-05 -1.308979E-03
  1.199059E+00  0.000000E+00     3  1.125076E-01  1.161164E+02 -4.952547E-02  1.010208E-01
  1.199059E+00  0.000000E+00     4  1.582508E-03 -8.814659E+01  5.118230E-05 -1.581680E-03
  1.199059E+00  0.000000E+00     5  1.011075E-01 -3.601799E+01  8.177899E-02 -5.945517E-02
  1.199059E+00  0.000000E+00     6  8.916662E-09  1.380255E+02 -6.629029E-09  5.963459E-09
  1.199059E+00  1.000000E+01     1  8.389066E-01  1.357734E+02 -6.011499E-01  5.851350E-01
  1.199059E+00  1.000000E+01     2  1.434919E-01  1.365296E+02 -1.041364E-01  9.871944E-02
  1.199059E+00  1.000000E+01     3  1.134814E-01  1.172278E+02 -5.192100E-02  1.009071E-01
  1.199059E+00  1.000000E+01     4  1.343127E-02  1.481912E+02 -1.141404E-02  7.079448E-03
  1.199059E+00  1.000000E+01     5  9.905977E-02 -3.617754E+01  7.996023E-02 -5.847392E-02
  1.199059E+00  1.000000E+01     6  8.887592E-07  1.735759E+02 -8.831786E-07  9.944048E-08
  1.199059E+00  2.000000E+01     1  7.994546E-01  1.357928E+02 -5.730677E-01  5.574236E-01
  1.199059E+00  2.000000E+01     2  2.845590E-01  1.362756E+02 -2.056431E-01  1.966845E-01
  1.199059E+00  2.000000E+01     3  1.149616E-01  1.192594E+02 -5.618910E-02  1.002943E-01
  1.199059E+00  2.000000E+01     4  2.832390E-02  1.454536E+02 -2.332946E-02  1.606175E-02
  1.199059E+00  2.000000E+01     5  9.353417E-02 -3.622364E+01  7.545557E-02 -5.527295E-02
  1.199059E+00  2.000000E+01     6  1.341369E-06  1.736055E+02 -1.333024E-06  1.493931E-07
  1.199059E+00  3.000000E+01     1  7.350748E-01  1.358371E+02 -5.273142E-01  5.121276E-01
  1.199059E+00  3.000000E+01     2  4.185721E-01  1.361397E+02 -3.018036E-01  2.900295E-01
  1.199059E+00  3.000000E+01     3  1.166148E-01  1.213204E+02 -6.061906E-02  9.962099E-02
  1.199059E+00  3.000000E+01     4  4.376720E-02  1.447082E+02 -3.572369E-02  2.528607E-02
  1.199059E+00  3.000000E+01     5  8.464048E-02 -3.619856E+01  6.830277E-02 -4.998743E-02
  1.199059E+00  3.000000E+01     6  1.163948E-06  1.734540E+02 -1.156360E-06  1.326920E-07
  1.199059E+00  4.000000E+01     1  6.478427E-01  1.359004E+02 -4.652357E-01  4.508391E-01
  1.199059E+00  4.000000E+01     2  5.412320E-01  1.360286E+02 -3.895172E-01  3.757771E-01
  1.199059E+00  4.000000E+01     3  1.178143E-01  1.225347E+02 -6.336178E-02  9.932522E-02
  1.199059E+00  4.000000E+01     4  5.904659E-02  1.443800E+02 -4.799882E-02  3.438914E-02
  1.199059E+00  4.000000E+01     5  7.275485E-02 -3.616752E+01  5.873463E-02 -4.293614E-02
  1.199059E+00  4.000000E+01     6  4.589704E-07  1.728236E+02 -4.553750E-07  5.733638E-08
  1.199059E+00  5.000000E+01     1  5.408959E-01  1.359775E+02 -3.889401E-01  3.758910E-01
  1.199059E+00  5.000000E+01     2  6.481028E-01  1.359294E+02 -4.656510E-01  4.507841E-01
  1.199059E+00  5.000000E+01     3  1.180306E-01  1.224153E+02 -6.327053E-02  9.963966E-02
  1.199059E+00  5.000000E+01     4  7.306818E-02  1.441229E+02 -5.920540E-02  4.282148E-02
  1.199059E+00  5.000000E+01     5  5.864201E-02 -3.616200E+01  4.734473E-02 -3.460292E-02
  1.199059E+00  5.000000E+01     6  4.472247E-07 -5.305341E+00  4.453088E-07 -4.135192E-08
  1.199059E+00  6.000000E+01     1  4.182610E-01  1.360664E+02 -3.012084E-01  2.901995E-01
  1.199059E+00  6.000000E+01     2  7.351963E-01  1.358444E+02 -5.274672E-01  5.121445E-01
  1.199059E+00  6.000000E+01     3  1.172579E-01  1.210131E+02 -6.041522E-02  1.004958E-01
  1.199059E+00  6.000000E+01     4  8.478871E-02  1.438642E+02 -6.847723E-02  4.999994E-02
  1.199059E+00  6.000000E+01     5  4.339111E-02 -3.611532E+01  3.505274E-02 -2.557526E-02
  1.199059E+00  6.000000E+01     6  1.150674E-06 -5.846821E+00  1.144688E-06 -1.172183E-07
  1.199059E+00  7.000000E+01     1  2.843756E-01  1.361759E+02 -2.051684E-01  1.969148E-01
  1.199059E+00  7.000000E+01     2  7.994269E-01  1.357816E+02 -5.729384E-01  5.575168E-01
  1.199059E+00  7.000000E+01     3  1.159983E-01  1.189045E+02 -5.606795E-02  1.015480E-01
  1.199059E+00  7.000000E+01     4  9.350601E-02  1.436535E+02 -7.531415E-02  5.541799E-02
  1.199059E+00  7.000000E+01     5  2.809562E-02 -3.573838E+01  2.280500E-02 -1.641023E-02
  1.199059E+00  7.000000E+01     6  1.326030E-06 -5.834349E+00  1.319161E-06 -1.347945E-07
  1.199059E+00  8.000000E+01     1  1.434983E-01  1.363783E+02 -1.038799E-01  9.899862E-02
  1.199059E+00  8.000000E+01     2  8.387558E-01  1.357502E+02 -6.008043E-01  5.852738E-01
  1.199059E+00  8.000000E+01     3  1.148265E-01  1.170108E+02 -5.214938E-02  1.023014E-01
  1.199059E+00  8.000000E+01     4  9.888658E-02  1.435852E+02 -7.957806E-02  5.870169E-02
  1.199059E+00  8.000000E+01     5  1.341380E-02 -3.377622E+01  1.114975E-02 -7.457409E-03
  1.199059E+00  8.000000E+01     6  8.723948E-07 -5.651927E+00  8.681537E-07 -8.591765E-08
  1.199059E+00  9.000000E+01     1  1.033637E-03 -9.390803E+01 -7.044762E-05 -1.031233E-03
  1.199059E+00  9.000000E+01     2  8.520781E-01  1.357562E+02 -6.104096E-01  5.945059E-01
  1.199059E+00  9.000000E+01     3  1.140323E-01  1.161946E+02 -5.033627E-02  1.023212E-01
  1.199059E+00  9.000000E+01     4  1.008228E-01  1.437291E+02 -8.128628E-02  5.964712E-02
  1.199059E+00  9.000000E+01     5  1.242217E-03  9.063938E+01 -1.386200E-05  1.242140E-03
  1.199059E+00  9.000000E+01     6  9.480062E-09  1.380491E+02 -7.050497E-09  6.337355E-09
  1.199059E+00  1.000000E+02     1  1.448492E-01 -4.421365E+01  1.038198E-01 -1.010085E-01
  1.199059E+00  1.000000E+02     2  8.390384E-01  1.357980E+02 -6.014954E-01  5.849690E-01
  1.199059E+00  1.000000E+02     3  1.136580E-01  1.168012E+02 -5.124795E-02  1.014485E-01
  1.199059E+00  1.000000E+02     4  9.927782E-02  1.440740E+02 -8.039276E-02  5.825024E-02
  1.199059E+00  1.000000E+02     5  1.498517E-02  1.388124E+02 -1.127720E-02  9.868130E-03
  1.199059E+00  1.000000E+02     6  8.862245E-07  1.736238E+02 -8.807425E-07  9.842017E-08
  1.199059E+00  1.100000E+02     1  2.857722E-01 -4.406538E+01  2.053406E-01 -1.987485E-01
  1.199059E+00  1.100000E+02     2  7.999504E-01  1.358652E+02 -5.741271E-01  5.570446E-01
  1.199059E+00  1.100000E+02     3  1.136467E-01  1.184649E+02 -5.416624E-02  9.990789E-02
  1.199059E+00  1.100000E+02     4  9.422602E-02  1.445104E+02 -7.672083E-02  5.470335E-02
  1.199059E+00  1.100000E+02     5  2.973354E-02  1.413267E+02 -2.321362E-02  1.857987E-02
  1.199059E+00  1.100000E+02     6  1.335947E-06  1.736911E+02 -1.327857E-06  1.468066E-07
  1.199059E+00  1.200000E+02     1  4.196781E-01 -4.403231E+01  3.017267E-01 -2.917030E-01
  1.199059E+00  1.200000E+02     2  7.358908E-01  1.359410E+02 -5.288292E-01  5.117372E-01
  1.199059E+00  1.200000E+02     3  1.138004E-01  1.203221E+02 -5.745327E-02  9.823268E-02
  1.199059E+00  1.200000E+02     4  8.572596E-02  1.448602E+02 -7.010245E-02  4.934154E-02
  1.199059E+00  1.200000E+02     5  4.507775E-02  1.427167E+02 -3.586611E-02  2.730614E-02
  1.199059E+00  1.200000E+02     6  1.155946E-06  1.736167E+02 -1.148780E-06  1.285163E-07
  1.199059E+00  1.300000E+02     1  5.422618E-01 -4.403482E+01  3.898415E-01 -3.769237E-01
  1.199059E+00  1.300000E+02     2  6.488927E-01  1.360079E+02 -4.668362E-01  4.506947E-01
  1.199059E+00  1.300000E+02     3  1.137762E-01  1.214696E+02 -5.939643E-02  9.704172E-02
  1.199059E+00  1.300000E+02     4  7.409417E-02  1.449345E+02 -6.064578E-02  4.256801E-02
  1.199059E+00  1.300000E+02     5  6.030562E-02  1.436741E+02 -4.858587E-02  3.572366E-02
  1.199059E+00  1.300000E+02     6  4.490880E-07  1.733640E+02 -4.460793E-07  5.189699E-08
  1.199059E+00  1.400000E+02     1  6.490693E-01 -4.405776E+01  4.664466E-01 -4.513519E-01
  1.199059E+00  1.400000E+02     2  5.420586E-01  1.360514E+02 -3.902617E-01  3.761959E-01
  1.199059E+00  1.400000E+02     3  1.133470E-01  1.213686E+02 -5.900190E-02  9.677973E-02
  1.199059E+00  1.400000E+02     4  6.006168E-02  1.445855E+02 -4.894913E-02  3.480500E-02
  1.199059E+00  1.400000E+02     5  7.429190E-02  1.442560E+02 -6.029794E-02  4.339867E-02
  1.199059E+00  1.400000E+02     6  4.576812E-07 -5.936441E+00  4.552268E-07 -4.733575E-08
  1.199059E+00  1.500000E+02     1  7.360964E-01 -4.409573E+01  5.286483E-01 -5.122195E-01
  1.199059E+00  1.500000E+02     2  4.194114E-01  1.360606E+02 -3.020071E-01  2.910286E-01
  1.199059E+00  1.500000E+02     3  1.126617E-01  1.200387E+02 -5.639684E-02  9.752980E-02
  1.199059E+00  1.500000E+02     4  4.473907E-02  1.437213E+02 -3.606630E-02  2.647274E-02
  1.199059E+00  1.500000E+02     5  8.595470E-02  1.444844E+02 -6.996350E-02  4.993314E-02
  1.199059E+00  1.500000E+02     6  1.160508E-06 -6.075393E+00  1.153990E-06 -1.228247E-07
  1.199059E+00  1.600000E+02     1  8.002469E-01 -4.414202E+01  5.742698E-01 -5.573233E-01
  1.199059E+00  1.600000E+02     2  2.854304E-01  1.360184E+02 -2.053851E-01  1.982108E-01
  1.199059E+00  1.600000E+02     3  1.121487E-01  1.180595E+02 -5.275351E-02  9.896668E-02
  1.199059E+00  1.600000E+02     4  2.929500E-02  1.422244E+02 -2.315522E-02  1.794527E-02
  1.199059E+00  1.600000E+02     5  9.456700E-02  1.444331E+02 -7.692429E-02  5.500519E-02
  1.199059E+00  1.600000E+02     6  1.334107E-06 -5.990349E+00  1.326822E-06 -1.392287E-07
  1.199059E+00  1.700000E+02     1  8.394742E-01 -4.418588E+01  6.019721E-01 -5.851038E-01
  1.199059E+00  1.700000E+02     2  1.444492E-01  1.358434E+02 -1.036334E-01  1.006265E-01
  1.199059E+00  1.700000E+02     3  1.121427E-01  1.163613E+02 -4.979466E-02  1.004813E-01
  1.199059E+00  1.700000E+02     4  1.448429E-02  1.392589E+02 -1.097425E-02  9.453060E-03
  1.199059E+00  1.700000E+02     5  9.978981E-02  1.442281E+02 -8.096452E-02  5.833313E-02
  1.199059E+00  1.700000E+02     6  8.780634E-07 -5.802964E+00  8.735638E-07 -8.877902E-08
  1.199059E+00  1.800000E+02     1  8.526638E-01 -4.421500E+01  6.111281E-01 -5.946074E-01
  1.199059E+00  1.800000E+02     2  8.763167E-04  6.244926E+01  4.053262E-04  7.769438E-04
  1.199059E+00  1.800000E+02     3  1.126742E-01  1.157947E+02 -4.902987E-02  1.014473E-01
  1.199059E+00  1.800000E+02     4  1.090705E-03  6.638048E+01  4.370031E-04  9.993322E-04
  1.199059E+00  1.800000E+02     5  1.015184E-01  1.440087E+02 -8.213915E-02  5.965850E-02
  1.199059E+00  1.800000E+02     6  6.506826E-09  1.297924E+02 -4.164417E-09  4.999642E-09
  1.199059E+00  1.900000E+02     1  8.394493E-01 -4.422007E+01  6.016050E-01 -5.854456E-01
  1.199059E+00  1.900000E+02     2  1.438898E-01 -4.356606E+01  1.042597E-01 -9.916750E-02
  1.199059E+00  1.900000E+02     3  1.136133E-01  1.166836E+02 -5.101965E-02  1.015135E-01
  1.199059E+00  1.900000E+02     4  1.389196E-02 -3.314576E+01  1.163149E-02 -7.595717E-03
  1.199059E+00  1.900000E+02     5  9.971685E-02  1.438734E+02 -8.054292E-02  5.879020E-02
  1.199059E+00  1.900000E+02     6  8.859780E-07  1.736326E+02 -8.805125E-07  9.825873E-08
  1.199059E+00  2.000000E+02     1  8.001396E-01 -4.419821E+01  5.736460E-01 -5.578115E-01
  1.199059E+00  2.000000E+02     2  2.847161E-01 -4.379270E+01  2.055219E-01 -1.970382E-01
  1.199059E+00  2.000000E+02     3  1.148198E-01  1.186506E+02 -5.505233E-02  1.007613E-01
  1.199059E+00  2.000000E+02     4  2.850426E-02 -3.537879E+01  2.324073E-02 -1.650338E-02
  1.199059E+00  2.000000E+02     5  9.436584E-02  1.438448E+02 -7.619304E-02  5.567344E-02
  1.199059E+00  2.000000E+02     6  1.338485E-06  1.736771E+02 -1.330343E-06  1.474095E-07
  1.199059E+00  2.100000E+02     1  7.358231E-01 -4.415270E+01  5.279428E-01 -5.125545E-01
  1.199059E+00  2.100000E+02     2  4.185677E-01 -4.391604E+01  3.015182E-01 -2.903201E-01
  1.199059E+00  2.100000E+02     3  1.160257E-01  1.208215E+02 -5.944759E-02  9.963909E-02
  1.199059E+00  2.100000E+02     4  4.375733E-02 -3.593010E+01  3.543178E-02 -2.567670E-02
  1.199059E+00  2.100000E+02     5  8.555076E-02  1.438768E+02 -6.910369E-02  5.043424E-02
  1.199059E+00  2.100000E+02     6  1.161069E-06  1.735921E+02 -1.153816E-06  1.295813E-07
  1.199059E+00  2.200000E+02     1  6.485666E-01 -4.408989E+01  4.658323E-01 -4.512636E-01
  1.199059E+00  2.200000E+02     2  5.412232E-01 -4.401472E+01  3.892267E-01 -3.760652E-01
  1.199059E+00  2.200000E+02     3  1.167552E-01  1.222694E+02 -6.233562E-02  9.872209E-02
  1.199059E+00  2.200000E+02     4  5.903461E-02 -3.609131E+01  4.770465E-02 -3.477574E-02
  1.199059E+00  2.200000E+02     5  7.363683E-02  1.438983E+02 -5.949650E-02  4.338836E-02
  1.199059E+00  2.200000E+02     6  4.561738E-07  1.732940E+02 -4.530529E-07  5.326934E-08
  1.199059E+00  2.300000E+02     1  5.415190E-01 -4.401551E+01  3.894343E-01 -3.762761E-01
  1.199059E+00  2.300000E+02     2  6.482534E-01 -4.410070E+01  4.655223E-01 -4.511335E-01
  1.199059E+00  2.300000E+02     3  1.166021E-01  1.224160E+02 -6.250604E-02  9.843297E-02
  1.199059E+00  2.300000E+02     4  7.325157E-02 -3.619176E+01  5.911733E-02 -4.325429E-02
  1.199059E+00  2.300000E+02     5  5.940249E-02  1.438725E+02 -4.797984E-02  3.502272E-02
  1.199059E+00  2.300000E+02     6  4.497267E-07 -5.838772E+00  4.473936E-07 -4.575048E-08
  1.199059E+00  2.400000E+02     1  4.187352E-01 -4.393158E+01  3.015601E-01 -2.905180E-01
  1.199059E+00  2.400000E+02     2  7.356034E-01 -4.417358E+01  5.275983E-01 -5.125938E-01
  1.199059E+00  2.400000E+02     3  1.156051E-01  1.212316E+02 -5.994102E-02  9.885148E-02
  1.199059E+00  2.400000E+02     4  8.528332E-02 -3.631832E+01  6.871609E-02 -5.051082E-02
  1.199059E+00  2.400000E+02     5  4.397110E-02  1.438609E+02 -3.551053E-02  2.593184E-02
  1.199059E+00  2.400000E+02     6  1.152950E-06 -6.033584E+00  1.146564E-06 -1.211882E-07
  1.199059E+00  2.500000E+02     1  2.846819E-01 -4.383034E+01  2.053677E-01 -1.971495E-01
  1.199059E+00  2.500000E+02     2  8.000797E-01 -4.422756E+01  5.733173E-01 -5.580635E-01
  1.199059E+00  2.500000E+02     3  1.142506E-01  1.192495E+02 -5.582447E-02  9.968361E-02
  1.199059E+00  2.500000E+02     4  9.429703E-02 -3.643752E+01  7.586244E-02 -5.600732E-02
  1.199059E+00  2.500000E+02     5  2.847047E-02  1.441338E+02 -2.307211E-02  1.668069E-02
  1.199059E+00  2.500000E+02     6  1.328034E-06 -5.956990E+00  1.320863E-06 -1.378258E-07
  1.199059E+00  2.600000E+02     1  1.436306E-01 -4.364859E+01  1.039292E-01 -9.913865E-02
  1.199059E+00  2.600000E+02     2  8.395466E-01 -4.425472E+01  6.013207E-01 -5.858771E-01
  1.199059E+00  2.600000E+02     3  1.130785E-01  1.173838E+02 -5.201027E-02  1.004076E-01
  1.199059E+00  2.600000E+02     4  9.984259E-02 -3.646504E+01  8.029537E-02 -5.933966E-02
  1.199059E+00  2.600000E+02     5  1.357259E-02  1.458159E+02 -1.122774E-02  7.625817E-03
  1.199059E+00  2.600000E+02     6  8.741279E-07 -5.773630E+00  8.696935E-07 -8.793587E-08
  1.199059E+00  2.700000E+02     1  9.936211E-04  9.202178E+01 -3.505432E-05  9.930026E-04
  1.199059E+00  2.700000E+02     2  8.528550E-01 -4.424933E+01  6.109087E-01 -5.951069E-01
  1.199059E+00  2.700000E+02     3  1.123563E-01  1.165072E+02 -5.014586E-02  1.005452E-01
  1.199059E+00  2.700000E+02     4  1.017597E-01 -3.633147E+01  8.197794E-02 -6.028813E-02
  1.199059E+00  2.700000E+02     5  1.192194E-03 -8.366272E+01  1.315955E-04 -1.184909E-03
  1.199059E+00  2.700000E+02     6  7.639909E-09  1.381707E+02 -5.692768E-09  5.095154E-09
  1.199059E+00  2.800000E+02     1  1.450904E-01  1.358429E+02 -1.040926E-01  1.010740E-01
  1.199059E+00  2.800000E+02     2  8.396725E-01 -4.421205E+01  6.018470E-01 -5.855169E-01
  1.199059E+00  2.800000E+02     3  1.121262E-01  1.169781E+02 -5.086601E-02  9.992460E-02
  1.199059E+00  2.800000E+02     4  1.000400E-01 -3.603655E+01  8.089650E-02 -5.885364E-02
  1.199059E+00  2.800000E+02     5  1.526882E-02 -4.052844E+01  1.160558E-02 -9.922068E-03
  1.199059E+00  2.800000E+02     6  8.850228E-07  1.736619E+02 -8.796134E-07  9.770199E-08
  1.199059E+00  2.900000E+02     1  2.861986E-01  1.359727E+02 -2.057794E-01  1.989082E-01
  1.199059E+00  2.900000E+02     2  8.003899E-01 -4.415154E+01  5.742798E-01 -5.575184E-01
  1.199059E+00  2.900000E+02     3  1.123411E-01  1.184454E+02 -5.351043E-02  9.877835E-02
  1.199059E+00  2.900000E+02     4  9.475081E-02 -3.567019E+01  7.697433E-02 -5.525096E-02
  1.199059E+00  2.900000E+02     5  3.024795E-02 -3.826332E+01  2.374987E-02 -1.873184E-02
  1.199059E+00  2.900000E+02     6  1.335087E-06  1.736975E+02 -1.327018E-06  1.465616E-07
  1.199059E+00  3.000000E+02     1  4.202422E-01  1.359989E+02 -3.022913E-01  2.919306E-01
  1.199059E+00  3.000000E+02     2  7.361795E-01 -4.408229E+01  5.288282E-01 -5.121533E-01
  1.199059E+00  3.000000E+02     3  1.128022E-01  1.200747E+02 -5.652850E-02  9.761591E-02
  1.199059E+00  3.000000E+02     4  8.606728E-02 -3.538934E+01  7.016510E-02 -4.984410E-02
  1.199059E+00  3.000000E+02     5  4.576390E-02 -3.697800E+01  3.655925E-02 -2.752736E-02
  1.199059E+00  3.000000E+02     6  1.155510E-06  1.735965E+02 -1.148300E-06  1.288739E-07
  1.199059E+00  3.100000E+02     1  5.428728E-01  1.359905E+02 -3.904472E-01  3.771761E-01
  1.199059E+00  3.100000E+02     2  6.491448E-01 -4.402000E+01  4.667983E-01 -4.510968E-01
  1.199059E+00  3.100000E+02     3  1.131384E-01  1.210185E+02 -5.830182E-02  9.695975E-02
  1.199059E+00  3.100000E+02     4  7.439307E-02 -3.536554E+01  6.066577E-02 -4.305803E-02
  1.199059E+00  3.100000E+02     5  6.105253E-02 -3.609964E+01  4.933005E-02 -3.597162E-02
  1.199059E+00  3.100000E+02     6  4.491670E-07  1.732285E+02 -4.460337E-07  5.296152E-08
  1.199059E+00  3.200000E+02     1  6.496142E-01  1.359610E+02 -4.669861E-01  4.515780E-01
  1.199059E+00  3.200000E+02     2  5.424014E-01 -4.397782E+01  3.903167E-01 -3.766326E-01
  1.199059E+00  3.200000E+02     3  1.130602E-01  1.208111E+02 -5.791049E-02  9.710298E-02
  1.199059E+00  3.200000E+02     4  6.047489E-02 -3.573471E+01  4.908927E-02 -3.531934E-02
  1.199059E+00  3.200000E+02     5  7.496093E-02 -3.558823E+01  6.095976E-02 -4.362395E-02
  1.199059E+00  3.200000E+02     6  4.570563E-07 -5.736431E+00  4.547675E-07 -4.568389E-08
  1.199059E+00  3.300000E+02     1  7.364745E-01  1.359163E+02 -5.290275E-01  5.123716E-01
  1.199059E+00  3.300000E+02     2  4.199207E-01 -4.396715E+01  3.022329E-01 -2.915282E-01
  1.199059E+00  3.300000E+02     3  1.126259E-01  1.195306E+02 -5.551202E-02  9.799493E-02
  1.199059E+00  3.300000E+02     4  4.535848E-02 -3.658376E+01  3.642225E-02 -2.703353E-02
  1.199059E+00  3.300000E+02     5  8.642159E-02 -3.542149E+01  7.042585E-02 -5.008882E-02
  1.199059E+00  3.300000E+02     6  1.159300E-06 -5.988574E+00  1.152974E-06 -1.209499E-07
  1.199059E+00  3.400000E+02     1  8.003948E-01  1.358639E+02 -5.744334E-01  5.573672E-01
  1.199059E+00  3.400000E+02     2  2.860909E-01 -4.400866E+01  2.057665E-01 -1.987665E-01
  1.199059E+00  3.400000E+02     3  1.121873E-01  1.177609E+02 -5.225490E-02  9.927449E-02
  1.199059E+00  3.400000E+02     4  3.009926E-02 -3.804088E+01  2.370531E-02 -1.854787E-02
  1.199059E+00  3.400000E+02     5  9.475351E-02 -3.552344E+01  7.711778E-02 -5.505520E-02
  1.199059E+00  3.400000E+02     6  1.332363E-06 -5.926006E+00  1.325242E-06 -1.375585E-07
  1.199059E+00  3.500000E+02     1  8.393710E-01  1.358150E+02 -6.019067E-01  5.850231E-01
  1.199059E+00  3.500000E+02     2  1.451579E-01 -4.419951E+01  1.040661E-01 -1.011981E-01
  1.199059E+00  3.500000E+02     3  1.120927E-01  1.163711E+02 -4.978972E-02  1.004279E-01
  1.199059E+00  3.500000E+02     4  1.534818E-02 -4.098821E+01  1.158549E-02 -1.006693E-02
  1.199059E+00  3.500000E+02     5  9.967005E-02 -3.576794E+01  8.087138E-02 -5.825752E-02
  1.199059E+00  3.500000E+02     6  8.758634E-07 -5.736015E+00  8.714779E-07 -8.753834E-08
  1.178204E+00  0.000000E+00     1  8.221756E-01  1.406363E+02 -6.356536E-01  5.214568E-01
  1.178204E+00  0.000000E+00     2  1.149717E-03 -8.970932E+01  5.832803E-06 -1.149702E-03
  1.178204E+00  0.000000E+00     3  9.670718E-02  1.207921E+02 -4.950681E-02  8.307439E-02
  1.178204E+00  0.000000E+00     4  1.402883E-03 -8.603252E+01  9.706576E-05 -1.399521E-03
  1.178204E+00  0.000000E+00     5  1.016452E-01 -3.179314E+01  8.639393E-02 -5.355219E-02
  1.178204E+00  0.000000E+00     6  8.641233E-09  1.413847E+02 -6.751864E-09  5.392887E-09
  1.178204E+00  1.000000E+01     1  8.092842E-01  1.406309E+02 -6.256383E-01  5.133397E-01
  1.178204E+00  1.000000E+01     2  1.383519E-01  1.415236E+02 -1.083107E-01  8.608152E-02
  1.178204E+00  1.000000E+01     3  9.804959E-02  1.221213E+02 -5.213433E-02  8.304055E-02
  1.178204E+00  1.000000E+01     4  1.361846E-02  1.540001E+02 -1.224021E-02  5.969916E-03
  1.178204E+00  1.000000E+01     5  9.964651E-02 -3.191074E+01  8.458719E-02 -5.267289E-02
  1.178204E+00  1.000000E+01     6  9.803197E-07  1.723046E+02 -9.714909E-07  1.312712E-07
  1.178204E+00  2.000000E+01     1  7.713586E-01  1.406580E+02 -5.965500E-01  4.890012E-01
  1.178204E+00  2.000000E+01     2  2.743813E-01  1.412591E+02 -2.140131E-01  1.717076E-01
  1.178204E+00  2.000000E+01     3  1.005022E-01  1.246150E+02 -5.709123E-02  8.271209E-02
  1.178204E+00  2.000000E+01     4  2.860805E-02  1.511786E+02 -2.506427E-02  1.379141E-02
  1.178204E+00  2.000000E+01     5  9.425787E-02 -3.185933E+01  8.005760E-02 -4.975267E-02
  1.178204E+00  2.000000E+01     6  1.477119E-06  1.722856E+02 -1.463751E-06  1.982822E-07
  1.178204E+00  3.000000E+01     1  7.093632E-01  1.407162E+02 -5.490604E-01  4.491423E-01
  1.178204E+00  3.000000E+01     2  4.037581E-01  1.410951E+02 -3.142005E-01  2.535718E-01
  1.178204E+00  3.000000E+01     3  1.032877E-01  1.271084E+02 -6.231598E-02  8.237153E-02
  1.178204E+00  3.000000E+01     4  4.425969E-02  1.500979E+02 -3.836775E-02  2.206435E-02
  1.178204E+00  3.000000E+01     5  8.548469E-02 -3.166898E+01  7.275563E-02 -4.488040E-02
  1.178204E+00  3.000000E+01     6  1.278794E-06  1.721219E+02 -1.266724E-06  1.752783E-07
  1.178204E+00  4.000000E+01     1  6.252066E-01  1.408010E+02 -4.845075E-01  3.951403E-01
  1.178204E+00  4.000000E+01     2  5.222545E-01  1.409530E+02 -4.055982E-01  3.289982E-01
  1.178204E+00  4.000000E+01     3  1.052067E-01  1.285527E+02 -6.556835E-02  8.227538E-02
  1.178204E+00  4.000000E+01     4  5.976907E-02  1.494144E+02 -5.145341E-02  3.041197E-02
  1.178204E+00  4.000000E+01     5  7.359854E-02 -3.139036E+01  6.282655E-02 -3.833498E-02
  1.178204E+00  4.000000E+01     6  5.028908E-07  1.716320E+02 -4.975369E-07  7.318555E-08
  1.178204E+00  5.000000E+01     1  5.219035E-01  1.409071E+02 -4.050623E-01  3.291016E-01
  1.178204E+00  5.000000E+01     2  6.254627E-01  1.408270E+02 -4.848849E-01  3.950826E-01
  1.178204E+00  5.000000E+01     3  1.053411E-01  1.284145E+02 -6.545325E-02  8.253855E-02
  1.178204E+00  5.000000E+01     4  7.391785E-02  1.488595E+02 -6.326641E-02  3.822578E-02
  1.178204E+00  5.000000E+01     5  5.933069E-02 -3.104966E+01  5.082982E-02 -3.060163E-02
  1.178204E+00  5.000000E+01     6  4.919793E-07 -7.029530E+00  4.882812E-07 -6.020886E-08
  1.178204E+00  6.000000E+01     1  4.034241E-01  1.410290E+02 -3.136479E-01  2.537241E-01
  1.178204E+00  6.000000E+01     2  7.094567E-01  1.407220E+02 -5.491789E-01  4.491452E-01
  1.178204E+00  6.000000E+01     3  1.037082E-01  1.267456E+02 -6.204473E-02  8.310136E-02
  1.178204E+00  6.000000E+01     4  8.560394E-02  1.483791E+02 -7.289479E-02  4.488189E-02
  1.178204E+00  6.000000E+01     5  4.383796E-02 -3.060687E+01  3.773050E-02 -2.231986E-02
  1.178204E+00  6.000000E+01     6  1.266149E-06 -7.376390E+00  1.255671E-06 -1.625570E-07
  1.178204E+00  7.000000E+01     1  2.741776E-01  1.411669E+02 -2.135777E-01  1.719241E-01
  1.178204E+00  7.000000E+01     2  7.712838E-01  1.406460E+02 -5.963897E-01  4.890787E-01
  1.178204E+00  7.000000E+01     3  1.012374E-01  1.241784E+02 -5.687235E-02  8.375287E-02
  1.178204E+00  7.000000E+01     4  9.417249E-02  1.480154E+02 -7.987624E-02  4.988230E-02
  1.178204E+00  7.000000E+01     5  2.833990E-02 -2.986653E+01  2.457602E-02 -1.411274E-02
  1.178204E+00  7.000000E+01     6  1.462062E-06 -7.308347E+00  1.450185E-06 -1.859877E-07
  1.178204E+00  8.000000E+01     1  1.383473E-01  1.413746E+02 -1.080829E-01  8.636007E-02
  1.178204E+00  8.000000E+01     2  8.090821E-01  1.406069E+02 -6.252668E-01  5.134737E-01
  1.178204E+00  8.000000E+01     3  9.909312E-02  1.218269E+02 -5.225718E-02  8.419402E-02
  1.178204E+00  8.000000E+01     4  9.940764E-02  1.478510E+02 -8.416517E-02  5.289710E-02
  1.178204E+00  8.000000E+01     5  1.358052E-02 -2.783742E+01  1.200893E-02 -6.341615E-03
  1.178204E+00  8.000000E+01     6  9.638571E-07 -7.123329E+00  9.564176E-07 -1.195236E-07
  1.178204E+00  9.000000E+01     1  8.577818E-04 -9.056391E+01 -8.442253E-06 -8.577403E-04
  1.178204E+00  9.000000E+01     2  8.218960E-01  1.406096E+02 -6.351941E-01  5.215760E-01
  1.178204E+00  9.000000E+01     3  9.800311E-02  1.208335E+02 -5.023096E-02  8.415141E-02
  1.178204E+00  9.000000E+01     4  1.013121E-01  1.479481E+02 -8.586885E-02  5.376509E-02
  1.178204E+00  9.000000E+01     5  1.042394E-03  9.207792E+01 -3.779579E-05  1.041709E-03
  1.178204E+00  9.000000E+01     6  9.157226E-09  1.422329E+02 -7.238853E-09  5.608369E-09
  1.178204E+00  1.000000E+02     1  1.394479E-01 -3.915299E+01  1.081366E-01 -8.804646E-02
  1.178204E+00  1.000000E+02     2  8.094209E-01  1.406523E+02 -6.259355E-01  5.131929E-01
  1.178204E+00  1.000000E+02     3  9.814021E-02  1.216800E+02 -5.154080E-02  8.351674E-02
  1.178204E+00  1.000000E+02     4  9.988335E-02  1.482955E+02 -8.497776E-02  5.249252E-02
  1.178204E+00  1.000000E+02     5  1.478588E-02  1.454635E+02 -1.218010E-02  8.382566E-03
  1.178204E+00  1.000000E+02     6  9.780539E-07  1.723314E+02 -9.693066E-07  1.305150E-07
  1.178204E+00  1.100000E+02     1  2.753665E-01 -3.905414E+01  2.138361E-01 -1.734959E-01
  1.178204E+00  1.100000E+02     2  7.718971E-01  1.407254E+02 -5.975414E-01  4.886402E-01
  1.178204E+00  1.100000E+02     3  9.926076E-02  1.238562E+02 -5.529921E-02  8.242994E-02
  1.178204E+00  1.100000E+02     4  9.503077E-02  1.487916E+02 -8.127872E-02  4.924040E-02
  1.178204E+00  1.100000E+02     5  2.969347E-02  1.474087E+02 -2.501777E-02  1.599417E-02
  1.178204E+00  1.100000E+02     6  1.472133E-06  1.723352E+02 -1.458980E-06  1.963480E-07
  1.178204E+00  1.200000E+02     1  4.046956E-01 -3.906575E+01  3.142151E-01 -2.550439E-01
  1.178204E+00  1.200000E+02     2  7.102374E-01  1.408138E+02 -5.505027E-01  4.487583E-01
  1.178204E+00  1.200000E+02     3  1.006926E-01  1.262142E+02 -5.948972E-02  8.124022E-02
  1.178204E+00  1.200000E+02     4  8.668181E-02  1.492752E+02 -7.451442E-02  4.428699E-02
  1.178204E+00  1.200000E+02     5  4.535131E-02  1.482485E+02 -3.856398E-02  2.386547E-02
  1.178204E+00  1.200000E+02     6  1.271312E-06  1.722231E+02 -1.259619E-06  1.720292E-07
  1.178204E+00  1.300000E+02     1  5.231915E-01 -3.910806E+01  4.059744E-01 -3.300213E-01
  1.178204E+00  1.300000E+02     2  6.262954E-01  1.409018E+02 -4.860464E-01  3.949745E-01
  1.178204E+00  1.300000E+02     3  1.015009E-01  1.276498E+02 -6.200012E-02  8.036427E-02
  1.178204E+00  1.300000E+02     4  7.502974E-02  1.495822E+02 -6.470235E-02  3.798772E-02
  1.178204E+00  1.300000E+02     5  6.093137E-02  1.487281E+02 -5.207889E-02  3.162944E-02
  1.178204E+00  1.300000E+02     6  4.935523E-07  1.719870E+02 -4.887335E-07  6.880015E-08
  1.178204E+00  1.400000E+02     1  6.264128E-01 -3.916195E+01  4.856980E-01 -3.955888E-01
  1.178204E+00  1.400000E+02     2  5.230503E-01  1.409758E+02 -4.063472E-01  3.293381E-01
  1.178204E+00  1.400000E+02     3  1.010593E-01  1.275533E+02 -6.159565E-02  8.011846E-02
  1.178204E+00  1.400000E+02     4  6.076721E-02  1.495865E+02 -5.240530E-02  3.076260E-02
  1.178204E+00  1.400000E+02     5  7.515672E-02  1.489491E+02 -6.438744E-02  3.876583E-02
  1.178204E+00  1.400000E+02     6  5.019670E-07 -7.456494E+00  4.977222E-07 -6.514192E-08
  1.178204E+00  1.500000E+02     1  7.103987E-01 -3.922097E+01  5.503552E-01 -4.491943E-01
  1.178204E+00  1.500000E+02     2  4.044812E-01  1.410233E+02 -3.144446E-01  2.544202E-01
  1.178204E+00  1.500000E+02     3  9.953482E-02  1.259364E+02 -5.841566E-02  8.059026E-02
  1.178204E+00  1.500000E+02     4  4.508417E-02  1.491957E+02 -3.872377E-02  2.308791E-02
  1.178204E+00  1.500000E+02     5  8.686247E-02  1.489354E+02 -7.440515E-02  4.482144E-02
  1.178204E+00  1.500000E+02     6  1.275532E-06 -7.532402E+00  1.264526E-06 -1.672055E-07
  1.178204E+00  1.600000E+02     1  7.721707E-01 -3.927991E+01  5.977081E-01 -4.888686E-01
  1.178204E+00  1.600000E+02     2  2.750597E-01  1.410229E+02 -2.138308E-01  1.730151E-01
  1.178204E+00  1.600000E+02     3  9.777735E-02  1.234447E+02 -5.388823E-02  8.158719E-02
  1.178204E+00  1.600000E+02     4  2.930360E-02  1.482513E+02 -2.491874E-02  1.541937E-02
  1.178204E+00  1.600000E+02     5  9.535247E-02  1.487388E+02 -8.150826E-02  4.948228E-02
  1.178204E+00  1.600000E+02     6  1.469736E-06 -7.412477E+00  1.457454E-06 -1.896129E-07
  1.178204E+00  1.700000E+02     1  8.098532E-01 -3.933025E+01  6.264260E-01 -5.132763E-01
  1.178204E+00  1.700000E+02     2  1.390656E-01  1.408910E+02 -1.079075E-01  8.772236E-02
  1.178204E+00  1.700000E+02     3  9.670487E-02  1.212238E+02 -5.013014E-02  8.269705E-02
  1.178204E+00  1.700000E+02     4  1.430601E-02  1.458729E+02 -1.184244E-02  8.026109E-03
  1.178204E+00  1.700000E+02     5  1.004014E-01  1.484603E+02 -8.556995E-02  5.251883E-02
  1.178204E+00  1.700000E+02     6  9.692151E-07 -7.217375E+00  9.615357E-07 -1.217665E-07
  1.178204E+00  1.800000E+02     1  8.224875E-01 -3.936122E+01  6.359169E-01 -5.216276E-01
  1.178204E+00  1.800000E+02     2  7.552297E-04  6.037535E+01  3.733220E-04  6.565078E-04
  1.178204E+00  1.800000E+02     3  9.678974E-02  1.204211E+02 -4.900968E-02  8.346440E-02
  1.178204E+00  1.800000E+02     4  9.560267E-04  6.290794E+01  4.353952E-04  8.511275E-04
  1.178204E+00  1.800000E+02     5  1.020262E-01  1.482236E+02 -8.673351E-02  5.372751E-02
  1.178204E+00  1.800000E+02     6  6.476654E-09  1.339331E+02 -4.493623E-09  4.664161E-09
  1.178204E+00  1.900000E+02     1  8.097756E-01 -3.936390E+01  6.260645E-01 -5.135949E-01
  1.178204E+00  1.900000E+02     2  1.387320E-01 -3.856332E+01  1.084773E-01 -8.648266E-02
  1.178204E+00  1.900000E+02     3  9.805965E-02  1.215007E+02 -5.123707E-02  8.360896E-02
  1.178204E+00  1.900000E+02     4  1.405638E-02 -2.724141E+01  1.249733E-02 -6.434175E-03
  1.178204E+00  1.900000E+02     5  1.002495E-01  1.481232E+02 -8.513039E-02  5.294129E-02
  1.178204E+00  1.900000E+02     6  9.777933E-07  1.723299E+02 -9.690451E-07  1.305047E-07
  1.178204E+00  2.000000E+02     1  7.719758E-01 -3.933465E+01  5.970901E-01 -4.893159E-01
  1.178204E+00  2.000000E+02     2  2.745040E-01 -3.879978E+01  2.139321E-01 -1.720045E-01
  1.178204E+00  2.000000E+02     3  1.002341E-01  1.239404E+02 -5.596377E-02  8.315612E-02
  1.178204E+00  2.000000E+02     4  2.873631E-02 -2.952430E+01  2.500480E-02 -1.416104E-02
  1.178204E+00  2.000000E+02     5  9.501677E-02  1.481868E+02 -8.074248E-02  5.008831E-02
  1.178204E+00  2.000000E+02     6  1.474493E-06  1.723268E+02 -1.461290E-06  1.968773E-07
  1.178204E+00  2.100000E+02     1  7.100332E-01 -3.927529E+01  5.496462E-01 -4.494845E-01
  1.178204E+00  2.100000E+02     2  4.037062E-01 -3.895219E+01  3.139505E-01 -2.537986E-01
  1.178204E+00  2.100000E+02     3  1.026152E-01  1.265824E+02 -6.115641E-02  8.240011E-02
  1.178204E+00  2.100000E+02     4  4.417802E-02 -3.042198E+01  3.809557E-02 -2.237019E-02
  1.178204E+00  2.100000E+02     5  8.630967E-02  1.483800E+02 -7.349646E-02  4.525073E-02
  1.178204E+00  2.100000E+02     6  1.276157E-06  1.722152E+02 -1.264396E-06  1.728581E-07
  1.178204E+00  2.200000E+02     1  6.258478E-01 -3.919088E+01  4.850603E-01 -3.954770E-01
  1.178204E+00  2.200000E+02     2  5.221954E-01 -3.908387E+01  4.053406E-01 -3.292219E-01
  1.178204E+00  2.200000E+02     3  1.041532E-01  1.283004E+02 -6.455256E-02  8.173646E-02
  1.178204E+00  2.200000E+02     4  5.968522E-02 -3.097003E+01  5.117629E-02 -3.071340E-02
  1.178204E+00  2.200000E+02     5  7.438883E-02  1.486458E+02 -6.352561E-02  3.870653E-02
  1.178204E+00  2.200000E+02     6  5.003287E-07  1.719725E+02 -4.954260E-07  6.987031E-08
  1.178204E+00  2.300000E+02     1  5.224471E-01 -3.908735E+01  4.055159E-01 -3.294052E-01
  1.178204E+00  2.300000E+02     2  6.255723E-01 -3.919910E+01  4.847900E-01 -3.953724E-01
  1.178204E+00  2.300000E+02     3  1.040307E-01  1.284529E+02 -6.469372E-02  8.146847E-02
  1.178204E+00  2.300000E+02     4  7.404812E-02 -3.140426E+01  6.320096E-02 -3.858449E-02
  1.178204E+00  2.300000E+02     5  6.000090E-02  1.489525E+02 -5.140519E-02  3.094534E-02
  1.178204E+00  2.300000E+02     6  4.942920E-07 -7.418693E+00  4.901543E-07 -6.382256E-08
  1.178204E+00  2.400000E+02     1  4.038318E-01 -3.897022E+01  3.139683E-01 -2.539764E-01
  1.178204E+00  2.400000E+02     2  7.098379E-01 -3.929417E+01  5.493468E-01 -4.495418E-01
  1.178204E+00  2.400000E+02     3  1.022800E-01  1.270103E+02 -6.156838E-02  8.167332E-02
  1.178204E+00  2.400000E+02     4  8.607271E-02 -3.178292E+01  7.316609E-02 -4.533471E-02
  1.178204E+00  2.400000E+02     5  4.434033E-02  1.493361E+02 -3.814037E-02  2.261364E-02
  1.178204E+00  2.400000E+02     6  1.268203E-06 -7.508810E+00  1.257327E-06 -1.657270E-07
  1.178204E+00  2.500000E+02     1  2.744413E-01 -3.883998E+01  2.137625E-01 -1.721152E-01
  1.178204E+00  2.500000E+02     2  7.719229E-01 -3.936292E+01  5.968078E-01 -4.895769E-01
  1.178204E+00  2.500000E+02     3  9.978901E-02  1.245696E+02 -5.662103E-02  8.216998E-02
  1.178204E+00  2.500000E+02     4  9.495939E-02 -3.207473E+01  8.046443E-02 -5.042580E-02
  1.178204E+00  2.500000E+02     5  2.866301E-02  1.499789E+02 -2.481762E-02  1.434064E-02
  1.178204E+00  2.500000E+02     6  1.463804E-06 -7.388663E+00  1.451650E-06 -1.882443E-07
  1.178204E+00  2.600000E+02     1  1.384689E-01 -3.865042E+01  1.081402E-01 -8.648310E-02
  1.178204E+00  2.600000E+02     2  8.098615E-01 -3.939842E+01  6.258213E-01 -5.140266E-01
  1.178204E+00  2.600000E+02     3  9.766998E-02  1.222434E+02 -5.210857E-02  8.260824E-02
  1.178204E+00  2.600000E+02     4  1.003647E-01 -3.220584E+01  8.492247E-02 -5.349063E-02
  1.178204E+00  2.600000E+02     5  1.372411E-02  1.517715E+02 -1.209188E-02  6.491345E-03
  1.178204E+00  2.600000E+02     6  9.652890E-07 -7.193397E+00  9.576913E-07 -1.208724E-07
  1.178204E+00  2.700000E+02     1  8.125301E-04  9.465709E+01 -6.597095E-05  8.098475E-04
  1.178204E+00  2.700000E+02     2  8.226513E-01 -3.939601E+01  6.357266E-01 -5.221176E-01
  1.178204E+00  2.700000E+02     3  9.662187E-02  1.211870E+02 -5.003402E-02  8.265823E-02
  1.178204E+00  2.700000E+02     4  1.022356E-01 -3.211492E+01  8.659190E-02 -5.435043E-02
  1.178204E+00  2.700000E+02     5  9.868680E-04 -8.306343E+01  1.191846E-04 -9.796446E-04
  1.178204E+00  2.700000E+02     6  7.848578E-09  1.419888E+02 -6.183822E-09  4.833273E-09
  1.178204E+00  2.800000E+02     1  1.396423E-01  1.408945E+02 -1.083605E-01  8.807941E-02
  1.178204E+00  2.800000E+02     2  8.100141E-01 -3.935678E+01  6.263127E-01 -5.136684E-01
  1.178204E+00  2.800000E+02     3  9.682392E-02  1.218949E+02 -5.115819E-02  8.220529E-02
  1.178204E+00  2.800000E+02     4  1.006037E-01 -3.180472E+01  8.549798E-02 -5.302074E-02
  1.178204E+00  2.800000E+02     5  1.502395E-02 -3.404985E+01  1.244810E-02 -8.412118E-03
  1.178204E+00  2.800000E+02     6  9.771959E-07  1.723551E+02 -9.685103E-07  1.299990E-07
  1.178204E+00  2.900000E+02     1  2.757323E-01  1.409778E+02 -2.142171E-01  1.736069E-01
  1.178204E+00  2.900000E+02     2  7.722747E-01 -3.928904E+01  5.977108E-01 -4.890296E-01
  1.178204E+00  2.900000E+02     3  9.806047E-02  1.238689E+02 -5.464858E-02  8.142105E-02
  1.178204E+00  2.900000E+02     4  9.548295E-02 -3.136219E+01  8.153235E-02 -4.969375E-02
  1.178204E+00  2.900000E+02     5  3.014631E-02 -3.229930E+01  2.548173E-02 -1.610844E-02
  1.178204E+00  2.900000E+02     6  1.471597E-06  1.723440E+02 -1.458479E-06  1.960549E-07
  1.178204E+00  3.000000E+02     1  4.051964E-01  1.409606E+02 -3.147214E-01  2.552147E-01
  1.178204E+00  3.000000E+02     2  7.104497E-01 -3.920616E+01  5.505107E-01 -4.490842E-01
  1.178204E+00  3.000000E+02     3  9.968426E-02  1.259864E+02 -5.857386E-02  8.066012E-02
  1.178204E+00  3.000000E+02     4  8.692985E-02 -3.093364E+01  7.456523E-02 -4.468585E-02
  1.178204E+00  3.000000E+02     5  4.597235E-02 -3.153238E+01  3.918429E-02 -2.404264E-02
  1.178204E+00  3.000000E+02     6  1.271160E-06  1.722152E+02 -1.259445E-06  1.721816E-07
  1.178204E+00  3.100000E+02     1  5.237439E-01  1.409134E+02 -4.065269E-01  3.302174E-01
  1.178204E+00  3.100000E+02     2  6.264692E-01 -3.912252E+01  4.860138E-01 -3.952901E-01
  1.178204E+00  3.100000E+02     3  1.007623E-01  1.271963E+02 -6.091571E-02  8.026411E-02
  1.178204E+00  3.100000E+02     4  7.523333E-02 -3.067308E+01  6.470759E-02 -3.837944E-02
  1.178204E+00  3.100000E+02     5  6.161720E-02 -3.110680E+01  5.275700E-02 -3.183360E-02
  1.178204E+00  3.100000E+02     6  4.938508E-07  1.718948E+02 -4.889176E-07  6.962872E-08
  1.178204E+00  3.200000E+02     1  6.269086E-01  1.408540E+02 -4.861925E-01  3.957667E-01
  1.178204E+00  3.200000E+02     2  5.233268E-01 -3.905073E+01  4.064095E-01 -3.297002E-01
  1.178204E+00  3.200000E+02     3  1.006320E-01  1.269661E+02 -6.051425E-02  8.040413E-02
  1.178204E+00  3.200000E+02     4  6.110284E-02 -3.070206E+01  5.253830E-02 -3.119752E-02
  1.178204E+00  3.200000E+02     5  7.577310E-02 -3.093599E+01  6.499378E-02 -3.895344E-02
  1.178204E+00  3.200000E+02     6  5.011983E-07 -7.297121E+00  4.971390E-07 -6.365958E-08
  1.178204E+00  3.300000E+02     1  7.107411E-01  1.407892E+02 -5.507003E-01  4.493130E-01
  1.178204E+00  3.300000E+02     2  4.049454E-01 -3.900380E+01  3.146848E-01 -2.548613E-01
  1.178204E+00  3.300000E+02     3  9.937926E-02  1.253800E+02 -5.754022E-02  8.102691E-02
  1.178204E+00  3.300000E+02     4  4.565689E-02 -3.111571E+01  3.908802E-02 -2.359402E-02
  1.178204E+00  3.300000E+02     5  8.728958E-02 -3.099477E+01  7.482588E-02 -4.495063E-02
  1.178204E+00  3.300000E+02     6  1.274283E-06 -7.458396E+00  1.263501E-06 -1.654098E-07
  1.178204E+00  3.400000E+02     1  7.723013E-01  1.407251E+02 -5.978521E-01  4.888989E-01
  1.178204E+00  3.400000E+02     2  2.756971E-01 -3.900660E+01  2.142369E-01 -1.735265E-01
  1.178204E+00  3.400000E+02     3  9.776188E-02  1.231069E+02 -5.339786E-02  8.189050E-02
  1.178204E+00  3.400000E+02     4  3.009297E-02 -3.209160E+01  2.549476E-02 -1.598763E-02
  1.178204E+00  3.400000E+02     5  9.551795E-02 -3.122833E+01  8.167816E-02 -4.952127E-02
  1.178204E+00  3.400000E+02     6  1.468053E-06 -7.356876E+00  1.455967E-06 -1.879829E-07
  1.178204E+00  3.500000E+02     1  8.097554E-01  1.406706E+02 -6.263581E-01  5.132050E-01
  1.178204E+00  3.500000E+02     2  1.397655E-01 -3.915812E+01  1.083751E-01 -8.825671E-02
  1.178204E+00  3.500000E+02     3  9.667724E-02  1.212344E+02 -5.013103E-02  8.266420E-02
  1.178204E+00  3.500000E+02     4  1.517457E-02 -3.458423E+01  1.249311E-02 -8.613344E-03
  1.178204E+00  3.500000E+02     5  1.002850E-01 -3.153496E+01  8.547499E-02 -5.245090E-02
  1.178204E+00  3.500000E+02     6  9.671673E-07 -7.164311E+00  9.596162E-07 -1.206205E-07
  1.158401E+00  0.000000E+00     1  7.936130E-01  1.455650E+02 -6.545469E-01  4.487648E-01
  1.158401E+00  0.000000E+00     2  9.950640E-04 -8.612616E+01  6.722636E-05 -9.927905E-04
  1.158401E+00  0.000000E+00     3  8.217448E-02  1.256894E+02 -4.793989E-02  6.674138E-02
  1.158401E+00  0.000000E+00     4  1.225952E-03 -8.382305E+01  1.319116E-04 -1.218834E-03
  1.158401E+00  0.000000E+00     5  1.019437E-01 -2.743632E+01  9.047742E-02 -4.697184E-02
  1.158401E+00  0.000000E+00     6  8.514602E-09  1.454068E+02 -7.009255E-09  4.834127E-09
  1.158401E+00  1.000000E+01     1  7.812371E-01  1.455611E+02 -6.443096E-01  4.418105E-01
  1.158401E+00  1.000000E+01     2  1.335040E-01  1.465875E+02 -1.114395E-01  7.351581E-02
  1.158401E+00  1.000000E+01     3  8.395167E-02  1.272150E+02 -5.077461E-02  6.685672E-02
  1.158401E+00  1.000000E+01     4  1.382406E-02  1.598980E+02 -1.298193E-02  4.751234E-03
  1.158401E+00  1.000000E+01     5  1.000237E-01 -2.752639E+01  8.870080E-02 -4.622665E-02
  1.158401E+00  1.000000E+01     6  1.072095E-06  1.708608E+02 -1.058486E-06  1.702854E-07
  1.158401E+00  2.000000E+01     1  7.447926E-01  1.455920E+02 -6.144796E-01  4.208692E-01
  1.158401E+00  2.000000E+01     2  2.647917E-01  1.463105E+02 -2.203215E-01  1.468778E-01
  1.158401E+00  2.000000E+01     3  8.754389E-02  1.300934E+02 -5.638142E-02  6.697065E-02
  1.158401E+00  2.000000E+01     4  2.893253E-02  1.569599E+02 -2.662461E-02  1.132349E-02
  1.158401E+00  2.000000E+01     5  9.483064E-02 -2.741750E+01  8.417877E-02 -4.366676E-02
  1.158401E+00  2.000000E+01     6  1.612196E-06  1.707842E+02 -1.591386E-06  2.581988E-07
  1.158401E+00  3.000000E+01     1  6.850926E-01  1.456594E+02 -5.656802E-01  3.864683E-01
  1.158401E+00  3.000000E+01     2  3.898056E-01  1.461143E+02 -3.235977E-01  2.173314E-01
  1.158401E+00  3.000000E+01     3  9.163485E-02  1.328888E+02 -6.236458E-02  6.713870E-02
  1.158401E+00  3.000000E+01     4  4.479181E-02  1.554938E+02 -4.075680E-02  1.857929E-02
  1.158401E+00  3.000000E+01     5  8.624985E-02 -2.711242E+01  7.677220E-02 -3.930732E-02
  1.158401E+00  3.000000E+01     6  1.392089E-06  1.705888E+02 -1.373352E-06  2.276320E-07
  1.158401E+00  4.000000E+01     1  6.038715E-01  1.457626E+02 -4.992286E-01  3.397522E-01
  1.158401E+00  4.000000E+01     2  5.043773E-01  1.459388E+02 -4.178464E-01  2.824905E-01
  1.158401E+00  4.000000E+01     3  9.437996E-02  1.344650E+02 -6.611065E-02  6.735695E-02
  1.158401E+00  4.000000E+01     4  6.050712E-02  1.544340E+02 -5.458280E-02  2.611187E-02
  1.158401E+00  4.000000E+01     5  7.442950E-02 -2.662706E+01  6.653571E-02 -3.335791E-02
  1.158401E+00  4.000000E+01     6  5.459305E-07  1.701854E+02 -5.379406E-07  9.305958E-08
  1.158401E+00  5.000000E+01     1  5.040188E-01  1.458976E+02 -4.173461E-01  2.825900E-01
  1.158401E+00  5.000000E+01     2  6.041177E-01  1.457869E+02 -4.995765E-01  3.396785E-01
  1.158401E+00  5.000000E+01     3  9.444656E-02  1.343195E+02 -6.598593E-02  6.757226E-02
  1.158401E+00  5.000000E+01     4  7.473761E-02  1.535981E+02 -6.694225E-02  3.323319E-02
  1.158401E+00  5.000000E+01     5  6.005221E-02 -2.596252E+01  5.399177E-02 -2.628985E-02
  1.158401E+00  5.000000E+01     6  5.359783E-07 -8.861323E+00  5.295809E-07 -8.256393E-08
  1.158401E+00  6.000000E+01     1  3.894524E-01  1.460560E+02 -3.230834E-01  2.174633E-01
  1.158401E+00  6.000000E+01     2  6.851567E-01  1.456658E+02 -5.657763E-01  3.864414E-01
  1.158401E+00  6.000000E+01     3  9.186818E-02  1.324978E+02 -6.206261E-02  6.773474E-02
  1.158401E+00  6.000000E+01     4  8.632823E-02  1.529400E+02 -7.687791E-02  3.927276E-02
  1.158401E+00  6.000000E+01     5  4.433459E-02 -2.509323E+01  4.015025E-02 -1.880196E-02
  1.158401E+00  6.000000E+01     6  1.380215E-06 -9.053272E+00  1.363021E-06 -2.171807E-07
  1.158401E+00  7.000000E+01     1  2.645643E-01  1.462282E+02 -2.199213E-01  1.470677E-01
  1.158401E+00  7.000000E+01     2  7.446749E-01  1.455814E+02 -6.143047E-01  4.209163E-01
  1.158401E+00  7.000000E+01     3  8.802066E-02  1.296018E+02 -5.610857E-02  6.781936E-02
  1.158401E+00  7.000000E+01     4  9.468350E-02  1.524751E+02 -8.396626E-02  4.375651E-02
  1.158401E+00  7.000000E+01     5  2.862114E-02 -2.392394E+01  2.616214E-02 -1.160655E-02
  1.158401E+00  7.000000E+01     6  1.597573E-06 -8.923563E+00  1.578236E-06 -2.478102E-07
  1.158401E+00  8.000000E+01     1  1.334773E-01  1.464471E+02 -1.112368E-01  7.377373E-02
  1.158401E+00  8.000000E+01     2  7.809925E-01  1.455383E+02 -6.439316E-01  4.419291E-01
  1.158401E+00  8.000000E+01     3  8.473425E-02  1.268563E+02 -5.082446E-02  6.779946E-02
  1.158401E+00  8.000000E+01     4  9.972160E-02  1.522529E+02 -8.825475E-02  4.642732E-02
  1.158401E+00  8.000000E+01     5  1.374686E-02 -2.176118E+01  1.276722E-02 -5.096494E-03
  1.158401E+00  8.000000E+01     6  1.055662E-06 -8.719174E+00  1.043462E-06 -1.600295E-07
  1.158401E+00  9.000000E+01     1  7.096223E-04 -8.652397E+01  4.302512E-05 -7.083168E-04
  1.158401E+00  9.000000E+01     2  7.933094E-01  1.455385E+02 -6.540891E-01  4.488956E-01
  1.158401E+00  9.000000E+01     3  8.327254E-02  1.256934E+02 -4.858514E-02  6.762987E-02
  1.158401E+00  9.000000E+01     4  1.015707E-01  1.523134E+02 -8.994111E-02  4.719329E-02
  1.158401E+00  9.000000E+01     5  8.690897E-04  9.450839E+01 -6.831483E-05  8.664006E-04
  1.158401E+00  9.000000E+01     6  8.835872E-09  1.453486E+02 -7.268626E-09  5.023913E-09
  1.158401E+00  1.000000E+02     1  1.343807E-01 -3.401844E+01  1.113825E-01 -7.518058E-02
  1.158401E+00  1.000000E+02     2  7.813763E-01  1.455796E+02 -6.445673E-01  4.416809E-01
  1.158401E+00  1.000000E+02     3  8.398287E-02  1.267642E+02 -5.026568E-02  6.727915E-02
  1.158401E+00  1.000000E+02     4  1.002698E-01  1.526404E+02 -8.905354E-02  4.608138E-02
  1.158401E+00  1.000000E+02     5  1.466885E-02  1.523224E+02 -1.299037E-02  6.813621E-03
  1.158401E+00  1.000000E+02     6  1.069935E-06  1.708695E+02 -1.056379E-06  1.697815E-07
  1.158401E+00  1.100000E+02     1  2.655790E-01 -3.397411E+01  2.202421E-01 -1.484104E-01
  1.158401E+00  1.100000E+02     2  7.453597E-01  1.456536E+02 -6.153997E-01  4.205286E-01
  1.158401E+00  1.100000E+02     3  8.639642E-02  1.293841E+02 -5.481986E-02  6.677667E-02
  1.158401E+00  1.100000E+02     4  9.565940E-02  1.531467E+02 -8.534409E-02  4.321003E-02
  1.158401E+00  1.100000E+02     5  2.973923E-02  1.535765E+02 -2.663236E-02  1.323402E-02
  1.158401E+00  1.100000E+02     6  1.607614E-06  1.708100E+02 -1.586978E-06  2.567513E-07
  1.158401E+00  1.200000E+02     1  3.905869E-01 -3.403608E+01  3.236736E-01 -2.186173E-01
  1.158401E+00  1.200000E+02     2  6.860041E-01  1.457488E+02 -5.670358E-01  3.860986E-01
  1.158401E+00  1.200000E+02     3  8.927449E-02  1.321162E+02 -5.987067E-02  6.622263E-02
  1.158401E+00  1.200000E+02     4  8.752382E-02  1.537047E+02 -7.846710E-02  3.877284E-02
  1.158401E+00  1.200000E+02     5  4.568223E-02  1.537837E+02 -4.098302E-02  2.018064E-02
  1.158401E+00  1.200000E+02     6  1.385229E-06  1.706510E+02 -1.366830E-06  2.250279E-07
  1.158401E+00  1.300000E+02     1  5.052157E-01 -3.412150E+01  4.182428E-01 -2.834006E-01
  1.158401E+00  1.300000E+02     2  6.049785E-01  1.458537E+02 -5.006845E-01  3.395793E-01
  1.158401E+00  1.300000E+02     3  9.101588E-02  1.337391E+02 -6.292611E-02  6.575862E-02
  1.158401E+00  1.300000E+02     4  7.591824E-02  1.541959E+02 -6.834826E-02  3.304685E-02
  1.158401E+00  1.300000E+02     5  6.156237E-02  1.537512E+02 -5.521420E-02  2.722714E-02
  1.158401E+00  1.300000E+02     6  5.373494E-07  1.704229E+02 -5.298601E-07  8.940178E-08
  1.158401E+00  1.400000E+02     1  6.050314E-01 -3.420594E+01  5.003745E-01 -3.401300E-01
  1.158401E+00  1.400000E+02     2  5.051375E-01  1.459577E+02 -4.185695E-01  2.827781E-01
  1.158401E+00  1.400000E+02     3  9.056865E-02  1.336560E+02 -6.252200E-02  6.552618E-02
  1.158401E+00  1.400000E+02     4  6.148435E-02  1.545381E+02 -5.551246E-02  2.643280E-02
  1.158401E+00  1.400000E+02     5  7.596088E-02  1.536230E+02 -6.805263E-02  3.374752E-02
  1.158401E+00  1.400000E+02     6  5.451744E-07 -9.154972E+00  5.382297E-07 -8.674016E-08
  1.158401E+00  1.500000E+02     1  6.861137E-01 -3.428250E+01  5.669154E-01 -3.864698E-01
  1.158401E+00  1.500000E+02     2  3.904197E-01  1.460476E+02 -3.238540E-01  2.180508E-01
  1.158401E+00  1.500000E+02     3  8.811289E-02  1.318657E+02 -5.880535E-02  6.561869E-02
  1.158401E+00  1.500000E+02     4  4.548259E-02  1.546564E+02 -4.110522E-02  1.946861E-02
  1.158401E+00  1.500000E+02     5  8.764025E-02  1.534096E+02 -7.837049E-02  3.922856E-02
  1.158401E+00  1.500000E+02     6  1.388795E-06 -9.159744E+00  1.371086E-06 -2.210790E-07
  1.158401E+00  1.600000E+02     1  7.456026E-01 -3.434922E+01  6.155799E-01 -4.206954E-01
  1.158401E+00  1.600000E+02     2  2.652963E-01  1.460967E+02 -2.201907E-01  1.479804E-01
  1.158401E+00  1.600000E+02     3  8.494271E-02  1.289871E+02 -5.344132E-02  6.602491E-02
  1.158401E+00  1.600000E+02     4  2.938350E-02  1.543616E+02 -2.649048E-02  1.271395E-02
  1.158401E+00  1.600000E+02     5  9.594722E-02  1.531200E+02 -8.558066E-02  4.337994E-02
  1.158401E+00  1.600000E+02     6  1.604517E-06 -8.990237E+00  1.584806E-06 -2.507317E-07
  1.158401E+00  1.700000E+02     1  7.817975E-01 -3.440195E+01  6.450566E-01 -4.417118E-01
  1.158401E+00  1.700000E+02     2  1.340026E-01  1.460188E+02 -1.111177E-01  7.489694E-02
  1.158401E+00  1.700000E+02     3  8.263743E-02  1.262975E+02 -4.891956E-02  6.660196E-02
  1.158401E+00  1.700000E+02     4  1.418837E-02  1.527489E+02 -1.261358E-02  6.496729E-03
  1.158401E+00  1.700000E+02     5  1.007832E-01  1.528100E+02 -8.964630E-02  4.605216E-02
  1.158401E+00  1.700000E+02     6  1.060472E-06 -8.769134E+00  1.048076E-06 -1.616726E-07
  1.158401E+00  1.800000E+02     1  7.939001E-01 -3.443317E+01  6.547979E-01 -4.489065E-01
  1.158401E+00  1.800000E+02     2  6.357935E-04  5.753435E+01  3.412901E-04  5.364275E-04
  1.158401E+00  1.800000E+02     3  8.220695E-02  1.252574E+02 -4.745406E-02  6.712746E-02
  1.158401E+00  1.800000E+02     4  8.219068E-04  5.845264E+01  4.300243E-04  7.004355E-04
  1.158401E+00  1.800000E+02     5  1.022978E-01  1.525724E+02 -9.079884E-02  4.712123E-02
  1.158401E+00  1.800000E+02     6  6.546628E-09  1.364734E+02 -4.746661E-09  4.508609E-09
  1.158401E+00  1.900000E+02     1  7.816825E-01 -3.443492E+01  6.447075E-01 -4.420179E-01
  1.158401E+00  1.900000E+02     2  1.338622E-01 -3.349463E+01  1.116327E-01 -7.387305E-02
  1.158401E+00  1.900000E+02     3  8.387564E-02  1.265105E+02 -4.990349E-02  6.741487E-02
  1.158401E+00  1.900000E+02     4  1.423301E-02 -2.130497E+01  1.326032E-02 -5.171310E-03
  1.158401E+00  1.900000E+02     5  1.005760E-01  1.524923E+02 -8.920576E-02  4.645280E-02
  1.158401E+00  1.900000E+02     6  1.069625E-06  1.708562E+02 -1.056032E-06  1.699775E-07
  1.158401E+00  2.000000E+02     1  7.453487E-01 -3.440215E+01  6.149815E-01 -4.211205E-01
  1.158401E+00  2.000000E+02     2  2.648779E-01 -3.374035E+01  2.202627E-01 -1.471212E-01
  1.158401E+00  2.000000E+02     3  8.718165E-02  1.293612E+02 -5.529124E-02  6.740563E-02
  1.158401E+00  2.000000E+02     4  2.900946E-02 -2.363600E+01  2.657589E-02 -1.163061E-02
  1.158401E+00  2.000000E+02     5  9.552158E-02  1.526090E+02 -8.481243E-02  4.394569E-02
  1.158401E+00  2.000000E+02     6  1.609629E-06  1.708036E+02 -1.588940E-06  2.572506E-07
  1.158401E+00  2.100000E+02     1  6.856928E-01 -3.433352E+01  5.662235E-01 -3.867371E-01
  1.158401E+00  2.100000E+02     2  3.897063E-01 -3.392502E+01  3.233661E-01 -2.174980E-01
  1.158401E+00  2.100000E+02     3  9.090361E-02  1.323577E+02 -6.124692E-02  6.717350E-02
  1.158401E+00  2.100000E+02     4  4.464396E-02 -2.491869E+01  4.048790E-02 -1.880991E-02
  1.158401E+00  2.100000E+02     5  8.699637E-02  1.529149E+02 -7.745562E-02  3.961055E-02
  1.158401E+00  2.100000E+02     6  1.389520E-06  1.706553E+02 -1.371080E-06  2.256215E-07
  1.158401E+00  2.200000E+02     1  6.044401E-01 -3.423063E+01  4.997389E-01 -3.400130E-01
  1.158401E+00  2.200000E+02     2  5.042694E-01 -3.409182E+01  4.176058E-01 -2.826535E-01
  1.158401E+00  2.200000E+02     3  9.334172E-02  1.342503E+02 -6.513327E-02  6.686056E-02
  1.158401E+00  2.200000E+02     4  6.035781E-02 -2.587174E+01  5.430833E-02 -2.633762E-02
  1.158401E+00  2.200000E+02     5  7.513662E-02  1.533870E+02 -6.717612E-02  3.365830E-02
  1.158401E+00  2.200000E+02     6  5.434552E-07  1.704569E+02 -5.359344E-07  9.009881E-08
  1.158401E+00  2.300000E+02     1  5.044927E-01 -3.409794E+01  4.177606E-01 -2.828233E-01
  1.158401E+00  2.300000E+02     2  6.041862E-01 -3.423559E+01  4.994996E-01 -3.399133E-01
  1.158401E+00  2.300000E+02     3  9.324240E-02  1.344134E+02 -6.525392E-02  6.660384E-02
  1.158401E+00  2.300000E+02     4  7.481817E-02 -2.662371E+01  6.688512E-02 -3.352820E-02
  1.158401E+00  2.300000E+02     5  6.064087E-02  1.540177E+02 -5.451188E-02  2.656632E-02
  1.158401E+00  2.300000E+02     6  5.382018E-07 -9.178556E+00  5.313106E-07 -8.584949E-08
  1.158401E+00  2.400000E+02     1  3.898014E-01 -3.394410E+01  3.233725E-01 -2.176588E-01
  1.158401E+00  2.400000E+02     2  6.855088E-01 -3.434950E+01  5.659637E-01 -3.867912E-01
  1.158401E+00  2.400000E+02     3  9.063173E-02  1.328173E+02 -6.159904E-02  6.648059E-02
  1.158401E+00  2.400000E+02     4  8.676941E-02 -2.721324E+01  7.716497E-02 -3.967995E-02
  1.158401E+00  2.400000E+02     5  4.476601E-02  1.548279E+02 -4.051476E-02  1.904074E-02
  1.158401E+00  2.400000E+02     6  1.382138E-06 -9.159408E+00  1.364515E-06 -2.200112E-07
  1.158401E+00  2.500000E+02     1  2.647888E-01 -3.377937E+01  2.200884E-01 -1.472216E-01
  1.158401E+00  2.500000E+02     2  7.452937E-01 -3.442860E+01  6.147416E-01 -4.213733E-01
  1.158401E+00  2.500000E+02     3  8.682652E-02  1.300395E+02 -5.585682E-02  6.647451E-02
  1.158401E+00  2.500000E+02     4  9.545947E-02 -2.762910E+01  8.457405E-02 -4.426896E-02
  1.158401E+00  2.500000E+02     5  2.889499E-02  1.559006E+02 -2.637645E-02  1.179844E-02
  1.158401E+00  2.500000E+02     6  1.599152E-06 -8.983507E+00  1.579535E-06 -2.497078E-07
  1.158401E+00  2.600000E+02     1  1.335857E-01 -3.357806E+01  1.112947E-01 -7.388258E-02
  1.158401E+00  2.600000E+02     2  7.817515E-01 -3.446895E+01  6.445017E-01 -4.424397E-01
  1.158401E+00  2.600000E+02     3  8.359098E-02  1.273117E+02 -5.066875E-02  6.648406E-02
  1.158401E+00  2.600000E+02     4  1.006701E-01 -2.782670E+01  8.902901E-02 -4.699270E-02
  1.158401E+00  2.600000E+02     5  1.387217E-02  1.578391E+02 -1.284741E-02  5.232711E-03
  1.158401E+00  2.600000E+02     6  1.056920E-06 -8.763886E+00  1.044580E-06 -1.610354E-07
  1.158401E+00  2.700000E+02     1  6.592098E-04  9.853608E+01 -9.784795E-05  6.519075E-04
  1.158401E+00  2.700000E+02     2  7.940347E-01 -3.446848E+01  6.546321E-01 -4.493862E-01
  1.158401E+00  2.700000E+02     3  8.215311E-02  1.260818E+02 -4.838327E-02  6.639422E-02
  1.158401E+00  2.700000E+02     4  1.024721E-01 -2.776664E+01  9.067269E-02 -4.773883E-02
  1.158401E+00  2.700000E+02     5  8.060452E-04 -8.094149E+01  1.269062E-04 -7.959923E-04
  1.158401E+00  2.700000E+02     6  7.794253E-09  1.445776E+02 -6.351547E-09  4.517547E-09
  1.158401E+00  2.800000E+02     1  1.345402E-01  1.460247E+02 -1.115713E-01  7.518576E-02
  1.158401E+00  2.800000E+02     2  7.819240E-01 -3.442932E+01  6.449499E-01 -4.420914E-01
  1.158401E+00  2.800000E+02     3  8.287045E-02  1.270130E+02 -4.988771E-02  6.617195E-02
  1.158401E+00  2.800000E+02     4  1.009439E-01 -2.745955E+01  8.957126E-02 -4.654750E-02
  1.158401E+00  2.800000E+02     5  1.487006E-02 -2.728787E+01  1.321524E-02 -6.817349E-03
  1.158401E+00  2.800000E+02     6  1.069203E-06  1.708828E+02 -1.055695E-06  1.694202E-07
  1.158401E+00  2.900000E+02     1  2.658971E-01  1.460539E+02 -2.205786E-01  1.484802E-01
  1.158401E+00  2.900000E+02     2  7.456763E-01 -3.435873E+01  6.155708E-01 -4.208392E-01
  1.158401E+00  2.900000E+02     3  8.531577E-02  1.294296E+02 -5.418657E-02  6.589838E-02
  1.158401E+00  2.900000E+02     4  9.604110E-02 -2.698364E+01  8.558569E-02 -4.357731E-02
  1.158401E+00  2.900000E+02     5  3.014032E-02 -2.620957E+01  2.704143E-02 -1.331165E-02
  1.158401E+00  2.900000E+02     6  1.607157E-06  1.708163E+02 -1.586556E-06  2.565029E-07
  1.158401E+00  3.000000E+02     1  3.910354E-01  1.459865E+02 -3.241316E-01  2.187404E-01
  1.158401E+00  3.000000E+02     2  6.861463E-01 -3.426730E+01  5.670449E-01 -3.863377E-01
  1.158401E+00  3.000000E+02     3  8.829459E-02  1.319149E+02 -5.898314E-02  6.570330E-02
  1.158401E+00  3.000000E+02     4  8.768692E-02 -2.645938E+01  7.850176E-02 -3.907007E-02
  1.158401E+00  3.000000E+02     5  4.624654E-02 -2.606115E+01  4.154446E-02 -2.031750E-02
  1.158401E+00  3.000000E+02     6  1.385112E-06  1.706449E+02 -1.366690E-06  2.251537E-07
  1.158401E+00  3.100000E+02     1  5.057167E-01  1.458965E+02 -4.187468E-01  2.835497E-01
  1.158401E+00  3.100000E+02     2  6.050841E-01 -3.416584E+01  5.006560E-01 -3.398093E-01
  1.158401E+00  3.100000E+02     3  9.022841E-02  1.332963E+02 -6.187606E-02  6.566977E-02
  1.158401E+00  3.100000E+02     4  7.603822E-02 -2.600293E+01  6.834100E-02 -3.333646E-02
  1.158401E+00  3.100000E+02     5  6.219230E-02 -2.613363E+01  5.583433E-02 -2.739360E-02
  1.158401E+00  3.100000E+02     6  5.376500E-07  1.703449E+02 -5.300343E-07  9.017308E-08
  1.158401E+00  3.200000E+02     1  6.054804E-01  1.458071E+02 -5.008234E-01  3.402682E-01
  1.158401E+00  3.200000E+02     2  5.053582E-01 -3.406461E+01  4.186420E-01 -2.830650E-01
  1.158401E+00  3.200000E+02     3  9.004754E-02  1.330546E+02 -6.147498E-02  6.579807E-02
  1.158401E+00  3.200000E+02     4  6.175287E-02 -2.570076E+01  5.564374E-02 -2.678043E-02
  1.158401E+00  3.200000E+02     5  7.652607E-02 -2.629863E+01  6.860539E-02 -3.390486E-02
  1.158401E+00  3.200000E+02     6  5.444189E-07 -9.017966E+00  5.376895E-07 -8.533449E-08
  1.158401E+00  3.300000E+02     1  6.864189E-01  1.457256E+02 -5.672224E-01  3.865614E-01
  1.158401E+00  3.300000E+02     2  3.908467E-01 -3.397762E+01  3.241120E-01 -2.184321E-01
  1.158401E+00  3.300000E+02     3  8.786288E-02  1.312730E+02 -5.795856E-02  6.603553E-02
  1.158401E+00  3.300000E+02     4  4.601317E-02 -2.564091E+01  4.148197E-02 -1.991126E-02
  1.158401E+00  3.300000E+02     5  8.802607E-02 -2.654464E+01  7.874694E-02 -3.933840E-02
  1.158401E+00  3.300000E+02     6  1.387571E-06 -9.097791E+00  1.370116E-06 -2.194028E-07
  1.158401E+00  3.400000E+02     1  7.457120E-01  1.456547E+02 -6.156987E-01  4.207153E-01
  1.158401E+00  3.400000E+02     2  2.659139E-01 -3.393489E+01  2.206214E-01 -1.484465E-01
  1.158401E+00  3.400000E+02     3  8.487161E-02  1.286168E+02 -5.296916E-02  6.631333E-02
  1.158401E+00  3.400000E+02     4  3.015432E-02 -2.604819E+01  2.709139E-02 -1.324157E-02
  1.158401E+00  3.400000E+02     5  9.608868E-02 -2.685936E+01  8.572246E-02 -4.341306E-02
  1.158401E+00  3.400000E+02     6  1.602868E-06 -8.947836E+00  1.583362E-06 -2.493023E-07
  1.158401E+00  3.500000E+02     1  7.817005E-01  1.455987E+02 -6.449817E-01  4.416494E-01
  1.158401E+00  3.500000E+02     2  1.346923E-01 -3.403877E+01  1.116140E-01 -7.539454E-02
  1.158401E+00  3.500000E+02     3  8.260954E-02  1.263162E+02 -4.892474E-02  6.656355E-02
  1.158401E+00  3.500000E+02     4  1.505171E-02 -2.795521E+01  1.329539E-02 -7.055958E-03
  1.158401E+00  3.500000E+02     5  1.006669E-01 -2.718661E+01  8.954554E-02 -4.599371E-02
  1.158401E+00  3.500000E+02     6  1.058464E-06 -8.739901E+00  1.046173E-06 -1.608327E-07
