  6.344823E+00  0.000000E+00     1  1.130731E-04  2.969979E-01  1.130716E-04  5.861223E-07
  6.344823E+00  0.000000E+00     2  2.777141E-06  1.011010E+02 -5.347071E-07  2.725179E-06
  6.344823E+00  0.000000E+00     3  1.000400E-04  8.999207E+01  1.384181E-08  1.000400E-04
  6.344823E+00  0.000000E+00     4  2.988219E-07 -7.901897E+01  5.692081E-08 -2.933506E-07
  6.344823E+00  0.000000E+00     5  1.242645E-05  1.797058E+02 -1.242629E-05  6.381041E-08
  6.344823E+00  0.000000E+00     6  7.290530E-11 -8.896422E+01  1.317895E-12 -7.289339E-11
  6.344823E+00  1.000000E+01     1  1.112399E-04  3.003432E-01  1.112383E-04  5.831144E-07
  6.344823E+00  1.000000E+01     2  1.928249E-05  8.126050E+00  1.908888E-05  2.725605E-06
  6.344823E+00  1.000000E+01     3  1.000392E-04  8.999391E+01  1.063441E-08  1.000392E-04
  6.344823E+00  1.000000E+01     4  2.235215E-06 -7.543400E+00  2.215871E-06 -2.934327E-07
  6.344823E+00  1.000000E+01     5  1.224995E-05  1.797030E+02 -1.224978E-05  6.349577E-08
  6.344823E+00  1.000000E+01     6  7.285133E-11 -8.889959E+01  1.399081E-12 -7.283789E-11
  6.344823E+00  2.000000E+01     1  1.060269E-04  3.138746E-01  1.060253E-04  5.808276E-07
  6.344823E+00  2.000000E+01     2  3.822981E-05  4.088730E+00  3.813250E-05  2.725833E-06
  6.344823E+00  2.000000E+01     3  1.000385E-04  8.999564E+01  7.618326E-09  1.000385E-04
  6.344823E+00  2.000000E+01     4  4.317484E-06 -3.897850E+00  4.307497E-06 -2.934933E-07
  6.344823E+00  2.000000E+01     5  1.170122E-05  1.796903E+02 -1.170105E-05  6.324879E-08
  6.344823E+00  2.000000E+01     6  7.280293E-11 -8.886863E+01  1.437483E-12 -7.278873E-11
  6.344823E+00  3.000000E+01     1  9.759239E-05  3.402453E-01  9.759067E-05  5.795393E-07
  6.344823E+00  3.000000E+01     2  5.608374E-05  2.785834E+00  5.601746E-05  2.725828E-06
  6.344823E+00  3.000000E+01     3  1.000379E-04  8.999720E+01  4.884974E-09  1.000379E-04
  6.344823E+00  3.000000E+01     4  6.275129E-06 -2.681069E+00  6.268260E-06 -2.935280E-07
  6.344823E+00  3.000000E+01     5  1.079696E-05  1.796652E+02 -1.079678E-05  6.309850E-08
  6.344823E+00  3.000000E+01     6  7.276696E-11 -8.887245E+01  1.431916E-12 -7.275287E-11
  6.344823E+00  4.000000E+01     1  8.619271E-05  3.851582E-01  8.619076E-05  5.794070E-07
  6.344823E+00  4.000000E+01     2  7.225167E-05  2.161911E+00  7.220025E-05  2.725587E-06
  6.344823E+00  4.000000E+01     3  1.000375E-04  8.999856E+01  2.517764E-09  1.000375E-04
  6.344823E+00  4.000000E+01     4  8.043950E-06 -2.091271E+00  8.038593E-06 -2.935354E-07
  6.344823E+00  4.000000E+01     5  9.564662E-06  1.796222E+02 -9.564454E-06  6.306174E-08
  6.344823E+00  4.000000E+01     6  7.274740E-11 -8.891106E+01  1.382526E-12 -7.273426E-11
  6.344823E+00  5.000000E+01     1  7.217418E-05  4.607973E-01  7.217185E-05  5.804495E-07
  6.344823E+00  5.000000E+01     2  8.623221E-05  1.810979E+00  8.618914E-05  2.725135E-06
  6.344823E+00  5.000000E+01     3  1.000374E-04  8.999966E+01  5.895041E-10  1.000374E-04
  6.344823E+00  5.000000E+01     4  9.569207E-06 -1.757715E+00  9.564704E-06 -2.935172E-07
  6.344823E+00  5.000000E+01     5  8.041792E-06  1.795501E+02 -8.041544E-06  6.314120E-08
  6.344823E+00  5.000000E+01     6  7.274497E-11 -8.898329E+01  1.290792E-12 -7.273352E-11
  6.344823E+00  6.000000E+01     1  5.596289E-05  5.964303E-01  5.595986E-05  5.825448E-07
  6.344823E+00  6.000000E+01     2  9.759712E-05  1.599677E+00  9.755909E-05  2.724522E-06
  6.344823E+00  6.000000E+01     3  1.000375E-04  9.000048E+01 -8.400395E-10  1.000375E-04
  6.344823E+00  6.000000E+01     4  1.080420E-05 -1.556533E+00  1.080022E-05 -2.934776E-07
  6.344823E+00  6.000000E+01     5  6.274648E-06  1.794217E+02 -6.274329E-06  6.332514E-08
  6.344823E+00  6.000000E+01     6  7.275787E-11 -8.908688E+01  1.159490E-12 -7.274863E-11
  6.344823E+00  7.000000E+01     1  3.805190E-05  8.815541E-01  3.804740E-05  5.854443E-07
  6.344823E+00  7.000000E+01     2  1.059997E-04  1.472463E+00  1.059647E-04  2.723821E-06
  6.344823E+00  7.000000E+01     3  1.000379E-04  9.000099E+01 -1.726266E-09  1.000379E-04
  6.344823E+00  7.000000E+01     4  1.171126E-05 -1.435686E+00  1.170758E-05 -2.934234E-07
  6.344823E+00  7.000000E+01     5  4.316974E-06  1.791560E+02 -4.316505E-06  6.358884E-08
  6.344823E+00  7.000000E+01     6  7.278295E-11 -8.921858E+01  9.926106E-13 -7.277618E-11
  6.344823E+00  8.000000E+01     1  1.898791E-05  1.776990E+00  1.897878E-05  5.888030E-07
  6.344823E+00  8.000000E+01     2  1.111839E-04  1.403427E+00  1.111506E-04  2.723114E-06
  6.344823E+00  8.000000E+01     3  1.000385E-04  9.000117E+01 -2.041415E-09  1.000385E-04
  6.344823E+00  8.000000E+01     4  1.226271E-05 -1.370825E+00  1.225920E-05 -2.933624E-07
  6.344823E+00  8.000000E+01     5  2.228468E-06  1.783569E+02 -2.227552E-06  6.389773E-08
  6.344823E+00  8.000000E+01     6  7.281682E-11 -8.937426E+01  7.952339E-13 -7.281248E-11
  6.344823E+00  9.000000E+01     1  8.916018E-07  1.383774E+02 -6.665046E-07  5.922207E-07
  6.344823E+00  9.000000E+01     2  1.129921E-04  1.380645E+00  1.129593E-04  2.722485E-06
  6.344823E+00  9.000000E+01     3  1.000392E-04  9.000102E+01 -1.775643E-09  1.000392E-04
  6.344823E+00  9.000000E+01     4  1.244177E-05 -1.350817E+00  1.243832E-05 -2.933027E-07
  6.344823E+00  9.000000E+01     5  9.567463E-08  1.378445E+02 -7.092607E-08  6.421158E-08
  6.344823E+00  9.000000E+01     6  7.285648E-11 -8.954908E+01  5.733771E-13 -7.285423E-11
  6.344823E+00  1.000000E+02     1  2.030019E-05  1.783196E+02 -2.029146E-05  5.952904E-07
  6.344823E+00  1.000000E+02     2  1.113692E-04  1.400524E+00  1.113359E-04  2.722010E-06
  6.344823E+00  1.000000E+02     3  1.000400E-04  9.000054E+01 -9.374137E-10  1.000400E-04
  6.344823E+00  1.000000E+02     4  1.224298E-05 -1.372517E+00  1.223947E-05 -2.932517E-07
  6.344823E+00  1.000000E+02     5  2.088859E-06  1.769177E+00  2.087863E-06  6.448945E-08
  6.344823E+00  1.000000E+02     6  7.289912E-11 -8.973764E+01  3.338042E-13 -7.289836E-11
  6.344823E+00  1.100000E+02     1  3.930427E-05  1.791287E+02 -3.929973E-05  5.976466E-07
  6.344823E+00  1.100000E+02     2  1.063646E-04  1.466292E+00  1.063298E-04  2.721745E-06
  6.344823E+00  1.100000E+02     3  1.000407E-04  8.999974E+01  4.468367E-10  1.000407E-04
  6.344823E+00  1.100000E+02     4  1.167237E-05 -1.439447E+00  1.166869E-05 -2.932153E-07
  6.344823E+00  1.100000E+02     5  4.183738E-06  8.860219E-01  4.183238E-06  6.469474E-08
  6.344823E+00  1.100000E+02     6  7.294158E-11 -8.993416E+01  8.381446E-14 -7.294153E-11
  6.344823E+00  1.200000E+02     1  5.711685E-05  1.793991E+02 -5.711371E-05  5.990100E-07
  6.344823E+00  1.200000E+02     2  9.813081E-05  1.589341E+00  9.809306E-05  2.721724E-06
  6.344823E+00  1.200000E+02     3  1.000413E-04  8.999866E+01  2.333740E-09  1.000413E-04
  6.344823E+00  1.200000E+02     4  1.074735E-05 -1.563273E+00  1.074334E-05 -2.931970E-07
  6.344823E+00  1.200000E+02     5  6.151882E-06  6.035252E-01  6.151540E-06  6.479966E-08
  6.344823E+00  1.200000E+02     6  7.297977E-11 -9.013267E+01 -1.689844E-13 -7.297957E-11
  6.344823E+00  1.300000E+02     1  7.319460E-05  1.795309E+02 -7.319215E-05  5.992205E-07
  6.344823E+00  1.300000E+02     2  8.691857E-05  1.794573E+00  8.687594E-05  2.721949E-06
  6.344823E+00  1.300000E+02     3  1.000417E-04  8.999733E+01  4.664641E-09  1.000417E-04
  6.344823E+00  1.300000E+02     4  9.496083E-06 -1.769324E+00  9.491555E-06 -2.931974E-07
  6.344823E+00  1.300000E+02     5  7.933231E-06  4.679255E-01  7.932966E-06  6.478871E-08
  6.344823E+00  1.300000E+02     6  7.300871E-11 -9.032718E+01 -4.169106E-13 -7.300752E-11
  6.344823E+00  1.400000E+02     1  8.704864E-05  1.796062E+02 -8.704658E-05  5.982564E-07
  6.344823E+00  1.400000E+02     2  7.306991E-05  2.135188E+00  7.301918E-05  2.722397E-06
  6.344823E+00  1.400000E+02     3  1.000419E-04  8.999578E+01  7.367713E-09  1.000419E-04
  6.344823E+00  1.400000E+02     4  7.956778E-06 -2.111882E+00  7.951374E-06 -2.932148E-07
  6.344823E+00  1.400000E+02     5  9.473600E-06  3.910669E-01  9.473379E-06  6.466065E-08
  6.344823E+00  1.400000E+02     6  7.302328E-11 -9.051193E+01 -6.524419E-13 -7.302037E-11
  6.344823E+00  1.500000E+02     1  9.825794E-05  1.796523E+02 -9.825613E-05  5.962376E-07
  6.344823E+00  1.500000E+02     2  5.700880E-05  2.737767E+00  5.694373E-05  2.723017E-06
  6.344823E+00  1.500000E+02     3  1.000417E-04  8.999407E+01  1.036040E-08  1.000417E-04
  6.344823E+00  1.500000E+02     4  6.176577E-06 -2.721250E+00  6.169612E-06 -2.932449E-07
  6.344823E+00  1.500000E+02     5  1.072615E-05  3.441601E-01  1.072596E-05  6.442868E-08
  6.344823E+00  1.500000E+02     6  7.301963E-11 -9.068145E+01 -8.684409E-13 -7.301447E-11
  6.344823E+00  1.600000E+02     1  1.064819E-04  1.796807E+02 -1.064803E-04  5.934102E-07
  6.344823E+00  1.600000E+02     2  3.923264E-05  3.980982E+00  3.913798E-05  2.723740E-06
  6.344823E+00  1.600000E+02     3  1.000413E-04  8.999224E+01  1.355204E-08  1.000413E-04
  6.344823E+00  1.600000E+02     4  4.210643E-06 -3.994023E+00  4.200417E-06 -2.932814E-07
  6.344823E+00  1.600000E+02     5  1.165281E-05  3.152688E-01  1.165263E-05  6.411898E-08
  6.344823E+00  1.600000E+02     6  7.299661E-11 -9.083075E+01 -1.058368E-12 -7.298893E-11
  6.344823E+00  1.700000E+02     1  1.114708E-04  1.796967E+02 -1.114692E-04  5.901175E-07
  6.344823E+00  1.700000E+02     2  2.032633E-05  7.702944E+00  2.014291E-05  2.724482E-06
  6.344823E+00  1.700000E+02     3  1.000407E-04  8.999035E+01  1.684653E-08  1.000407E-04
  6.344823E+00  1.700000E+02     4  2.123973E-06 -7.937828E+00  2.103622E-06 -2.933174E-07
  6.344823E+00  1.700000E+02     5  1.222538E-05  2.988560E-01  1.222522E-05  6.376757E-08
  6.344823E+00  1.700000E+02     6  7.295663E-11 -9.095539E+01 -1.216471E-12 -7.294649E-11
  6.344823E+00  1.800000E+02     1  1.130729E-04  1.797027E+02 -1.130714E-04  5.867578E-07
  6.344823E+00  1.800000E+02     2  2.777309E-06  7.887932E+01  5.356767E-07  2.725159E-06
  6.344823E+00  1.800000E+02     3  1.000400E-04  8.998846E+01  2.014505E-08  1.000400E-04
  6.344823E+00  1.800000E+02     4  2.988452E-07 -1.010093E+02 -5.706988E-08 -2.933453E-07
  6.344823E+00  1.800000E+02     5  1.242648E-05  2.923986E-01  1.242632E-05  6.341599E-08
  6.344823E+00  1.800000E+02     6  7.290560E-11 -9.105155E+01 -1.337959E-12 -7.289332E-11
  6.344823E+00  1.900000E+02     1  1.112397E-04  1.796993E+02 -1.112381E-04  5.837367E-07
  6.344823E+00  1.900000E+02     2  1.928154E-05  1.718733E+02 -1.908791E-05  2.725696E-06
  6.344823E+00  1.900000E+02     3  1.000392E-04  8.998663E+01  2.334873E-08  1.000392E-04
  6.344823E+00  1.900000E+02     4  2.235353E-06 -1.724590E+02 -2.216020E-06 -2.933588E-07
  6.344823E+00  1.900000E+02     5  1.224997E-05  2.951634E-01  1.224981E-05  6.310636E-08
  6.344823E+00  1.900000E+02     6  7.285164E-11 -9.111619E+01 -1.419142E-12 -7.283782E-11
  6.344823E+00  2.000000E+02     1  1.060267E-04  1.796858E+02 -1.060251E-04  5.814180E-07
  6.344823E+00  2.000000E+02     2  3.822885E-05  1.759109E+02 -3.813154E-05  2.726030E-06
  6.344823E+00  2.000000E+02     3  1.000385E-04  8.998490E+01  2.636131E-08  1.000385E-04
  6.344823E+00  2.000000E+02     4  4.317623E-06 -1.761041E+02 -4.307646E-06 -2.933531E-07
  6.344823E+00  2.000000E+02     5  1.170125E-05  3.078783E-01  1.170108E-05  6.287623E-08
  6.344823E+00  2.000000E+02     6  7.280324E-11 -9.114715E+01 -1.457542E-12 -7.278865E-11
  6.344823E+00  2.100000E+02     1  9.759219E-05  1.796594E+02 -9.759047E-05  5.800799E-07
  6.344823E+00  2.100000E+02     2  5.608278E-05  1.772138E+02 -5.601649E-05  2.726126E-06
  6.344823E+00  2.100000E+02     3  1.000379E-04  8.998334E+01  2.909180E-08  1.000379E-04
  6.344823E+00  2.100000E+02     4  6.275268E-06 -1.773208E+02 -6.268409E-06 -2.933257E-07
  6.344823E+00  2.100000E+02     5  1.079699E-05  3.330157E-01  1.079681E-05  6.275412E-08
  6.344823E+00  2.100000E+02     6  7.276727E-11 -9.114334E+01 -1.451973E-12 -7.275278E-11
  6.344823E+00  2.200000E+02     1  8.619251E-05  1.796145E+02 -8.619056E-05  5.798814E-07
  6.344823E+00  2.200000E+02     2  7.225072E-05  1.778378E+02 -7.219928E-05  2.725977E-06
  6.344823E+00  2.200000E+02     3  1.000375E-04  8.998198E+01  3.145711E-08  1.000375E-04
  6.344823E+00  2.200000E+02     4  8.044090E-06 -1.779106E+02 -8.038742E-06 -2.932772E-07
  6.344823E+00  2.200000E+02     5  9.564689E-06  3.759328E-01  9.564484E-06  6.275601E-08
  6.344823E+00  2.200000E+02     6  7.274769E-11 -9.110474E+01 -1.402581E-12 -7.273417E-11
  6.344823E+00  2.300000E+02     1  7.217399E-05  1.795389E+02 -7.217165E-05  5.808433E-07
  6.344823E+00  2.300000E+02     2  8.623125E-05  1.781887E+02 -8.618817E-05  2.725605E-06
  6.344823E+00  2.300000E+02     3  1.000373E-04  8.998088E+01  3.338468E-08  1.000373E-04
  6.344823E+00  2.300000E+02     4  9.569346E-06 -1.782441E+02 -9.564853E-06 -2.932108E-07
  6.344823E+00  2.300000E+02     5  8.041820E-06  4.480317E-01  8.041574E-06  6.288340E-08
  6.344823E+00  2.300000E+02     6  7.274524E-11 -9.103251E+01 -1.310846E-12 -7.273343E-11
  6.344823E+00  2.400000E+02     1  5.596269E-05  1.794033E+02 -5.595966E-05  5.828458E-07
  6.344823E+00  2.400000E+02     2  9.759617E-05  1.784000E+02 -9.755812E-05  2.725058E-06
  6.344823E+00  2.400000E+02     3  1.000374E-04  8.998006E+01  3.481481E-08  1.000374E-04
  6.344823E+00  2.400000E+02     4  1.080434E-05 -1.784453E+02 -1.080037E-05 -2.931324E-07
  6.344823E+00  2.400000E+02     5  6.274676E-06  5.764037E-01  6.274359E-06  6.312307E-08
  6.344823E+00  2.400000E+02     6  7.275811E-11 -9.092891E+01 -1.179546E-12 -7.274855E-11
  6.344823E+00  2.500000E+02     1  3.805170E-05  1.791181E+02 -3.804720E-05  5.856433E-07
  6.344823E+00  2.500000E+02     2  1.059987E-04  1.785272E+02 -1.059637E-04  2.724406E-06
  6.344823E+00  2.500000E+02     3  1.000378E-04  8.997955E+01  3.570284E-08  1.000378E-04
  6.344823E+00  2.500000E+02     4  1.171140E-05 -1.785662E+02 -1.170773E-05 -2.930498E-07
  6.344823E+00  2.500000E+02     5  4.317002E-06  8.421285E-01  4.316535E-06  6.344863E-08
  6.344823E+00  2.500000E+02     6  7.278315E-11 -9.079721E+01 -1.012667E-12 -7.277610E-11
  6.344823E+00  2.600000E+02     1  1.898772E-05  1.782227E+02 -1.897858E-05  5.888938E-07
  6.344823E+00  2.600000E+02     2  1.111830E-04  1.785962E+02 -1.111496E-04  2.723730E-06
  6.344823E+00  2.600000E+02     3  1.000384E-04  8.997937E+01  3.602079E-08  1.000384E-04
  6.344823E+00  2.600000E+02     4  1.226285E-05 -1.786310E+02 -1.225935E-05 -2.929718E-07
  6.344823E+00  2.600000E+02     5  2.228496E-06  1.641163E+00  2.227582E-06  6.382363E-08
  6.344823E+00  2.600000E+02     6  7.281698E-11 -9.064152E+01 -8.152925E-13 -7.281241E-11
  6.344823E+00  2.700000E+02     1  8.917390E-07  4.161303E+01  6.667061E-07  5.922005E-07
  6.344823E+00  2.700000E+02     2  1.129911E-04  1.786190E+02 -1.129583E-04  2.723114E-06
  6.344823E+00  2.700000E+02     3  1.000391E-04  8.997952E+01  3.575850E-08  1.000391E-04
  6.344823E+00  2.700000E+02     4  1.244191E-05 -1.786510E+02 -1.243847E-05 -2.929070E-07
  6.344823E+00  2.700000E+02     5  9.569299E-08  4.214092E+01  7.095605E-08  6.420582E-08
  6.344823E+00  2.700000E+02     6  7.285658E-11 -9.046670E+01 -5.934384E-13 -7.285417E-11
  6.344823E+00  2.800000E+02     1  2.030039E-05  1.680018E+00  2.029166E-05  5.951598E-07
  6.344823E+00  2.800000E+02     2  1.113682E-04  1.785991E+02 -1.113349E-04  2.722633E-06
  6.344823E+00  2.800000E+02     3  1.000399E-04  8.998000E+01  3.492401E-08  1.000399E-04
  6.344823E+00  2.800000E+02     4  1.224312E-05 -1.786293E+02 -1.223961E-05 -2.928629E-07
  6.344823E+00  2.800000E+02     5  2.088831E-06  1.782291E+02 -2.087833E-06  6.455221E-08
  6.344823E+00  2.800000E+02     6  7.289917E-11 -9.027813E+01 -3.538684E-13 -7.289831E-11
  6.344823E+00  2.900000E+02     1  3.930447E-05  8.709028E-01  3.929993E-05  5.974097E-07
  6.344823E+00  2.900000E+02     2  1.063637E-04  1.785334E+02 -1.063288E-04  2.722344E-06
  6.344823E+00  2.900000E+02     3  1.000407E-04  8.998079E+01  3.354330E-08  1.000407E-04
  6.344823E+00  2.900000E+02     4  1.167251E-05 -1.785624E+02 -1.166884E-05 -2.928453E-07
  6.344823E+00  2.900000E+02     5  4.183710E-06  1.791122E+02 -4.183208E-06  6.482412E-08
  6.344823E+00  2.900000E+02     6  7.294158E-11 -9.008160E+01 -1.038814E-13 -7.294150E-11
  6.344823E+00  3.000000E+02     1  5.711705E-05  6.005584E-01  5.711391E-05  5.986741E-07
  6.344823E+00  3.000000E+02     2  9.812986E-05  1.784103E+02 -9.809209E-05  2.722279E-06
  6.344823E+00  3.000000E+02     3  1.000413E-04  8.998187E+01  3.165931E-08  1.000413E-04
  6.344823E+00  3.000000E+02     4  1.074748E-05 -1.784386E+02 -1.074349E-05 -2.928569E-07
  6.344823E+00  3.000000E+02     5  6.151854E-06  1.793947E+02 -6.151510E-06  6.499174E-08
  6.344823E+00  3.000000E+02     6  7.297971E-11 -8.988309E+01  1.489152E-13 -7.297956E-11
  6.344823E+00  3.100000E+02     1  7.319480E-05  4.687335E-01  7.319235E-05  5.987958E-07
  6.344823E+00  3.100000E+02     2  8.691761E-05  1.782051E+02 -8.687497E-05  2.722445E-06
  6.344823E+00  3.100000E+02     3  1.000417E-04  8.998320E+01  2.933033E-08  1.000417E-04
  6.344823E+00  3.100000E+02     4  9.496223E-06 -1.782325E+02 -9.491705E-06 -2.928977E-07
  6.344823E+00  3.100000E+02     5  7.933203E-06  1.795303E+02 -7.932936E-06  6.503769E-08
  6.344823E+00  3.100000E+02     6  7.300859E-11 -8.968857E+01  3.968400E-13 -7.300752E-11
  6.344823E+00  3.200000E+02     1  8.704884E-05  3.934477E-01  8.704678E-05  5.977560E-07
  6.344823E+00  3.200000E+02     2  7.306896E-05  1.778645E+02 -7.301821E-05  2.722818E-06
  6.344823E+00  3.200000E+02     3  1.000418E-04  8.998475E+01  2.662796E-08  1.000418E-04
  6.344823E+00  3.200000E+02     4  7.956918E-06 -1.778900E+02 -7.951523E-06 -2.929646E-07
  6.344823E+00  3.200000E+02     5  9.473572E-06  1.796071E+02 -9.473349E-06  6.495897E-08
  6.344823E+00  3.200000E+02     6  7.302312E-11 -8.950382E+01  6.323707E-13 -7.302038E-11
  6.344823E+00  3.300000E+02     1  9.825814E-05  3.473501E-01  9.825633E-05  5.956768E-07
  6.344823E+00  3.300000E+02     2  5.700785E-05  1.772619E+02 -5.694276E-05  2.723350E-06
  6.344823E+00  3.300000E+02     3  1.000417E-04  8.998646E+01  2.363465E-08  1.000417E-04
  6.344823E+00  3.300000E+02     4  6.176717E-06 -1.772806E+02 -6.169761E-06 -2.930517E-07
  6.344823E+00  3.300000E+02     5  1.072612E-05  1.796540E+02 -1.072593E-05  6.476730E-08
  6.344823E+00  3.300000E+02     6  7.301943E-11 -8.933430E+01  8.483702E-13 -7.301450E-11
  6.344823E+00  3.400000E+02     1  1.064821E-04  3.189780E-01  1.064805E-04  5.928060E-07
  6.344823E+00  3.400000E+02     2  3.923169E-05  1.760186E+02 -3.913701E-05  2.723974E-06
  6.344823E+00  3.400000E+02     3  1.000413E-04  8.998829E+01  2.044117E-08  1.000413E-04
  6.344823E+00  3.400000E+02     4  4.210783E-06 -1.760079E+02 -4.200566E-06 -2.931511E-07
  6.344823E+00  3.400000E+02     5  1.165278E-05  1.796829E+02 -1.165260E-05  6.448760E-08
  6.344823E+00  3.400000E+02     6  7.299636E-11 -8.918500E+01  1.038298E-12 -7.298898E-11
  6.344823E+00  3.500000E+02     1  1.114710E-04  3.029967E-01  1.114694E-04  5.894881E-07
  6.344823E+00  3.500000E+02     2  2.032538E-05  1.722963E+02 -2.014194E-05  2.724611E-06
  6.344823E+00  3.500000E+02     3  1.000407E-04  8.999018E+01  1.714384E-08  1.000407E-04
  6.344823E+00  3.500000E+02     4  2.124111E-06 -1.720644E+02 -2.103771E-06 -2.932539E-07
  6.344823E+00  3.500000E+02     5  1.222536E-05  1.796993E+02 -1.222519E-05  6.415498E-08
  6.344823E+00  3.500000E+02     6  7.295636E-11 -8.906037E+01  1.196404E-12 -7.294655E-11
  4.486468E+00  0.000000E+00     1  9.079842E-05  1.746831E-01  9.079799E-05  2.768253E-07
  4.486468E+00  0.000000E+00     2  1.396763E-06  1.088930E+02 -4.522747E-07  1.321512E-06
  4.486468E+00  0.000000E+00     3  1.009186E-04  8.996043E+01  6.968830E-08  1.009186E-04
  4.486468E+00  0.000000E+00     4  3.391600E-07 -7.096543E+01  1.106132E-07 -3.206154E-07
  4.486468E+00  0.000000E+00     5  2.219812E-05  1.798138E+02 -2.219800E-05  7.215366E-08
  4.486468E+00  0.000000E+00     6  3.473301E-11 -8.824255E+01  1.065208E-12 -3.471667E-11
  4.486468E+00  1.000000E+01     1  8.932182E-05  1.748489E-01  8.932140E-05  2.725821E-07
  4.486468E+00  1.000000E+01     2  1.536283E-05  4.933410E+00  1.530591E-05  1.321171E-06
  4.486468E+00  1.000000E+01     3  1.009162E-04  8.996404E+01  6.333138E-08  1.009162E-04
  4.486468E+00  1.000000E+01     4  3.980177E-06 -4.631146E+00  3.967182E-06 -3.213625E-07
  4.486468E+00  1.000000E+01     5  2.188462E-05  1.798138E+02 -2.188450E-05  7.113683E-08
  4.486468E+00  1.000000E+01     6  3.464143E-11 -8.812251E+01  1.134941E-12 -3.462283E-11
  4.486468E+00  2.000000E+01     1  8.513153E-05  1.814091E-01  8.513110E-05  2.695418E-07
  4.486468E+00  2.000000E+01     2  3.062760E-05  2.471192E+00  3.059912E-05  1.320572E-06
  4.486468E+00  2.000000E+01     3  1.009139E-04  8.996744E+01  5.734582E-08  1.009139E-04
  4.486468E+00  2.000000E+01     4  7.709965E-06 -2.393807E+00  7.703236E-06 -3.220271E-07
  4.486468E+00  2.000000E+01     5  2.090603E-05  1.798075E+02 -2.090591E-05  7.024635E-08
  4.486468E+00  2.000000E+01     6  3.456539E-11 -8.806089E+01  1.169603E-12 -3.454560E-11
  4.486468E+00  3.000000E+01     1  7.835465E-05  1.960420E-01  7.835419E-05  2.680960E-07
  4.486468E+00  3.000000E+01     2  4.498183E-05  1.681209E+00  4.496247E-05  1.319696E-06
  4.486468E+00  3.000000E+01     3  1.009120E-04  8.997052E+01  5.191370E-08  1.009120E-04
  4.486468E+00  3.000000E+01     4  1.120998E-05 -1.648983E+00  1.120534E-05 -3.225808E-07
  4.486468E+00  3.000000E+01     5  1.929217E-05  1.797934E+02 -1.929204E-05  6.957642E-08
  4.486468E+00  3.000000E+01     6  3.451850E-11 -8.806076E+01  1.168093E-12 -3.449873E-11
  4.486468E+00  4.000000E+01     1  6.919687E-05  2.222878E-01  6.919635E-05  2.684592E-07
  4.486468E+00  4.000000E+01     2  5.797437E-05  1.303239E+00  5.795938E-05  1.318560E-06
  4.486468E+00  4.000000E+01     3  1.009108E-04  8.997320E+01  4.720326E-08  1.009108E-04
  4.486468E+00  4.000000E+01     4  1.437075E-05 -1.287920E+00  1.436712E-05 -3.230050E-07
  4.486468E+00  4.000000E+01     5  1.709217E-05  1.797681E+02 -1.709203E-05  6.918574E-08
  4.486468E+00  4.000000E+01     6  3.450479E-11 -8.812262E+01  1.130398E-12 -3.448627E-11
  4.486468E+00  5.000000E+01     1  5.793628E-05  2.676507E-01  5.793565E-05  2.706418E-07
  4.486468E+00  5.000000E+01     2  6.920740E-05  1.090576E+00  6.919487E-05  1.317224E-06
  4.486468E+00  5.000000E+01     3  1.009104E-04  8.997538E+01  4.336333E-08  1.009103E-04
  4.486468E+00  5.000000E+01     4  1.709558E-05 -1.083579E+00  1.709252E-05 -3.232926E-07
  4.486468E+00  5.000000E+01     5  1.437298E-05  1.797246E+02 -1.437281E-05  6.909109E-08
  4.486468E+00  5.000000E+01     6  3.451896E-11 -8.824426E+01  1.057615E-12 -3.450276E-11
  4.486468E+00  6.000000E+01     1  4.491499E-05  3.501005E-01  4.491415E-05  2.744471E-07
  4.486468E+00  6.000000E+01     2  7.833862E-05  9.623914E-01  7.832757E-05  1.315784E-06
  4.486468E+00  6.000000E+01     3  1.009108E-04  8.997699E+01  4.051743E-08  1.009108E-04
  4.486468E+00  6.000000E+01     4  1.930141E-05 -9.601896E-01  1.929870E-05 -3.234469E-07
  4.486468E+00  6.000000E+01     5  1.121728E-05  1.796462E+02 -1.121707E-05  6.926628E-08
  4.486468E+00  6.000000E+01     6  3.455029E-11 -8.842120E+01  9.519243E-13 -3.453717E-11
  4.486468E+00  7.000000E+01     1  3.052881E-05  5.245550E-01  3.052753E-05  2.794938E-07
  4.486468E+00  7.000000E+01     2  8.509027E-05  8.850642E-01  8.508012E-05  1.314361E-06
  4.486468E+00  7.000000E+01     3  1.009120E-04  8.997799E+01  3.875832E-08  1.009120E-04
  4.486468E+00  7.000000E+01     4  2.092103E-05 -8.859408E-01  2.091853E-05 -3.234802E-07
  4.486468E+00  7.000000E+01     5  7.721001E-06  1.794832E+02 -7.720687E-06  6.964641E-08
  4.486468E+00  7.000000E+01     6  3.458811E-11 -8.864727E+01  8.165382E-13 -3.457847E-11
  4.486468E+00  8.000000E+01     1  1.521576E-05  1.074221E+00  1.521308E-05  2.852588E-07
  4.486468E+00  8.000000E+01     2  8.925718E-05  8.429263E-01  8.924752E-05  1.313090E-06
  4.486468E+00  8.000000E+01     3  1.009139E-04  8.997834E+01  3.814335E-08  1.009139E-04
  4.486468E+00  8.000000E+01     4  2.190510E-05 -8.459577E-01  2.190271E-05 -3.234115E-07
  4.486468E+00  8.000000E+01     5  3.990473E-06  1.789929E+02 -3.989857E-06  7.013705E-08
  4.486468E+00  8.000000E+01     6  3.462639E-11 -8.891513E+01  6.555986E-13 -3.462018E-11
  4.486468E+00  9.000000E+01     1  6.344015E-07  1.526827E+02 -5.636523E-07  2.911379E-07
  4.486468E+00  9.000000E+01     2  9.071285E-05  8.287732E-01  9.070336E-05  1.312099E-06
  4.486468E+00  9.000000E+01     3  1.009163E-04  8.997803E+01  3.869150E-08  1.009163E-04
  4.486468E+00  9.000000E+01     4  2.222362E-05 -8.334479E-01  2.222127E-05 -3.232624E-07
  4.486468E+00  9.000000E+01     5  1.548938E-07  1.528726E+02 -1.378547E-07  7.062705E-08
  4.486468E+00  9.000000E+01     6  3.466507E-11 -8.921646E+01  4.740444E-13 -3.466182E-11
  4.486468E+00  1.000000E+02     1  1.632576E-05  1.789593E+02 -1.632307E-05  2.965156E-07
  4.486468E+00  1.000000E+02     2  8.941317E-05  8.404366E-01  8.940355E-05  1.311500E-06
  4.486468E+00  1.000000E+02     3  1.009188E-04  8.997707E+01  4.038237E-08  1.009188E-04
  4.486468E+00  1.000000E+02     4  2.186685E-05 -8.465032E-01  2.186446E-05 -3.230550E-07
  4.486468E+00  1.000000E+02     5  3.719057E-06  1.093947E+00  3.718379E-06  7.100352E-08
  4.486468E+00  1.000000E+02     6  3.470799E-11 -8.954198E+01  2.774487E-13 -3.470689E-11
  4.486468E+00  1.100000E+02     1  3.158758E-05  1.794543E+02 -3.158614E-05  3.008363E-07
  4.486468E+00  1.100000E+02     2  8.539774E-05  8.798694E-01  8.538767E-05  1.311369E-06
  4.486468E+00  1.100000E+02     3  1.009211E-04  8.997550E+01  4.315744E-08  1.009211E-04
  4.486468E+00  1.100000E+02     4  2.084564E-05 -8.872974E-01  2.084314E-05 -3.228082E-07
  4.486468E+00  1.100000E+02     5  7.462103E-06  5.464454E-01  7.461763E-06  7.116702E-08
  4.486468E+00  1.100000E+02     6  3.475847E-11 -8.988159E+01  7.183401E-14 -3.475839E-11
  4.486468E+00  1.200000E+02     1  4.589003E-05  1.796209E+02 -4.588902E-05  3.036690E-07
  4.486468E+00  1.200000E+02     2  7.878863E-05  9.539551E-01  7.877771E-05  1.311743E-06
  4.486468E+00  1.200000E+02     3  1.009231E-04  8.997336E+01  4.692336E-08  1.009231E-04
  4.486468E+00  1.200000E+02     4  1.919109E-05 -9.629917E-01  1.918838E-05 -3.225366E-07
  4.486468E+00  1.200000E+02     5  1.097884E-05  3.707697E-01  1.097861E-05  7.104526E-08
  4.486468E+00  1.200000E+02     6  3.481486E-11 -9.022468E+01 -1.365232E-13 -3.481459E-11
  4.486468E+00  1.300000E+02     1  5.879794E-05  1.797030E+02 -5.879715E-05  3.047561E-07
  4.486468E+00  1.300000E+02     2  6.978675E-05  1.077736E+00  6.977440E-05  1.312615E-06
  4.486468E+00  1.300000E+02     3  1.009243E-04  8.997073E+01  5.155686E-08  1.009243E-04
  4.486468E+00  1.300000E+02     4  1.695358E-05 -1.089128E+00  1.695052E-05 -3.222491E-07
  4.486468E+00  1.300000E+02     5  1.416225E-05  2.856394E-01  1.416207E-05  7.060346E-08
  4.486468E+00  1.300000E+02     6  3.486874E-11 -9.056081E+01 -3.412902E-13 -3.486707E-11
  4.486468E+00  1.400000E+02     1  6.991915E-05  1.797508E+02 -6.991848E-05  3.040425E-07
  4.486468E+00  1.400000E+02     2  5.866583E-05  1.283354E+00  5.865112E-05  1.313931E-06
  4.486468E+00  1.400000E+02     3  1.009247E-04  8.996769E+01  5.691058E-08  1.009247E-04
  4.486468E+00  1.400000E+02     4  1.420130E-05 -1.299028E+00  1.419765E-05 -3.219487E-07
  4.486468E+00  1.400000E+02     5  1.691552E-05  2.365950E-01  1.691538E-05  6.985010E-08
  4.486468E+00  1.400000E+02     6  3.490666E-11 -9.088027E+01 -5.362710E-13 -3.490254E-11
  4.486468E+00  1.500000E+02     1  7.891590E-05  1.797810E+02 -7.891532E-05  3.016801E-07
  4.486468E+00  1.500000E+02     2  4.576454E-05  1.647319E+00  4.574563E-05  1.315601E-06
  4.486468E+00  1.500000E+02     3  1.009242E-04  8.996434E+01  6.281915E-08  1.009242E-04
  4.486468E+00  1.500000E+02     4  1.101820E-05 -1.672764E+00  1.101350E-05 -3.216332E-07
  4.486468E+00  1.500000E+02     5  1.915490E-05  2.059053E-01  1.915477E-05  6.883730E-08
  4.486468E+00  1.500000E+02     6  3.491502E-11 -9.117437E+01 -7.155879E-13 -3.490768E-11
  4.486468E+00  1.600000E+02     1  8.551505E-05  1.798003E+02 -8.551453E-05  2.980075E-07
  4.486468E+00  1.600000E+02     2  3.147749E-05  2.398839E+00  3.144990E-05  1.317503E-06
  4.486468E+00  1.600000E+02     3  1.009229E-04  8.996077E+01  6.910488E-08  1.009229E-04
  4.486468E+00  1.600000E+02     4  7.501747E-06 -2.454703E+00  7.494864E-06 -3.212965E-07
  4.486468E+00  1.600000E+02     5  2.081223E-05  1.862556E-01  2.081212E-05  6.765572E-08
  4.486468E+00  1.600000E+02     6  3.488594E-11 -9.143533E+01 -8.738476E-13 -3.487500E-11
  4.486468E+00  1.700000E+02     1  8.951628E-05  1.798121E+02 -8.951580E-05  2.935075E-07
  4.486468E+00  1.700000E+02     2  1.625188E-05  4.656981E+00  1.619823E-05  1.319494E-06
  4.486468E+00  1.700000E+02     3  1.009209E-04  8.995709E+01  7.558270E-08  1.009209E-04
  4.486468E+00  1.700000E+02     4  3.762368E-06 -4.893281E+00  3.748656E-06 -3.209303E-07
  4.486468E+00  1.700000E+02     5  2.183708E-05  1.742838E-01  2.183698E-05  6.642451E-08
  4.486468E+00  1.700000E+02     6  3.482145E-11 -9.165600E+01 -1.006291E-12 -3.480691E-11
  4.486468E+00  1.800000E+02     1  9.079808E-05  1.798178E+02 -9.079762E-05  2.887473E-07
  4.486468E+00  1.800000E+02     2  1.397256E-06  7.103689E+01  4.540515E-07  1.321425E-06
  4.486468E+00  1.800000E+02     3  1.009185E-04  8.995341E+01  8.206437E-08  1.009185E-04
  4.486468E+00  1.800000E+02     4  3.393130E-07 -1.091551E+02 -1.113373E-07 -3.205266E-07
  4.486468E+00  1.800000E+02     5  2.219824E-05  1.684880E-01  2.219815E-05  6.527763E-08
  4.486468E+00  1.800000E+02     6  3.473391E-11 -9.182955E+01 -1.108925E-12 -3.471620E-11
  4.486468E+00  1.900000E+02     1  8.932148E-05  1.798176E+02 -8.932103E-05  2.843088E-07
  4.486468E+00  1.900000E+02     2  1.536123E-05  1.750586E+02 -1.530414E-05  1.323155E-06
  4.486468E+00  1.900000E+02     3  1.009159E-04  8.994983E+01  8.836213E-08  1.009159E-04
  4.486468E+00  1.900000E+02     4  3.980795E-06 -1.753881E+02 -3.967906E-06 -3.200797E-07
  4.486468E+00  1.900000E+02     5  2.188475E-05  1.684678E-01  2.188465E-05  6.434800E-08
  4.486468E+00  1.900000E+02     6  3.464238E-11 -9.194974E+01 -1.178634E-12 -3.462232E-11
  4.486468E+00  2.000000E+02     1  8.513119E-05  1.798111E+02 -8.513073E-05  2.807187E-07
  4.486468E+00  2.000000E+02     2  3.062600E-05  1.775212E+02 -3.059734E-05  1.324568E-06
  4.486468E+00  2.000000E+02     3  1.009135E-04  8.994646E+01  9.429234E-08  1.009134E-04
  4.486468E+00  2.000000E+02     4  7.710586E-06 -1.776245E+02 -7.703960E-06 -3.195889E-07
  4.486468E+00  2.000000E+02     5  2.090616E-05  1.747191E-01  2.090606E-05  6.375164E-08
  4.486468E+00  2.000000E+02     6  3.456635E-11 -9.201149E+01 -1.213274E-12 -3.454505E-11
  4.486468E+00  2.100000E+02     1  7.835431E-05  1.797964E+02 -7.835382E-05  2.783844E-07
  4.486468E+00  2.100000E+02     2  4.498023E-05  1.783112E+02 -4.496069E-05  1.325580E-06
  4.486468E+00  2.100000E+02     3  1.009115E-04  8.994340E+01  9.967936E-08  1.009115E-04
  4.486468E+00  2.100000E+02     4  1.121060E-05 -1.783691E+02 -1.120606E-05 -3.190606E-07
  4.486468E+00  2.100000E+02     5  1.929229E-05  1.888061E-01  1.929219E-05  6.357354E-08
  4.486468E+00  2.100000E+02     6  3.451945E-11 -9.201168E+01 -1.211746E-12 -3.449817E-11
  4.486468E+00  2.200000E+02     1  6.919654E-05  1.797702E+02 -6.919598E-05  2.775465E-07
  4.486468E+00  2.200000E+02     2  5.797277E-05  1.786892E+02 -5.795760E-05  1.326152E-06
  4.486468E+00  2.200000E+02     3  1.009102E-04  8.994075E+01  1.043601E-07  1.009101E-04
  4.486468E+00  2.200000E+02     4  1.437137E-05 -1.787301E+02 -1.436784E-05 -3.185091E-07
  4.486468E+00  2.200000E+02     5  1.709230E-05  2.140583E-01  1.709218E-05  6.385705E-08
  4.486468E+00  2.200000E+02     6  3.450569E-11 -9.194984E+01 -1.174039E-12 -3.448571E-11
  4.486468E+00  2.300000E+02     1  5.793595E-05  1.797248E+02 -5.793528E-05  2.782508E-07
  4.486468E+00  2.300000E+02     2  6.920580E-05  1.789019E+02 -6.919309E-05  1.326291E-06
  4.486468E+00  2.300000E+02     3  1.009097E-04  8.993857E+01  1.081891E-07  1.009096E-04
  4.486468E+00  2.300000E+02     4  1.709620E-05 -1.789343E+02 -1.709325E-05 -3.179568E-07
  4.486468E+00  2.300000E+02     5  1.437311E-05  2.575095E-01  1.437296E-05  6.459811E-08
  4.486468E+00  2.300000E+02     6  3.451979E-11 -9.182816E+01 -1.101251E-12 -3.450222E-11
  4.486468E+00  2.400000E+02     1  4.491465E-05  1.796424E+02 -4.491378E-05  2.803452E-07
  4.486468E+00  2.400000E+02     2  7.833702E-05  1.790301E+02 -7.832580E-05  1.326049E-06
  4.486468E+00  2.400000E+02     3  1.009101E-04  8.993695E+01  1.110442E-07  1.009100E-04
  4.486468E+00  2.400000E+02     4  1.930203E-05 -1.790577E+02 -1.929942E-05 -3.174330E-07
  4.486468E+00  2.400000E+02     5  1.121741E-05  3.358105E-01  1.121722E-05  6.574485E-08
  4.486468E+00  2.400000E+02     6  3.455101E-11 -9.165117E+01 -9.955648E-13 -3.453666E-11
  4.486468E+00  2.500000E+02     1  3.052848E-05  1.794679E+02 -3.052716E-05  2.834998E-07
  4.486468E+00  2.500000E+02     2  8.508867E-05  1.791074E+02 -8.507834E-05  1.325513E-06
  4.486468E+00  2.500000E+02     3  1.009113E-04  8.993594E+01  1.128316E-07  1.009112E-04
  4.486468E+00  2.500000E+02     4  2.092165E-05 -1.791319E+02 -2.091925E-05 -3.169710E-07
  4.486468E+00  2.500000E+02     5  7.721128E-06  4.986944E-01  7.720835E-06  6.720275E-08
  4.486468E+00  2.500000E+02     6  3.458871E-11 -9.142504E+01 -8.601905E-13 -3.457802E-11
  4.486468E+00  2.600000E+02     1  1.521543E-05  1.789183E+02 -1.521271E-05  2.872493E-07
  4.486468E+00  2.600000E+02     2  8.925558E-05  1.791495E+02 -8.924575E-05  1.324791E-06
  4.486468E+00  2.600000E+02     3  1.009132E-04  8.993556E+01  1.134910E-07  1.009131E-04
  4.486468E+00  2.600000E+02     4  2.190572E-05 -1.791719E+02 -2.190343E-05 -3.166049E-07
  4.486468E+00  2.600000E+02     5  3.990600E-06  9.885007E-01  3.990006E-06  6.884477E-08
  4.486468E+00  2.600000E+02     6  3.462685E-11 -9.115713E+01 -6.992689E-13 -3.461979E-11
  4.486468E+00  2.700000E+02     1  6.346898E-07  2.729505E+01  5.640214E-07  2.910515E-07
  4.486468E+00  2.700000E+02     2  9.071125E-05  1.791637E+02 -9.070158E-05  1.323996E-06
  4.486468E+00  2.700000E+02     3  1.009155E-04  8.993584E+01  1.129982E-07  1.009155E-04
  4.486468E+00  2.700000E+02     4  2.222424E-05 -1.791844E+02 -2.222199E-05 -3.163661E-07
  4.486468E+00  2.700000E+02     5  1.549804E-07  2.706865E+01  1.380042E-07  7.052506E-08
  4.486468E+00  2.700000E+02     6  3.466537E-11 -9.085576E+01 -5.177372E-13 -3.466151E-11
  4.486468E+00  2.800000E+02     1  1.632609E-05  1.033083E+00  1.632344E-05  2.943549E-07
  4.486468E+00  2.800000E+02     2  8.941156E-05  1.791520E+02 -8.940177E-05  1.323232E-06
  4.486468E+00  2.800000E+02     3  1.009181E-04  8.993677E+01  1.113670E-07  1.009180E-04
  4.486468E+00  2.800000E+02     4  2.186748E-05 -1.791713E+02 -2.186519E-05 -3.162791E-07
  4.486468E+00  2.800000E+02     5  3.718928E-06  1.788892E+02 -3.718229E-06  7.209493E-08
  4.486468E+00  2.800000E+02     6  3.470814E-11 -9.053018E+01 -3.211655E-13 -3.470665E-11
  4.486468E+00  2.900000E+02     1  3.158791E-05  5.381197E-01  3.158651E-05  2.966680E-07
  4.486468E+00  2.900000E+02     2  8.539613E-05  1.791126E+02 -8.538589E-05  1.322581E-06
  4.486468E+00  2.900000E+02     3  1.009205E-04  8.993832E+01  1.086487E-07  1.009204E-04
  4.486468E+00  2.900000E+02     4  2.084627E-05 -1.791305E+02 -2.084387E-05 -3.163594E-07
  4.486468E+00  2.900000E+02     5  7.461974E-06  1.794363E+02 -7.461613E-06  7.341907E-08
  4.486468E+00  2.900000E+02     6  3.475845E-11 -9.019051E+01 -1.155736E-13 -3.475825E-11
  4.486468E+00  3.000000E+02     1  4.589035E-05  3.715936E-01  4.588939E-05  2.976213E-07
  4.486468E+00  3.000000E+02     2  7.878703E-05  1.790385E+02 -7.877594E-05  1.322097E-06
  4.486468E+00  3.000000E+02     3  1.009225E-04  8.994043E+01  1.049295E-07  1.009224E-04
  4.486468E+00  3.000000E+02     4  1.919171E-05 -1.790547E+02 -1.918910E-05 -3.166112E-07
  4.486468E+00  3.000000E+02     5  1.097871E-05  1.796118E+02 -1.097846E-05  7.439020E-08
  4.486468E+00  3.000000E+02     6  3.481467E-11 -8.984733E+01  9.276499E-14 -3.481455E-11
  4.486468E+00  3.100000E+02     1  5.879827E-05  2.894261E-01  5.879752E-05  2.970146E-07
  4.486468E+00  3.100000E+02     2  6.978514E-05  1.789147E+02 -6.977263E-05  1.321795E-06
  4.486468E+00  3.100000E+02     3  1.009238E-04  8.994304E+01  1.003268E-07  1.009238E-04
  4.486468E+00  3.100000E+02     4  1.695421E-05 -1.789286E+02 -1.695124E-05 -3.170272E-07
  4.486468E+00  3.100000E+02     5  1.416212E-05  1.796968E+02 -1.416192E-05  7.494043E-08
  4.486468E+00  3.100000E+02     6  3.486840E-11 -8.951111E+01  2.975198E-13 -3.486713E-11
  4.486468E+00  3.200000E+02     1  6.991947E-05  2.416118E-01  6.991885E-05  2.948441E-07
  4.486468E+00  3.200000E+02     2  5.866423E-05  1.787091E+02 -5.864934E-05  1.321658E-06
  4.486468E+00  3.200000E+02     3  1.009243E-04  8.994608E+01  9.498404E-08  1.009243E-04
  4.486468E+00  3.200000E+02     4  1.420193E-05 -1.787186E+02 -1.419838E-05 -3.175885E-07
  4.486468E+00  3.200000E+02     5  1.691539E-05  1.797458E+02 -1.691523E-05  7.504797E-08
  4.486468E+00  3.200000E+02     6  3.490617E-11 -8.919158E+01  4.924964E-13 -3.490270E-11
  4.486468E+00  3.300000E+02     1  7.891622E-05  2.114977E-01  7.891569E-05  2.913052E-07
  4.486468E+00  3.300000E+02     2  4.576294E-05  1.783451E+02 -4.574385E-05  1.321638E-06
  4.486468E+00  3.300000E+02     3  1.009240E-04  8.994944E+01  8.906525E-08  1.009239E-04
  4.486468E+00  3.300000E+02     4  1.101882E-05 -1.783448E+02 -1.101423E-05 -3.182666E-07
  4.486468E+00  3.300000E+02     5  1.915477E-05  1.797764E+02 -1.915462E-05  7.473850E-08
  4.486468E+00  3.300000E+02     6  3.491439E-11 -8.889746E+01  6.718175E-13 -3.490793E-11
  4.486468E+00  3.400000E+02     1  8.551538E-05  1.921388E-01  8.551490E-05  2.867715E-07
  4.486468E+00  3.400000E+02     2  3.147589E-05  1.775935E+02 -3.144812E-05  1.321664E-06
  4.486468E+00  3.400000E+02     3  1.009228E-04  8.995302E+01  8.274955E-08  1.009227E-04
  4.486468E+00  3.400000E+02     4  7.502374E-06 -1.775629E+02 -7.495588E-06 -3.190251E-07
  4.486468E+00  3.400000E+02     5  2.081211E-05  1.797961E+02 -2.081197E-05  7.408091E-08
  4.486468E+00  3.400000E+02     6  3.488520E-11 -8.863652E+01  8.300893E-13 -3.487533E-11
  4.486468E+00  3.500000E+02     1  8.951661E-05  1.803370E-01  8.951617E-05  2.817507E-07
  4.486468E+00  3.500000E+02     2  1.625029E-05  1.753349E+02 -1.619645E-05  1.321651E-06
  4.486468E+00  3.500000E+02     3  1.009209E-04  8.995672E+01  7.622589E-08  1.009209E-04
  4.486468E+00  3.500000E+02     4  3.762996E-06 -1.751245E+02 -3.749380E-06 -3.198224E-07
  4.486468E+00  3.500000E+02     5  2.183695E-05  1.798080E+02 -2.183683E-05  7.317806E-08
  4.486468E+00  3.500000E+02     6  3.482062E-11 -8.841596E+01  9.625515E-13 -3.480732E-11
  3.663185E+00  0.000000E+00     1  8.149002E-05  1.044361E-01  8.148988E-05  1.485362E-07
  3.663185E+00  0.000000E+00     2  9.690696E-07  1.170280E+02 -4.403705E-07  8.632321E-07
  3.663185E+00  0.000000E+00     3  1.027922E-04  8.986478E+01  2.425848E-07  1.027919E-04
  3.663185E+00  0.000000E+00     4  4.027854E-07 -6.240576E+01  1.865730E-07 -3.569687E-07
  3.663185E+00  0.000000E+00     5  3.399797E-05  1.798285E+02 -3.399782E-05  1.017827E-07
  3.663185E+00  0.000000E+00     6  2.206407E-11 -8.749780E+01  9.632683E-13 -2.204304E-11
  3.663185E+00  1.000000E+01     1  8.015820E-05  1.022485E-01  8.015808E-05  1.430481E-07
  3.663185E+00  1.000000E+01     2  1.372981E-05  3.583880E+00  1.370295E-05  8.582463E-07
  3.663185E+00  1.000000E+01     3  1.027866E-04  8.987093E+01  2.315518E-07  1.027864E-04
  3.663185E+00  1.000000E+01     4  6.103390E-06 -3.399464E+00  6.092650E-06 -3.619130E-07
  3.663185E+00  1.000000E+01     5  3.352123E-05  1.798304E+02 -3.352109E-05  9.923858E-08
  3.663185E+00  1.000000E+01     6  2.190249E-11 -8.730194E+01  1.031009E-12 -2.187821E-11
  3.663185E+00  2.000000E+01     1  7.639145E-05  1.050047E-01  7.639133E-05  1.400009E-07
  3.663185E+00  2.000000E+01     2  2.744331E-05  1.781268E+00  2.743005E-05  8.530473E-07
  3.663185E+00  2.000000E+01     3  1.027814E-04  8.987672E+01  2.211458E-07  1.027811E-04
  3.663185E+00  2.000000E+01     4  1.181939E-05 -1.777260E+00  1.181370E-05 -3.665672E-07
  3.663185E+00  2.000000E+01     5  3.202547E-05  1.798275E+02 -3.202533E-05  9.641670E-08
  3.663185E+00  2.000000E+01     6  2.178033E-11 -8.719432E+01  1.066119E-12 -2.175423E-11
  3.663185E+00  3.000000E+01     1  7.030374E-05  1.140178E-01  7.030360E-05  1.399034E-07
  3.663185E+00  3.000000E+01     2  4.033230E-05  1.204376E+00  4.032339E-05  8.477356E-07
  3.663185E+00  3.000000E+01     3  1.027771E-04  8.988199E+01  2.116914E-07  1.027769E-04
  3.663185E+00  3.000000E+01     4  1.718016E-05 -1.236615E+00  1.717616E-05 -3.707708E-07
  3.663185E+00  3.000000E+01     5  2.955643E-05  1.798186E+02 -2.955628E-05  9.355679E-08
  3.663185E+00  3.000000E+01     6  2.172548E-11 -8.718376E+01  1.067435E-12 -2.169924E-11
  3.663185E+00  4.000000E+01     1  6.207954E-05  1.319781E-01  6.207938E-05  1.429971E-07
  3.663185E+00  4.000000E+01     2  5.199772E-05  9.283367E-01  5.199090E-05  8.424579E-07
  3.663185E+00  4.000000E+01     3  1.027744E-04  8.988655E+01  2.034927E-07  1.027742E-04
  3.663185E+00  4.000000E+01     4  2.202045E-05 -9.741891E-01  2.201726E-05 -3.743914E-07
  3.663185E+00  4.000000E+01     5  2.618946E-05  1.798013E+02 -2.618930E-05  9.083464E-08
  3.663185E+00  4.000000E+01     6  2.173973E-11 -8.727172E+01  1.034801E-12 -2.171509E-11
  3.663185E+00  5.000000E+01     1  5.196834E-05  1.645168E-01  5.196813E-05  1.492196E-07
  3.663185E+00  5.000000E+01     2  6.208355E-05  7.728513E-01  6.207791E-05  8.374073E-07
  3.663185E+00  5.000000E+01     3  1.027735E-04  8.989027E+01  1.968223E-07  1.027733E-04
  3.663185E+00  5.000000E+01     4  2.619264E-05 -8.254311E-01  2.618992E-05 -3.773309E-07
  3.663185E+00  5.000000E+01     5  2.202718E-05  1.797702E+02 -2.202700E-05  8.834586E-08
  3.663185E+00  5.000000E+01     6  2.180084E-11 -8.745221E+01  9.691069E-13 -2.177929E-11
  3.663185E+00  6.000000E+01     1  4.027719E-05  2.250499E-01  4.027688E-05  1.582029E-07
  3.663185E+00  6.000000E+01     2  7.028293E-05  6.789393E-01  7.027800E-05  8.328141E-07
  3.663185E+00  6.000000E+01     3  1.027746E-04  8.989301E+01  1.919081E-07  1.027744E-04
  3.663185E+00  6.000000E+01     4  2.956963E-05 -7.354130E-01  2.956719E-05 -3.795270E-07
  3.663185E+00  6.000000E+01     5  1.719627E-05  1.797131E+02 -1.719605E-05  8.610134E-08
  3.663185E+00  6.000000E+01     6  2.187482E-11 -8.771464E+01  8.722898E-13 -2.185743E-11
  3.663185E+00  7.000000E+01     1  2.736145E-05  3.545351E-01  2.736093E-05  1.693062E-07
  3.663185E+00  7.000000E+01     2  7.634680E-05  6.220958E-01  7.634230E-05  8.289282E-07
  3.663185E+00  7.000000E+01     3  1.027776E-04  8.989468E+01  1.889206E-07  1.027774E-04
  3.663185E+00  7.000000E+01     4  3.204848E-05 -6.810752E-01  3.204622E-05 -3.809515E-07
  3.663185E+00  7.000000E+01     5  1.184355E-05  1.795935E+02 -1.184325E-05  8.403455E-08
  3.663185E+00  7.000000E+01     6  2.193245E-11 -8.804742E+01  7.472908E-13 -2.191972E-11
  3.663185E+00  8.000000E+01     1  1.361424E-05  7.646249E-01  1.361303E-05  1.816797E-07
  3.663185E+00  8.000000E+01     2  8.009120E-05  5.909125E-01  8.008694E-05  8.259954E-07
  3.663185E+00  8.000000E+01     3  1.027820E-04  8.989522E+01  1.879606E-07  1.027819E-04
  3.663185E+00  8.000000E+01     4  3.355353E-05 -6.516412E-01  3.355136E-05 -3.816056E-07
  3.663185E+00  8.000000E+01     5  6.131639E-06  1.792336E+02 -6.131090E-06  8.201962E-08
  3.663185E+00  8.000000E+01     6  2.196233E-11 -8.843983E+01  5.979644E-13 -2.195419E-11
  3.663185E+00  9.000000E+01     1  5.820285E-07  1.604931E+02 -5.486208E-07  1.943511E-07
  3.663185E+00  9.000000E+01     2  8.140274E-05  5.801494E-01  8.139857E-05  8.242308E-07
  3.663185E+00  9.000000E+01     3  1.027876E-04  8.989462E+01  1.890525E-07  1.027874E-04
  3.663185E+00  9.000000E+01     4  3.403876E-05 -6.421966E-01  3.403662E-05 -3.815136E-07
  3.663185E+00  9.000000E+01     5  2.461684E-07  1.610607E+02 -2.328416E-07  7.989788E-08
  3.663185E+00  9.000000E+01     6  2.197435E-11 -8.888150E+01  4.289447E-13 -2.197016E-11
  3.663185E+00  1.000000E+02     1  1.469467E-05  1.791955E+02 -1.469322E-05  2.063273E-07
  3.663185E+00  1.000000E+02     2  8.024189E-05  5.882327E-01  8.023766E-05  8.237967E-07
  3.663185E+00  1.000000E+02     3  1.027934E-04  8.989290E+01  1.921421E-07  1.027932E-04
  3.663185E+00  1.000000E+02     4  3.348925E-05 -6.513703E-01  3.348708E-05 -3.807162E-07
  3.663185E+00  1.000000E+02     5  5.673154E-06  7.828252E-01  5.672625E-06  7.750919E-08
  3.663185E+00  1.000000E+02     6  2.199219E-11 -8.936045E+01  2.454788E-13 -2.199082E-11
  3.663185E+00  1.100000E+02     1  2.839140E-05  1.795627E+02 -2.839057E-05  2.166979E-07
  3.663185E+00  1.100000E+02     2  7.664409E-05  6.165848E-01  7.663965E-05  8.247845E-07
  3.663185E+00  1.100000E+02     3  1.027989E-04  8.989014E+01  1.971010E-07  1.027987E-04
  3.663185E+00  1.100000E+02     4  3.192170E-05 -6.807540E-01  3.191945E-05 -3.792655E-07
  3.663185E+00  1.100000E+02     5  1.140643E-05  3.753504E-01  1.140618E-05  7.472412E-08
  3.663185E+00  1.100000E+02     6  2.203876E-11 -8.986159E+01  5.323885E-14 -2.203869E-11
  3.663185E+00  1.200000E+02     1  4.122491E-05  1.796877E+02 -4.122430E-05  2.247288E-07
  3.663185E+00  1.200000E+02     2  7.071863E-05  6.702120E-01  7.071379E-05  8.272056E-07
  3.663185E+00  1.200000E+02     3  1.028034E-04  8.988645E+01  2.037372E-07  1.028032E-04
  3.663185E+00  1.200000E+02     4  2.938390E-05 -7.355644E-01  2.938148E-05 -3.772207E-07
  3.663185E+00  1.200000E+02     5  1.679397E-05  2.438429E-01  1.679381E-05  7.147257E-08
  3.663185E+00  1.200000E+02     6  2.212162E-11 -9.036746E+01 -1.418744E-13 -2.212117E-11
  3.663185E+00  1.300000E+02     1  5.280502E-05  1.797505E+02 -5.280452E-05  2.299364E-07
  3.663185E+00  1.300000E+02     2  6.264537E-05  7.600496E-01  6.263986E-05  8.309894E-07
  3.663185E+00  1.300000E+02     3  1.028062E-04  8.988195E+01  2.118097E-07  1.028060E-04
  3.663185E+00  1.300000E+02     4  2.595325E-05 -8.271165E-01  2.595055E-05 -3.746457E-07
  3.663185E+00  1.300000E+02     5  2.167194E-05  1.791559E-01  2.167184E-05  6.776501E-08
  3.663185E+00  1.300000E+02     6  2.222599E-11 -9.086085E+01 -3.339242E-13 -2.222348E-11
  3.663185E+00  1.400000E+02     1  6.278010E-05  1.797881E+02 -6.277967E-05  2.321315E-07
  3.663185E+00  1.400000E+02     2  5.266941E-05  9.094569E-01  5.266277E-05  8.359873E-07
  3.663185E+00  1.400000E+02     3  1.028070E-04  8.987681E+01  2.210448E-07  1.028068E-04
  3.663185E+00  1.400000E+02     4  2.173440E-05 -9.796721E-01  2.173122E-05 -3.716076E-07
  3.663185E+00  1.400000E+02     5  2.589195E-05  1.409676E-01  2.589188E-05  6.370315E-08
  3.663185E+00  1.400000E+02     6  2.231870E-11 -9.132765E+01 -5.171196E-13 -2.231271E-11
  3.663185E+00  1.500000E+02     1  7.084754E-05  1.798128E+02 -7.084716E-05  2.314298E-07
  3.663185E+00  1.500000E+02     2  4.109388E-05  1.174027E+00  4.108526E-05  8.419812E-07
  3.663185E+00  1.500000E+02     3  1.028057E-04  8.987117E+01  2.311507E-07  1.028054E-04
  3.663185E+00  1.500000E+02     4  1.685598E-05 -1.251579E+00  1.685196E-05 -3.681757E-07
  3.663185E+00  1.500000E+02     5  2.932548E-05  1.162080E-01  2.932542E-05  5.947827E-08
  3.663185E+00  1.500000E+02     6  2.236192E-11 -9.175790E+01 -6.859803E-13 -2.235139E-11
  3.663185E+00  1.600000E+02     1  7.676269E-05  1.798297E+02 -7.676235E-05  2.282257E-07
  3.663185E+00  1.600000E+02     2  2.827150E-05  1.720249E+00  2.825875E-05  8.486962E-07
  3.663185E+00  1.600000E+02     3  1.028024E-04  8.986522E+01  2.418289E-07  1.028021E-04
  3.663185E+00  1.600000E+02     4  1.146698E-05 -1.821171E+00  1.146119E-05 -3.644216E-07
  3.663185E+00  1.600000E+02     5  3.186784E-05  9.952746E-02  3.186780E-05  5.535703E-08
  3.663185E+00  1.600000E+02     6  2.233015E-11 -9.214422E+01 -8.354820E-13 -2.231452E-11
  3.663185E+00  1.700000E+02     1  8.034625E-05  1.798409E+02 -8.034594E-05  2.231351E-07
  3.663185E+00  1.700000E+02     2  1.459794E-05  3.360938E+00  1.457284E-05  8.558161E-07
  3.663185E+00  1.700000E+02     3  1.027975E-04  8.985911E+01  2.527817E-07  1.027972E-04
  3.663185E+00  1.700000E+02     4  5.734058E-06 -3.603751E+00  5.722720E-06 -3.604192E-07
  3.663185E+00  1.700000E+02     5  3.344149E-05  8.850342E-02  3.344145E-05  5.165625E-08
  3.663185E+00  1.700000E+02     6  2.222285E-11 -9.247893E+01 -9.611816E-13 -2.220205E-11
  3.663185E+00  1.800000E+02     1  8.148952E-05  1.798475E+02 -8.148923E-05  2.169130E-07
  3.663185E+00  1.800000E+02     2  9.702542E-07  6.280562E+01  4.434164E-07  8.630035E-07
  3.663185E+00  1.800000E+02     3  1.027916E-04  8.985301E+01  2.637143E-07  1.027913E-04
  3.663185E+00  1.800000E+02     4  4.033891E-07 -1.179774E+02 -1.892392E-07 -3.562461E-07
  3.663185E+00  1.800000E+02     5  3.399842E-05  8.208780E-02  3.399838E-05  4.870960E-08
  3.663185E+00  1.800000E+02     6  2.206648E-11 -9.275160E+01 -1.059326E-12 -2.204104E-11
  3.663185E+00  1.900000E+02     1  8.015770E-05  1.798496E+02 -8.015742E-05  2.103568E-07
  3.663185E+00  1.900000E+02     2  1.372750E-05  1.763667E+02 -1.369991E-05  8.699231E-07
  3.663185E+00  1.900000E+02     3  1.027854E-04  8.984708E+01  2.743357E-07  1.027850E-04
  3.663185E+00  1.900000E+02     4  6.105470E-06 -1.766950E+02 -6.095316E-06 -3.519863E-07
  3.663185E+00  1.900000E+02     5  3.352168E-05  8.004302E-02  3.352164E-05  4.683024E-08
  3.663185E+00  1.900000E+02     6  2.190504E-11 -9.294899E+01 -1.126946E-12 -2.187603E-11
  3.663185E+00  2.000000E+02     1  7.639094E-05  1.798468E+02 -7.639066E-05  2.042085E-07
  3.663185E+00  2.000000E+02     2  2.744100E-05  1.781701E+02 -2.742701E-05  8.762672E-07
  3.663185E+00  2.000000E+02     3  1.027795E-04  8.984148E+01  2.843590E-07  1.027791E-04
  3.663185E+00  2.000000E+02     4  1.182148E-05 -1.783144E+02 -1.181636E-05 -3.477335E-07
  3.663185E+00  2.000000E+02     5  3.202591E-05  8.278652E-02  3.202588E-05  4.627414E-08
  3.663185E+00  2.000000E+02     6  2.178295E-11 -9.305772E+01 -1.161945E-12 -2.175194E-11
  3.663185E+00  2.100000E+02     1  7.030322E-05  1.798378E+02 -7.030294E-05  1.990663E-07
  3.663185E+00  2.100000E+02     2  4.033000E-05  1.787472E+02 -4.032036E-05  8.817803E-07
  3.663185E+00  2.100000E+02     3  1.027747E-04  8.983638E+01  2.935029E-07  1.027743E-04
  3.663185E+00  2.100000E+02     4  1.718226E-05 -1.788542E+02 -1.717883E-05 -3.435937E-07
  3.663185E+00  2.100000E+02     5  2.955686E-05  9.151304E-02  2.955683E-05  4.720832E-08
  3.663185E+00  2.100000E+02     6  2.172807E-11 -9.306869E+01 -1.163171E-12 -2.169691E-11
  3.663185E+00  2.200000E+02     1  6.207902E-05  1.798197E+02 -6.207871E-05  1.953178E-07
  3.663185E+00  2.200000E+02     2  5.199542E-05  1.790233E+02 -5.198786E-05  8.862787E-07
  3.663185E+00  2.200000E+02     3  1.027715E-04  8.983191E+01  3.014973E-07  1.027710E-04
  3.663185E+00  2.200000E+02     4  2.202255E-05 -1.791162E+02 -2.201993E-05 -3.396866E-07
  3.663185E+00  2.200000E+02     5  2.618990E-05  1.087031E-01  2.618985E-05  4.968816E-08
  3.663185E+00  2.200000E+02     6  2.174219E-11 -9.298042E+01 -1.130478E-12 -2.171278E-11
  3.663185E+00  2.300000E+02     1  5.196782E-05  1.797871E+02 -5.196747E-05  1.931017E-07
  3.663185E+00  2.300000E+02     2  6.208125E-05  1.791789E+02 -6.207487E-05  8.896604E-07
  3.663185E+00  2.300000E+02     3  1.027702E-04  8.982823E+01  3.080920E-07  1.027697E-04
  3.663185E+00  2.300000E+02     4  2.619474E-05 -1.792647E+02 -2.619258E-05 -3.361439E-07
  3.663185E+00  2.300000E+02     5  2.202762E-05  1.395386E-01  2.202755E-05  5.364619E-08
  3.663185E+00  2.300000E+02     6  2.180310E-11 -9.279918E+01 -1.064764E-12 -2.177708E-11
  3.663185E+00  2.400000E+02     1  4.027668E-05  1.797264E+02 -4.027622E-05  1.923011E-07
  3.663185E+00  2.400000E+02     2  7.028062E-05  1.792729E+02 -7.027496E-05  8.919051E-07
  3.663185E+00  2.400000E+02     3  1.027710E-04  8.982546E+01  3.130680E-07  1.027705E-04
  3.663185E+00  2.400000E+02     4  2.957173E-05 -1.793546E+02 -2.956986E-05 -3.331039E-07
  3.663185E+00  2.400000E+02     5  1.719671E-05  1.962221E-01  1.719661E-05  5.889381E-08
  3.663185E+00  2.400000E+02     6  2.187680E-11 -9.253595E+01 -9.679671E-13 -2.185538E-11
  3.663185E+00  2.500000E+02     1  2.736096E-05  1.795967E+02 -2.736028E-05  1.925706E-07
  3.663185E+00  2.500000E+02     2  7.634448E-05  1.793298E+02 -7.633926E-05  8.930621E-07
  3.663185E+00  2.500000E+02     3  1.027738E-04  8.982369E+01  3.162497E-07  1.027733E-04
  3.663185E+00  2.500000E+02     4  3.205059E-05 -1.794088E+02 -3.204888E-05 -3.307025E-07
  3.663185E+00  2.500000E+02     5  1.184399E-05  3.150978E-01  1.184381E-05  6.513562E-08
  3.663185E+00  2.500000E+02     6  2.193410E-11 -9.220268E+01 -8.430270E-13 -2.191790E-11
  3.663185E+00  2.600000E+02     1  1.361376E-05  1.791861E+02 -1.361239E-05  1.933910E-07
  3.663185E+00  2.600000E+02     2  8.008888E-05  1.793610E+02 -8.008390E-05  8.932310E-07
  3.663185E+00  2.600000E+02     3  1.027782E-04  8.982299E+01  3.175160E-07  1.027777E-04
  3.663185E+00  2.600000E+02     4  3.355563E-05 -1.794381E+02 -3.355402E-05 -3.290620E-07
  3.663185E+00  2.600000E+02     5  6.132077E-06  6.727080E-01  6.131655E-06  7.199487E-08
  3.663185E+00  2.600000E+02     6  2.196361E-11 -9.181017E+01 -6.937916E-13 -2.195265E-11
  3.663185E+00  2.700000E+02     1  5.825609E-07  1.946698E+01  5.492580E-07  1.941463E-07
  3.663185E+00  2.700000E+02     2  8.140041E-05  1.793718E+02 -8.139552E-05  8.925379E-07
  3.663185E+00  2.700000E+02     3  1.027838E-04  8.982340E+01  3.168087E-07  1.027833E-04
  3.663185E+00  2.700000E+02     4  3.404086E-05 -1.794474E+02 -3.403928E-05 -3.282804E-07
  3.663185E+00  2.700000E+02     5  2.464336E-07  1.870916E+01  2.334118E-07  7.904713E-08
  3.663185E+00  2.700000E+02     6  2.197521E-11 -9.136866E+01 -5.248846E-13 -2.196894E-11
  3.663185E+00  2.800000E+02     1  1.469513E-05  7.572492E-01  1.469385E-05  1.942124E-07
  3.663185E+00  2.800000E+02     2  8.023956E-05  1.793637E+02 -8.023461E-05  8.911141E-07
  3.663185E+00  2.800000E+02     3  1.027898E-04  8.982490E+01  3.141369E-07  1.027893E-04
  3.663185E+00  2.800000E+02     4  3.349136E-05 -1.794381E+02 -3.348975E-05 -3.284210E-07
  3.663185E+00  2.800000E+02     5  5.672699E-06  1.791328E+02 -5.672049E-06  8.585868E-08
  3.663185E+00  2.800000E+02     6  2.199262E-11 -9.088982E+01 -3.415398E-13 -2.198997E-11
  3.663185E+00  2.900000E+02     1  2.839186E-05  3.895804E-01  2.839120E-05  1.930478E-07
  3.663185E+00  2.900000E+02     2  7.664175E-05  1.793353E+02 -7.663660E-05  8.890789E-07
  3.663185E+00  2.900000E+02     3  1.027956E-04  8.982745E+01  3.095775E-07  1.027951E-04
  3.663185E+00  2.900000E+02     4  3.192381E-05 -1.794086E+02 -3.192211E-05 -3.295061E-07
  3.663185E+00  2.900000E+02     5  1.140598E-05  1.795377E+02 -1.140560E-05  9.202561E-08
  3.663185E+00  2.900000E+02     6  2.203874E-11 -9.038845E+01 -1.494144E-13 -2.203823E-11
  3.663185E+00  3.000000E+02     1  4.122536E-05  2.644475E-01  4.122493E-05  1.902742E-07
  3.663185E+00  3.000000E+02     2  7.071629E-05  1.792817E+02 -7.071073E-05  8.865304E-07
  3.663185E+00  3.000000E+02     3  1.028004E-04  8.983097E+01  3.032713E-07  1.028000E-04
  3.663185E+00  3.000000E+02     4  2.938601E-05 -1.793536E+02 -2.938414E-05 -3.315145E-07
  3.663185E+00  3.000000E+02     5  1.679351E-05  1.796683E+02 -1.679323E-05  9.720942E-08
  3.663185E+00  3.000000E+02     6  2.212116E-11 -8.988188E+01  4.560508E-14 -2.212112E-11
  3.663185E+00  3.100000E+02     1  5.280547E-05  2.015327E-01  5.280514E-05  1.857380E-07
  3.663185E+00  3.100000E+02     2  6.264303E-05  1.791919E+02 -6.263680E-05  8.835416E-07
  3.663185E+00  3.100000E+02     3  1.028037E-04  8.983535E+01  2.954162E-07  1.028033E-04
  3.663185E+00  3.100000E+02     4  2.595537E-05 -1.792618E+02 -2.595321E-05 -3.343819E-07
  3.663185E+00  3.100000E+02     5  2.167149E-05  1.797325E+02 -2.167125E-05  1.011654E-07
  3.663185E+00  3.100000E+02     6  2.222510E-11 -8.938748E+01  2.375939E-13 -2.222383E-11
  3.663185E+00  3.200000E+02     1  6.278056E-05  1.638590E-01  6.278030E-05  1.795446E-07
  3.663185E+00  3.200000E+02     2  5.266707E-05  1.790424E+02 -5.265971E-05  8.801627E-07
  3.663185E+00  3.200000E+02     3  1.028051E-04  8.984046E+01  2.862574E-07  1.028047E-04
  3.663185E+00  3.200000E+02     4  2.173651E-05 -1.791090E+02 -2.173388E-05 -3.380050E-07
  3.663185E+00  3.200000E+02     5  2.589150E-05  1.797704E+02 -2.589129E-05  1.037609E-07
  3.663185E+00  3.200000E+02     6  2.231743E-11 -8.891969E+01  4.207688E-13 -2.231346E-11
  3.663185E+00  3.300000E+02     1  7.084800E-05  1.391468E-01  7.084779E-05  1.720591E-07
  3.663185E+00  3.300000E+02     2  4.109155E-05  1.787779E+02 -4.108220E-05  8.764249E-07
  3.663185E+00  3.300000E+02     3  1.028044E-04  8.984613E+01  2.760775E-07  1.028040E-04
  3.663185E+00  3.300000E+02     4  1.685810E-05 -1.788367E+02 -1.685463E-05 -3.422468E-07
  3.663185E+00  3.300000E+02     5  2.932503E-05  1.797949E+02 -2.932484E-05  1.049810E-07
  3.663185E+00  3.300000E+02     6  2.236029E-11 -8.848891E+01  5.896521E-13 -2.235252E-11
  3.663185E+00  3.400000E+02     1  7.676317E-05  1.223163E-01  7.676299E-05  1.638755E-07
  3.663185E+00  3.400000E+02     2  2.826916E-05  1.782317E+02 -2.825570E-05  8.723473E-07
  3.663185E+00  3.400000E+02     3  1.028017E-04  8.985220E+01  2.651858E-07  1.028014E-04
  3.663185E+00  3.400000E+02     4  1.146911E-05 -1.782665E+02 -1.146386E-05 -3.469442E-07
  3.663185E+00  3.400000E+02     5  3.186740E-05  1.798114E+02 -3.186722E-05  1.049217E-07
  3.663185E+00  3.400000E+02     6  2.232822E-11 -8.810277E+01  7.392162E-13 -2.231598E-11
  3.663185E+00  3.500000E+02     1  8.034674E-05  1.110692E-01  8.034658E-05  1.557539E-07
  3.663185E+00  3.500000E+02     2  1.459561E-05  1.765908E+02 -1.456979E-05  8.679436E-07
  3.663185E+00  3.500000E+02     3  1.027975E-04  8.985848E+01  2.539093E-07  1.027972E-04
  3.663185E+00  3.500000E+02     4  5.736192E-06 -1.764827E+02 -5.725387E-06 -3.519153E-07
  3.663185E+00  3.500000E+02     5  3.344105E-05  1.798222E+02 -3.344088E-05  1.037714E-07
  3.663185E+00  3.500000E+02     6  2.222065E-11 -8.776901E+01  8.650101E-13 -2.220381E-11
  3.172412E+00  0.000000E+00     1  7.366673E-05  1.320581E-02  7.366673E-05  1.697907E-08
  3.172412E+00  0.000000E+00     2  7.872518E-07  1.248920E+02 -4.503326E-07  6.457290E-07
  3.172412E+00  0.000000E+00     3  1.062505E-04  8.960054E+01  7.407572E-07  1.062479E-04
  3.172412E+00  0.000000E+00     4  5.040344E-07 -5.419758E+01  2.948561E-07 -4.087916E-07
  3.172412E+00  0.000000E+00     5  4.809483E-05  1.797491E+02 -4.809437E-05  2.105882E-07
  3.172412E+00  0.000000E+00     6  1.587803E-11 -8.688577E+01  8.626041E-13 -1.585458E-11
  3.172412E+00  1.000000E+01     1  7.245274E-05  8.641472E-03  7.245274E-05  1.092748E-08
  3.172412E+00  1.000000E+01     2  1.235215E-05  2.907776E+00  1.233625E-05  6.266061E-07
  3.172412E+00  1.000000E+01     3  1.062398E-04  8.961029E+01  7.226127E-07  1.062374E-04
  3.172412E+00  1.000000E+01     4  8.659231E-06 -2.855439E+00  8.648480E-06 -4.313698E-07
  3.172412E+00  1.000000E+01     5  4.742666E-05  1.797526E+02 -4.742621E-05  2.047991E-07
  3.172412E+00  1.000000E+01     6  1.560329E-11 -8.657579E+01  9.319564E-13 -1.557543E-11
  3.172412E+00  2.000000E+01     1  6.903849E-05  8.467860E-03  6.903849E-05  1.020334E-08
  3.172412E+00  2.000000E+01     2  2.475561E-05  1.406432E+00  2.474815E-05  6.076116E-07
  3.172412E+00  2.000000E+01     3  1.062299E-04  8.961950E+01  7.054714E-07  1.062275E-04
  3.172412E+00  2.000000E+01     4  1.674570E-05 -1.550065E+00  1.673957E-05 -4.529785E-07
  3.172412E+00  2.000000E+01     5  4.531610E-05  1.797520E+02 -4.531568E-05  1.961804E-07
  3.172412E+00  2.000000E+01     6  1.541268E-11 -8.639152E+01  9.700458E-13 -1.538213E-11
  3.172412E+00  3.000000E+01     1  6.352685E-05  1.386946E-02  6.352685E-05  1.537780E-08
  3.172412E+00  3.000000E+01     2  3.641223E-05  9.272358E-01  3.640746E-05  5.892450E-07
  3.172412E+00  3.000000E+01     3  1.062219E-04  8.962787E+01  6.898976E-07  1.062196E-04
  3.172412E+00  3.000000E+01     4  2.432761E-05 -1.113900E+00  2.432301E-05 -4.729285E-07
  3.172412E+00  3.000000E+01     5  4.182806E-05  1.797462E+02 -4.182765E-05  1.852986E-07
  3.172412E+00  3.000000E+01     6  1.535904E-11 -8.635835E+01  9.755450E-13 -1.532803E-11
  3.172412E+00  4.000000E+01     1  5.608435E-05  2.718829E-02  5.608435E-05  2.661344E-08
  3.172412E+00  4.000000E+01     2  4.696281E-05  6.979191E-01  4.695932E-05  5.720392E-07
  3.172412E+00  4.000000E+01     3  1.062168E-04  8.963512E+01  6.764245E-07  1.062146E-04
  3.172412E+00  4.000000E+01     4  3.117265E-05 -9.017754E-01  3.116879E-05 -4.906046E-07
  3.172412E+00  4.000000E+01     5  3.706942E-05  1.797331E+02 -3.706901E-05  1.726674E-07
  3.172412E+00  4.000000E+01     6  1.543789E-11 -8.647907E+01  9.480903E-13 -1.540875E-11
  3.172412E+00  5.000000E+01     1  4.693637E-05  5.324744E-02  4.693635E-05  4.361999E-08
  3.172412E+00  5.000000E+01     2  5.608566E-05  5.685710E-01  5.608290E-05  5.565533E-07
  3.172412E+00  5.000000E+01     3  1.062153E-04  8.964099E+01  6.655333E-07  1.062132E-04
  3.172412E+00  5.000000E+01     4  3.707237E-05 -7.812611E-01  3.706892E-05 -5.054875E-07
  3.172412E+00  5.000000E+01     5  3.118558E-05  1.797084E+02 -3.118518E-05  1.587081E-07
  3.172412E+00  5.000000E+01     6  1.559312E-11 -8.673406E+01  8.883476E-13 -1.556779E-11
  3.172412E+00  6.000000E+01     1  3.636047E-05  1.034591E-01  3.636041E-05  6.565611E-08
  3.172412E+00  6.000000E+01     2  6.350346E-05  4.902446E-01  6.350114E-05  5.433533E-07
  3.172412E+00  6.000000E+01     3  1.062176E-04  8.964526E+01  6.576271E-07  1.062156E-04
  3.172412E+00  6.000000E+01     4  4.184692E-05 -7.081138E-01  4.184372E-05 -5.171695E-07
  3.172412E+00  6.000000E+01     5  2.435585E-05  1.796619E+02 -2.435543E-05  1.437306E-07
  3.172412E+00  6.000000E+01     6  1.574549E-11 -8.709479E+01  7.980406E-13 -1.572526E-11
  3.172412E+00  7.000000E+01     1  2.467815E-05  2.126190E-01  2.467798E-05  9.157796E-08
  3.172412E+00  7.000000E+01     2  6.899124E-05  4.426339E-01  6.898918E-05  5.329810E-07
  3.172412E+00  7.000000E+01     3  1.062236E-04  8.964778E+01  6.530013E-07  1.062215E-04
  3.172412E+00  7.000000E+01     4  4.535047E-05 -6.637552E-01  4.534743E-05 -5.253604E-07
  3.172412E+00  7.000000E+01     5  1.678785E-05  1.795634E+02 -1.678736E-05  1.279362E-07
  3.172412E+00  7.000000E+01     6  1.583046E-11 -8.753838E+01  6.799220E-13 -1.581586E-11
  3.172412E+00  8.000000E+01     1  1.224514E-05  5.611688E-01  1.224456E-05  1.199300E-07
  3.172412E+00  8.000000E+01     2  7.238296E-05  4.162993E-01  7.238105E-05  5.259150E-07
  3.172412E+00  8.000000E+01     3  1.062325E-04  8.964844E+01  6.518166E-07  1.062305E-04
  3.172412E+00  8.000000E+01     4  4.747572E-05 -6.395048E-01  4.747276E-05 -5.298876E-07
  3.172412E+00  8.000000E+01     5  8.711229E-06  1.792670E+02 -8.710516E-06  1.114409E-07
  3.172412E+00  8.000000E+01     6  1.582761E-11 -8.805321E+01  5.376848E-13 -1.581847E-11
  3.172412E+00  9.000000E+01     1  5.806571E-07  1.651242E+02 -5.611962E-07  1.490691E-07
  3.172412E+00  9.000000E+01     2  7.357630E-05  4.069115E-01  7.357444E-05  5.225305E-07
  3.172412E+00  9.000000E+01     3  1.062433E-04  8.964726E+01  6.540804E-07  1.062413E-04
  3.172412E+00  9.000000E+01     4  4.815737E-05 -6.314065E-01  4.815445E-05 -5.306893E-07
  3.172412E+00  9.000000E+01     5  3.814015E-07  1.656829E+02 -3.695559E-07  9.431619E-08
  3.172412E+00  9.000000E+01     6  1.576791E-11 -8.863426E+01  3.758181E-13 -1.576343E-11
  3.172412E+00  1.000000E+02     1  1.335041E-05  1.792390E+02 -1.334923E-05  1.773085E-07
  3.172412E+00  1.000000E+02     2  7.253559E-05  4.131731E-01  7.253370E-05  5.230663E-07
  3.172412E+00  1.000000E+02     3  1.062549E-04  8.964430E+01  6.596430E-07  1.062528E-04
  3.172412E+00  1.000000E+02     4  4.737428E-05 -6.383590E-01  4.737134E-05 -5.278081E-07
  3.172412E+00  1.000000E+02     5  7.983372E-06  5.500439E-01  7.983004E-06  7.663980E-08
  3.172412E+00  1.000000E+02     6  1.571577E-11 -8.927292E+01  1.994261E-13 -1.571451E-11
  3.172412E+00  1.100000E+02     1  2.573101E-05  1.795478E+02 -2.573021E-05  2.030674E-07
  3.172412E+00  1.100000E+02     2  6.929270E-05  4.362612E-01  6.929070E-05  5.276030E-07
  3.172412E+00  1.100000E+02     3  1.062657E-04  8.963971E+01  6.682120E-07  1.062636E-04
  3.172412E+00  1.100000E+02     4  4.515023E-05 -6.616503E-01  4.514722E-05 -5.213822E-07
  3.172412E+00  1.100000E+02     5  1.609431E-05  2.084343E-01  1.609420E-05  5.854878E-08
  3.172412E+00  1.100000E+02     6  1.573448E-11 -8.994892E+01  1.402704E-14 -1.573447E-11
  3.172412E+00  1.200000E+02     1  3.732822E-05  1.796546E+02 -3.732754E-05  2.250079E-07
  3.172412E+00  1.200000E+02     2  6.394604E-05  4.803117E-01  6.394379E-05  5.360547E-07
  3.172412E+00  1.200000E+02     3  1.062744E-04  8.963372E+01  6.793830E-07  1.062722E-04
  3.172412E+00  1.200000E+02     4  4.155320E-05 -7.054931E-01  4.155005E-05 -5.116390E-07
  3.172412E+00  1.200000E+02     5  2.371812E-05  9.731955E-02  2.371809E-05  4.028632E-08
  3.172412E+00  1.200000E+02     6  1.585186E-11 -9.063127E+01 -1.746487E-13 -1.585090E-11
  3.172412E+00  1.300000E+02     1  4.778955E-05  1.797097E+02 -4.778894E-05  2.421454E-07
  3.172412E+00  1.300000E+02     2  5.665757E-05  5.543559E-01  5.665492E-05  5.481725E-07
  3.172412E+00  1.300000E+02     3  1.062797E-04  8.962657E+01  6.926813E-07  1.062775E-04
  3.172412E+00  1.300000E+02     4  3.669321E-05 -7.790263E-01  3.668982E-05 -4.988865E-07
  3.172412E+00  1.300000E+02     5  3.062309E-05  4.159939E-02  3.062308E-05  2.223378E-08
  3.172412E+00  1.300000E+02     6  1.604281E-11 -9.128887E+01 -3.608521E-13 -1.603875E-11
  3.172412E+00  1.400000E+02     1  5.679766E-05  1.797439E+02 -5.679710E-05  2.539194E-07
  3.172412E+00  1.400000E+02     2  4.764812E-05  6.776775E-01  4.764479E-05  5.635547E-07
  3.172412E+00  1.400000E+02     3  1.062810E-04  8.961853E+01  7.076062E-07  1.062786E-04
  3.172412E+00  1.400000E+02     4  3.071882E-05 -9.018540E-01  3.071501E-05 -4.835041E-07
  3.172412E+00  1.400000E+02     5  3.659896E-05  7.704566E-03  3.659896E-05  4.921464E-09
  3.172412E+00  1.400000E+02     6  1.623752E-11 -9.190224E+01 -5.389916E-13 -1.622858E-11
  3.172412E+00  1.500000E+02     1  6.407972E-05  1.797673E+02 -6.407919E-05  2.602162E-07
  3.172412E+00  1.500000E+02     2  3.719091E-05  8.961376E-01  3.718636E-05  5.816626E-07
  3.172412E+00  1.500000E+02     3  1.062779E-04  8.960986E+01  7.236682E-07  1.062755E-04
  3.172412E+00  1.500000E+02     4  2.381246E-05 -1.121157E+00  2.380790E-05 -4.659297E-07
  3.172412E+00  1.500000E+02     5  4.146338E-05 -1.518013E-02  4.146338E-05 -1.098544E-08
  3.172412E+00  1.500000E+02     6  1.635186E-11 -9.246678E+01 -7.037874E-13 -1.633671E-11
  3.172412E+00  1.600000E+02     1  6.941539E-05  1.797843E+02 -6.941490E-05  2.613413E-07
  3.172412E+00  1.600000E+02     2  2.560389E-05  1.346905E+00  2.559681E-05  6.018390E-07
  3.172412E+00  1.600000E+02     3  1.062709E-04  8.960080E+01  7.404117E-07  1.062683E-04
  3.172412E+00  1.600000E+02     4  1.618495E-05 -1.581355E+00  1.617879E-05 -4.466457E-07
  3.172412E+00  1.600000E+02     5  4.506763E-05 -3.143445E-02  4.506762E-05 -2.472567E-08
  3.172412E+00  1.600000E+02     6  1.632596E-11 -9.298583E+01 -8.504014E-13 -1.630379E-11
  3.172412E+00  1.700000E+02     1  7.264334E-05  1.797965E+02 -7.264289E-05  2.579480E-07
  3.172412E+00  1.700000E+02     2  1.324272E-05  2.697899E+00  1.322804E-05  6.233326E-07
  3.172412E+00  1.700000E+02     3  1.062606E-04  8.959159E+01  7.574208E-07  1.062580E-04
  3.172412E+00  1.700000E+02     4  8.070761E-06 -3.026832E+00  8.059502E-06 -4.261653E-07
  3.172412E+00  1.700000E+02     5  4.730139E-05 -4.300268E-02  4.730137E-05 -3.550150E-08
  3.172412E+00  1.700000E+02     6  1.615302E-11 -9.345886E+01 -9.745424E-13 -1.612359E-11
  3.172412E+00  1.800000E+02     1  7.366588E-05  1.798048E+02 -7.366545E-05  2.509308E-07
  3.172412E+00  1.800000E+02     2  7.902106E-07  5.475141E+01  4.560503E-07  6.453301E-07
  3.172412E+00  1.800000E+02     3  1.062484E-04  8.958244E+01  7.743097E-07  1.062456E-04
  3.172412E+00  1.800000E+02     4  5.062106E-07 -1.268599E+02 -3.036554E-07 -4.050216E-07
  3.172412E+00  1.800000E+02     5  4.809627E-05 -5.069131E-02  4.809625E-05 -4.255222E-08
  3.172412E+00  1.800000E+02     6  1.588474E-11 -9.387161E+01 -1.072553E-12 -1.584849E-11
  3.172412E+00  1.900000E+02     1  7.245184E-05  1.798092E+02 -7.245144E-05  2.412997E-07
  3.172412E+00  1.900000E+02     2  1.234858E-05  1.769037E+02 -1.233055E-05  6.669977E-07
  3.172412E+00  1.900000E+02     3  1.062356E-04  8.957355E+01  7.907061E-07  1.062327E-04
  3.172412E+00  1.900000E+02     4  8.665779E-06 -1.774618E+02 -8.657278E-06 -3.837621E-07
  3.172412E+00  1.900000E+02     5  4.742807E-05 -5.464288E-02  4.742805E-05 -4.523206E-08
  3.172412E+00  1.900000E+02     6  1.561060E-11 -9.419336E+01 -1.141488E-12 -1.556881E-11
  3.172412E+00  2.000000E+02     1  6.903755E-05  1.798091E+02 -6.903716E-05  2.300514E-07
  3.172412E+00  2.000000E+02     2  2.475201E-05  1.784083E+02 -2.474246E-05  6.875311E-07
  3.172412E+00  2.000000E+02     3  1.062237E-04  8.956512E+01  8.062338E-07  1.062206E-04
  3.172412E+00  2.000000E+02     4  1.675230E-05 -1.787586E+02 -1.674837E-05 -3.629466E-07
  3.172412E+00  2.000000E+02     5  4.531751E-05 -5.447069E-02  4.531749E-05 -4.308303E-08
  3.172412E+00  2.000000E+02     6  1.542033E-11 -9.438569E+01 -1.179192E-12 -1.537518E-11
  3.172412E+00  2.100000E+02     1  6.352589E-05  1.798033E+02 -6.352551E-05  2.180548E-07
  3.172412E+00  2.100000E+02     2  3.640863E-05  1.788886E+02 -3.640178E-05  7.062057E-07
  3.172412E+00  2.100000E+02     3  1.062139E-04  8.955738E+01  8.205047E-07  1.062107E-04
  3.172412E+00  2.100000E+02     4  2.433422E-05 -1.791920E+02 -2.433180E-05 -3.431474E-07
  3.172412E+00  2.100000E+02     5  4.182946E-05 -4.916501E-02  4.182944E-05 -3.589349E-08
  3.172412E+00  2.100000E+02     6  1.536668E-11 -9.442043E+01 -1.184381E-12 -1.532097E-11
  3.172412E+00  2.200000E+02     1  5.608339E-05  1.797896E+02 -5.608301E-05  2.059633E-07
  3.172412E+00  2.200000E+02     2  4.695920E-05  1.791185E+02 -4.695365E-05  7.224219E-07
  3.172412E+00  2.200000E+02     3  1.062072E-04  8.955055E+01  8.331210E-07  1.062039E-04
  3.172412E+00  2.200000E+02     4  3.117927E-05 -1.794029E+02 -3.117758E-05 -3.249453E-07
  3.172412E+00  2.200000E+02     5  3.707081E-05 -3.668515E-02  3.707081E-05 -2.373557E-08
  3.172412E+00  2.200000E+02     6  1.544516E-11 -9.429504E+01 -1.156726E-12 -1.540179E-11
  3.172412E+00  2.300000E+02     1  4.693542E-05  1.797630E+02 -4.693502E-05  1.941638E-07
  3.172412E+00  2.300000E+02     2  5.608204E-05  1.792483E+02 -5.607722E-05  7.357337E-07
  3.172412E+00  2.300000E+02     3  1.062044E-04  8.954484E+01  8.436900E-07  1.062011E-04
  3.172412E+00  2.300000E+02     4  3.707898E-05 -1.795226E+02 -3.707770E-05 -3.089196E-07
  3.172412E+00  2.300000E+02     5  3.118698E-05 -1.281826E-02  3.118698E-05 -6.977179E-09
  3.172412E+00  2.300000E+02     6  1.559975E-11 -9.403215E+01 -1.096915E-12 -1.556114E-11
  3.172412E+00  2.400000E+02     1  3.635956E-05  1.797120E+02 -3.635910E-05  1.827662E-07
  3.172412E+00  2.400000E+02     2  6.349983E-05  1.793270E+02 -6.349545E-05  7.458573E-07
  3.172412E+00  2.400000E+02     3  1.062057E-04  8.954044E+01  8.518468E-07  1.062023E-04
  3.172412E+00  2.400000E+02     4  4.185354E-05 -1.795953E+02 -4.185250E-05 -2.956265E-07
  3.172412E+00  2.400000E+02     5  2.435726E-05  3.230292E-02  2.435726E-05  1.373244E-08
  3.172412E+00  2.400000E+02     6  1.575131E-11 -9.366432E+01 -1.006680E-12 -1.571910E-11
  3.172412E+00  2.500000E+02     1  2.467729E-05  1.796015E+02 -2.467670E-05  1.716329E-07
  3.172412E+00  2.500000E+02     2  6.898759E-05  1.793749E+02 -6.898349E-05  7.526587E-07
  3.172412E+00  2.500000E+02     3  1.062111E-04  8.953753E+01  8.572792E-07  1.062076E-04
  3.172412E+00  2.500000E+02     4  4.535709E-05 -1.796393E+02 -4.535619E-05 -2.855704E-07
  3.172412E+00  2.500000E+02     5  1.678926E-05  1.279799E-01  1.678922E-05  3.750165E-08
  3.172412E+00  2.500000E+02     6  1.583536E-11 -9.321744E+01 -8.887670E-13 -1.581040E-11
  3.172412E+00  2.600000E+02     1  1.224436E-05  1.792492E+02 -1.224331E-05  1.604416E-07
  3.172412E+00  2.600000E+02     2  7.237929E-05  1.794014E+02 -7.237534E-05  7.561267E-07
  3.172412E+00  2.600000E+02     3  1.062197E-04  8.953624E+01  8.597508E-07  1.062163E-04
  3.172412E+00  2.600000E+02     4  4.748235E-05 -1.796631E+02 -4.748153E-05 -2.791689E-07
  3.172412E+00  2.600000E+02     5  8.712647E-06  4.159835E-01  8.712417E-06  6.325572E-08
  3.172412E+00  2.600000E+02     6  1.583150E-11 -9.270392E+01 -7.468467E-13 -1.581387E-11
  3.172412E+00  2.700000E+02     1  5.817593E-07  1.481682E+01  5.624149E-07  1.487730E-07
  3.172412E+00  2.700000E+02     2  7.357260E-05  1.794110E+02 -7.356872E-05  7.563391E-07
  3.172412E+00  2.700000E+02     3  1.062308E-04  8.953663E+01  8.591184E-07  1.062273E-04
  3.172412E+00  2.700000E+02     4  4.816401E-05 -1.796708E+02 -4.816321E-05 -2.767200E-07
  3.172412E+00  2.700000E+02     5  3.821987E-07  1.359066E+01  3.714969E-07  8.981048E-08
  3.172412E+00  2.700000E+02     6  1.577070E-11 -9.212718E+01 -5.853727E-13 -1.575983E-11
  3.172412E+00  2.800000E+02     1  1.335112E-05  5.845589E-01  1.335042E-05  1.362121E-07
  3.172412E+00  2.800000E+02     2  7.253187E-05  1.794048E+02 -7.252796E-05  7.534325E-07
  3.172412E+00  2.800000E+02     3  1.062430E-04  8.953872E+01  8.553430E-07  1.062395E-04
  3.172412E+00  2.800000E+02     4  4.738093E-05 -1.796634E+02 -4.738011E-05 -2.783763E-07
  3.172412E+00  2.800000E+02     5  7.981869E-06  1.791676E+02 -7.981026E-06  1.159538E-07
  3.172412E+00  2.800000E+02     6  1.571735E-11 -9.149260E+01 -4.094028E-13 -1.571202E-11
  3.172412E+00  2.900000E+02     1  2.573167E-05  2.726549E-01  2.573138E-05  1.224495E-07
  3.172412E+00  2.900000E+02     2  6.928897E-05  1.793818E+02 -6.928494E-05  7.475820E-07
  3.172412E+00  2.900000E+02     3  1.062547E-04  8.954246E+01  8.484948E-07  1.062513E-04
  3.172412E+00  2.900000E+02     4  4.515689E-05 -1.796395E+02 -4.515599E-05 -2.841308E-07
  3.172412E+00  2.900000E+02     5  1.609281E-05  1.794997E+02 -1.609220E-05  1.405277E-07
  3.172412E+00  2.900000E+02     6  1.573477E-11 -9.081716E+01 -2.244035E-13 -1.573317E-11
  3.172412E+00  3.000000E+02     1  3.732885E-05  1.648046E-01  3.732870E-05  1.073719E-07
  3.172412E+00  3.000000E+02     2  6.394230E-05  1.793378E+02 -6.393803E-05  7.389930E-07
  3.172412E+00  3.000000E+02     3  1.062647E-04  8.954776E+01  8.387520E-07  1.062614E-04
  3.172412E+00  3.000000E+02     4  4.155987E-05 -1.795949E+02 -4.155883E-05 -2.938161E-07
  3.172412E+00  3.000000E+02     5  2.371663E-05  1.796074E+02 -2.371607E-05  1.625048E-07
  3.172412E+00  3.000000E+02     6  1.585087E-11 -9.013033E+01 -3.605457E-14 -1.585083E-11
  3.172412E+00  3.100000E+02     1  4.779018E-05  1.092546E-01  4.779010E-05  9.112878E-08
  3.172412E+00  3.100000E+02     2  5.665383E-05  1.792638E+02 -5.664915E-05  7.279013E-07
  3.172412E+00  3.100000E+02     3  1.062716E-04  8.955445E+01  8.263953E-07  1.062684E-04
  3.172412E+00  3.100000E+02     4  3.669989E-05 -1.795205E+02 -3.669860E-05 -3.071150E-07
  3.172412E+00  3.100000E+02     5  3.062159E-05  1.796612E+02 -3.062106E-05  1.810516E-07
  3.172412E+00  3.100000E+02     6  1.604062E-11 -8.946443E+01  1.499373E-13 -1.603992E-11
  3.172412E+00  3.200000E+02     1  5.679831E-05  7.481563E-02  5.679827E-05  7.416603E-08
  3.172412E+00  3.200000E+02     2  4.764438E-05  1.791406E+02 -4.763902E-05  7.145784E-07
  3.172412E+00  3.200000E+02     3  1.062747E-04  8.956233E+01  8.117970E-07  1.062716E-04
  3.172412E+00  3.200000E+02     4  3.072551E-05 -1.793966E+02 -3.072380E-05 -3.235788E-07
  3.172412E+00  3.200000E+02     5  3.659747E-05  1.796938E+02 -3.659694E-05  1.955746E-07
  3.172412E+00  3.200000E+02     6  1.623425E-11 -8.884228E+01  3.280079E-13 -1.623094E-11
  3.172412E+00  3.300000E+02     1  6.408040E-05  5.116201E-02  6.408038E-05  5.722030E-08
  3.172412E+00  3.300000E+02     2  3.718717E-05  1.789224E+02 -3.718060E-05  6.993347E-07
  3.172412E+00  3.300000E+02     3  1.062736E-04  8.957116E+01  7.954066E-07  1.062706E-04
  3.172412E+00  3.300000E+02     4  2.381916E-05 -1.791757E+02 -2.381670E-05 -3.426496E-07
  3.172412E+00  3.300000E+02     5  4.146190E-05  1.797157E+02 -4.146139E-05  2.057434E-07
  3.172412E+00  3.300000E+02     6  1.634763E-11 -8.827225E+01  4.928860E-13 -1.634019E-11
  3.172412E+00  3.400000E+02     1  6.941613E-05  3.406600E-02  6.941612E-05  4.127232E-08
  3.172412E+00  3.400000E+02     2  2.560016E-05  1.784723E+02 -2.559106E-05  6.825186E-07
  3.172412E+00  3.400000E+02     3  1.062686E-04  8.958067E+01  7.777326E-07  1.062658E-04
  3.172412E+00  3.400000E+02     4  1.619167E-05 -1.787130E+02 -1.618759E-05 -3.636845E-07
  3.172412E+00  3.400000E+02     5  4.506616E-05  1.797311E+02 -4.506567E-05  2.114899E-07
  3.172412E+00  3.400000E+02     6  1.632084E-11 -8.775362E+01  6.397216E-13 -1.630830E-11
  3.172412E+00  3.500000E+02     1  7.264414E-05  2.166034E-02  7.264413E-05  2.746270E-08
  3.172412E+00  3.500000E+02     2  1.323900E-05  1.771229E+02 -1.322231E-05  6.645127E-07
  3.172412E+00  3.500000E+02     3  1.062606E-04  8.959057E+01  7.593248E-07  1.062579E-04
  3.172412E+00  3.500000E+02     4  8.077528E-06 -1.772611E+02 -8.068301E-06 -3.859790E-07
  3.172412E+00  3.500000E+02     5  4.729994E-05  1.797420E+02 -4.729946E-05  2.129839E-07
  3.172412E+00  3.500000E+02     6  1.614707E-11 -8.728734E+01  7.641943E-13 -1.612898E-11
  2.837491E+00  0.000000E+00     1  6.523255E-05 -1.672912E-01  6.523227E-05 -1.904646E-07
  2.837491E+00  0.000000E+00     2  7.161610E-07  1.320124E+02 -4.793201E-07  5.321078E-07
  2.837491E+00  0.000000E+00     3  1.121617E-04  8.893670E+01  2.081392E-06  1.121424E-04
  2.837491E+00  0.000000E+00     4  6.698112E-07 -4.724536E+01  4.547082E-07 -4.918206E-07
  2.837491E+00  0.000000E+00     5  6.534385E-05  1.795108E+02 -6.534147E-05  5.578553E-07
  2.837491E+00  0.000000E+00     6  1.229181E-11 -8.664376E+01  7.196107E-13 -1.227073E-11
  2.837491E+00  1.000000E+01     1  6.414171E-05 -1.748282E-01  6.414141E-05 -1.957171E-07
  2.837491E+00  1.000000E+01     2  1.085567E-05  2.543358E+00  1.084498E-05  4.817248E-07
  2.837491E+00  1.000000E+01     3  1.121435E-04  8.895168E+01  2.051743E-06  1.121247E-04
  2.837491E+00  1.000000E+01     4  1.181528E-05 -2.778067E+00  1.180139E-05 -5.726561E-07
  2.837491E+00  1.000000E+01     5  6.444751E-05  1.795155E+02 -6.444521E-05  5.449753E-07
  2.837491E+00  1.000000E+01     6  1.185093E-11 -8.616332E+01  7.929772E-13 -1.182437E-11
  2.837491E+00  2.000000E+01     1  6.110401E-05 -1.780005E-01  6.110372E-05 -1.898312E-07
  2.837491E+00  2.000000E+01     2  2.184418E-05  1.134095E+00  2.183990E-05  4.323486E-07
  2.837491E+00  2.000000E+01     3  1.121267E-04  8.896584E+01  2.023714E-06  1.121084E-04
  2.837491E+00  2.000000E+01     4  2.279930E-05 -1.634860E+00  2.279002E-05 -6.504599E-07
  2.837491E+00  2.000000E+01     5  6.158989E-05  1.795164E+02 -6.158770E-05  5.198597E-07
  2.837491E+00  2.000000E+01     6  1.156507E-11 -8.585515E+01  8.359016E-13 -1.153482E-11
  2.837491E+00  3.000000E+01     1  5.621030E-05 -1.756077E-01  5.621003E-05 -1.722805E-07
  2.837491E+00  3.000000E+01     2  3.217235E-05  6.863580E-01  3.217004E-05  3.853900E-07
  2.837491E+00  3.000000E+01     3  1.121134E-04  8.897871E+01  1.998305E-06  1.120956E-04
  2.837491E+00  3.000000E+01     4  3.309622E-05 -1.251479E+00  3.308832E-05 -7.228442E-07
  2.837491E+00  3.000000E+01     5  5.685951E-05  1.795124E+02 -5.685745E-05  4.838447E-07
  2.837491E+00  3.000000E+01     6  1.152525E-11 -8.578648E+01  8.468014E-13 -1.149410E-11
  2.837491E+00  4.000000E+01     1  4.960767E-05 -1.653594E-01  4.960746E-05 -1.431708E-07
  2.837491E+00  4.000000E+01     2  4.152200E-05  4.722577E-01  4.152059E-05  3.422392E-07
  2.837491E+00  4.000000E+01     3  1.121052E-04  8.898980E+01  1.976451E-06  1.120877E-04
  2.837491E+00  4.000000E+01     4  4.239165E-05 -1.064572E+00  4.238433E-05 -7.876040E-07
  2.837491E+00  4.000000E+01     5  5.040215E-05  1.795016E+02 -5.040024E-05  4.383991E-07
  2.837491E+00  4.000000E+01     6  1.171549E-11 -8.596178E+01  8.250279E-13 -1.168641E-11
  2.837491E+00  5.000000E+01     1  4.149542E-05 -1.426245E-01  4.149529E-05 -1.032931E-07
  2.837491E+00  5.000000E+01     2  4.960805E-05  3.513890E-01  4.960712E-05  3.042391E-07
  2.837491E+00  5.000000E+01     3  1.121031E-04  8.899871E+01  1.958997E-06  1.120860E-04
  2.837491E+00  5.000000E+01     4  5.040261E-05 -9.580964E-01  5.039557E-05 -8.427900E-07
  2.837491E+00  5.000000E+01     5  4.241587E-05  1.794799E+02 -4.241412E-05  3.850241E-07
  2.837491E+00  5.000000E+01     6  1.202448E-11 -8.632383E+01  7.709766E-13 -1.199973E-11
  2.837491E+00  6.000000E+01     1  3.211933E-05 -9.653375E-02  3.211929E-05 -5.411565E-08
  2.837491E+00  6.000000E+01     2  5.618495E-05  2.780377E-01  5.618429E-05  2.726462E-07
  2.837491E+00  6.000000E+01     3  1.121076E-04  8.900506E+01  1.946647E-06  1.120907E-04
  2.837491E+00  6.000000E+01     4  5.688459E-05 -8.932179E-01  5.687768E-05 -8.867717E-07
  2.837491E+00  6.000000E+01     5  3.314452E-05  1.794379E+02 -3.314292E-05  3.251819E-07
  2.837491E+00  6.000000E+01     6  1.230006E-11 -8.680213E+01  6.861514E-13 -1.228090E-11
  2.837491E+00  7.000000E+01     1  2.176444E-05  6.020213E-03  2.176444E-05  2.286845E-09
  2.837491E+00  7.000000E+01     2  6.105374E-05  2.332788E-01  6.105324E-05  2.485786E-07
  2.837491E+00  7.000000E+01     3  1.121183E-04  8.900860E+01  1.939907E-06  1.121015E-04
  2.837491E+00  7.000000E+01     4  6.163896E-05 -8.536119E-01  6.163212E-05 -9.182840E-07
  2.837491E+00  7.000000E+01     5  2.287001E-05  1.793480E+02 -2.286853E-05  2.602618E-07
  2.837491E+00  7.000000E+01     6  1.242126E-11 -8.735526E+01  5.731550E-13 -1.240803E-11
  2.837491E+00  8.000000E+01     1  1.074645E-05  3.378276E-01  1.074626E-05  6.336288E-08
  2.837491E+00  8.000000E+01     2  6.406775E-05  2.083322E-01  6.406732E-05  2.329551E-07
  2.837491E+00  8.000000E+01     3  1.121342E-04  8.900920E+01  1.939017E-06  1.121174E-04
  2.837491E+00  8.000000E+01     4  6.451938E-05 -8.316414E-01  6.451258E-05 -9.364582E-07
  2.837491E+00  8.000000E+01     5  1.190379E-05  1.790778E+02 -1.190225E-05  1.915863E-07
  2.837491E+00  8.000000E+01     6  1.235403E-11 -8.797936E+01  4.355963E-13 -1.234635E-11
  2.837491E+00  9.000000E+01     1  6.121779E-07  1.680973E+02 -5.990156E-07  1.262617E-07
  2.837491E+00  9.000000E+01     2  6.513667E-05  1.991793E-01  6.513627E-05  2.264364E-07
  2.837491E+00  9.000000E+01     3  1.121535E-04  8.900687E+01  1.943906E-06  1.121366E-04
  2.837491E+00  9.000000E+01     4  6.543673E-05 -8.238172E-01  6.542997E-05 -9.408380E-07
  2.837491E+00  9.000000E+01     5  5.880390E-07  1.681802E+02 -5.755706E-07  1.204505E-07
  2.837491E+00  9.000000E+01     6  1.216465E-11 -8.869085E+01  2.779263E-13 -1.216148E-11
  2.837491E+00  1.000000E+02     1  1.192653E-05  1.790966E+02 -1.192505E-05  1.880424E-07
  2.837491E+00  1.000000E+02     2  6.422896E-05  2.046199E-01  6.422855E-05  2.293798E-07
  2.837491E+00  1.000000E+02     3  1.121740E-04  8.900180E+01  1.954183E-06  1.121570E-04
  2.837491E+00  1.000000E+02     4  6.436219E-05 -8.291563E-01  6.435545E-05 -9.313854E-07
  2.837491E+00  1.000000E+02     5  1.076953E-05  2.563603E-01  1.076942E-05  4.818628E-08
  2.837491E+00  1.000000E+02     6  1.198471E-11 -8.949691E+01  1.052306E-13 -1.198425E-11
  2.837491E+00  1.100000E+02     1  2.288765E-05  1.793844E+02 -2.288633E-05  2.458928E-07
  2.837491E+00  1.100000E+02     2  6.137258E-05  2.257514E-01  6.137210E-05  2.418137E-07
  2.837491E+00  1.100000E+02     3  1.121931E-04  8.899431E+01  1.969174E-06  1.121758E-04
  2.837491E+00  1.100000E+02     4  6.132839E-05 -8.487711E-01  6.132166E-05 -9.084763E-07
  2.837491E+00  1.100000E+02     5  2.178992E-05 -6.249041E-02  2.178990E-05 -2.376546E-08
  2.837491E+00  1.100000E+02     6  1.194433E-11 -9.036933E+01 -7.699223E-14 -1.194409E-11
  2.837491E+00  1.200000E+02     1  3.315043E-05  1.794861E+02 -3.314909E-05  2.973356E-07
  2.837491E+00  1.200000E+02     2  5.665397E-05  2.664184E-01  5.665336E-05  2.634331E-07
  2.837491E+00  1.200000E+02     3  1.122082E-04  8.898483E+01  1.988001E-06  1.121906E-04
  2.837491E+00  1.200000E+02     4  5.642840E-05 -8.863389E-01  5.642165E-05 -8.728862E-07
  2.837491E+00  1.200000E+02     5  3.215233E-05 -1.671425E-01  3.215219E-05 -9.379425E-08
  2.837491E+00  1.200000E+02     6  1.210562E-11 -9.124509E+01 -2.630464E-13 -1.210276E-11
  2.837491E+00  1.300000E+02     1  4.240298E-05  1.795400E+02 -4.240161E-05  3.403987E-07
  2.837491E+00  1.300000E+02     2  5.021560E-05  3.350103E-01  5.021474E-05  2.936106E-07
  2.837491E+00  1.300000E+02     3  1.122172E-04  8.897384E+01  2.009697E-06  1.121992E-04
  2.837491E+00  1.300000E+02     4  4.981273E-05 -9.498532E-01  4.980589E-05 -8.257609E-07
  2.837491E+00  1.300000E+02     5  4.154189E-05 -2.207992E-01  4.154158E-05 -1.600884E-07
  2.837491E+00  1.300000E+02     6  1.242832E-11 -9.206226E+01 -4.472376E-13 -1.242027E-11
  2.837491E+00  1.400000E+02     1  5.036505E-05  1.795748E+02 -5.036367E-05  3.737291E-07
  2.837491E+00  1.400000E+02     2  4.225186E-05  4.494244E-01  4.225056E-05  3.314174E-07
  2.837491E+00  1.400000E+02     3  1.122187E-04  8.896178E+01  2.033327E-06  1.122003E-04
  2.837491E+00  1.400000E+02     4  4.168434E-05 -1.056474E+00  4.167725E-05 -7.685721E-07
  2.837491E+00  1.400000E+02     5  4.967233E-05 -2.545119E-01  4.967183E-05 -2.206472E-07
  2.837491E+00  1.400000E+02     6  1.278459E-11 -9.279787E+01 -6.240501E-13 -1.276935E-11
  2.837491E+00  1.500000E+02     1  5.679620E-05  1.795999E+02 -5.679481E-05  3.966404E-07
  2.837491E+00  1.500000E+02     2  3.300358E-05  6.521553E-01  3.300145E-05  3.756472E-07
  2.837491E+00  1.500000E+02     3  1.122122E-04  8.894908E+01  2.058076E-06  1.121934E-04
  2.837491E+00  1.500000E+02     4  3.229203E-05 -1.247532E+00  3.228438E-05 -7.030562E-07
  2.837491E+00  1.500000E+02     5  5.629486E-05 -2.782039E-01  5.629419E-05 -2.733428E-07
  2.837491E+00  1.500000E+02     6  1.301631E-11 -9.347209E+01 -7.882973E-13 -1.299242E-11
  2.837491E+00  1.600000E+02     1  6.150262E-05  1.796189E+02 -6.150126E-05  4.090897E-07
  2.837491E+00  1.600000E+02     2  2.275143E-05  1.069967E+00  2.274746E-05  4.248457E-07
  2.837491E+00  1.600000E+02     3  1.121985E-04  8.893607E+01  2.083294E-06  1.121791E-04
  2.837491E+00  1.600000E+02     4  2.192272E-05 -1.649748E+00  2.191363E-05 -6.311452E-07
  2.837491E+00  1.600000E+02     5  6.120619E-05 -2.958400E-01  6.120537E-05 -3.160295E-07
  2.837491E+00  1.600000E+02     6  1.300819E-11 -9.412291E+01 -9.352410E-13 -1.297453E-11
  2.837491E+00  1.700000E+02     1  6.434265E-05  1.796335E+02 -6.434134E-05  4.115913E-07
  2.837491E+00  1.700000E+02     2  1.180946E-05  2.316585E+00  1.179981E-05  4.773504E-07
  2.837491E+00  1.700000E+02     3  1.121791E-04  8.892302E+01  2.108493E-06  1.121592E-04
  2.837491E+00  1.700000E+02     4  1.089430E-05 -2.919605E+00  1.088016E-05 -5.548975E-07
  2.837491E+00  1.700000E+02     5  6.425523E-05 -3.091410E-01  6.425430E-05 -3.466892E-07
  2.837491E+00  1.700000E+02     6  1.274260E-11 -9.477474E+01 -1.060676E-12 -1.269838E-11
  2.837491E+00  1.800000E+02     1  6.523072E-05  1.796442E+02 -6.522946E-05  4.050838E-07
  2.837491E+00  1.800000E+02     2  7.238208E-07  4.723015E+01  4.915142E-07  5.313477E-07
  2.837491E+00  1.800000E+02     3  1.121562E-04  8.891013E+01  2.133288E-06  1.121359E-04
  2.837491E+00  1.800000E+02     4  6.775324E-07 -1.353156E+02 -4.817197E-07 -4.764413E-07
  2.837491E+00  1.800000E+02     5  6.534822E-05 -3.187923E-01  6.534721E-05 -3.635941E-07
  2.837491E+00  1.800000E+02     6  1.231033E-11 -9.541163E+01 -1.160991E-12 -1.225546E-11
  2.837491E+00  1.900000E+02     1  6.413970E-05  1.796509E+02 -6.413851E-05  3.907707E-07
  2.837491E+00  1.900000E+02     2  1.084861E-05  1.769091E+02 -1.083283E-05  5.849528E-07
  2.837491E+00  1.900000E+02     3  1.121324E-04  8.889761E+01  2.157327E-06  1.121117E-04
  2.837491E+00  1.900000E+02     4  1.183510E-05 -1.780732E+02 -1.182841E-05 -3.979358E-07
  2.837491E+00  1.900000E+02     5  6.445180E-05 -3.248897E-01  6.445077E-05 -3.654653E-07
  2.837491E+00  1.900000E+02     6  1.187197E-11 -9.596242E+01 -1.233216E-12 -1.180775E-11
  2.837491E+00  2.000000E+02     1  6.110187E-05  1.796531E+02 -6.110075E-05  3.699587E-07
  2.837491E+00  2.000000E+02     2  2.183705E-05  1.783302E+02 -2.182778E-05  6.363077E-07
  2.837491E+00  2.000000E+02     3  1.121103E-04  8.888569E+01  2.180223E-06  1.120891E-04
  2.837491E+00  2.000000E+02     4  2.281929E-05 -1.791926E+02 -2.281703E-05 -3.215480E-07
  2.837491E+00  2.000000E+02     5  6.159413E-05 -3.270734E-01  6.159313E-05 -3.516086E-07
  2.837491E+00  2.000000E+02     6  1.158771E-11 -9.631751E+01 -1.275089E-12 -1.151734E-11
  2.837491E+00  2.100000E+02     1  5.620808E-05  1.796494E+02 -5.620703E-05  3.439139E-07
  2.837491E+00  2.100000E+02     2  3.216521E-05  1.787821E+02 -3.215794E-05  6.836870E-07
  2.837491E+00  2.100000E+02     3  1.120921E-04  8.887463E+01  2.201515E-06  1.120705E-04
  2.837491E+00  2.100000E+02     4  3.311626E-05 -1.795684E+02 -3.311532E-05 -2.494371E-07
  2.837491E+00  2.100000E+02     5  5.686372E-05 -3.244569E-01  5.686280E-05 -3.220084E-07
  2.837491E+00  2.100000E+02     6  1.154803E-11 -9.638951E+01 -1.285146E-12 -1.147630E-11
  2.837491E+00  2.200000E+02     1  4.960545E-05  1.796376E+02 -4.960446E-05  3.137534E-07
  2.837491E+00  2.200000E+02     2  4.151484E-05  1.789985E+02 -4.150850E-05  7.255919E-07
  2.837491E+00  2.200000E+02     3  1.120797E-04  8.886471E+01  2.220664E-06  1.120577E-04
  2.837491E+00  2.200000E+02     4  4.241170E-05 -1.797518E+02 -4.241130E-05 -1.837316E-07
  2.837491E+00  2.200000E+02     5  5.040635E-05 -3.152818E-01  5.040558E-05 -2.773699E-07
  2.837491E+00  2.200000E+02     6  1.173696E-11 -9.617667E+01 -1.262832E-12 -1.166882E-11
  2.837491E+00  2.300000E+02     1  4.149327E-05  1.796128E+02 -4.149232E-05  2.803821E-07
  2.837491E+00  2.300000E+02     2  4.960085E-05  1.791211E+02 -4.959501E-05  7.608178E-07
  2.837491E+00  2.300000E+02     3  1.120741E-04  8.885625E+01  2.237087E-06  1.120518E-04
  2.837491E+00  2.300000E+02     4  5.042267E-05 -1.798563E+02 -5.042251E-05 -1.264851E-07
  2.837491E+00  2.300000E+02     5  4.242008E-05 -2.959430E-01  4.241952E-05 -2.191064E-07
  2.837491E+00  2.300000E+02     6  1.204368E-11 -9.575940E+01 -1.208599E-12 -1.198289E-11
  2.837491E+00  2.400000E+02     1  3.211731E-05  1.795639E+02 -3.211638E-05  2.444770E-07
  2.837491E+00  2.400000E+02     2  5.617770E-05  1.791958E+02 -5.617216E-05  7.884813E-07
  2.837491E+00  2.400000E+02     3  1.120759E-04  8.884957E+01  2.250200E-06  1.120533E-04
  2.837491E+00  2.400000E+02     4  5.690465E-05 -1.799198E+02 -5.690460E-05 -7.960594E-08
  2.837491E+00  2.400000E+02     5  3.314877E-05 -2.580134E-01  3.314843E-05 -1.492745E-07
  2.837491E+00  2.400000E+02     6  1.231669E-11 -9.523588E+01 -1.123975E-12 -1.226530E-11
  2.837491E+00  2.500000E+02     1  2.176259E-05  1.794563E+02 -2.176161E-05  2.065151E-07
  2.837491E+00  2.500000E+02     2  6.104643E-05  1.792416E+02 -6.104108E-05  8.080104E-07
  2.837491E+00  2.500000E+02     3  1.120850E-04  8.884492E+01  2.259466E-06  1.120622E-04
  2.837491E+00  2.500000E+02     4  6.165902E-05 -1.799584E+02 -6.165901E-05 -4.476279E-08
  2.837491E+00  2.500000E+02     5  2.287431E-05 -1.765045E-01  2.287420E-05 -7.046615E-08
  2.837491E+00  2.500000E+02     6  1.243535E-11 -9.466583E+01 -1.011542E-12 -1.239414E-11
  2.837491E+00  2.600000E+02     1  1.074482E-05  1.791103E+02 -1.074353E-05  1.668351E-07
  2.837491E+00  2.600000E+02     2  6.406036E-05  1.792674E+02 -6.405513E-05  8.191047E-07
  2.837491E+00  2.600000E+02     3  1.121003E-04  8.884254E+01  2.264436E-06  1.120774E-04
  2.837491E+00  2.600000E+02     4  6.453946E-05 -1.799793E+02 -6.453945E-05 -2.328006E-08
  2.837491E+00  2.600000E+02     5  1.190812E-05  6.894884E-02  1.190811E-05  1.433004E-08
  2.837491E+00  2.600000E+02     6  1.236558E-11 -9.405701E+01 -8.748516E-13 -1.233459E-11
  2.837491E+00  2.700000E+02     1  6.146492E-07  1.180270E+01  6.016541E-07  1.257217E-07
  2.837491E+00  2.700000E+02     2  6.512921E-05  1.792771E+02 -6.512403E-05  8.216870E-07
  2.837491E+00  2.700000E+02     3  1.121201E-04  8.884257E+01  2.264775E-06  1.120972E-04
  2.837491E+00  2.700000E+02     4  6.545683E-05 -1.799860E+02 -6.545682E-05 -1.604124E-08
  2.837491E+00  2.700000E+02     5  5.904823E-07  9.935904E+00  5.816259E-07  1.018856E-07
  2.837491E+00  2.700000E+02     6  1.217342E-11 -9.338254E+01 -7.182578E-13 -1.215222E-11
  2.837491E+00  2.800000E+02     1  1.192789E-05  4.010905E-01  1.192760E-05  8.349874E-08
  2.837491E+00  2.800000E+02     2  6.422145E-05  1.792721E+02 -6.421627E-05  8.158603E-07
  2.837491E+00  2.800000E+02     3  1.121422E-04  8.884510E+01  2.260281E-06  1.121194E-04
  2.837491E+00  2.800000E+02     4  6.438232E-05 -1.799792E+02 -6.438231E-05 -2.341882E-08
  2.837491E+00  2.800000E+02     5  1.076485E-05  1.789946E+02 -1.076319E-05  1.888960E-07
  2.837491E+00  2.800000E+02     6  1.199024E-11 -9.261343E+01 -5.467203E-13 -1.197777E-11
  2.837491E+00  2.900000E+02     1  2.288886E-05  1.016833E-01  2.288882E-05  4.062104E-08
  2.837491E+00  2.900000E+02     2  6.136503E-05  1.792513E+02 -6.135979E-05  8.018854E-07
  2.837491E+00  2.900000E+02     3  1.121638E-04  8.885011E+01  2.250901E-06  1.121412E-04
  2.837491E+00  2.900000E+02     4  6.134855E-05 -1.799577E+02 -6.134853E-05 -4.524286E-08
  2.837491E+00  2.900000E+02     5  2.178524E-05  1.792842E+02 -2.178354E-05  2.721429E-07
  2.837491E+00  2.900000E+02     6  1.194619E-11 -9.175372E+01 -3.655951E-13 -1.194060E-11
  2.837491E+00  3.000000E+02     1  3.315155E-05 -3.886306E-03  3.315155E-05 -2.248631E-09
  2.837491E+00  3.000000E+02     2  5.664640E-05  1.792109E+02 -5.664103E-05  7.801773E-07
  2.837491E+00  3.000000E+02     3  1.121824E-04  8.885753E+01  2.236754E-06  1.121601E-04
  2.837491E+00  3.000000E+02     4  5.644860E-05 -1.799180E+02 -5.644854E-05 -8.081153E-08
  2.837491E+00  3.000000E+02     5  3.214764E-05  1.793786E+02 -3.214575E-05  3.486468E-07
  2.837491E+00  3.000000E+02     6  1.210372E-11 -9.085418E+01 -1.804377E-13 -1.210237E-11
  2.837491E+00  3.100000E+02     1  4.240409E-05 -5.970383E-02  4.240406E-05 -4.418626E-08
  2.837491E+00  3.100000E+02     2  5.020802E-05  1.791426E+02 -5.020240E-05  7.513163E-07
  2.837491E+00  3.100000E+02     3  1.121956E-04  8.886717E+01  2.218143E-06  1.121737E-04
  2.837491E+00  3.100000E+02     4  4.983297E-05 -1.798518E+02 -4.983280E-05 -1.289377E-07
  2.837491E+00  3.100000E+02     5  4.153720E-05  1.794264E+02 -4.153512E-05  4.158042E-07
  2.837491E+00  3.100000E+02     6  1.242299E-11 -8.998536E+01  3.175318E-15 -1.242299E-11
  2.837491E+00  3.200000E+02     1  5.036622E-05 -9.554319E-02  5.036615E-05 -8.398781E-08
  2.837491E+00  3.200000E+02     2  4.224429E-05  1.790288E+02 -4.223822E-05  7.160603E-07
  2.837491E+00  3.200000E+02     3  1.122019E-04  8.887877E+01  2.195566E-06  1.121805E-04
  2.837491E+00  3.200000E+02     4  4.170462E-05 -1.797417E+02 -4.170419E-05 -1.880196E-07
  2.837491E+00  3.200000E+02     5  4.966767E-05  1.794561E+02 -4.966544E-05  4.715004E-07
  2.837491E+00  3.200000E+02     6  1.277637E-11 -8.919364E+01  1.798043E-13 -1.277511E-11
  2.837491E+00  3.300000E+02     1  5.679748E-05 -1.212467E-01  5.679736E-05 -1.201921E-07
  2.837491E+00  3.300000E+02     2  3.299604E-05  1.788272E+02 -3.298913E-05  6.753467E-07
  2.837491E+00  3.300000E+02     3  1.122008E-04  8.889196E+01  2.169707E-06  1.121798E-04
  2.837491E+00  3.300000E+02     4  3.231235E-05 -1.795458E+02 -3.231134E-05 -2.561211E-07
  2.837491E+00  3.300000E+02     5  5.629026E-05  1.794766E+02 -5.628791E-05  5.141897E-07
  2.837491E+00  3.300000E+02     6  1.300559E-11 -8.848308E+01  3.442854E-13 -1.300103E-11
  2.837491E+00  3.400000E+02     1  6.150407E-05 -1.408069E-01  6.150388E-05 -1.511488E-07
  2.837491E+00  3.400000E+02     2  2.274391E-05  1.784120E+02 -2.273518E-05  6.302771E-07
  2.837491E+00  3.400000E+02     3  1.121926E-04  8.890633E+01  2.141410E-06  1.121722E-04
  2.837491E+00  3.400000E+02     4  2.194311E-05 -1.791356E+02 -2.194061E-05 -3.310529E-07
  2.837491E+00  3.400000E+02     5  6.120166E-05  1.794917E+02 -6.119925E-05  5.429368E-07
  2.837491E+00  3.400000E+02     6  1.299504E-11 -8.783091E+01  4.918464E-13 -1.298573E-11
  2.837491E+00  3.500000E+02     1  6.434430E-05 -1.559443E-01  6.434406E-05 -1.751283E-07
  2.837491E+00  3.500000E+02     2  1.180193E-05  1.771729E+02 -1.178757E-05  5.820874E-07
  2.837491E+00  3.500000E+02     3  1.121789E-04  8.892141E+01  2.111630E-06  1.121590E-04
  2.837491E+00  3.500000E+02     4  1.091488E-05 -1.778449E+02 -1.090716E-05 -4.104457E-07
  2.837491E+00  3.500000E+02     5  6.425079E-05  1.795029E+02 -6.424837E-05  5.574139E-07
  2.837491E+00  3.500000E+02     6  1.272685E-11 -8.721580E+01  6.181987E-13 -1.271182E-11
  2.590263E+00  0.000000E+00     1  5.540453E-05 -5.459488E-01  5.540201E-05 -5.279199E-07
  2.590263E+00  0.000000E+00     2  7.217379E-07  1.382905E+02 -5.387974E-07  4.802113E-07
  2.590263E+00  0.000000E+00     3  1.220054E-04  8.740092E+01  5.532579E-06  1.218799E-04
  2.590263E+00  0.000000E+00     4  9.505839E-07 -4.189667E+01  7.075675E-07 -6.347897E-07
  2.590263E+00  0.000000E+00     5  8.777941E-05  1.789717E+02 -8.776527E-05  1.575244E-06
  2.590263E+00  0.000000E+00     6  1.008260E-11 -8.724533E+01  4.845651E-13 -1.007095E-11
  2.590263E+00  1.000000E+01     1  5.445117E-05 -5.579895E-01  5.444859E-05 -5.302781E-07
  2.590263E+00  1.000000E+01     2  9.089229E-06  2.353672E+00  9.081561E-06  3.732743E-07
  2.590263E+00  1.000000E+01     3  1.219766E-04  8.742363E+01  5.482973E-06  1.218533E-04
  2.590263E+00  1.000000E+01     4  1.596863E-05 -3.188016E+00  1.594391E-05 -8.880581E-07
  2.590263E+00  1.000000E+01     5  8.659774E-05  1.789768E+02 -8.658393E-05  1.546348E-06
  2.590263E+00  1.000000E+01     6  9.411351E-12 -8.657516E+01  5.622264E-13 -9.394542E-12
  2.590263E+00  2.000000E+01     1  5.184676E-05 -5.651719E-01  5.184423E-05 -5.114138E-07
  2.590263E+00  2.000000E+01     2  1.842806E-05  8.364650E-01  1.842609E-05  2.690229E-07
  2.590263E+00  2.000000E+01     3  1.219503E-04  8.744509E+01  5.436164E-06  1.218291E-04
  2.590263E+00  2.000000E+01     4  3.071752E-05 -2.112684E+00  3.069664E-05 -1.132400E-06
  2.590263E+00  2.000000E+01     5  8.277838E-05  1.789783E+02 -8.276522E-05  1.476064E-06
  2.590263E+00  2.000000E+01     6  8.997101E-12 -8.611428E+01  6.097035E-13 -8.976418E-12
  2.590263E+00  3.000000E+01     1  4.766812E-05 -5.661209E-01  4.766580E-05 -4.709855E-07
  2.590263E+00  3.000000E+01     2  2.720929E-05  3.591412E-01  2.720875E-05  1.705520E-07
  2.590263E+00  3.000000E+01     3  1.219299E-04  8.746451E+01  5.393967E-06  1.218106E-04
  2.590263E+00  3.000000E+01     4  4.454165E-05 -1.750326E+00  4.452087E-05 -1.360489E-06
  2.590263E+00  3.000000E+01     5  7.644084E-05  1.789748E+02 -7.642861E-05  1.367631E-06
  2.590263E+00  3.000000E+01     6  8.984959E-12 -8.601034E+01  6.251417E-13 -8.963185E-12
  2.590263E+00  4.000000E+01     1  4.203966E-05 -5.582873E-01  4.203767E-05 -4.096260E-07
  2.590263E+00  4.000000E+01     2  3.516134E-05  1.316786E-01  3.516124E-05  8.080859E-08
  2.590263E+00  4.000000E+01     3  1.219179E-04  8.748115E+01  5.358053E-06  1.218001E-04
  2.590263E+00  4.000000E+01     4  5.701991E-05 -1.573209E+00  5.699842E-05 -1.565437E-06
  2.590263E+00  4.000000E+01     5  6.778190E-05  1.789643E+02 -6.777083E-05  1.225165E-06
  2.590263E+00  4.000000E+01     6  9.341398E-12 -8.627065E+01  6.075967E-13 -9.321617E-12
  2.590263E+00  5.000000E+01     1  3.513021E-05 -5.366067E-01  3.512867E-05 -3.290090E-07
  2.590263E+00  5.000000E+01     2  4.204155E-05  3.443169E-03  4.204155E-05  2.526472E-09
  2.590263E+00  5.000000E+01     3  1.219158E-04  8.749435E+01  5.329911E-06  1.217992E-04
  2.590263E+00  5.000000E+01     4  6.777244E-05 -1.472032E+00  6.775007E-05 -1.741005E-06
  2.590263E+00  5.000000E+01     5  5.706852E-05  1.789424E+02 -5.705880E-05  1.053387E-06
  2.590263E+00  5.000000E+01     6  9.874742E-12 -8.676528E+01  5.571976E-13 -9.859009E-12
  2.590263E+00  6.000000E+01     1  2.714849E-05 -4.892911E-01  2.714750E-05 -2.318382E-07
  2.590263E+00  6.000000E+01     2  4.764141E-05 -7.437594E-02  4.764137E-05 -6.184353E-08
  2.590263E+00  6.000000E+01     3  1.219242E-04  8.750352E+01  5.310779E-06  1.218084E-04
  2.590263E+00  6.000000E+01     4  7.647030E-05 -1.410100E+00  7.644714E-05 -1.881812E-06
  2.590263E+00  6.000000E+01     5  4.462872E-05  1.788992E+02 -4.462049E-05  8.573919E-07
  2.590263E+00  6.000000E+01     6  1.032728E-11 -8.736233E+01  4.752588E-13 -1.031634E-11
  2.590263E+00  7.000000E+01     1  1.833713E-05 -3.804162E-01  1.833673E-05 -1.217488E-07
  2.590263E+00  7.000000E+01     2  5.179233E-05 -1.219247E-01  5.179221E-05 -1.102133E-07
  2.590263E+00  7.000000E+01     3  1.219425E-04  8.750825E+01  5.301525E-06  1.218272E-04
  2.590263E+00  7.000000E+01     4  8.284577E-05 -1.371933E+00  8.282202E-05 -1.983531E-06
  2.590263E+00  7.000000E+01     5  3.084095E-05  1.788063E+02 -3.083426E-05  6.424695E-07
  2.590263E+00  7.000000E+01     6  1.049664E-11 -8.801109E+01  3.642963E-13 -1.049032E-11
  2.590263E+00  8.000000E+01     1  8.965428E-06 -1.996601E-02  8.965428E-06 -3.124207E-09
  2.590263E+00  8.000000E+01     2  5.437028E-05 -1.485263E-01  5.437010E-05 -1.409424E-07
  2.590263E+00  8.000000E+01     3  1.219693E-04  8.750833E+01  5.302501E-06  1.218540E-04
  2.590263E+00  8.000000E+01     4  8.670129E-05 -1.350251E+00  8.667722E-05 -2.043041E-06
  2.590263E+00  8.000000E+01     5  1.612255E-05  1.785285E+02 -1.611723E-05  4.140089E-07
  2.590263E+00  8.000000E+01     6  1.032966E-11 -8.873563E+01  2.279311E-13 -1.032715E-11
  2.590263E+00  9.000000E+01     1  6.897186E-07  1.700512E+02 -6.793470E-07  1.191614E-07
  2.590263E+00  9.000000E+01     2  5.529898E-05 -1.584373E-01  5.529877E-05 -1.529155E-07
  2.590263E+00  9.000000E+01     3  1.220016E-04  8.750386E+01  5.313421E-06  1.218859E-04
  2.590263E+00  9.000000E+01     4  8.791643E-05 -1.341696E+00  8.789232E-05 -2.058552E-06
  2.590263E+00  9.000000E+01     5  9.301692E-07  1.690002E+02 -9.130798E-07  1.774821E-07
  2.590263E+00  9.000000E+01     6  9.944601E-12 -8.959265E+01  7.070150E-14 -9.944350E-12
  2.590263E+00  1.000000E+02     1  1.030470E-05  1.786651E+02 -1.030190E-05  2.400542E-07
  2.590263E+00  1.000000E+02     2  5.455167E-05 -1.529232E-01  5.455147E-05 -1.455990E-07
  2.590263E+00  1.000000E+02     3  1.220359E-04  8.749521E+01  5.333316E-06  1.219193E-04
  2.590263E+00  1.000000E+02     4  8.645234E-05 -1.345276E+00  8.642851E-05 -2.029671E-06
  2.590263E+00  1.000000E+02     5  1.432068E-05 -2.460973E-01  1.432055E-05 -6.151013E-08
  2.590263E+00  1.000000E+02     6  9.571253E-12 -9.061167E+01 -1.021768E-13 -9.570708E-12
  2.590263E+00  1.100000E+02     1  1.961081E-05  1.789638E+02 -1.960761E-05  3.546540E-07
  2.590263E+00  1.100000E+02     2  5.215151E-05 -1.308140E-01  5.215137E-05 -1.190688E-07
  2.590263E+00  1.100000E+02     3  1.220675E-04  8.748303E+01  5.360625E-06  1.219498E-04
  2.590263E+00  1.100000E+02     4  8.235348E-05 -1.361971E+00  8.233022E-05 -1.957431E-06
  2.590263E+00  1.100000E+02     5  2.912623E-05 -5.845779E-01  2.912471E-05 -2.971642E-07
  2.590263E+00  1.100000E+02     6  9.437409E-12 -9.173090E+01 -2.850601E-13 -9.433103E-12
  2.590263E+00  1.200000E+02     1  2.831617E-05  1.790721E+02 -2.831245E-05  4.585335E-07
  2.590263E+00  1.200000E+02     2  4.817079E-05 -8.802901E-02  4.817073E-05 -7.400937E-08
  2.590263E+00  1.200000E+02     3  1.220922E-04  8.746815E+01  5.393398E-06  1.219731E-04
  2.590263E+00  1.200000E+02     4  7.574627E-05 -1.395162E+00  7.572382E-05 -1.844253E-06
  2.590263E+00  1.200000E+02     5  4.305523E-05 -6.965583E-01  4.305205E-05 -5.234197E-07
  2.590263E+00  1.200000E+02     6  9.655458E-12 -9.280265E+01 -4.721131E-13 -9.643909E-12
  2.590263E+00  1.300000E+02     1  3.615621E-05  1.791316E+02 -3.615205E-05  5.480070E-07
  2.590263E+00  1.300000E+02     2  4.272884E-05 -1.568000E-02  4.272884E-05 -1.169350E-08
  2.590263E+00  1.300000E+02     3  1.221062E-04  8.745144E+01  5.429591E-06  1.219854E-04
  2.590263E+00  1.300000E+02     4  6.683480E-05 -1.452247E+00  6.681333E-05 -1.693847E-06
  2.590263E+00  1.300000E+02     5  5.568452E-05 -7.552290E-01  5.567968E-05 -7.339693E-07
  2.590263E+00  1.300000E+02     6  1.016380E-11 -9.370922E+01 -6.575259E-13 -1.014251E-11
  2.590263E+00  1.400000E+02     1  4.289411E-05  1.791714E+02 -4.288963E-05  6.203172E-07
  2.590263E+00  1.400000E+02     2  3.598893E-05  1.051474E-01  3.598886E-05  6.604571E-08
  2.590263E+00  1.400000E+02     3  1.221069E-04  8.743371E+01  5.467374E-06  1.219845E-04
  2.590263E+00  1.400000E+02     4  5.589381E-05 -1.549132E+00  5.587338E-05 -1.511042E-06
  2.590263E+00  1.400000E+02     5  6.662837E-05 -7.931978E-01  6.662199E-05 -9.223680E-07
  2.590263E+00  1.400000E+02     6  1.075149E-11 -9.445808E+01 -8.357095E-13 -1.071896E-11
  2.590263E+00  1.500000E+02     1  4.832750E-05  1.792012E+02 -4.832281E-05  6.737222E-07
  2.590263E+00  1.500000E+02     2  2.815386E-05  3.191995E-01  2.815342E-05  1.568467E-07
  2.590263E+00  1.500000E+02     3  1.220938E-04  8.741559E+01  5.505359E-06  1.219696E-04
  2.590263E+00  1.500000E+02     4  4.325938E-05 -1.724145E+00  4.323980E-05 -1.301565E-06
  2.590263E+00  1.500000E+02     5  7.555065E-05 -8.207807E-01  7.554290E-05 -1.082251E-06
  2.590263E+00  1.500000E+02     6  1.115435E-11 -9.515108E+01 -1.001463E-12 -1.110930E-11
  2.590263E+00  1.600000E+02     1  5.229393E-05  1.792248E+02 -5.228914E-05  7.074790E-07
  2.590263E+00  1.600000E+02     2  1.946078E-05  7.592042E-01  1.945907E-05  2.578597E-07
  2.590263E+00  1.600000E+02     3  1.220682E-04  8.739750E+01  5.542691E-06  1.219423E-04
  2.590263E+00  1.600000E+02     4  2.931807E-05 -2.095035E+00  2.929848E-05 -1.071784E-06
  2.590263E+00  1.600000E+02     5  8.217595E-05 -8.420405E-01  8.216708E-05 -1.207646E-06
  2.590263E+00  1.600000E+02     6  1.117747E-11 -9.590584E+01 -1.150094E-12 -1.111814E-11
  2.590263E+00  1.700000E+02     1  5.467508E-05  1.792436E+02 -5.467032E-05  7.217373E-07
  2.590263E+00  1.700000E+02     2  1.017610E-05  2.060113E+00  1.016952E-05  3.658104E-07
  2.590263E+00  1.700000E+02     3  1.220328E-04  8.737969E+01  5.578988E-06  1.219052E-04
  2.590263E+00  1.700000E+02     4  1.449675E-05 -3.276142E+00  1.447306E-05 -8.284646E-07
  2.590263E+00  1.700000E+02     5  8.629914E-05 -8.587101E-01  8.628945E-05 -1.293344E-06
  2.590263E+00  1.700000E+02     6  1.078745E-11 -9.680114E+01 -1.277489E-12 -1.071154E-11
  2.590263E+00  1.800000E+02     1  5.539981E-05  1.792581E+02 -5.539517E-05  7.173694E-07
  2.590263E+00  1.800000E+02     2  7.416162E-07  4.004045E+01  5.677743E-07  4.771027E-07
  2.590263E+00  1.800000E+02     3  1.219919E-04  8.736227E+01  5.614159E-06  1.218626E-04
  2.590263E+00  1.800000E+02     4  9.775654E-07 -1.437117E+02 -7.879659E-07 -5.785706E-07
  2.590263E+00  1.800000E+02     5  8.779260E-05 -8.714743E-01  8.778244E-05 -1.335282E-06
  2.590263E+00  1.800000E+02     6  1.013080E-11 -9.782982E+01 -1.380132E-12 -1.003635E-11
  2.590263E+00  1.900000E+02     1  5.444599E-05  1.792678E+02 -5.444154E-05  6.957663E-07
  2.590263E+00  1.900000E+02     2  9.071754E-06  1.762839E+02 -9.052680E-06  5.879689E-07
  2.590263E+00  1.900000E+02     3  1.219497E-04  8.734536E+01  5.648172E-06  1.218189E-04
  2.590263E+00  1.900000E+02     4  1.602772E-05 -1.788234E+02 -1.602434E-05 -3.291242E-07
  2.590263E+00  1.900000E+02     5  8.661065E-05 -8.804513E-01  8.660043E-05 -1.330874E-06
  2.590263E+00  1.900000E+02     6  9.469155E-12 -9.883953E+01 -1.455103E-12 -9.356686E-12
  2.590263E+00  2.000000E+02     1  5.184123E-05  1.792720E+02 -5.183704E-05  6.586355E-07
  2.590263E+00  2.000000E+02     2  1.841040E-05  1.778376E+02 -1.839729E-05  6.946609E-07
  2.590263E+00  2.000000E+02     3  1.219108E-04  8.732914E+01  5.680858E-06  1.217783E-04
  2.590263E+00  2.000000E+02     4  3.077718E-05 -1.798378E+02 -3.077706E-05 -8.712088E-08
  2.590263E+00  2.000000E+02     5  8.279108E-05 -8.853518E-01  8.278119E-05 -1.279262E-06
  2.590263E+00  2.000000E+02     6  9.061490E-12 -9.952908E+01 -1.500113E-12 -8.936457E-12
  2.590263E+00  2.100000E+02     1  4.766240E-05  1.792693E+02 -4.765853E-05  6.078252E-07
  2.590263E+00  2.100000E+02     2  2.719158E-05  1.783274E+02 -2.718000E-05  7.936553E-07
  2.590263E+00  2.100000E+02     3  1.218786E-04  8.731387E+01  5.711800E-06  1.217447E-04
  2.590263E+00  2.100000E+02     4  4.460146E-05  1.798195E+02 -4.460124E-05  1.405334E-07
  2.590263E+00  2.100000E+02     5  7.645341E-05 -8.854364E-01  7.644428E-05 -1.181447E-06
  2.590263E+00  2.100000E+02     6  9.049794E-12 -9.962800E+01 -1.513584E-12 -8.922322E-12
  2.590263E+00  2.200000E+02     1  4.203393E-05  1.792568E+02 -4.203039E-05  5.451974E-07
  2.590263E+00  2.200000E+02     2  3.514357E-05  1.785622E+02 -3.513251E-05  8.818403E-07
  2.590263E+00  2.200000E+02     3  1.218562E-04  8.729994E+01  5.740333E-06  1.217210E-04
  2.590263E+00  2.200000E+02     4  5.707976E-05  1.796516E+02 -5.707871E-05  3.471072E-07
  2.590263E+00  2.200000E+02     5  6.779444E-05 -8.792228E-01  6.778646E-05 -1.040287E-06
  2.590263E+00  2.200000E+02     6  9.400679E-12 -9.914930E+01 -1.494780E-12 -9.281078E-12
  2.590263E+00  2.300000E+02     1  3.512464E-05  1.792291E+02 -3.512147E-05  4.725564E-07
  2.590263E+00  2.300000E+02     2  4.202368E-05  1.786956E+02 -4.201279E-05  9.566481E-07
  2.590263E+00  2.300000E+02     3  1.218456E-04  8.728781E+01  5.765618E-06  1.217091E-04
  2.590263E+00  2.300000E+02     4  6.783229E-05  1.795555E+02 -6.783025E-05  5.261879E-07
  2.590263E+00  2.300000E+02     5  5.708113E-05 -8.636389E-01  5.707465E-05 -8.603709E-07
  2.590263E+00  2.300000E+02     6  9.925598E-12 -9.836502E+01 -1.443966E-12 -9.820003E-12
  2.590263E+00  2.400000E+02     1  2.714326E-05  1.791733E+02 -2.714044E-05  3.916320E-07
  2.590263E+00  2.400000E+02     2  4.762339E-05  1.787774E+02 -4.761255E-05  1.016115E-06
  2.590263E+00  2.400000E+02     3  1.218475E-04  8.727790E+01  5.786744E-06  1.217100E-04
  2.590263E+00  2.400000E+02     4  7.653015E-05  1.794970E+02 -7.652720E-05  6.719027E-07
  2.590263E+00  2.400000E+02     5  4.464149E-05 -8.314383E-01  4.463678E-05 -6.477849E-07
  2.590263E+00  2.400000E+02     6  1.036993E-11 -9.754991E+01 -1.362504E-12 -1.028003E-11
  2.590263E+00  2.500000E+02     1  1.833238E-05  1.790495E+02 -1.832986E-05  3.041052E-07
  2.590263E+00  2.500000E+02     2  5.177415E-05  1.788281E+02 -5.176332E-05  1.058871E-06
  2.590263E+00  2.500000E+02     3  1.218619E-04  8.727066E+01  5.802821E-06  1.217236E-04
  2.590263E+00  2.500000E+02     4  8.290563E-05  1.794615E+02 -8.290197E-05  7.792019E-07
  2.590263E+00  2.500000E+02     5  3.085391E-05 -7.610492E-01  3.085118E-05 -4.098146E-07
  2.590263E+00  2.500000E+02     6  1.053258E-11 -9.683161E+01 -1.252869E-12 -1.045780E-11
  2.590263E+00  2.600000E+02     1  8.961277E-06  1.786466E+02 -8.958777E-06  2.116583E-07
  2.590263E+00  2.600000E+02     2  5.435192E-05  1.788571E+02 -5.434111E-05  1.084078E-06
  2.590263E+00  2.600000E+02     3  1.218872E-04  8.726642E+01  5.813023E-06  1.217485E-04
  2.590263E+00  2.600000E+02     4  8.676118E-05  1.794425E+02 -8.675708E-05  8.441647E-07
  2.590263E+00  2.600000E+02     5  1.613564E-05 -5.490035E-01  1.613490E-05 -1.546080E-07
  2.590263E+00  2.600000E+02     6  1.035997E-11 -9.619820E+01 -1.118547E-12 -1.029941E-11
  2.590263E+00  2.700000E+02     1  6.955248E-07  9.603527E+00  6.857776E-07  1.160340E-07
  2.590263E+00  2.700000E+02     2  5.528046E-05  1.788688E+02 -5.526969E-05  1.091351E-06
  2.590263E+00  2.700000E+02     3  1.219209E-04  8.726549E+01  5.816605E-06  1.217820E-04
  2.590263E+00  2.700000E+02     4  8.797638E-05  1.794371E+02 -8.797213E-05  8.642739E-07
  2.590263E+00  2.700000E+02     5  9.378715E-07  6.684123E+00  9.314967E-07  1.091640E-07
  2.590263E+00  2.700000E+02     6  9.968942E-12 -9.554835E+01 -9.638533E-13 -9.922237E-12
  2.590263E+00  2.800000E+02     1  1.030816E-05  1.061051E-01  1.030814E-05  1.908950E-08
  2.590263E+00  2.800000E+02     2  5.453301E-05  1.788645E+02 -5.452230E-05  1.080700E-06
  2.590263E+00  2.800000E+02     3  1.219590E-04  8.726808E+01  5.812922E-06  1.218204E-04
  2.590263E+00  2.800000E+02     4  8.651238E-05  1.794446E+02 -8.650831E-05  8.386079E-07
  2.590263E+00  2.800000E+02     5  1.430631E-05  1.785075E+02 -1.430145E-05  3.726340E-07
  2.590263E+00  2.800000E+02     6  9.587822E-12 -9.474855E+01 -7.937091E-13 -9.554913E-12
  2.590263E+00  2.900000E+02     1  1.961385E-05 -2.254021E-01  1.961370E-05 -7.716086E-08
  2.590263E+00  2.900000E+02     2  5.213275E-05  1.788432E+02 -5.212212E-05  1.052499E-06
  2.590263E+00  2.900000E+02     3  1.219970E-04  8.727432E+01  5.801474E-06  1.218590E-04
  2.590263E+00  2.900000E+02     4  8.241363E-05  1.794661E+02 -8.241005E-05  7.679166E-07
  2.590263E+00  2.900000E+02     5  2.911185E-05  1.787658E+02 -2.910509E-05  6.270481E-07
  2.590263E+00  2.900000E+02     6  9.444070E-12 -9.372415E+01 -6.134203E-13 -9.424127E-12
  2.590263E+00  3.000000E+02     1  2.831898E-05 -3.449996E-01  2.831846E-05 -1.705183E-07
  2.590263E+00  3.000000E+02     2  4.815197E-05  1.788011E+02 -4.814143E-05  1.007501E-06
  2.590263E+00  3.000000E+02     3  1.220302E-04  8.728421E+01  5.781996E-06  1.218931E-04
  2.590263E+00  3.000000E+02     4  7.580655E-05  1.795053E+02 -7.580372E-05  6.545711E-07
  2.590263E+00  3.000000E+02     5  4.304080E-05  1.788497E+02 -4.303213E-05  8.640671E-07
  2.590263E+00  3.000000E+02     6  9.651561E-12 -9.254452E+01 -4.284870E-13 -9.642045E-12
  2.590263E+00  3.100000E+02     1  3.615898E-05 -4.097555E-01  3.615806E-05 -2.585917E-07
  2.590263E+00  3.100000E+02     2  4.271002E-05  1.787297E+02 -4.269953E-05  9.468696E-07
  2.590263E+00  3.100000E+02     3  1.220544E-04  8.729764E+01  5.754574E-06  1.219187E-04
  2.590263E+00  3.100000E+02     4  6.689521E-05  1.795697E+02 -6.689333E-05  5.024059E-07
  2.590263E+00  3.100000E+02     5  5.567011E-05  1.788924E+02 -5.565971E-05  1.076059E-06
  2.590263E+00  3.100000E+02     6  1.015077E-11 -9.137985E+01 -2.444371E-13 -1.014782E-11
  2.590263E+00  3.200000E+02     1  4.289704E-05 -4.525473E-01  4.289570E-05 -3.388162E-07
  2.590263E+00  3.200000E+02     2  3.597014E-05  1.786105E+02 -3.595956E-05  8.722134E-07
  2.590263E+00  3.200000E+02     3  1.220669E-04  8.731428E+01  5.719737E-06  1.219328E-04
  2.590263E+00  3.200000E+02     4  5.595437E-05  1.796759E+02 -5.595347E-05  3.164865E-07
  2.590263E+00  3.200000E+02     5  6.661408E-05  1.789193E+02 -6.660223E-05  1.256380E-06
  2.590263E+00  3.200000E+02     6  1.073151E-11 -9.035599E+01 -6.667701E-14 -1.073130E-11
  2.590263E+00  3.300000E+02     1  4.833075E-05 -4.842855E-01  4.832902E-05 -4.085049E-07
  2.590263E+00  3.300000E+02     2  2.813514E-05  1.784000E+02 -2.812417E-05  7.855895E-07
  2.590263E+00  3.300000E+02     3  1.220665E-04  8.733365E+01  5.678504E-06  1.219344E-04
  2.590263E+00  3.300000E+02     4  4.332011E-05  1.798640E+02 -4.331999E-05  1.028453E-07
  2.590263E+00  3.300000E+02     5  7.553657E-05  1.789383E+02 -7.552360E-05  1.399631E-06
  2.590263E+00  3.300000E+02     6  1.112872E-11 -8.948698E+01  9.964449E-14 -1.112828E-11
  2.590263E+00  3.400000E+02     1  5.229762E-05 -5.093850E-01  5.229555E-05 -4.649430E-07
  2.590263E+00  3.400000E+02     2  1.944212E-05  1.779677E+02 -1.942989E-05  6.894696E-07
  2.590263E+00  3.400000E+02     3  1.220542E-04  8.735508E+01  5.632339E-06  1.219242E-04
  2.590263E+00  3.400000E+02     4  2.937905E-05 -1.797430E+02 -2.937875E-05 -1.317761E-07
  2.590263E+00  3.400000E+02     5  8.216214E-05  1.789526E+02 -8.214841E-05  1.501853E-06
  2.590263E+00  3.400000E+02     6  1.114596E-11 -8.871604E+01  2.497516E-13 -1.114316E-11
  2.590263E+00  3.500000E+02     1  5.467928E-05 -5.297214E-01  5.467694E-05 -5.055237E-07
  2.590263E+00  3.500000E+02     2  1.015739E-05  1.766889E+02 -1.014044E-05  5.866629E-07
  2.590263E+00  3.500000E+02     3  1.220326E-04  8.737778E+01  5.583038E-06  1.219048E-04
  2.590263E+00  3.500000E+02     4  1.455837E-05 -1.785037E+02 -1.455340E-05 -3.801564E-07
  2.590263E+00  3.500000E+02     5  8.628564E-05  1.789636E+02 -8.627153E-05  1.560656E-06
  2.590263E+00  3.500000E+02     6  1.074851E-11 -8.797755E+01  3.793264E-13 -1.074181E-11
  2.398118E+00  0.000000E+00     1  4.301751E-05 -1.318732E+00  4.300611E-05 -9.900131E-07
  2.398118E+00  0.000000E+00     2  8.177858E-07  1.434632E+02 -6.570699E-07  4.868602E-07
  2.398118E+00  0.000000E+00     3  1.384250E-04  8.399705E+01  1.447644E-05  1.376660E-04
  2.398118E+00  0.000000E+00     4  1.467331E-06 -3.875268E+01  1.144305E-06 -9.184904E-07
  2.398118E+00  0.000000E+00     5  1.197023E-04  1.778334E+02 -1.196167E-04  4.525417E-06
  2.398118E+00  0.000000E+00     6  8.690055E-12 -8.966743E+01  5.044097E-14 -8.689908E-12
  2.398118E+00  1.000000E+01     1  4.222603E-05 -1.339143E+00  4.221449E-05 -9.868364E-07
  2.398118E+00  1.000000E+01     2  6.820963E-06  2.516779E+00  6.814384E-06  2.995219E-07
  2.398118E+00  1.000000E+01     3  1.383824E-04  8.403153E+01  1.438916E-05  1.376323E-04
  2.398118E+00  1.000000E+01     4  2.196857E-05 -4.374169E+00  2.190458E-05 -1.675532E-06
  2.398118E+00  1.000000E+01     5  1.181389E-04  1.778370E+02 -1.180547E-04  4.458851E-06
  2.398118E+00  1.000000E+01     6  7.715619E-12 -8.895430E+01  1.408092E-13 -7.714334E-12
  2.398118E+00  2.000000E+01     1  4.015721E-05 -1.353330E+00  4.014601E-05 -9.484279E-07
  2.398118E+00  2.000000E+01     2  1.407949E-05  4.769746E-01  1.407900E-05  1.172073E-07
  2.398118E+00  2.000000E+01     3  1.383441E-04  8.406403E+01  1.430714E-05  1.376023E-04
  2.398118E+00  2.000000E+01     4  4.206876E-05 -3.279224E+00  4.199987E-05 -2.406418E-06
  2.398118E+00  2.000000E+01     5  1.129727E-04  1.778370E+02 -1.128922E-04  4.263797E-06
  2.398118E+00  2.000000E+01     6  7.135353E-12 -8.839234E+01  2.001843E-13 -7.132544E-12
  2.398118E+00  3.000000E+01     1  3.687030E-05 -1.359403E+00  3.685992E-05 -8.747048E-07
  2.398118E+00  3.000000E+01     2  2.091276E-05 -1.494033E-01  2.091269E-05 -5.453163E-08
  2.398118E+00  3.000000E+01     3  1.383153E-04  8.409330E+01  1.423388E-05  1.375810E-04
  2.398118E+00  3.000000E+01     4  6.090472E-05 -2.907733E+00  6.082631E-05 -3.089559E-06
  2.398118E+00  3.000000E+01     5  1.043676E-04  1.778318E+02 -1.042929E-04  3.948477E-06
  2.398118E+00  3.000000E+01     6  7.167130E-12 -8.819172E+01  2.261606E-13 -7.163560E-12
  2.398118E+00  4.000000E+01     1  3.246106E-05 -1.353929E+00  3.245200E-05 -7.670006E-07
  2.398118E+00  4.000000E+01     2  2.710646E-05 -4.449863E-01  2.710564E-05 -2.105196E-07
  2.398118E+00  4.000000E+01     3  1.382997E-04  8.411821E+01  1.417244E-05  1.375716E-04
  2.398118E+00  4.000000E+01     4  7.790362E-05 -2.725536E+00  7.781549E-05 -3.704445E-06
  2.398118E+00  4.000000E+01     5  9.259339E-05  1.778186E+02 -9.252629E-05  3.524444E-06
  2.398118E+00  4.000000E+01     6  7.752950E-12 -8.839408E+01  2.172758E-13 -7.749905E-12
  2.398118E+00  5.000000E+01     1  2.705990E-05 -1.330193E+00  2.705261E-05 -6.281730E-07
  2.398118E+00  5.000000E+01     2  3.247114E-05 -6.106754E-01  3.246930E-05 -3.460805E-07
  2.398118E+00  5.000000E+01     3  1.382995E-04  8.413775E+01  1.412551E-05  1.375762E-04
  2.398118E+00  5.000000E+01     4  9.254770E-05 -2.621070E+00  9.245088E-05 -4.232239E-06
  2.398118E+00  5.000000E+01     5  7.801547E-05  1.777919E+02 -7.795754E-05  3.005842E-06
  2.398118E+00  5.000000E+01     6  8.591579E-12 -8.884461E+01  1.732398E-13 -8.589833E-12
  2.398118E+00  6.000000E+01     1  2.082886E-05 -1.272654E+00  2.082372E-05 -4.626128E-07
  2.398118E+00  6.000000E+01     2  3.684493E-05 -7.108936E-01  3.684210E-05 -4.571394E-07
  2.398118E+00  6.000000E+01     3  1.383154E-04  8.415100E+01  1.409532E-05  1.375953E-04
  2.398118E+00  6.000000E+01     4  1.043876E-04 -2.556652E+00  1.042837E-04 -4.656436E-06
  2.398118E+00  6.000000E+01     5  6.108185E-05  1.777400E+02 -6.103434E-05  2.408662E-06
  2.398118E+00  6.000000E+01     6  9.282286E-12 -8.941296E+01  9.510295E-14 -9.281799E-12
  2.398118E+00  7.000000E+01     1  1.395729E-05 -1.133607E+00  1.395456E-05 -2.761294E-07
  2.398118E+00  7.000000E+01     2  4.009763E-05 -7.720883E-01  4.009399E-05 -5.403186E-07
  2.398118E+00  7.000000E+01     3  1.383466E-04  8.415728E+01  1.408343E-05  1.376279E-04
  2.398118E+00  7.000000E+01     4  1.130567E-04 -2.516260E+00  1.129477E-04 -4.963516E-06
  2.398118E+00  7.000000E+01     5  4.230809E-05  1.776293E+02 -4.227188E-05  1.750099E-06
  2.398118E+00  7.000000E+01     6  9.513229E-12 -9.008856E+01 -1.470399E-14 -9.513217E-12
  2.398118E+00  8.000000E+01     1  6.656312E-06 -6.516626E-01  6.655882E-06 -7.570499E-08
  2.398118E+00  8.000000E+01     2  4.213382E-05 -8.064625E-01  4.212965E-05 -5.930319E-07
  2.398118E+00  8.000000E+01     3  1.383908E-04  8.415627E+01  1.409035E-05  1.376716E-04
  2.398118E+00  8.000000E+01     4  1.182839E-04 -2.492272E+00  1.181721E-04 -5.143534E-06
  2.398118E+00  8.000000E+01     5  2.226156E-05  1.773015E+02 -2.223687E-05  1.048086E-06
  2.398118E+00  8.000000E+01     6  9.206509E-12 -9.094897E+01 -1.524780E-13 -9.205247E-12
  2.398118E+00  9.000000E+01     1  8.569470E-07  1.712151E+02 -8.468939E-07  1.308778E-07
  2.398118E+00  9.000000E+01     2  4.289486E-05 -8.195848E-01  4.289047E-05 -6.135666E-07
  2.398118E+00  9.000000E+01     3  1.384436E-04  8.414814E+01  1.411526E-05  1.377221E-04
  2.398118E+00  9.000000E+01     4  1.199041E-04 -2.481083E+00  1.197917E-04 -5.190592E-06
  2.398118E+00  9.000000E+01     5  1.564459E-06  1.681583E+02 -1.531165E-06  3.210396E-07
  2.398118E+00  9.000000E+01     6  8.551829E-12 -9.210066E+01 -3.134690E-13 -8.546082E-12
  2.398118E+00  1.000000E+02     1  8.328306E-06  1.776912E+02 -8.321545E-06  3.355061E-07
  2.398118E+00  1.000000E+02     2  4.235980E-05 -8.131292E-01  4.235553E-05 -6.011408E-07
  2.398118E+00  1.000000E+02     3  1.384989E-04  8.413362E+01  1.415582E-05  1.377736E-04
  2.398118E+00  1.000000E+02     4  1.178641E-04 -2.481508E+00  1.177536E-04 -5.103156E-06
  2.398118E+00  1.000000E+02     5  1.922909E-05 -1.228371E+00  1.922467E-05 -4.122232E-07
  2.398118E+00  1.000000E+02     6  7.912747E-12 -9.356601E+01 -4.921603E-13 -7.897426E-12
  2.398118E+00  1.100000E+02     1  1.554629E-05  1.780454E+02 -1.553725E-05  5.302562E-07
  2.398118E+00  1.100000E+02     2  4.054548E-05 -7.856193E-01  4.054167E-05 -5.559278E-07
  2.398118E+00  1.100000E+02     3  1.385496E-04  8.411392E+01  1.420838E-05  1.378191E-04
  2.398118E+00  1.100000E+02     4  1.122260E-04 -2.494354E+00  1.121196E-04 -4.884179E-06
  2.398118E+00  1.100000E+02     5  3.942406E-05 -1.646060E+00  3.940779E-05 -1.132465E-06
  2.398118E+00  1.100000E+02     6  7.649006E-12 -9.511953E+01 -6.825501E-13 -7.618492E-12
  2.398118E+00  1.200000E+02     1  2.228387E-05  1.781796E+02 -2.227262E-05  7.078987E-07
  2.398118E+00  1.200000E+02     2  3.750582E-05 -7.318445E-01  3.750276E-05 -4.790525E-07
  2.398118E+00  1.200000E+02     3  1.385880E-04  8.409058E+01  1.426847E-05  1.378516E-04
  2.398118E+00  1.200000E+02     4  1.031647E-04 -2.522808E+00  1.030647E-04 -4.541010E-06
  2.398118E+00  1.200000E+02     5  5.843820E-05 -1.784761E+00  5.840985E-05 -1.820053E-06
  2.398118E+00  1.200000E+02     6  7.939578E-12 -9.635204E+01 -8.784114E-13 -7.890836E-12
  2.398118E+00  1.300000E+02     1  2.833619E-05  1.782561E+02 -2.832307E-05  8.623250E-07
  2.398118E+00  1.300000E+02     2  3.333046E-05 -6.404769E-01  3.332837E-05 -3.725744E-07
  2.398118E+00  1.300000E+02     3  1.386078E-04  8.406520E+01  1.433157E-05  1.378649E-04
  2.398118E+00  1.300000E+02     4  9.096234E-05 -2.573980E+00  9.087056E-05 -4.085056E-06
  2.398118E+00  1.300000E+02     5  7.569388E-05 -1.858725E+00  7.565405E-05 -2.455145E-06
  2.398118E+00  1.300000E+02     6  8.693541E-12 -9.709335E+01 -1.073534E-12 -8.627003E-12
  2.398118E+00  1.400000E+02     1  3.352153E-05  1.783096E+02 -3.350694E-05  9.888399E-07
  2.398118E+00  1.400000E+02     2  2.814275E-05 -4.875478E-01  2.814173E-05 -2.394726E-07
  2.398118E+00  1.400000E+02     3  1.386047E-04  8.403917E+01  1.439390E-05  1.378553E-04
  2.398118E+00  1.400000E+02     4  7.599743E-05 -2.663206E+00  7.591535E-05 -3.531219E-06
  2.398118E+00  1.400000E+02     5  9.066283E-05 -1.907706E+00  9.061258E-05 -3.018129E-06
  2.398118E+00  1.400000E+02     6  9.589807E-12 -9.756167E+01 -1.261954E-12 -9.506412E-12
  2.398118E+00  1.500000E+02     1  3.768607E-05  1.783513E+02 -3.767046E-05  1.084294E-06
  2.398118E+00  1.500000E+02     2  2.209714E-05 -2.168495E-01  2.209698E-05 -8.363167E-08
  2.398118E+00  1.500000E+02     3  1.385780E-04  8.401345E+01  1.445299E-05  1.378222E-04
  2.398118E+00  1.500000E+02     4  5.873186E-05 -2.827458E+00  5.866036E-05 -2.897150E-06
  2.398118E+00  1.500000E+02     5  1.028830E-04 -1.944143E+00  1.028238E-04 -3.490325E-06
  2.398118E+00  1.500000E+02     6  1.022381E-11 -9.808648E+01 -1.438159E-12 -1.012216E-11
  2.398118E+00  1.600000E+02     1  4.070752E-05  1.783853E+02 -4.069136E-05  1.147057E-06
  2.398118E+00  1.600000E+02     2  1.537569E-05  3.360828E-01  1.537542E-05  9.018944E-08
  2.398118E+00  1.600000E+02     3  1.385299E-04  8.398854E+01  1.450788E-05  1.377681E-04
  2.398118E+00  1.600000E+02     4  3.969508E-05 -3.180610E+00  3.963394E-05 -2.202427E-06
  2.398118E+00  1.600000E+02     5  1.119745E-04 -1.972888E+00  1.119081E-04 -3.854900E-06
  2.398118E+00  1.600000E+02     6  1.029508E-11 -9.892523E+01 -1.597235E-12 -1.017042E-11
  2.398118E+00  1.700000E+02     1  4.249770E-05  1.784131E+02 -4.248140E-05  1.176857E-06
  2.398118E+00  1.700000E+02     2  8.185404E-06  1.935376E+00  8.180734E-06  2.764395E-07
  2.398118E+00  1.700000E+02     3  1.384658E-04  8.396453E+01  1.455887E-05  1.376983E-04
  2.398118E+00  1.700000E+02     4  1.946965E-05 -4.323488E+00  1.941425E-05 -1.467769E-06
  2.398118E+00  1.700000E+02     5  1.176535E-04 -1.996012E+00  1.175821E-04 -4.097865E-06
  2.398118E+00  1.700000E+02     6  9.749836E-12 -1.002500E+02 -1.734928E-12 -9.594234E-12
  2.398118E+00  1.800000E+02     1  4.300423E-05  1.784349E+02 -4.298819E-05  1.174536E-06
  2.398118E+00  1.800000E+02     2  8.701060E-07  3.261222E+01  7.329229E-07  4.689441E-07
  2.398118E+00  1.800000E+02     3  1.383928E-04  8.394129E+01  1.460702E-05  1.376198E-04
  2.398118E+00  1.800000E+02     4  1.561382E-06 -1.527707E+02 -1.388353E-06 -7.144153E-07
  2.398118E+00  1.800000E+02     5  1.197429E-04 -2.014390E+00  1.196689E-04 -4.209021E-06
  2.398118E+00  1.800000E+02     6  8.809973E-12 -1.021059E+02 -1.847623E-12 -8.614053E-12
  2.398118E+00  1.900000E+02     1  4.221168E-05  1.784500E+02 -4.219624E-05  1.141772E-06
  2.398118E+00  1.900000E+02     2  6.771096E-06  1.743963E+02 -6.738738E-06  6.611749E-07
  2.398118E+00  1.900000E+02     3  1.383184E-04  8.391868E+01  1.465343E-05  1.375400E-04
  2.398118E+00  1.900000E+02     4  2.214877E-05  1.799061E+02 -2.214874E-05  3.630373E-08
  2.398118E+00  1.900000E+02     5  1.181785E-04 -2.028310E+00  1.181045E-04 -4.182727E-06
  2.398118E+00  1.900000E+02     6  7.871227E-12 -1.042106E+02 -1.932288E-12 -7.630365E-12
  2.398118E+00  2.000000E+02     1  4.014206E-05  1.784571E+02 -4.012750E-05  1.080818E-06
  2.398118E+00  2.000000E+02     2  1.402910E-05  1.765403E+02 -1.400353E-05  8.466012E-07
  2.398118E+00  2.000000E+02     3  1.382499E-04  8.389675E+01  1.469879E-05  1.374663E-04
  2.398118E+00  2.000000E+02     4  4.225093E-05  1.789649E+02 -4.224403E-05  7.632247E-07
  2.398118E+00  2.000000E+02     5  1.130116E-04 -2.037702E+00  1.129402E-04 -4.018368E-06
  2.398118E+00  2.000000E+02     6  7.317790E-12 -1.057509E+02 -1.986454E-12 -7.043015E-12
  2.398118E+00  2.100000E+02     1  3.685470E-05  1.784541E+02 -3.684129E-05  9.942881E-07
  2.398118E+00  2.100000E+02     2  2.086223E-05  1.772001E+02 -2.083732E-05  1.019071E-06
  2.398118E+00  2.100000E+02     3  1.381932E-04  8.387578E+01  1.474305E-05  1.374045E-04
  2.398118E+00  2.100000E+02     4  6.108745E-05  1.786441E+02 -6.107034E-05  1.445545E-06
  2.398118E+00  2.100000E+02     5  1.044061E-04 -2.042158E+00  1.043398E-04 -3.720495E-06
  2.398118E+00  2.100000E+02     6  7.350821E-12 -1.058551E+02 -2.008290E-12 -7.071163E-12
  2.398118E+00  2.200000E+02     1  3.244543E-05  1.784369E+02 -3.243336E-05  8.850214E-07
  2.398118E+00  2.200000E+02     2  2.705576E-05  1.775149E+02 -2.703032E-05  1.173149E-06
  2.398118E+00  2.200000E+02     3  1.381529E-04  8.385628E+01  1.478550E-05  1.373594E-04
  2.398118E+00  2.200000E+02     4  7.808652E-05  1.784860E+02 -7.805926E-05  2.063087E-06
  2.398118E+00  2.200000E+02     5  9.263180E-05 -2.040729E+00  9.257305E-05 -3.298610E-06
  2.398118E+00  2.200000E+02     6  7.913459E-12 -1.046151E+02 -1.996764E-12 -7.657399E-12
  2.398118E+00  2.300000E+02     1  2.704467E-05  1.783981E+02 -2.703410E-05  7.560270E-07
  2.398118E+00  2.300000E+02     2  3.242019E-05  1.776942E+02 -3.239394E-05  1.304353E-06
  2.398118E+00  2.300000E+02     3  1.381322E-04  8.383890E+01  1.482496E-05  1.373343E-04
  2.398118E+00  2.300000E+02     4  9.273064E-05  1.783953E+02 -9.269428E-05  2.596747E-06
  2.398118E+00  2.300000E+02     5  7.805411E-05 -2.031291E+00  7.800506E-05 -2.766650E-06
  2.398118E+00  2.300000E+02     6  8.721198E-12 -1.029327E+02 -1.951861E-12 -8.499972E-12
  2.398118E+00  2.400000E+02     1  2.081441E-05  1.783193E+02 -2.080545E-05  6.104896E-07
  2.398118E+00  2.400000E+02     2  3.679363E-05  1.778050E+02 -3.676664E-05  1.409248E-06
  2.398118E+00  2.400000E+02     3  1.381326E-04  8.382428E+01  1.486004E-05  1.373310E-04
  2.398118E+00  2.400000E+02     4  1.045705E-04  1.783400E+02 -1.045267E-04  3.029158E-06
  2.398118E+00  2.400000E+02     5  6.112099E-05 -2.008584E+00  6.108344E-05 -2.142243E-06
  2.398118E+00  2.400000E+02     6  9.386389E-12 -1.015211E+02 -1.874730E-12 -9.197265E-12
  2.398118E+00  2.500000E+02     1  1.394394E-05  1.781432E+02 -1.393662E-05  4.518122E-07
  2.398118E+00  2.500000E+02     2  4.004593E-05  1.778743E+02 -4.001837E-05  1.485411E-06
  2.398118E+00  2.500000E+02     3  1.381543E-04  8.381304E+01  1.488931E-05  1.373496E-04
  2.398118E+00  2.500000E+02     4  1.132397E-04  1.783070E+02 -1.131902E-04  3.345518E-06
  2.398118E+00  2.500000E+02     5  4.234787E-05 -1.956592E+00  4.232318E-05 -1.445855E-06
  2.398118E+00  2.500000E+02     6  9.600689E-12 -1.006101E+02 -1.767720E-12 -9.436546E-12
  2.398118E+00  2.600000E+02     1  6.644377E-06  1.775532E+02 -6.638320E-06  2.836571E-07
  2.398118E+00  2.600000E+02     2  4.208171E-05  1.779146E+02 -4.205384E-05  1.531312E-06
  2.398118E+00  2.600000E+02     3  1.381951E-04  8.380572E+01  1.491126E-05  1.373882E-04
  2.398118E+00  2.600000E+02     4  1.184670E-04  1.782903E+02 -1.184143E-04  3.534476E-06
  2.398118E+00  2.600000E+02     5  2.230172E-05 -1.798510E+00  2.229074E-05 -6.999342E-07
  2.398118E+00  2.600000E+02     6  9.283739E-12 -1.001389E+02 -1.634262E-12 -9.138763E-12
  2.398118E+00  2.700000E+02     1  8.710491E-07  7.252248E+00  8.640807E-07  1.099594E-07
  2.398118E+00  2.700000E+02     2  4.284237E-05  1.779318E+02 -4.281446E-05  1.546171E-06
  2.398118E+00  2.700000E+02     3  1.382510E-04  8.380281E+01  1.492428E-05  1.374431E-04
  2.398118E+00  2.700000E+02     4  1.200873E-04  1.782874E+02 -1.200337E-04  3.588905E-06
  2.398118E+00  2.700000E+02     5  1.589281E-06  2.591896E+00  1.587655E-06  7.186997E-08
  2.398118E+00  2.700000E+02     6  8.619605E-12 -9.987761E+01 -1.478643E-12 -8.491831E-12
  2.398118E+00  2.800000E+02     1  8.338656E-06 -4.473257E-01  8.338402E-06 -6.510178E-08
  2.398118E+00  2.800000E+02     2  4.230700E-05  1.779277E+02 -4.227933E-05  1.529849E-06
  2.398118E+00  2.800000E+02     3  1.383158E-04  8.380477E+01  1.492657E-05  1.375080E-04
  2.398118E+00  2.800000E+02     4  1.180477E-04  1.782979E+02 -1.179956E-04  3.506435E-06
  2.398118E+00  2.800000E+02     5  1.918444E-05  1.774744E+02 -1.916580E-05  8.453848E-07
  2.398118E+00  2.800000E+02     6  7.964867E-12 -9.943567E+01 -1.305761E-12 -7.857105E-12
  2.398118E+00  2.900000E+02     1  1.555567E-05 -8.735759E-01  1.555386E-05 -2.371646E-07
  2.398118E+00  2.900000E+02     2  4.049246E-05  1.779014E+02 -4.046531E-05  1.482816E-06
  2.398118E+00  2.900000E+02     3  1.383817E-04  8.381202E+01  1.491628E-05  1.375754E-04
  2.398118E+00  2.900000E+02     4  1.124099E-04  1.783230E+02 -1.123618E-04  3.289657E-06
  2.398118E+00  2.900000E+02     5  3.937947E-05  1.776765E+02 -3.934710E-05  1.596523E-06
  2.398118E+00  2.900000E+02     6  7.675669E-12 -9.839709E+01 -1.120899E-12 -7.593384E-12
  2.398118E+00  3.000000E+02     1  2.229272E-05 -1.032649E+00  2.228910E-05 -4.017628E-07
  2.398118E+00  3.000000E+02     2  3.745269E-05  1.778483E+02 -3.742628E-05  1.406193E-06
  2.398118E+00  3.000000E+02     3  1.384406E-04  8.382485E+01  1.489180E-05  1.376373E-04
  2.398118E+00  3.000000E+02     4  1.033491E-04  1.783666E+02 -1.033071E-04  2.945960E-06
  2.398118E+00  3.000000E+02     5  5.839348E-05  1.777408E+02 -5.834809E-05  2.301888E-06
  2.398118E+00  3.000000E+02     6  7.936384E-12 -9.672629E+01 -9.295603E-13 -7.881758E-12
  2.398118E+00  3.100000E+02     1  2.834496E-05 -1.120732E+00  2.833954E-05 -5.544052E-07
  2.398118E+00  3.100000E+02     2  3.327731E-05  1.777580E+02 -3.325184E-05  1.301839E-06
  2.398118E+00  3.100000E+02     3  1.384850E-04  8.384331E+01  1.485221E-05  1.376863E-04
  2.398118E+00  3.100000E+02     4  9.114716E-05  1.784364E+02 -9.111322E-05  2.487047E-06
  2.398118E+00  3.100000E+02     5  7.564925E-05  1.777732E+02 -7.559212E-05  2.939432E-06
  2.398118E+00  3.100000E+02     6  8.665689E-12 -9.488108E+01 -7.373448E-13 -8.634263E-12
  2.398118E+00  3.200000E+02     1  3.353065E-05 -1.180239E+00  3.352354E-05 -6.906512E-07
  2.398118E+00  3.200000E+02     2  2.808970E-05  1.776078E+02 -2.806522E-05  1.172440E-06
  2.398118E+00  3.200000E+02     3  1.385099E-04  8.386712E+01  1.479766E-05  1.377172E-04
  2.398118E+00  3.200000E+02     4  7.618274E-05  1.785497E+02 -7.615833E-05  1.928231E-06
  2.398118E+00  3.200000E+02     5  9.061860E-05  1.777933E+02 -9.055140E-05  3.489192E-06
  2.398118E+00  3.200000E+02     6  9.545641E-12 -9.330200E+01 -5.498186E-13 -9.529793E-12
  2.398118E+00  3.300000E+02     1  3.769593E-05 -1.225464E+00  3.768731E-05 -8.061936E-07
  2.398118E+00  3.300000E+02     2  2.204424E-05  1.773439E+02 -2.202056E-05  1.021546E-06
  2.398118E+00  3.300000E+02     3  1.385135E-04  8.389558E+01  1.472964E-05  1.377280E-04
  2.398118E+00  3.300000E+02     4  5.891774E-05  1.787477E+02 -5.890367E-05  1.287610E-06
  2.398118E+00  3.300000E+02     5  1.028395E-04  1.778076E+02 -1.027642E-04  3.934065E-06
  2.398118E+00  3.300000E+02     6  1.016774E-11 -9.209886E+01 -3.723818E-13 -1.016092E-11
  2.398118E+00  3.400000E+02     1  4.071841E-05 -1.262240E+00  4.070853E-05 -8.969643E-07
  2.398118E+00  3.400000E+02     2  1.532295E-05  1.768068E+02 -1.529916E-05  8.535304E-07
  2.398118E+00  3.400000E+02     3  1.384972E-04  8.392762E+01  1.465088E-05  1.377201E-04
  2.398118E+00  3.400000E+02     4  3.988183E-05  1.791592E+02 -3.987754E-05  5.852641E-07
  2.398118E+00  3.400000E+02     5  1.119319E-04  1.778186E+02 -1.118508E-04  4.260532E-06
  2.398118E+00  3.400000E+02     6  1.022550E-11 -9.117752E+01 -2.101361E-13 -1.022334E-11
  2.398118E+00  3.500000E+02     1  4.250977E-05 -1.293049E+00  4.249895E-05 -9.592772E-07
  2.398118E+00  3.500000E+02     2  8.132597E-06  1.752499E+02 -8.104664E-06  6.734549E-07
  2.398118E+00  3.500000E+02     3  1.384656E-04  8.396193E+01  1.456508E-05  1.376974E-04
  2.398118E+00  3.500000E+02     4  1.965873E-05 -1.795411E+02 -1.965810E-05 -1.574552E-07
  2.398118E+00  3.500000E+02     5  1.176119E-04  1.778271E+02 -1.175273E-04  4.459251E-06
  2.398118E+00  3.500000E+02     6  9.659879E-12 -9.040204E+01 -6.778272E-14 -9.659641E-12
  2.243234E+00  0.000000E+00     1  2.525612E-05 -2.628563E+00  2.522954E-05 -1.158271E-06
  2.243234E+00  0.000000E+00     2  1.089321E-06  1.467574E+02 -9.110608E-07  5.971505E-07
  2.243234E+00  0.000000E+00     3  1.658681E-04  7.645238E+01  3.885518E-05  1.612529E-04
  2.243234E+00  0.000000E+00     4  2.559210E-06 -3.876312E+01  1.995521E-06 -1.602326E-06
  2.243234E+00  0.000000E+00     5  1.713982E-04  1.753609E+02 -1.708366E-04  1.386250E-05
  2.243234E+00  0.000000E+00     6  7.876587E-12 -9.617855E+01 -8.477345E-13 -7.830835E-12
  2.243234E+00  1.000000E+01     1  2.467020E-05 -2.665974E+00  2.464350E-05 -1.147491E-06
  2.243234E+00  1.000000E+01     2  3.496996E-06  6.192900E+00  3.476588E-06  3.772425E-07
  2.243234E+00  1.000000E+01     3  1.658120E-04  7.650552E+01  3.869251E-05  1.612343E-04
  2.243234E+00  1.000000E+01     4  3.189095E-05 -7.137969E+00  3.164379E-05 -3.962739E-06
  2.243234E+00  1.000000E+01     5  1.692798E-04  1.753568E+02 -1.687242E-04  1.370322E-05
  2.243234E+00  1.000000E+01     6  6.522948E-12 -9.656942E+01 -7.462706E-13 -6.480118E-12
  2.243234E+00  2.000000E+01     1  2.334461E-05 -2.691823E+00  2.331885E-05 -1.096354E-06
  2.243234E+00  2.000000E+01     2  7.761573E-06  1.198812E+00  7.759874E-06  1.623852E-07
  2.243234E+00  2.000000E+01     3  1.657631E-04  7.655536E+01  3.854087E-05  1.612204E-04
  2.243234E+00  2.000000E+01     4  6.064904E-05 -5.905861E+00  6.032713E-05 -6.240439E-06
  2.243234E+00  2.000000E+01     5  1.619908E-04  1.753491E+02 -1.614574E-04  1.313505E-05
  2.243234E+00  2.000000E+01     6  5.735177E-12 -9.678778E+01 -6.778535E-13 -5.694978E-12
  2.243234E+00  3.000000E+01     1  2.131379E-05 -2.701238E+00  2.129011E-05 -1.004477E-06
  2.243234E+00  3.000000E+01     2  1.180319E-05 -1.969228E-01  1.180312E-05 -4.056690E-08
  2.243234E+00  3.000000E+01     3  1.657292E-04  7.660002E+01  3.840735E-05  1.612174E-04
  2.243234E+00  3.000000E+01     4  8.758803E-05 -5.482788E+00  8.718731E-05 -8.368749E-06
  2.243234E+00  3.000000E+01     5  1.497661E-04  1.753349E+02 -1.492700E-04  1.218064E-05
  2.243234E+00  3.000000E+01     6  5.822399E-12 -9.636336E+01 -6.453158E-13 -5.786527E-12
  2.243234E+00  4.000000E+01     1  1.863266E-05 -2.685586E+00  1.861220E-05 -8.730363E-07
  2.243234E+00  4.000000E+01     2  1.548177E-05 -8.342849E-01  1.548013E-05 -2.254224E-07
  2.243234E+00  4.000000E+01     3  1.657154E-04  7.663780E+01  3.829782E-05  1.612292E-04
  2.243234E+00  4.000000E+01     4  1.118889E-04 -5.273663E+00  1.114153E-04 -1.028403E-05
  2.243234E+00  4.000000E+01     5  1.329938E-04  1.753100E+02 -1.325485E-04  1.087427E-05
  2.243234E+00  4.000000E+01     6  6.697541E-12 -9.557326E+01 -6.504549E-13 -6.665881E-12
  2.243234E+00  5.000000E+01     1  1.537670E-05 -2.627970E+00  1.536053E-05 -7.050317E-07
  2.243234E+00  5.000000E+01     2  1.868289E-05 -1.186310E+00  1.867888E-05 -3.868017E-07
  2.243234E+00  5.000000E+01     3  1.657244E-04  7.666718E+01  3.821724E-05  1.612576E-04
  2.243234E+00  5.000000E+01     4  1.328107E-04 -5.152556E+00  1.322740E-04 -1.192745E-05
  2.243234E+00  5.000000E+01     5  1.121987E-04  1.752661E+02 -1.118160E-04  9.259644E-06
  2.243234E+00  5.000000E+01     6  7.922140E-12 -9.502404E+01 -6.937707E-13 -7.891703E-12
  2.243234E+00  6.000000E+01     1  1.164125E-05 -2.488439E+00  1.163027E-05 -5.054374E-07
  2.243234E+00  6.000000E+01     2  2.131121E-05 -1.398696E+00  2.130486E-05 -5.201944E-07
  2.243234E+00  6.000000E+01     3  1.657570E-04  7.668673E+01  3.816970E-05  1.613024E-04
  2.243234E+00  6.000000E+01     4  1.497087E-04 -5.076488E+00  1.491214E-04 -1.324705E-05
  2.243234E+00  6.000000E+01     5  8.802311E-05  1.751856E+02 -8.771255E-05  7.387562E-06
  2.243234E+00  6.000000E+01     6  8.913982E-12 -9.498299E+01 -7.742685E-13 -8.880292E-12
  2.243234E+00  7.000000E+01     1  7.539670E-06 -2.137211E+00  7.534425E-06 -2.811748E-07
  2.243234E+00  7.000000E+01     2  2.329146E-05 -1.530197E+00  2.328316E-05 -6.219706E-07
  2.243234E+00  7.000000E+01     3  1.658120E-04  7.669536E+01  3.815807E-05  1.613616E-04
  2.243234E+00  7.000000E+01     4  1.620556E-04 -5.026932E+00  1.614323E-04 -1.419996E-05
  2.243234E+00  7.000000E+01     5  6.120381E-05  1.750193E+02 -6.097270E-05  5.313715E-06
  2.243234E+00  7.000000E+01     6  9.222542E-12 -9.553414E+01 -8.894108E-13 -9.179555E-12
  2.243234E+00  8.000000E+01     1  3.200892E-06 -7.314294E-01  3.200632E-06 -4.086101E-08
  2.243234E+00  8.000000E+01     2  2.456914E-05 -1.607855E+00  2.455947E-05 -6.893780E-07
  2.243234E+00  8.000000E+01     3  1.658856E-04  7.669250E+01  3.818306E-05  1.614314E-04
  2.243234E+00  8.000000E+01     4  1.694613E-04 -4.994864E+00  1.688177E-04 -1.475439E-05
  2.243234E+00  8.000000E+01     5  3.255015E-05  1.745404E+02 -3.240249E-05  3.096944E-06
  2.243234E+00  8.000000E+01     6  8.740544E-12 -9.680217E+01 -1.035245E-12 -8.679019E-12
  2.243234E+00  9.000000E+01     1  1.250556E-06  1.705334E+02 -1.233526E-06  2.056817E-07
  2.243234E+00  9.000000E+01     2  2.511063E-05 -1.644306E+00  2.510029E-05 -7.205399E-07
  2.243234E+00  9.000000E+01     3  1.659712E-04  7.667843E+01  3.824244E-05  1.615052E-04
  2.243234E+00  9.000000E+01     4  1.716878E-04 -4.975800E+00  1.710408E-04 -1.489133E-05
  2.243234E+00  9.000000E+01     5  2.965908E-06  1.643902E+02 -2.856515E-06  7.980805E-07
  2.243234E+00  9.000000E+01     6  7.752354E-12 -9.895451E+01 -1.206656E-12 -7.657871E-12
  2.243234E+00  1.000000E+02     1  5.644072E-06  1.754462E+02 -5.626255E-06  4.481162E-07
  2.243234E+00  1.000000E+02     2  2.490286E-05 -1.644015E+00  2.489261E-05 -7.144514E-07
  2.243234E+00  1.000000E+02     3  1.660589E-04  7.665439E+01  3.833045E-05  1.615746E-04
  2.243234E+00  1.000000E+02     4  1.686601E-04 -4.967949E+00  1.680265E-04 -1.460571E-05
  2.243234E+00  1.000000E+02     5  2.682745E-05 -3.249426E+00  2.678432E-05 -1.520655E-06
  2.243234E+00  1.000000E+02     6  6.793893E-12 -1.018719E+02 -1.397670E-12 -6.648572E-12
  2.243234E+00  1.100000E+02     1  9.861046E-06  1.760669E+02 -9.837821E-06  6.763935E-07
  2.243234E+00  1.100000E+02     2  2.395283E-05 -1.605200E+00  2.394343E-05 -6.709753E-07
  2.243234E+00  1.100000E+02     3  1.661369E-04  7.662255E+01  3.843827E-05  1.616291E-04
  2.243234E+00  1.100000E+02     4  1.604702E-04 -4.971654E+00  1.598664E-04 -1.390681E-05
  2.243234E+00  1.100000E+02     5  5.576418E-05 -3.903233E+00  5.563484E-05 -3.795957E-06
  2.243234E+00  1.100000E+02     6  6.384546E-12 -1.045294E+02 -1.601737E-12 -6.180361E-12
  2.243234E+00  1.200000E+02     1  1.376482E-05  1.763281E+02 -1.373656E-05  8.815378E-07
  2.243234E+00  1.200000E+02     2  2.228715E-05 -1.519142E+00  2.227931E-05 -5.908527E-07
  2.243234E+00  1.200000E+02     3  1.661925E-04  7.658566E+01  3.855523E-05  1.616584E-04
  2.243234E+00  1.200000E+02     4  1.473742E-04 -4.989675E+00  1.468157E-04 -1.281805E-05
  2.243234E+00  1.200000E+02     5  8.304245E-05 -4.118339E+00  8.282803E-05 -5.963835E-06
  2.243234E+00  1.200000E+02     6  6.770863E-12 -1.055225E+02 -1.811995E-12 -6.523899E-12
  2.243234E+00  1.300000E+02     1  1.723634E-05  1.764866E+02 -1.720394E-05  1.056284E-06
  2.243234E+00  1.300000E+02     2  1.995171E-05 -1.366357E+00  1.994604E-05 -4.757522E-07
  2.243234E+00  1.300000E+02     3  1.662148E-04  7.654652E+01  3.867083E-05  1.616538E-04
  2.243234E+00  1.300000E+02     4  1.297834E-04 -5.028577E+00  1.292839E-04 -1.137585E-05
  2.243234E+00  1.300000E+02     5  1.078329E-04 -4.233563E+00  1.075387E-04 -7.960483E-06
  2.243234E+00  1.300000E+02     6  7.823520E-12 -1.049746E+02 -2.021532E-12 -7.557835E-12
  2.243234E+00  1.400000E+02     1  2.017359E-05  1.766027E+02 -2.013814E-05  1.195464E-06
  2.243234E+00  1.400000E+02     2  1.701161E-05 -1.106042E+00  1.700844E-05 -3.283730E-07
  2.243234E+00  1.400000E+02     3  1.661971E-04  7.650751E+01  3.877677E-05  1.616101E-04
  2.243234E+00  1.400000E+02     4  1.082478E-04 -5.102722E+00  1.078188E-04 -9.627738E-06
  2.243234E+00  1.400000E+02     5  1.293741E-04 -4.310470E+00  1.290082E-04 -9.723880E-06
  2.243234E+00  1.400000E+02     6  9.096354E-12 -1.041499E+02 -2.223690E-12 -8.820366E-12
  2.243234E+00  1.500000E+02     1  2.249349E-05  1.766967E+02 -2.245612E-05  1.296102E-06
  2.243234E+00  1.500000E+02     2  1.355091E-05 -6.451679E-01  1.355005E-05 -1.525841E-07
  2.243234E+00  1.500000E+02     3  1.661381E-04  7.647011E+01  3.886843E-05  1.615274E-04
  2.243234E+00  1.500000E+02     4  8.343615E-05 -5.246820E+00  8.308655E-05 -7.629932E-06
  2.243234E+00  1.500000E+02     5  1.469970E-04 -4.368198E+00  1.465700E-04 -1.119611E-05
  2.243234E+00  1.500000E+02     6  1.001672E-11 -1.039357E+02 -2.412360E-12 -9.721895E-12
  2.243234E+00  1.600000E+02     1  2.413262E-05  1.767759E+02 -2.409442E-05  1.357240E-06
  2.243234E+00  1.600000E+02     2  9.672278E-06  2.752265E-01  9.672166E-06  4.646165E-08
  2.243234E+00  1.600000E+02     3  1.660427E-04  7.643490E+01  3.894531E-05  1.614108E-04
  2.243234E+00  1.600000E+02     4  5.611141E-05 -5.568313E+00  5.584664E-05 -5.444630E-06
  2.243234E+00  1.600000E+02     5  1.601488E-04 -4.414259E+00  1.596738E-04 -1.232620E-05
  2.243234E+00  1.600000E+02     6  1.015362E-11 -1.047330E+02 -2.582222E-12 -9.819779E-12
  2.243234E+00  1.700000E+02     1  2.504722E-05  1.768426E+02 -2.500920E-05  1.379573E-06
  2.243234E+00  1.700000E+02     2  5.498215E-06  2.734677E+00  5.491954E-06  2.623254E-07
  2.243234E+00  1.700000E+02     3  1.659205E-04  7.640163E+01  3.901029E-05  1.612694E-04
  2.243234E+00  1.700000E+02     4  2.710904E-05 -6.646063E+00  2.692687E-05 -3.137485E-06
  2.243234E+00  1.700000E+02     5  1.684151E-04 -4.451995E+00  1.679070E-04 -1.307302E-05
  2.243234E+00  1.700000E+02     6  9.430629E-12 -1.068196E+02 -2.728843E-12 -9.027191E-12
  2.243234E+00  1.800000E+02     1  2.521301E-05  1.768966E+02 -2.517603E-05  1.364990E-06
  2.243234E+00  1.800000E+02     2  1.238998E-06  2.316887E+01  1.139072E-06  4.874743E-07
  2.243234E+00  1.800000E+02     3  1.657842E-04  7.636969E+01  3.906808E-05  1.611151E-04
  2.243234E+00  1.800000E+02     4  2.907422E-06 -1.645281E+02 -2.802061E-06 -7.756017E-07
  2.243234E+00  1.800000E+02     5  1.715355E-04 -4.483048E+00  1.710107E-04 -1.340793E-05
  2.243234E+00  1.800000E+02     6  8.170906E-12 -1.104036E+02 -2.848633E-12 -7.658264E-12
  2.243234E+00  1.900000E+02     1  2.462501E-05  1.769363E+02 -2.458982E-05  1.316108E-06
  2.243234E+00  1.900000E+02     2  3.326466E-06  1.676108E+02 -3.249001E-06  7.136981E-07
  2.243234E+00  1.900000E+02     3  1.656469E-04  7.633849E+01  3.912339E-05  1.609604E-04
  2.243234E+00  1.900000E+02     4  3.248892E-05  1.772234E+02 -3.245078E-05  1.573818E-06
  2.243234E+00  1.900000E+02     5  1.694143E-04 -4.508328E+00  1.688901E-04 -1.331664E-05
  2.243234E+00  1.900000E+02     6  6.940340E-12 -1.150509E+02 -2.938702E-12 -6.287476E-12
  2.243234E+00  2.000000E+02     1  2.329786E-05  1.769592E+02 -2.326506E-05  1.235901E-06
  2.243234E+00  2.000000E+02     2  7.590179E-06  1.729415E+02 -7.532654E-06  9.327004E-07
  2.243234E+00  2.000000E+02     3  1.655207E-04  7.630785E+01  3.917960E-05  1.608169E-04
  2.243234E+00  2.000000E+02     4  6.125497E-05  1.764018E+02 -6.113422E-05  3.844291E-06
  2.243234E+00  2.000000E+02     5  1.621231E-04 -4.528448E+00  1.616170E-04 -1.280028E-05
  2.243234E+00  2.000000E+02     6  6.252990E-12 -1.186364E+02 -2.996745E-12 -5.488115E-12
  2.243234E+00  2.100000E+02     1  2.126617E-05  1.769610E+02 -2.123626E-05  1.127455E-06
  2.243234E+00  2.100000E+02     2  1.163184E-05  1.743917E+02 -1.157616E-05  1.136749E-06
  2.243234E+00  2.100000E+02     3  1.654155E-04  7.627810E+01  3.923813E-05  1.606943E-04
  2.243234E+00  2.100000E+02     4  8.819639E-05  1.761182E+02 -8.799405E-05  5.970692E-06
  2.243234E+00  2.100000E+02     5  1.498971E-04 -4.543909E+00  1.494260E-04 -1.187531E-05
  2.243234E+00  2.100000E+02     6  6.337984E-12 -1.184674E+02 -3.021051E-12 -5.571651E-12
  2.243234E+00  2.200000E+02     1  1.858496E-05  1.769345E+02 -1.855837E-05  9.938788E-07
  2.243234E+00  2.200000E+02     2  1.531026E-05  1.750569E+02 -1.525332E-05  1.319230E-06
  2.243234E+00  2.200000E+02     3  1.653387E-04  7.625001E+01  3.929865E-05  1.606004E-04
  2.243234E+00  2.200000E+02     4  1.124982E-04  1.759782E+02 -1.122212E-04  7.890132E-06
  2.243234E+00  2.200000E+02     5  1.331245E-04 -4.555158E+00  1.327040E-04 -1.057259E-05
  2.243234E+00  2.200000E+02     6  7.117492E-12 -1.150238E+02 -3.010656E-12 -6.449391E-12
  2.243234E+00  2.300000E+02     1  1.532974E-05  1.768650E+02 -1.530679E-05  8.383669E-07
  2.243234E+00  2.300000E+02     2  1.851093E-05  1.754297E+02 -1.845207E-05  1.474987E-06
  2.243234E+00  2.300000E+02     3  1.652954E-04  7.622455E+01  3.935971E-05  1.605410E-04
  2.243234E+00  2.300000E+02     4  1.334204E-04  1.758982E+02 -1.330787E-04  9.543390E-06
  2.243234E+00  2.300000E+02     5  1.123302E-04 -4.562507E+00  1.119742E-04 -8.935486E-06
  2.243234E+00  2.300000E+02     6  8.232711E-12 -1.111137E+02 -2.965584E-12 -7.680029E-12
  2.243234E+00  2.400000E+02     1  1.159572E-05  1.767156E+02 -1.157668E-05  6.643515E-07
  2.243234E+00  2.400000E+02     2  2.113859E-05  1.756581E+02 -2.107792E-05  1.600377E-06
  2.243234E+00  2.400000E+02     3  1.652888E-04  7.620269E+01  3.941938E-05  1.605194E-04
  2.243234E+00  2.400000E+02     4  1.503186E-04  1.758505E+02 -1.499246E-04  1.087698E-05
  2.243234E+00  2.400000E+02     5  8.815599E-05 -4.565809E+00  8.787623E-05 -7.017577E-06
  2.243234E+00  2.400000E+02     6  9.147280E-12 -1.083980E+02 -2.887025E-12 -8.679736E-12
  2.243234E+00  2.500000E+02     1  7.496128E-06  1.763617E+02 -7.481020E-06  4.756822E-07
  2.243234E+00  2.500000E+02     2  2.311806E-05  1.758001E+02 -2.305597E-05  1.693092E-06
  2.243234E+00  2.500000E+02     3  1.653193E-04  7.618526E+01  3.947548E-05  1.605370E-04
  2.243234E+00  2.500000E+02     4  1.626659E-04  1.758239E+02 -1.622340E-04  1.184570E-05
  2.243234E+00  2.500000E+02     5  6.133846E-05 -4.563241E+00  6.114402E-05 -4.880051E-06
  2.243234E+00  2.500000E+02     6  9.415107E-12 -1.071570E+02 -2.777375E-12 -8.996134E-12
  2.243234E+00  2.600000E+02     1  3.159568E-06  1.749751E+02 -3.147425E-06  2.767412E-07
  2.243234E+00  2.600000E+02     2  2.439493E-05  1.758820E+02 -2.433195E-05  1.751826E-06
  2.243234E+00  2.600000E+02     3  1.653845E-04  7.617302E+01  3.952535E-05  1.605919E-04
  2.243234E+00  2.600000E+02     4  1.700720E-04  1.758137E+02 -1.696183E-04  1.241522E-05
  2.243234E+00  2.600000E+02     5  3.268542E-05 -4.543701E+00  3.258270E-05 -2.589321E-06
  2.243234E+00  2.600000E+02     6  8.918041E-12 -1.072198E+02 -2.640077E-12 -8.518301E-12
  2.243234E+00  2.700000E+02     1  1.288581E-06  3.222608E+00  1.286544E-06  7.243820E-08
  2.243234E+00  2.700000E+02     2  2.493570E-05  1.759159E+02 -2.487238E-05  1.775934E-06
  2.243234E+00  2.700000E+02     3  1.654782E-04  7.616673E+01  3.956538E-05  1.606786E-04
  2.243234E+00  2.700000E+02     4  1.722994E-04  1.758182E+02 -1.718406E-04  1.256439E-05
  2.243234E+00  2.700000E+02     5  3.053403E-06 -4.037709E+00  3.045824E-06 -2.149993E-07
  2.243234E+00  2.700000E+02     6  7.922749E-12 -1.082366E+02 -2.479359E-12 -7.524808E-12
  2.243234E+00  2.800000E+02     1  5.680649E-06 -1.330753E+00  5.679117E-06 -1.319270E-07
  2.243234E+00  2.800000E+02     2  2.472738E-05  1.759064E+02 -2.466429E-05  1.765195E-06
  2.243234E+00  2.800000E+02     3  1.655903E-04  7.616726E+01  3.959070E-05  1.607878E-04
  2.243234E+00  2.800000E+02     4  1.692728E-04  1.758375E+02 -1.688263E-04  1.228675E-05
  2.243234E+00  2.800000E+02     5  2.667534E-05  1.753303E+02 -2.658679E-05  2.171692E-06
  2.243234E+00  2.800000E+02     6  6.939559E-12 -1.093556E+02 -2.299973E-12 -6.547335E-12
  2.243234E+00  2.900000E+02     1  9.896110E-06 -1.916115E+00  9.890577E-06 -3.308892E-07
  2.243234E+00  2.900000E+02     2  2.377701E-05  1.758523E+02 -2.371474E-05  1.719743E-06
  2.243234E+00  2.900000E+02     3  1.657076E-04  7.617556E+01  3.959545E-05  1.609075E-04
  2.243234E+00  2.900000E+02     4  1.610842E-04  1.758736E+02 -1.606667E-04  1.159118E-05
  2.243234E+00  2.900000E+02     5  5.561326E-05  1.753595E+02 -5.543096E-05  4.499261E-06
  2.243234E+00  2.900000E+02     6  6.467054E-12 -1.090146E+02 -2.107028E-12 -6.114182E-12
  2.243234E+00  3.000000E+02     1  1.379904E-05 -2.155710E+00  1.378928E-05 -5.190558E-07
  2.243234E+00  3.000000E+02     2  2.211124E-05  1.757460E+02 -2.205032E-05  1.640183E-06
  2.243234E+00  3.000000E+02     3  1.658157E-04  7.619247E+01  3.957376E-05  1.610241E-04
  2.243234E+00  3.000000E+02     4  1.479898E-04  1.759309E+02 -1.476168E-04  1.050136E-05
  2.243234E+00  3.000000E+02     5  8.289146E-05  1.753657E+02 -8.262046E-05  6.697325E-06
  2.243234E+00  3.000000E+02     6  6.768795E-12 -1.063542E+02 -1.905915E-12 -6.494926E-12
  2.243234E+00  3.100000E+02     1  1.727052E-05 -2.293990E+00  1.725668E-05 -6.912868E-07
  2.243234E+00  3.100000E+02     2  1.977598E-05  1.755691E+02 -1.971687E-05  1.527829E-06
  2.243234E+00  3.100000E+02     3  1.659014E-04  7.621847E+01  3.952109E-05  1.611253E-04
  2.243234E+00  3.100000E+02     4  1.304006E-04  1.760185E+02 -1.300859E-04  9.054334E-06
  2.243234E+00  3.100000E+02     5  1.076824E-04  1.753668E+02 -1.073305E-04  8.698296E-06
  2.243234E+00  3.100000E+02     6  7.756142E-12 -1.026782E+02 -1.702283E-12 -7.567032E-12
  2.243234E+00  3.200000E+02     1  2.020854E-05 -2.390180E+00  2.019096E-05 -8.427851E-07
  2.243234E+00  3.200000E+02     2  1.683631E-05  1.752814E+02 -1.677924E-05  1.384984E-06
  2.243234E+00  3.200000E+02     3  1.659554E-04  7.625338E+01  3.943575E-05  1.612018E-04
  2.243234E+00  3.200000E+02     4  1.088668E-04  1.761561E+02 -1.086219E-04  7.298348E-06
  2.243234E+00  3.200000E+02     5  1.292250E-04  1.753663E+02 -1.288027E-04  1.043951E-05
  2.243234E+00  3.200000E+02     6  8.993758E-12 -9.961349E+01 -1.501965E-12 -8.867457E-12
  2.243234E+00  3.300000E+02     1  2.252992E-05 -2.465313E+00  2.250907E-05 -9.691147E-07
  2.243234E+00  3.300000E+02     2  1.337628E-05  1.747878E+02 -1.332097E-05  1.215157E-06
  2.243234E+00  3.300000E+02     3  1.659742E-04  7.629622E+01  3.931965E-05  1.612495E-04
  2.243234E+00  3.300000E+02     4  8.405729E-05  1.763917E+02 -8.389066E-05  5.290224E-06
  2.243234E+00  3.300000E+02     5  1.468501E-04  1.753654E+02 -1.463700E-04  1.186569E-05
  2.243234E+00  3.300000E+02     6  9.892603E-12 -9.761445E+01 -1.310833E-12 -9.805371E-12
  2.243234E+00  3.400000E+02     1  2.417108E-05 -2.528155E+00  2.414755E-05 -1.066194E-06
  2.243234E+00  3.400000E+02     2  9.498621E-06  1.738164E+02 -9.443357E-06  1.023135E-06
  2.243234E+00  3.400000E+02     3  1.659602E-04  7.634524E+01  3.917840E-05  1.612695E-04
  2.243234E+00  3.400000E+02     4  5.673603E-05  1.768752E+02 -5.665167E-05  3.092771E-06
  2.243234E+00  3.400000E+02     5  1.600050E-04  1.753643E+02 -1.594815E-04  1.293146E-05
  2.243234E+00  3.400000E+02     6  1.000153E-11 -9.651378E+01 -1.134595E-12 -9.936968E-12
  2.243234E+00  3.500000E+02     1  2.508800E-05 -2.582289E+00  2.506253E-05 -1.130320E-06
  2.243234E+00  3.500000E+02     2  5.326219E-06  1.711997E+02 -5.263516E-06  8.148644E-07
  2.243234E+00  3.500000E+02     3  1.659213E-04  7.639813E+01  3.902034E-05  1.612678E-04
  2.243234E+00  3.500000E+02     4  2.774349E-05  1.784045E+02 -2.773273E-05  7.724700E-07
  2.243234E+00  3.500000E+02     5  1.682745E-04  1.753631E+02 -1.677237E-04  1.360357E-05
  2.243234E+00  3.500000E+02     6  9.226419E-12 -9.608858E+01 -9.786075E-13 -9.174374E-12
  2.114941E+00  0.000000E+00     1  6.934879E-06  1.588753E+02 -6.468844E-06  2.499319E-06
  2.114941E+00  0.000000E+00     2  1.913239E-06  1.454872E+02 -1.576509E-06  1.084022E-06
  2.114941E+00  0.000000E+00     3  2.058628E-04  5.953479E+01  1.043755E-04  1.774408E-04
  2.114941E+00  0.000000E+00     4  5.577710E-06 -4.447034E+01  3.980327E-06 -3.907409E-06
  2.114941E+00  0.000000E+00     5  2.739670E-04  1.692299E+02 -2.691410E-04  5.119596E-05
  2.114941E+00  0.000000E+00     6  7.123985E-12 -1.108927E+02 -2.540550E-12 -6.655582E-12
  2.114941E+00  1.000000E+01     1  7.220959E-06  1.595717E+02 -6.766830E-06  2.520369E-06
  2.114941E+00  1.000000E+01     2  3.084958E-06  1.510360E+02 -2.699105E-06  1.493920E-06
  2.114941E+00  1.000000E+01     3  2.058297E-04  5.962005E+01  1.040946E-04  1.775673E-04
  2.114941E+00  1.000000E+01     4  5.229358E-05 -1.408540E+01  5.072133E-05 -1.272658E-05
  2.114941E+00  1.000000E+01     5  2.709730E-04  1.691912E+02 -2.661656E-04  5.081606E-05
  2.114941E+00  1.000000E+01     6  5.422476E-12 -1.161603E+02 -2.390687E-12 -4.867018E-12
  2.114941E+00  2.000000E+01     1  7.270948E-06  1.601449E+02 -6.838724E-06  2.469521E-06
  2.114941E+00  2.000000E+01     2  4.179151E-06  1.532631E+02 -3.732324E-06  1.880175E-06
  2.114941E+00  2.000000E+01     3  2.058063E-04  5.969955E+01  1.038364E-04  1.776914E-04
  2.114941E+00  2.000000E+01     4  9.821321E-05 -1.247617E+01  9.589400E-05 -2.121736E-05
  2.114941E+00  2.000000E+01     5  2.596840E-04  1.691480E+02 -2.550400E-04  4.889153E-05
  2.114941E+00  2.000000E+01     6  4.478115E-12 -1.206283E+02 -2.281450E-12 -3.853375E-12
  2.114941E+00  3.000000E+01     1  7.093816E-06  1.606337E+02 -6.692431E-06  2.352359E-06
  2.114941E+00  3.000000E+01     2  5.162619E-06  1.543741E+02 -4.654809E-06  2.232798E-06
  2.114941E+00  3.000000E+01     3  2.058030E-04  5.977035E+01  1.036150E-04  1.778168E-04
  2.114941E+00  3.000000E+01     4  1.411915E-04 -1.190745E+01  1.381534E-04 -2.913224E-05
  2.114941E+00  3.000000E+01     5  2.404715E-04  1.690941E+02 -2.361284E-04  4.549639E-05
  2.114941E+00  3.000000E+01     6  4.606905E-12 -1.187718E+02 -2.217408E-12 -4.038153E-12
  2.114941E+00  4.000000E+01     1  6.707298E-06  1.610660E+02 -6.344388E-06  2.176370E-06
  2.114941E+00  4.000000E+01     2  6.008298E-06  1.549745E+02 -5.444238E-06  2.541637E-06
  2.114941E+00  4.000000E+01     3  2.058257E-04  5.982997E+01  1.034414E-04  1.779441E-04
  2.114941E+00  4.000000E+01     4  1.799167E-04 -1.161888E+01  1.762300E-04 -3.623535E-05
  2.114941E+00  4.000000E+01     5  2.139546E-04  1.690202E+02 -2.100380E-04  4.075059E-05
  2.114941E+00  4.000000E+01     6  5.731987E-12 -1.125892E+02 -2.201775E-12 -5.292245E-12
  2.114941E+00  5.000000E+01     1  6.134217E-06  1.614657E+02 -5.816058E-06  1.949895E-06
  2.114941E+00  5.000000E+01     2  6.689305E-06  1.552868E+02 -6.076643E-06  2.796642E-06
  2.114941E+00  5.000000E+01     3  2.058766E-04  5.987609E+01  1.033236E-04  1.780714E-04
  2.114941E+00  5.000000E+01     4  2.132051E-04 -1.144583E+01  2.089650E-04 -4.230870E-05
  2.114941E+00  5.000000E+01     5  1.809722E-04  1.689092E+02 -1.775923E-04  3.481248E-05
  2.114941E+00  5.000000E+01     6  7.349105E-12 -1.077135E+02 -2.236025E-12 -7.000682E-12
  2.114941E+00  6.000000E+01     1  5.398852E-06  1.618574E+02 -5.130444E-06  1.681115E-06
  2.114941E+00  6.000000E+01     2  7.178978E-06  1.554001E+02 -6.527390E-06  2.988461E-06
  2.114941E+00  6.000000E+01     3  2.059557E-04  5.990653E+01  1.032686E-04  1.781946E-04
  2.114941E+00  6.000000E+01     4  2.400251E-04 -1.133113E+01  2.353465E-04 -4.715986E-05
  2.114941E+00  6.000000E+01     5  1.425488E-04  1.687252E+02 -1.397978E-04  2.787037E-05
  2.114941E+00  6.000000E+01     6  8.669971E-12 -1.055181E+02 -2.319590E-12 -8.353915E-12
  2.114941E+00  7.000000E+01     1  4.524175E-06  1.622760E+02 -4.309430E-06  1.377306E-06
  2.114941E+00  7.000000E+01     2  7.453057E-06  1.553439E+02 -6.773545E-06  3.109203E-06
  2.114941E+00  7.000000E+01     3  2.060600E-04  5.991944E+01  1.032808E-04  1.783081E-04
  2.114941E+00  7.000000E+01     4  2.595321E-04 -1.124954E+01  2.545456E-04 -5.063014E-05
  2.114941E+00  7.000000E+01     5  9.985879E-05  1.683679E+02 -9.780792E-05  2.013428E-05
  2.114941E+00  7.000000E+01     6  9.064438E-12 -1.056799E+02 -2.449780E-12 -8.727119E-12
  2.114941E+00  8.000000E+01     1  3.530678E-06  1.627917E+02 -3.372629E-06  1.044540E-06
  2.114941E+00  8.000000E+01     2  7.492784E-06  1.551129E+02 -6.796994E-06  3.153202E-06
  2.114941E+00  8.000000E+01     3  2.061837E-04  5.991379E+01  1.033604E-04  1.784050E-04
  2.114941E+00  8.000000E+01     4  2.711008E-04 -1.118820E+01  2.659485E-04 -5.260233E-05
  2.114941E+00  8.000000E+01     5  5.419280E-05  1.673923E+02 -5.288607E-05  1.182891E-05
  2.114941E+00  8.000000E+01     6  8.391082E-12 -1.082079E+02 -2.621927E-12 -7.970932E-12
  2.114941E+00  9.000000E+01     1  2.437166E-06  1.636041E+02 -2.338056E-06  6.879460E-07
  2.114941E+00  9.000000E+01     2  7.288103E-06  1.546736E+02 -6.587609E-06  3.117667E-06
  2.114941E+00  9.000000E+01     3  2.063163E-04  5.988993E+01  1.035012E-04  1.784766E-04
  2.114941E+00  9.000000E+01     4  2.743524E-04 -1.114007E+01  2.691830E-04 -5.300712E-05
  2.114941E+00  9.000000E+01     5  7.123613E-06  1.534096E+02 -6.370144E-06  3.188592E-06
  2.114941E+00  9.000000E+01     6  7.069042E-12 -1.135967E+02 -2.829708E-12 -6.477971E-12
  2.114941E+00  1.000000E+02     1  1.263635E-06  1.656829E+02 -1.224389E-06  3.124819E-07
  2.114941E+00  1.000000E+02     2  6.840330E-06  1.539579E+02 -6.145841E-06  3.003123E-06
  2.114941E+00  1.000000E+02     3  2.064426E-04  5.984994E+01  1.036892E-04  1.785136E-04
  2.114941E+00  1.000000E+02     4  2.691723E-04 -1.110128E+01  2.641356E-04 -5.182748E-05
  2.114941E+00  1.000000E+02     5  4.073979E-05 -7.824029E+00  4.036054E-05 -5.545951E-06
  2.114941E+00  1.000000E+02     6  5.859405E-12 -1.215460E+02 -3.065537E-12 -4.993507E-12
  2.114941E+00  1.100000E+02     1  9.323389E-08 -1.253937E+02 -5.400032E-08 -7.600344E-08
  2.114941E+00  1.100000E+02     2  6.163840E-06  1.528405E+02 -5.484210E-06  2.813603E-06
  2.114941E+00  1.100000E+02     3  2.065433E-04  5.979749E+01  1.039032E-04  1.785056E-04
  2.114941E+00  1.100000E+02     4  2.557174E-04 -1.107016E+01  2.509592E-04 -4.910053E-05
  2.114941E+00  1.100000E+02     5  8.707138E-05 -9.339137E+00  8.591726E-05 -1.412976E-05
  2.114941E+00  1.100000E+02     6  5.400806E-12 -1.279445E+02 -3.320946E-12 -4.259111E-12
  2.114941E+00  1.200000E+02     1  1.237076E-06 -2.231733E+01  1.144413E-06 -4.697622E-07
  2.114941E+00  1.200000E+02     2  5.286572E-06  1.510799E+02 -4.627312E-06  2.556528E-06
  2.114941E+00  1.200000E+02     3  2.065983E-04  5.973732E+01  1.041183E-04  1.784439E-04
  2.114941E+00  1.200000E+02     4  2.344121E-04 -1.104695E+01  2.300685E-04 -4.491646E-05
  2.114941E+00  1.200000E+02     5  1.308519E-04 -9.819505E+00  1.289349E-04 -2.231613E-05
  2.114941E+00  1.200000E+02     6  5.878838E-12 -1.276002E+02 -3.586959E-12 -4.657731E-12
  2.114941E+00  1.300000E+02     1  2.487570E-06 -2.018983E+01  2.334719E-06 -8.585390E-07
  2.114941E+00  1.300000E+02     2  4.249779E-06  1.481562E+02 -3.610142E-06  2.242208E-06
  2.114941E+00  1.300000E+02     3  2.065902E-04  5.967428E+01  1.043105E-04  1.783223E-04
  2.114941E+00  1.300000E+02     4  2.059317E-04 -1.103424E+01  2.021247E-04 -3.941444E-05
  2.114941E+00  1.300000E+02     5  1.707394E-04 -1.007233E+01  1.681079E-04 -2.986082E-05
  2.114941E+00  1.300000E+02     6  7.155044E-12 -1.225960E+02 -3.854504E-12 -6.028056E-12
  2.114941E+00  1.400000E+02     1  3.685593E-06 -1.948884E+01  3.474432E-06 -1.229600E-06
  2.114941E+00  1.400000E+02     2  3.109731E-06  1.427342E+02 -2.474833E-06  1.882985E-06
  2.114941E+00  1.400000E+02     3  2.065089E-04  5.961235E+01  1.044621E-04  1.781393E-04
  2.114941E+00  1.400000E+02     4  1.711755E-04 -1.103878E+01  1.680084E-04 -3.277554E-05
  2.114941E+00  1.400000E+02     5  2.055021E-04 -1.023893E+01  2.022295E-04 -3.652871E-05
  2.114941E+00  1.400000E+02     6  8.761753E-12 -1.180109E+02 -4.114872E-12 -7.735383E-12
  2.114941E+00  1.500000E+02     1  4.782404E-06 -1.914500E+01  4.517897E-06 -1.568437E-06
  2.114941E+00  1.500000E+02     2  1.957039E-06  1.303214E+02 -1.266351E-06  1.492098E-06
  2.114941E+00  1.500000E+02     3  2.063541E-04  5.955396E+01  1.045651E-04  1.778993E-04
  2.114941E+00  1.500000E+02     4  1.312297E-04 -1.107727E+01  1.287848E-04 -2.521352E-05
  2.114941E+00  1.500000E+02     5  2.340515E-04 -1.036318E+01  2.302335E-04 -4.210282E-05
  2.114941E+00  1.500000E+02     6  9.969553E-12 -1.159348E+02 -4.360165E-12 -8.965542E-12
  2.114941E+00  1.600000E+02     1  5.731070E-06 -1.893820E+01  5.420842E-06 -1.860008E-06
  2.114941E+00  1.600000E+02     2  1.082885E-06  9.148802E+01 -2.812027E-08  1.082520E-06
  2.114941E+00  1.600000E+02     3  2.061359E-04  5.949977E+01  1.046226E-04  1.776123E-04
  2.114941E+00  1.600000E+02     4  8.732656E-05 -1.120188E+01  8.566288E-05 -1.696463E-05
  2.114941E+00  1.600000E+02     5  2.554833E-04 -1.046275E+01  2.512354E-04 -4.639479E-05
  2.114941E+00  1.600000E+02     6  1.019357E-11 -1.167217E+02 -4.583619E-12 -9.104908E-12
  2.114941E+00  1.700000E+02     1  6.490915E-06 -1.878529E+01  6.145157E-06 -2.090221E-06
  2.114941E+00  1.700000E+02     2  1.373640E-06  2.900456E+01  1.201360E-06  6.660496E-07
  2.114941E+00  1.700000E+02     3  2.058728E-04  5.944903E+01  1.046461E-04  1.772930E-04
  2.114941E+00  1.700000E+02     4  4.080207E-05 -1.170557E+01  3.995352E-05 -8.278024E-06
  2.114941E+00  1.700000E+02     5  2.691141E-04 -1.054611E+01  2.645682E-04 -4.925509E-05
  2.114941E+00  1.700000E+02     6  9.344711E-12 -1.207629E+02 -4.779697E-12 -8.029826E-12
  2.114941E+00  1.800000E+02     1  7.031611E-06 -1.863949E+01  6.662791E-06 -2.247390E-06
  2.114941E+00  1.800000E+02     2  2.403381E-06  6.041087E+00  2.390034E-06  2.529357E-07
  2.114941E+00  1.800000E+02     3  2.055879E-04  5.940035E+01  1.046517E-04  1.769588E-04
  2.114941E+00  1.800000E+02     4  6.995971E-06  1.751464E+02 -6.970884E-06  5.919353E-07
  2.114941E+00  1.800000E+02     5  2.745107E-04 -1.061808E+01  2.698104E-04 -5.058178E-05
  2.114941E+00  1.800000E+02     6  7.906410E-12 -1.287047E+02 -4.943936E-12 -6.169994E-12
  2.114941E+00  1.900000E+02     1  7.335671E-06 -1.846497E+01  6.958012E-06 -2.323389E-06
  2.114941E+00  1.900000E+02     2  3.514854E-06 -2.411489E+00  3.511741E-06 -1.478910E-07
  2.114941E+00  1.900000E+02     3  2.053048E-04  5.935255E+01  1.046550E-04  1.766278E-04
  2.114941E+00  1.900000E+02     4  5.452805E-05  1.700829E+02 -5.371329E-05  9.390987E-06
  2.114941E+00  1.900000E+02     5  2.715075E-04 -1.068208E+01  2.668025E-04 -5.032644E-05
  2.114941E+00  1.900000E+02     6  6.659442E-12 -1.396165E+02 -5.072665E-12 -4.314655E-12
  2.114941E+00  2.000000E+02     1  7.399027E-06 -1.822766E+01  7.027752E-06 -2.314367E-06
  2.114941E+00  2.000000E+02     2  4.574671E-06 -6.629064E+00  4.544086E-06 -5.281048E-07
  2.114941E+00  2.000000E+02     3  2.050445E-04  5.930523E+01  1.046679E-04  1.763176E-04
  2.114941E+00  2.000000E+02     4  1.004875E-04  1.697574E+02 -9.888609E-05  1.786841E-05
  2.114941E+00  2.000000E+02     5  2.602113E-04 -1.074127E+01  2.556520E-04 -4.849670E-05
  2.114941E+00  2.000000E+02     6  6.101097E-12 -1.478013E+02 -5.162782E-12 -3.251009E-12
  2.114941E+00  2.100000E+02     1  7.229743E-06 -1.789020E+01  6.880163E-06 -2.220933E-06
  2.114941E+00  2.100000E+02     2  5.536021E-06 -9.137316E+00  5.465772E-06 -8.791263E-07
  2.114941E+00  2.100000E+02     3  2.048241E-04  5.925900E+01  1.046975E-04  1.760436E-04
  2.114941E+00  2.100000E+02     4  1.434789E-04  1.696491E+02 -1.411439E-04  2.577986E-05
  2.114941E+00  2.100000E+02     5  2.409944E-04 -1.079939E+01  2.367262E-04 -4.515535E-05
  2.114941E+00  2.100000E+02     6  6.224839E-12 -1.468509E+02 -5.211750E-12 -3.403863E-12
  2.114941E+00  2.200000E+02     1  6.845315E-06 -1.740700E+01  6.531826E-06 -2.047826E-06
  2.114941E+00  2.200000E+02     2  6.367007E-06 -1.078584E+01  6.254524E-06 -1.191513E-06
  2.114941E+00  2.200000E+02     3  2.046563E-04  5.921521E+01  1.047461E-04  1.758194E-04
  2.114941E+00  2.200000E+02     4  1.822101E-04  1.696004E+02 -1.792170E-04  3.289102E-05
  2.114941E+00  2.200000E+02     5  2.144762E-04 -1.086181E+01  2.106337E-04 -4.041609E-05
  2.114941E+00  2.200000E+02     6  6.985782E-12 -1.383244E+02 -5.217827E-12 -4.644936E-12
  2.114941E+00  2.300000E+02     1  6.269141E-06 -1.671573E+01  6.004230E-06 -1.803152E-06
  2.114941E+00  2.300000E+02     2  7.038438E-06 -1.192946E+01  6.886428E-06 -1.454896E-06
  2.114941E+00  2.300000E+02     3  2.045504E-04  5.917550E+01  1.048137E-04  1.756558E-04
  2.114941E+00  2.300000E+02     4  2.155020E-04  1.695781E+02 -2.119468E-04  3.898319E-05
  2.114941E+00  2.300000E+02     5  1.814952E-04 -1.093756E+01  1.781982E-04 -3.443674E-05
  2.114941E+00  2.300000E+02     6  8.202531E-12 -1.291658E+02 -5.180443E-12 -6.359601E-12
  2.114941E+00  2.400000E+02     1  5.526982E-06 -1.571879E+01  5.320289E-06 -1.497349E-06
  2.114941E+00  2.400000E+02     2  7.522043E-06 -1.273805E+01  7.336913E-06 -1.658566E-06
  2.114941E+00  2.400000E+02     3  2.045126E-04  5.914135E+01  1.048990E-04  1.755608E-04
  2.114941E+00  2.400000E+02     4  2.423248E-04  1.695720E+02 -2.383223E-04  4.386087E-05
  2.114941E+00  2.400000E+02     5  1.430753E-04 -1.104515E+01  1.404250E-04 -2.741072E-05
  2.114941E+00  2.400000E+02     6  9.267930E-12 -1.233903E+02 -5.100500E-12 -7.738179E-12
  2.114941E+00  2.500000E+02     1  4.644322E-06 -1.423623E+01  4.501695E-06 -1.142134E-06
  2.114941E+00  2.500000E+02     2  7.792103E-06 -1.329991E+01  7.583113E-06 -1.792559E-06
  2.114941E+00  2.500000E+02     3  2.045454E-04  5.911393E+01  1.049998E-04  1.755388E-04
  2.114941E+00  2.500000E+02     4  2.618346E-04  1.695790E+02 -2.575157E-04  4.736072E-05
  2.114941E+00  2.500000E+02     5  1.003887E-04 -1.123444E+01  9.846505E-05 -1.955811E-05
  2.114941E+00  2.500000E+02     6  9.555750E-12 -1.214127E+02 -4.980439E-12 -8.155218E-12
  2.114941E+00  2.600000E+02     1  3.645693E-06 -1.186649E+01  3.567782E-06 -7.496705E-07
  2.114941E+00  2.600000E+02     2  7.828440E-06 -1.366164E+01  7.606954E-06 -1.848980E-06
  2.114941E+00  2.600000E+02     3  2.046463E-04  5.909424E+01  1.051120E-04  1.755893E-04
  2.114941E+00  2.600000E+02     4  2.734070E-04  1.695989E+02 -2.689143E-04  4.936053E-05
  2.114941E+00  2.600000E+02     5  5.471938E-05 -1.172250E+01  5.357810E-05 -1.111743E-05
  2.114941E+00  2.600000E+02     6  8.884046E-12 -1.228881E+02 -4.824033E-12 -7.460226E-12
  2.114941E+00  2.700000E+02     1  2.557885E-06 -7.461071E+00  2.536229E-06 -3.321479E-07
  2.114941E+00  2.700000E+02     2  7.619647E-06 -1.384391E+01  7.398305E-06 -1.823211E-06
  2.114941E+00  2.700000E+02     3  2.048063E-04  5.908334E+01  1.052276E-04  1.757065E-04
  2.114941E+00  2.700000E+02     4  2.766632E-04  1.696329E+02 -2.721466E-04  4.978693E-05
  2.114941E+00  2.700000E+02     5  7.473446E-06 -1.823858E+01  7.097991E-06 -2.338998E-06
  2.114941E+00  2.700000E+02     6  7.617397E-12 -1.274891E+02 -4.636023E-12 -6.044173E-12
  2.114941E+00  2.800000E+02     1  1.428734E-06  3.942428E+00  1.425353E-06  9.823128E-08
  2.114941E+00  2.800000E+02     2  7.165728E-06 -1.384496E+01  6.957541E-06 -1.714726E-06
  2.114941E+00  2.800000E+02     3  2.050088E-04  5.908267E+01  1.053337E-04  1.758790E-04
  2.114941E+00  2.800000E+02     4  2.714888E-04  1.696833E+02 -2.670996E-04  4.862057E-05
  2.114941E+00  2.800000E+02     5  4.013337E-05  1.706503E+02 -3.960021E-05  6.520042E-06
  2.114941E+00  2.800000E+02     6  6.416856E-12 -1.335579E+02 -4.421771E-12 -4.650160E-12
  2.114941E+00  2.900000E+02     1  5.882103E-07  6.407237E+01  2.571864E-07  5.290052E-07
  2.114941E+00  2.900000E+02     2  6.479623E-06 -1.363383E+01  6.297040E-06 -1.527351E-06
  2.114941E+00  2.900000E+02     3  2.052313E-04  5.909402E+01  1.054131E-04  1.760908E-04
  2.114941E+00  2.900000E+02     4  2.580404E-04  1.697542E+02 -2.539256E-04  4.589815E-05
  2.114941E+00  2.900000E+02     5  8.647798E-05  1.698769E+02 -8.513171E-05  1.519973E-05
  2.114941E+00  2.900000E+02     6  5.802456E-12 -1.361869E+02 -4.187066E-12 -4.017085E-12
  2.114941E+00  3.000000E+02     1  1.334383E-06  1.347759E+02 -9.398533E-07  9.472346E-07
  2.114941E+00  3.000000E+02     2  5.587219E-06 -1.312704E+01  5.441219E-06 -1.268918E-06
  2.114941E+00  3.000000E+02     3  2.054483E-04  5.911916E+01  1.054472E-04  1.763232E-04
  2.114941E+00  3.000000E+02     4  2.367421E-04  1.698523E+02 -2.330387E-04  4.171085E-05
  2.114941E+00  3.000000E+02     5  1.302611E-04  1.696327E+02 -1.281345E-04  2.344159E-05
  2.114941E+00  3.000000E+02     6  5.998526E-12 -1.310345E+02 -3.938114E-12 -4.524774E-12
  2.114941E+00  3.100000E+02     1  2.516060E-06  1.478317E+02 -2.129815E-06  1.339569E-06
  2.114941E+00  3.100000E+02     2  4.525813E-06 -1.212229E+01  4.424895E-06 -9.504159E-07
  2.114941E+00  3.100000E+02     3  2.056358E-04  5.915927E+01  1.054199E-04  1.765580E-04
  2.114941E+00  3.100000E+02     4  2.082692E-04  1.699906E+02 -2.050991E-04  3.619936E-05
  2.114941E+00  3.100000E+02     5  1.701517E-04  1.695046E+02 -1.673049E-04  3.099435E-05
  2.114941E+00  3.100000E+02     6  7.046664E-12 -1.214972E+02 -3.681582E-12 -6.008447E-12
  2.114941E+00  3.200000E+02     1  3.682380E-06  1.526334E+02 -3.270262E-06  1.692723E-06
  2.114941E+00  3.200000E+02     2  3.341636E-06 -1.007889E+01  3.290067E-06 -5.847996E-07
  2.114941E+00  3.200000E+02     3  2.057762E-04  5.921436E+01  1.053220E-04  1.767799E-04
  2.114941E+00  3.200000E+02     4  1.735210E-04  1.701962E+02 -1.709870E-04  2.954616E-05
  2.114941E+00  3.200000E+02     5  2.049197E-04  1.694209E+02 -2.014366E-04  3.762164E-05
  2.114941E+00  3.200000E+02     6  8.545908E-12 -1.136238E+02 -3.424597E-12 -7.829731E-12
  2.114941E+00  3.300000E+02     1  4.753986E-06  1.551968E+02 -4.315451E-06  1.994309E-06
  2.114941E+00  3.300000E+02     2  2.089919E-06 -5.098822E+00  2.081649E-06 -1.857391E-07
  2.114941E+00  3.300000E+02     3  2.058621E-04  5.928291E+01  1.051542E-04  1.769796E-04
  2.114941E+00  3.300000E+02     4  1.335855E-04  1.705357E+02 -1.317672E-04  2.196596E-05
  2.114941E+00  3.300000E+02     5  2.334770E-04  1.693593E+02 -2.294622E-04  4.311130E-05
  2.114941E+00  3.300000E+02     6  9.704686E-12 -1.090941E+02 -3.174604E-12 -9.170759E-12
  2.114941E+00  3.400000E+02     1  5.678709E-06  1.568357E+02 -5.220893E-06  2.233832E-06
  2.114941E+00  3.400000E+02     2  8.748129E-07  1.547690E+01  8.430905E-07  2.334436E-07
  2.114941E+00  3.400000E+02     3  2.058963E-04  5.936192E+01  1.049275E-04  1.771539E-04
  2.114941E+00  3.400000E+02     4  8.970019E-05  1.712175E+02 -8.864847E-05  1.369574E-05
  2.114941E+00  3.400000E+02     5  2.549184E-04  1.693102E+02 -2.504945E-04  4.728527E-05
  2.114941E+00  3.400000E+02     6  9.862492E-12 -1.073381E+02 -2.939121E-12 -9.414368E-12
  2.114941E+00  3.500000E+02     1  6.415444E-06  1.579969E+02 -5.948164E-06  2.403594E-06
  2.114941E+00  3.500000E+02     2  7.654699E-07  1.203710E+02 -3.870196E-07  6.604241E-07
  2.114941E+00  3.500000E+02     3  2.058909E-04  5.944735E+01  1.046605E-04  1.773055E-04
  2.114941E+00  3.500000E+02     4  4.323033E-05  1.733773E+02 -4.294185E-05  4.985812E-06
  2.114941E+00  3.500000E+02     5  2.685599E-04  1.692683E+02 -2.638628E-04  5.000854E-05
  2.114941E+00  3.500000E+02     6  8.863130E-12 -1.079090E+02 -2.725469E-12 -8.433676E-12
  2.006409E+00  0.000000E+00     1  9.224881E-05  1.470270E+02 -7.739000E-05  5.020590E-05
  2.006409E+00  0.000000E+00     2  6.279111E-06  1.198985E+02 -3.129920E-06  5.443422E-06
  2.006409E+00  0.000000E+00     3  2.179132E-04  2.830387E+01  1.918606E-04  1.033230E-04
  2.006409E+00  0.000000E+00     4  2.121422E-05 -7.488575E+01  5.531493E-06 -2.048038E-05
  2.006409E+00  0.000000E+00     5  5.491442E-04  1.481823E+02 -4.666244E-04  2.895187E-04
  2.006409E+00  0.000000E+00     6  5.133203E-12 -1.329183E+02 -3.495476E-12 -3.759178E-12
  2.006409E+00  1.000000E+01     1  9.216114E-05  1.467874E+02 -7.710604E-05  5.048102E-05
  2.006409E+00  1.000000E+01     2  2.184397E-05  1.394242E+02 -1.659150E-05  1.420848E-05
  2.006409E+00  1.000000E+01     3  2.181742E-04  2.843034E+01  1.918617E-04  1.038706E-04
  2.006409E+00  1.000000E+01     4  1.119336E-04 -3.932004E+01  8.659391E-05 -7.092689E-05
  2.006409E+00  1.000000E+01     5  5.447366E-04  1.479204E+02 -4.615613E-04  2.893081E-04
  2.006409E+00  1.000000E+01     6  3.626055E-12 -1.549167E+02 -3.284092E-12 -1.537211E-12
  2.006409E+00  2.000000E+01     1  8.922717E-05  1.465318E+02 -7.443256E-05  4.920652E-05
  2.006409E+00  2.000000E+01     2  3.715425E-05  1.426171E+02 -2.952262E-05  2.255778E-05
  2.006409E+00  2.000000E+01     3  2.184298E-04  2.854755E+01  1.918733E-04  1.043850E-04
  2.006409E+00  2.000000E+01     4  2.035251E-04 -3.586763E+01  1.649312E-04 -1.192483E-04
  2.006409E+00  2.000000E+01     5  5.236214E-04  1.476464E+02 -4.423351E-04  2.802126E-04
  2.006409E+00  2.000000E+01     6  3.141608E-12 -1.741629E+02 -3.125319E-12 -3.195044E-13
  2.006409E+00  3.000000E+01     1  8.356106E-05  1.462390E+02 -6.946956E-05  4.643739E-05
  2.006409E+00  3.000000E+01     2  5.139573E-05  1.439442E+02 -4.155058E-05  3.025014E-05
  2.006409E+00  3.000000E+01     3  2.186845E-04  2.865140E+01  1.919073E-04  1.048547E-04
  2.006409E+00  3.000000E+01     4  2.892309E-04 -3.455103E+01  2.382167E-04 -1.640344E-04
  2.006409E+00  3.000000E+01     5  4.865160E-04  1.473364E+02 -4.095754E-04  2.625754E-04
  2.006409E+00  3.000000E+01     6  3.097251E-12 -1.676601E+02 -3.025695E-12 -6.619166E-13
  2.006409E+00  4.000000E+01     1  7.536488E-05  1.458787E+02 -6.239093E-05  4.227572E-05
  2.006409E+00  4.000000E+01     2  6.411517E-05  1.446911E+02 -5.232103E-05  3.705759E-05
  2.006409E+00  4.000000E+01     3  2.189374E-04  2.873861E+01  1.919692E-04  1.052683E-04
  2.006409E+00  4.000000E+01     4  3.662872E-04 -3.383547E+01  3.042527E-04 -2.039523E-04
  2.006409E+00  4.000000E+01     5  4.346428E-04  1.469551E+02 -3.643365E-04  2.370091E-04
  2.006409E+00  4.000000E+01     6  3.825046E-12 -1.414132E+02 -2.989901E-12 -2.385681E-12
  2.006409E+00  5.000000E+01     1  6.491568E-05  1.453983E+02 -5.343339E-05  3.686350E-05
  2.006409E+00  5.000000E+01     2  7.491580E-05  1.451854E+02 -6.150616E-05  4.277113E-05
  2.006409E+00  5.000000E+01     3  2.191838E-04  2.880610E+01  1.920610E-04  1.056130E-04
  2.006409E+00  5.000000E+01     4  4.322990E-04 -3.336972E+01  3.610296E-04 -2.377815E-04
  2.006409E+00  5.000000E+01     5  3.696724E-04  1.464399E+02 -3.080505E-04  2.043589E-04
  2.006409E+00  5.000000E+01     6  5.559344E-12 -1.229067E+02 -3.020243E-12 -4.667380E-12
  2.006409E+00  6.000000E+01     1  5.255102E-05  1.446902E+02 -4.288368E-05  3.037432E-05
  2.006409E+00  6.000000E+01     2  8.345165E-05  1.455494E+02 -6.881542E-05  4.720823E-05
  2.006409E+00  6.000000E+01     3  2.194170E-04  2.885077E+01  1.921828E-04  1.058753E-04
  2.006409E+00  6.000000E+01     4  4.851952E-04 -3.302795E+01  4.067900E-04 -2.644547E-04
  2.006409E+00  6.000000E+01     5  2.936562E-04  1.456583E+02 -2.424684E-04  1.656594E-04
  2.006409E+00  6.000000E+01     6  7.142999E-12 -1.158662E+02 -3.116285E-12 -6.427379E-12
  2.006409E+00  7.000000E+01     1  3.865642E-05  1.434789E+02 -3.106574E-05  2.300519E-05
  2.006409E+00  7.000000E+01     2  8.943883E-05  1.458395E+02 -7.400780E-05  5.022102E-05
  2.006409E+00  7.000000E+01     3  2.196293E-04  2.886978E+01  1.923336E-04  1.060415E-04
  2.006409E+00  7.000000E+01     4  5.232852E-04 -3.275243E+01  4.400913E-04 -2.831026E-04
  2.006409E+00  7.000000E+01     5  2.089710E-04  1.442503E+02 -1.695960E-04  1.220903E-04
  2.006409E+00  7.000000E+01     6  7.578925E-12 -1.156002E+02 -3.274766E-12 -6.834912E-12
  2.006409E+00  8.000000E+01     1  2.366575E-05  1.407614E+02 -1.832956E-05  1.496980E-05
  2.006409E+00  8.000000E+01     2  9.266916E-05  1.460863E+02 -7.690419E-05  5.170415E-05
  2.006409E+00  8.000000E+01     3  2.198106E-04  2.886137E+01  1.925079E-04  1.061008E-04
  2.006409E+00  8.000000E+01     4  5.453252E-04 -3.251146E+01  4.598640E-04 -2.930950E-04
  2.006409E+00  8.000000E+01     5  1.183692E-04  1.407226E+02 -9.162849E-05  7.493658E-05
  2.006409E+00  8.000000E+01     6  6.679633E-12 -1.214973E+02 -3.489829E-12 -5.695488E-12
  2.006409E+00  9.000000E+01     1  8.221863E-06  1.278313E+02 -5.042786E-06  6.493793E-06
  2.006409E+00  9.000000E+01     2  9.302220E-05  1.463086E+02 -7.739796E-05  5.160121E-05
  2.006409E+00  9.000000E+01     3  2.199470E-04  2.882588E+01  1.926931E-04  1.060473E-04
  2.006409E+00  9.000000E+01     4  5.505737E-04 -3.228464E+01  4.654577E-04 -2.940756E-04
  2.006409E+00  9.000000E+01     5  2.777990E-05  1.130773E+02 -1.088897E-05  2.555686E-05
  2.006409E+00  9.000000E+01     6  5.159397E-12 -1.366774E+02 -3.753474E-12 -3.539889E-12
  2.006409E+00  1.000000E+02     1  8.694803E-06 -1.457355E+01  8.415052E-06 -2.187809E-06
  2.006409E+00  1.000000E+02     2  9.047389E-05  1.465203E+02 -7.546257E-05  4.990917E-05
  2.006409E+00  1.000000E+02     3  2.200196E-04  2.876636E+01  1.928669E-04  1.058821E-04
  2.006409E+00  1.000000E+02     4  5.388298E-04 -3.205625E+01  4.566730E-04 -2.859847E-04
  2.006409E+00  1.000000E+02     5  7.442531E-05 -1.933342E+01  7.022832E-05 -2.463961E-05
  2.006409E+00  1.000000E+02     6  4.281681E-12 -1.613164E+02 -4.056046E-12 -1.371599E-12
  2.006409E+00  1.100000E+02     1  2.421480E-05 -2.657278E+01  2.165691E-05 -1.083211E-05
  2.006409E+00  1.100000E+02     2  8.510053E-05  1.467339E+02 -7.115526E-05  4.668007E-05
  2.006409E+00  1.100000E+02     3  2.200061E-04  2.868856E+01  1.929986E-04  1.056135E-04
  2.006409E+00  1.100000E+02     4  5.104492E-04 -3.181126E+01  4.337741E-04 -2.690694E-04
  2.006409E+00  1.100000E+02     5  1.667382E-04 -2.642843E+01  1.493126E-04 -7.421178E-05
  2.006409E+00  1.100000E+02     6  4.390829E-12 -1.775129E+02 -4.386693E-12 -1.905374E-13
  2.006409E+00  1.200000E+02     1  3.929764E-05 -2.923105E+01  3.429339E-05 -1.919032E-05
  2.006409E+00  1.200000E+02     2  7.707721E-05  1.469640E+02 -6.461603E-05  4.201982E-05
  2.006409E+00  1.200000E+02     3  2.198835E-04  2.859995E+01  1.930540E-04  1.052562E-04
  2.006409E+00  1.200000E+02     4  4.663350E-04 -3.153134E+01  3.974826E-04 -2.438768E-04
  2.006409E+00  1.200000E+02     5  2.549224E-04 -2.851774E+01  2.239925E-04 -1.217078E-04
  2.006409E+00  1.200000E+02     6  4.762102E-12 -1.737497E+02 -4.733795E-12 -5.184610E-13
  2.006409E+00  1.300000E+02     1  5.329332E-05 -3.045440E+01  4.594059E-05 -2.701185E-05
  2.006409E+00  1.300000E+02     2  6.667021E-05  1.472330E+02 -5.606154E-05  3.608352E-05
  2.006409E+00  1.300000E+02     3  2.196345E-04  2.850820E+01  1.930036E-04  1.048282E-04
  2.006409E+00  1.300000E+02     4  4.079027E-04 -3.118801E+01  3.489496E-04 -2.112316E-04
  2.006409E+00  1.300000E+02     5  3.357346E-04 -2.957281E+01  2.919982E-04 -1.656948E-04
  2.006409E+00  1.300000E+02     6  5.521539E-12 -1.570757E+02 -5.085451E-12 -2.150716E-12
  2.006409E+00  1.400000E+02     1  6.573832E-05 -3.119716E+01  5.623190E-05 -3.405144E-05
  2.006409E+00  1.400000E+02     2  5.422368E-05  1.475835E+02 -4.577420E-05  2.906768E-05
  2.006409E+00  1.400000E+02     3  2.192528E-04  2.841951E+01  1.928299E-04  1.043476E-04
  2.006409E+00  1.400000E+02     4  3.370213E-04 -3.072634E+01  2.897094E-04 -1.721971E-04
  2.006409E+00  1.400000E+02     5  4.065789E-04 -3.024627E+01  3.512306E-04 -2.048010E-04
  2.006409E+00  1.400000E+02     6  6.895692E-12 -1.419488E+02 -5.430086E-12 -4.250263E-12
  2.006409E+00  1.500000E+02     1  7.622106E-05 -3.172390E+01  6.483301E-05 -4.007905E-05
  2.006409E+00  1.500000E+02     2  4.014220E-05  1.481215E+02 -3.408755E-05  2.119990E-05
  2.006409E+00  1.500000E+02     3  2.187465E-04  2.833738E+01  1.925337E-04  1.038308E-04
  2.006409E+00  1.500000E+02     4  2.559372E-04 -3.001417E+01  2.216165E-04 -1.280234E-04
  2.006409E+00  1.500000E+02     5  4.651903E-04 -3.073852E+01  3.998352E-04 -2.377685E-04
  2.006409E+00  1.500000E+02     6  8.128683E-12 -1.350920E+02 -5.757073E-12 -5.738606E-12
  2.006409E+00  1.600000E+02     1  8.438924E-05 -3.213770E+01  7.145845E-05 -4.489135E-05
  2.006409E+00  1.600000E+02     2  2.487301E-05  1.492229E+02 -2.137000E-05  1.272752E-05
  2.006409E+00  1.600000E+02     3  2.181392E-04  2.826232E+01  1.921346E-04  1.032909E-04
  2.006409E+00  1.600000E+02     4  1.672034E-04 -2.862018E+01  1.467735E-04 -8.009060E-05
  2.006409E+00  1.600000E+02     5  5.096801E-04 -3.113211E+01  4.362747E-04 -2.635113E-04
  2.006409E+00  1.600000E+02     6  8.387241E-12 -1.362361E+02 -6.057233E-12 -5.801356E-12
  2.006409E+00  1.700000E+02     1  8.996635E-05 -3.248796E+01  7.588701E-05 -4.832294E-05
  2.006409E+00  1.700000E+02     2  8.911700E-06  1.539961E+02 -8.009514E-06  3.907182E-06
  2.006409E+00  1.700000E+02     3  2.174656E-04  2.819251E+01  1.916666E-04  1.027385E-04
  2.006409E+00  1.700000E+02     4  7.376819E-05 -2.387202E+01  6.745745E-05 -2.985362E-05
  2.006409E+00  1.700000E+02     5  5.386084E-04 -3.146859E+01  4.593934E-04 -2.811703E-04
  2.006409E+00  1.700000E+02     6  7.632013E-12 -1.459436E+02 -6.323018E-12 -4.273998E-12
  2.006409E+00  1.800000E+02     1  9.276590E-05 -3.280265E+01  7.797360E-05 -5.025565E-05
  2.006409E+00  1.800000E+02     2  7.508641E-06 -4.178516E+01  5.598808E-06 -5.003302E-06
  2.006409E+00  1.800000E+02     3  2.167669E-04  2.812518E+01  1.911710E-04  1.021838E-04
  2.006409E+00  1.800000E+02     4  2.538131E-05  1.233438E+02 -1.395113E-05  2.120323E-05
  2.006409E+00  1.800000E+02     5  5.510449E-04 -3.177319E+01  4.684649E-04 -2.901571E-04
  2.006409E+00  1.800000E+02     6  6.772362E-12 -1.652224E+02 -6.548354E-12 -1.727412E-12
  2.006409E+00  1.900000E+02     1  9.270033E-05 -3.310071E+01  7.765617E-05 -5.062480E-05
  2.006409E+00  1.900000E+02     2  2.350336E-05 -3.580494E+01  1.906154E-05 -1.375012E-05
  2.006409E+00  1.900000E+02     3  2.160840E-04  2.805802E+01  1.906880E-04  1.016384E-04
  2.006409E+00  1.900000E+02     4  1.189852E-04  1.430043E+02 -9.503122E-05  7.159993E-05
  2.006409E+00  1.900000E+02     5  5.466069E-04 -3.206491E+01  4.632205E-04 -2.901825E-04
  2.006409E+00  1.900000E+02     6  6.774428E-12  1.733082E+02 -6.728275E-12  7.894190E-13
  2.006409E+00  2.000000E+02     1  8.978350E-05 -3.339823E+01  7.495709E-05 -4.942177E-05
  2.006409E+00  2.000000E+02     2  3.887602E-05 -3.461922E+01  3.199286E-05 -2.208624E-05
  2.006409E+00  2.000000E+02     3  2.154533E-04  2.799030E+01  1.902511E-04  1.011170E-04
  2.006409E+00  2.000000E+02     4  2.107907E-04  1.453377E+02 -1.733792E-04  1.198848E-04
  2.006409E+00  2.000000E+02     5  5.254701E-04 -3.236194E+01  4.438560E-04 -2.812662E-04
  2.006409E+00  2.000000E+02     6  7.212357E-12  1.619808E+02 -6.858610E-12  2.231044E-12
  2.006409E+00  2.100000E+02     1  8.412700E-05 -3.371284E+01  6.997934E-05 -4.669308E-05
  2.006409E+00  2.100000E+02     2  5.314299E-05 -3.407325E+01  4.401951E-05 -2.977348E-05
  2.006409E+00  2.100000E+02     3  2.149050E-04  2.792306E+01  1.898852E-04  1.006369E-04
  2.006409E+00  2.100000E+02     4  2.965717E-04  1.462758E+02 -2.466645E-04  1.646554E-04
  2.006409E+00  2.100000E+02     5  4.883532E-04 -3.268636E+01  4.110172E-04 -2.637302E-04
  2.006409E+00  2.100000E+02     6  7.228450E-12  1.636440E+02 -6.935919E-12  2.035564E-12
  2.006409E+00  2.200000E+02     1  7.593118E-05 -3.406920E+01  6.289848E-05 -4.253617E-05
  2.006409E+00  2.200000E+02     2  6.587946E-05 -3.373413E+01  5.478691E-05 -3.658549E-05
  2.006409E+00  2.200000E+02     3  2.144628E-04  2.785860E+01  1.896073E-04  1.002166E-04
  2.006409E+00  2.200000E+02     4  3.736677E-04  1.468043E+02 -3.126871E-04  2.045833E-04
  2.006409E+00  2.200000E+02     5  4.364784E-04 -3.307083E+01  3.657675E-04 -2.381755E-04
  2.006409E+00  2.200000E+02     6  6.968019E-12  1.768912E+02 -6.957765E-12  3.778921E-13
  2.006409E+00  2.300000E+02     1  6.547228E-05 -3.450931E+01  5.395139E-05 -3.709268E-05
  2.006409E+00  2.300000E+02     2  7.669562E-05 -3.348366E+01  6.396746E-05 -4.231290E-05
  2.006409E+00  2.300000E+02     3  2.141452E-04  2.779959E+01  1.894295E-04  9.987310E-05
  2.006409E+00  2.300000E+02     4  4.397065E-04  1.471606E+02 -3.694385E-04  2.384470E-04
  2.006409E+00  2.300000E+02     5  3.715144E-04 -3.357288E+01  3.095395E-04 -2.054464E-04
  2.006409E+00  2.300000E+02     6  7.184539E-12 -1.644978E+02 -6.923168E-12 -1.920249E-12
  2.006409E+00  2.400000E+02     1  5.308766E-05 -3.511897E+01  4.342354E-05 -3.054006E-05
  2.006409E+00  2.400000E+02     2  8.524736E-05 -3.327427E+01  7.127138E-05 -4.677074E-05
  2.006409E+00  2.400000E+02     3  2.139662E-04  2.774826E+01  1.893605E-04  9.962002E-05
  2.006409E+00  2.400000E+02     4  4.926249E-04  1.474329E+02 -4.151656E-04  2.651733E-04
  2.006409E+00  2.400000E+02     5  2.955082E-04 -3.431425E+01  2.440774E-04 -1.665873E-04
  2.006409E+00  2.400000E+02     6  7.808244E-12 -1.510566E+02 -6.832978E-12 -3.778767E-12
  2.006409E+00  2.500000E+02     1  3.916222E-05 -3.611581E+01  3.163631E-05 -2.308297E-05
  2.006409E+00  2.500000E+02     2  9.125085E-05 -3.308131E+01  7.645880E-05 -4.980732E-05
  2.006409E+00  2.500000E+02     3  2.139343E-04  2.770614E+01  1.894054E-04  9.946596E-05
  2.006409E+00  2.500000E+02     4  5.307366E-04  1.476639E+02 -4.484326E-04  2.838829E-04
  2.006409E+00  2.500000E+02     5  2.108262E-04 -3.562350E+01  1.713726E-04 -1.227971E-04
  2.006409E+00  2.500000E+02     6  7.987650E-12 -1.468810E+02 -6.689954E-12 -4.364295E-12
  2.006409E+00  2.600000E+02     1  2.412350E-05 -3.828255E+01  1.893610E-05 -1.494547E-05
  2.006409E+00  2.600000E+02     2  9.449725E-05 -3.288892E+01  7.935169E-05 -5.131315E-05
  2.006409E+00  2.600000E+02     3  2.140500E-04  2.767439E+01  1.895629E-04  9.941470E-05
  2.006409E+00  2.600000E+02     4  5.527995E-04  1.478782E+02 -4.681766E-04  2.939353E-04
  2.006409E+00  2.600000E+02     5  1.201843E-04 -3.884827E+01  9.360070E-05 -7.538683E-05
  2.006409E+00  2.600000E+02     6  7.370484E-12 -1.518471E+02 -6.498496E-12 -3.477582E-12
  2.006409E+00  2.700000E+02     1  8.535277E-06 -4.822413E+01  5.686358E-06 -6.365240E-06
  2.006409E+00  2.700000E+02     2  9.486539E-05 -3.268447E+01  7.984413E-05 -5.122847E-05
  2.006409E+00  2.700000E+02     3  2.143029E-04  2.765447E+01  1.898215E-04  9.946618E-05
  2.006409E+00  2.700000E+02     4  5.580733E-04  1.480930E+02 -4.737523E-04  2.949654E-04
  2.006409E+00  2.700000E+02     5  2.886941E-05 -6.309919E+01  1.306189E-05 -2.574548E-05
  2.006409E+00  2.700000E+02     6  6.475943E-12 -1.653076E+02 -6.264189E-12 -1.642493E-12
  2.006409E+00  2.800000E+02     1  8.104516E-06  1.626980E+02 -7.737791E-06  2.410347E-06
  2.006409E+00  2.800000E+02     2  9.233072E-05 -3.245520E+01  7.790971E-05 -4.954835E-05
  2.006409E+00  2.800000E+02     3  2.146705E-04  2.764869E+01  1.901571E-04  9.961762E-05
  2.006409E+00  2.800000E+02     4  5.463569E-04  1.483230E+02 -4.649618E-04  2.869084E-04
  2.006409E+00  2.800000E+02     5  7.222353E-05  1.600128E+02 -6.787345E-05  2.468670E-05
  2.006409E+00  2.800000E+02     6  5.995185E-12  1.785993E+02 -5.993394E-12  1.465466E-13
  2.006409E+00  2.900000E+02     1  2.372461E-05  1.520300E+02 -2.095340E-05  1.112707E-05
  2.006409E+00  2.900000E+02     2  8.696943E-05 -3.218487E+01  7.360518E-05 -4.632451E-05
  2.006409E+00  2.900000E+02     3  2.151192E-04  2.766025E+01  1.905345E-04  9.986428E-05
  2.006409E+00  2.900000E+02     4  5.180054E-04  1.485839E+02 -4.420681E-04  2.700100E-04
  2.006409E+00  2.900000E+02     5  1.646100E-04  1.531136E+02 -1.468165E-04  7.444032E-05
  2.006409E+00  2.900000E+02     6  5.763896E-12  1.710095E+02 -5.693082E-12  9.007329E-13
  2.006409E+00  3.000000E+02     1  3.884005E-05  1.498172E+02 -3.357436E-05  1.952722E-05
  2.006409E+00  3.000000E+02     2  7.895691E-05 -3.184848E+01  6.706968E-05 -4.166356E-05
  2.006409E+00  3.000000E+02     3  2.156090E-04  2.769255E+01  1.909119E-04  1.001993E-04
  2.006409E+00  3.000000E+02     4  4.739210E-04  1.488968E+02 -4.057893E-04  2.448187E-04
  2.006409E+00  3.000000E+02     5  2.528202E-04  1.511368E+02 -2.214137E-04  1.220412E-04
  2.006409E+00  3.000000E+02     6  5.372038E-12  1.788131E+02 -5.370886E-12  1.112725E-13
  2.006409E+00  3.100000E+02     1  5.284909E-05  1.488284E+02 -4.521879E-05  2.735485E-05
  2.006409E+00  3.100000E+02     2  6.856031E-05 -3.140111E+01  5.851901E-05 -3.572172E-05
  2.006409E+00  3.100000E+02     3  2.161000E-04  2.774812E+01  1.912491E-04  1.006130E-04
  2.006409E+00  3.100000E+02     4  4.155196E-04  1.492966E+02 -3.572730E-04  2.121615E-04
  2.006409E+00  3.100000E+02     5  3.336554E-04  1.501555E+02 -2.894057E-04  1.660431E-04
  2.006409E+00  3.100000E+02     6  5.418920E-12 -1.583101E+02 -5.035250E-12 -2.002736E-12
  2.006409E+00  3.200000E+02     1  6.529464E-05  1.482451E+02 -5.552050E-05  3.436371E-05
  2.006409E+00  3.200000E+02     2  5.612569E-05 -3.074958E+01  4.823499E-05 -2.869632E-05
  2.006409E+00  3.200000E+02     3  2.165602E-04  2.782747E+01  1.915166E-04  1.010926E-04
  2.006409E+00  3.200000E+02     4  3.446724E-04  1.498526E+02 -2.980508E-04  1.731035E-04
  2.006409E+00  3.200000E+02     5  4.045282E-04  1.495397E+02 -3.486956E-04  2.050717E-04
  2.006409E+00  3.200000E+02     6  6.565449E-12 -1.356577E+02 -4.695456E-12 -4.588879E-12
  2.006409E+00  3.300000E+02     1  7.576769E-05  1.478423E+02 -6.414393E-05  4.032741E-05
  2.006409E+00  3.300000E+02     2  4.206248E-05 -2.966104E+01  3.655096E-05 -2.081537E-05
  2.006409E+00  3.300000E+02     3  2.169703E-04  2.792836E+01  1.917007E-04  1.016218E-04
  2.006409E+00  3.300000E+02     4  2.636346E-04  1.507305E+02 -2.299762E-04  1.288958E-04
  2.006409E+00  3.300000E+02     5  4.631743E-04  1.490972E+02 -3.974220E-04  2.378785E-04
  2.006409E+00  3.300000E+02     6  7.871744E-12 -1.236462E+02 -4.361440E-12 -6.553030E-12
  2.006409E+00  3.400000E+02     1  8.391841E-05  1.475315E+02 -7.080083E-05  4.505044E-05
  2.006409E+00  3.400000E+02     2  2.683419E-05 -2.734572E+01  2.383549E-05 -1.232651E-05
  2.006409E+00  3.400000E+02     3  2.173262E-04  2.804593E+01  1.918058E-04  1.021822E-04
  2.006409E+00  3.400000E+02     4  1.749863E-04  1.524559E+02 -1.551525E-04  8.091915E-05
  2.006409E+00  3.400000E+02     5  5.077031E-04  1.487481E+02 -4.340327E-04  2.633971E-04
  2.006409E+00  3.400000E+02     6  8.140806E-12 -1.197811E+02 -4.043436E-12 -7.065645E-12
  2.006409E+00  3.500000E+02     1  8.947318E-05  1.472685E+02 -7.526606E-05  4.837841E-05
  2.006409E+00  3.500000E+02     2  1.104189E-05 -1.840944E+01  1.047681E-05 -3.487088E-06
  2.006409E+00  3.500000E+02     3  2.176356E-04  2.817351E+01  1.918505E-04  1.027552E-04
  2.006409E+00  3.500000E+02     4  8.180759E-05  1.580112E+02 -7.585669E-05  3.063077E-05
  2.006409E+00  3.500000E+02     5  5.366710E-04  1.484516E+02 -4.573504E-04  2.807960E-04
  2.006409E+00  3.500000E+02     6  7.032438E-12 -1.222399E+02 -3.751563E-12 -5.948190E-12
  1.913036E+00  0.000000E+00     1  2.103993E-04  7.178448E+01  6.576919E-05  1.998556E-04
  1.913036E+00  0.000000E+00     2  1.064422E-05 -2.387661E+01  9.733280E-06 -4.308444E-06
  1.913036E+00  0.000000E+00     3  1.568729E-04 -2.343134E+00  1.567418E-04 -6.413594E-06
  1.913036E+00  0.000000E+00     4  3.893842E-05  1.371953E+02 -2.856811E-05  2.645871E-05
  1.913036E+00  0.000000E+00     5  7.180343E-04  7.211774E+01  2.204810E-04  6.833458E-04
  1.913036E+00  0.000000E+00     6  3.714610E-12 -1.569451E+02 -3.417923E-12 -1.454691E-12
  1.913036E+00  1.000000E+01     1  2.070844E-04  7.118807E+01  6.677702E-05  1.960224E-04
  1.913036E+00  1.000000E+01     2  3.690943E-05  5.468725E+01  2.133510E-05  3.011843E-05
  1.913036E+00  1.000000E+01     3  1.571158E-04 -2.436128E+00  1.569738E-04 -6.678306E-06
  1.913036E+00  1.000000E+01     4  1.131126E-04 -1.264098E+02 -6.713878E-05 -9.103211E-05
  1.913036E+00  1.000000E+01     5  7.041435E-04  7.152708E+01  2.231124E-04  6.678615E-04
  1.913036E+00  1.000000E+01     6  3.742956E-12  1.592424E+02 -3.499995E-12  1.326558E-12
  1.913036E+00  2.000000E+01     1  1.974309E-04  7.055020E+01  6.574071E-05  1.861642E-04
  1.913036E+00  2.000000E+01     2  7.135729E-05  6.308741E+01  3.229849E-05  6.362916E-05
  1.913036E+00  2.000000E+01     3  1.573626E-04 -2.525793E+00  1.572097E-04 -6.934833E-06
  1.913036E+00  2.000000E+01     4  2.303969E-04 -1.167489E+02 -1.036974E-04 -2.057415E-04
  1.913036E+00  2.000000E+01     5  6.686841E-04  7.089791E+01  2.188285E-04  6.318643E-04
  1.913036E+00  2.000000E+01     6  4.542720E-12  1.416105E+02 -3.560619E-12  2.821046E-12
  1.913036E+00  3.000000E+01     1  1.817707E-04  6.981942E+01  6.270725E-05  1.706118E-04
  1.913036E+00  3.000000E+01     2  1.042093E-04  6.605086E+01  4.230122E-05  9.523755E-05
  1.913036E+00  3.000000E+01     3  1.576166E-04 -2.610221E+00  1.574531E-04 -7.178050E-06
  1.913036E+00  3.000000E+01     4  3.429272E-04 -1.135856E+02 -1.372117E-04 -3.142802E-04
  1.913036E+00  3.000000E+01     5  6.128559E-04  7.017461E+01  2.078530E-04  5.765323E-04
  1.913036E+00  3.000000E+01     6  4.282092E-12  1.472367E+02 -3.600867E-12  2.317341E-12
  1.913036E+00  4.000000E+01     1  1.606312E-04  6.891561E+01  5.778590E-05  1.498772E-04
  1.913036E+00  4.000000E+01     2  1.340925E-04  6.762572E+01  5.104302E-05  1.239976E-04
  1.913036E+00  4.000000E+01     3  1.578754E-04 -2.686820E+00  1.577018E-04 -7.400671E-06
  1.913036E+00  4.000000E+01     4  4.457389E-04 -1.119612E+02 -1.666970E-04 -4.133948E-04
  1.913036E+00  4.000000E+01     5  5.385281E-04  6.926905E+01  1.906282E-04  5.036600E-04
  1.913036E+00  4.000000E+01     6  3.622662E-12  1.791724E+02 -3.622284E-12  5.232474E-14
  1.913036E+00  5.000000E+01     1  1.347145E-04  6.768948E+01  5.114112E-05  1.246297E-04
  1.913036E+00  5.000000E+01     2  1.600102E-04  6.864990E+01  5.825426E-05  1.490293E-04
  1.913036E+00  5.000000E+01     3  1.581329E-04 -2.753639E+00  1.579503E-04 -7.596953E-06
  1.913036E+00  5.000000E+01     4  5.353779E-04 -1.109286E+02 -1.912395E-04 -5.000570E-04
  1.913036E+00  5.000000E+01     5  4.481658E-04  6.801507E+01  1.677766E-04  4.155763E-04
  1.913036E+00  5.000000E+01     6  4.647245E-12 -1.412856E+02 -3.626120E-12 -2.906567E-12
  1.913036E+00  6.000000E+01     1  1.048776E-04  6.580477E+01  4.298378E-05  9.566454E-05
  1.913036E+00  6.000000E+01     2  1.811215E-04  6.940684E+01  6.370585E-05  1.695481E-04
  1.913036E+00  6.000000E+01     3  1.583820E-04 -2.810139E+00  1.581915E-04 -7.764917E-06
  1.913036E+00  6.000000E+01     4  6.089329E-04 -1.101769E+02 -2.100333E-04 -5.715639E-04
  1.913036E+00  6.000000E+01     5  3.447725E-04  6.603190E+01  1.400562E-04  3.150434E-04
  1.913036E+00  6.000000E+01     6  6.301918E-12 -1.249796E+02 -3.612790E-12 -5.163518E-12
  1.913036E+00  7.000000E+01     1  7.215168E-05  6.227966E+01  3.356181E-05  6.387073E-05
  1.913036E+00  7.000000E+01     2  1.967364E-04  7.002126E+01  6.721920E-05  1.848967E-04
  1.913036E+00  7.000000E+01     3  1.586145E-04 -2.856947E+00  1.584174E-04 -7.905741E-06
  1.913036E+00  7.000000E+01     4  6.640024E-04 -1.095709E+02 -2.224228E-04 -6.256415E-04
  1.913036E+00  7.000000E+01     5  2.319883E-04  6.216591E+01  1.083183E-04  2.051481E-04
  1.913036E+00  7.000000E+01     6  6.686468E-12 -1.223896E+02 -3.581760E-12 -5.646224E-12
  1.913036E+00  8.000000E+01     1  3.805343E-05  5.252645E+01  2.315153E-05  3.020051E-05
  1.913036E+00  8.000000E+01     2  2.063371E-04  7.055945E+01  6.867489E-05  1.945733E-04
  1.913036E+00  8.000000E+01     3  1.588208E-04 -2.894677E+00  1.586182E-04 -8.020475E-06
  1.913036E+00  8.000000E+01     4  6.987654E-04 -1.090389E+02 -2.279446E-04 -6.605410E-04
  1.913036E+00  8.000000E+01     5  1.155617E-04  5.052084E+01  7.347382E-05  8.919694E-05
  1.913036E+00  8.000000E+01     6  5.416355E-12 -1.306988E+02 -3.531913E-12 -4.106397E-12
  1.913036E+00  9.000000E+01     1  1.281418E-05 -1.987685E+01  1.205079E-05 -4.356816E-06
  1.913036E+00  9.000000E+01     2  2.095993E-04  7.106350E+01  6.801919E-05  1.982556E-04
  1.913036E+00  9.000000E+01     3  1.589877E-04 -2.922371E+00  1.587810E-04 -8.105652E-06
  1.913036E+00  9.000000E+01     4  7.120549E-04 -1.085359E+02 -2.263614E-04 -6.751167E-04
  1.913036E+00  9.000000E+01     5  4.683379E-05 -3.884763E+01  3.647494E-05 -2.937657E-05
  1.913036E+00  9.000000E+01     6  3.676022E-12 -1.603602E+02 -3.462167E-12 -1.235533E-12
  1.913036E+00  1.000000E+02     1  3.879996E-05 -8.915239E+01  5.739723E-07 -3.879571E-05
  1.913036E+00  1.000000E+02     2  2.064075E-04  7.156619E+01  6.526788E-05  1.958166E-04
  1.913036E+00  1.000000E+02     3  1.590975E-04 -2.936376E+00  1.588886E-04 -8.150087E-06
  1.913036E+00  1.000000E+02     4  7.034113E-04 -1.080273E+02 -2.176853E-04 -6.688801E-04
  1.913036E+00  1.000000E+02     5  1.471003E-04 -9.065748E+01 -1.687956E-06 -1.470906E-04
  1.913036E+00  1.000000E+02     6  3.759209E-12  1.537689E+02 -3.372082E-12  1.661541E-12
  1.913036E+00  1.100000E+02     1  7.293900E-05 -9.863570E+01 -1.095190E-05 -7.211209E-05
  1.913036E+00  1.100000E+02     2  1.968617E-04  7.209993E+01  6.050696E-05  1.873324E-04
  1.913036E+00  1.100000E+02     3  1.591287E-04 -2.930317E+00  1.589207E-04 -8.134882E-06
  1.913036E+00  1.100000E+02     4  6.731083E-04 -1.074803E+02 -2.021865E-04 -6.420245E-04
  1.913036E+00  1.100000E+02     5  2.635342E-04 -9.872613E+01 -3.998118E-05 -2.604837E-04
  1.913036E+00  1.100000E+02     6  4.628851E-12  1.348104E+02 -3.262241E-12  3.283907E-12
  1.913036E+00  1.200000E+02     1  1.056776E-04 -1.021220E+02 -2.219160E-05 -1.033213E-04
  1.913036E+00  1.200000E+02     2  1.812753E-04  7.270552E+01  5.389003E-05  1.730797E-04
  1.913036E+00  1.200000E+02     3  1.590596E-04 -2.896417E+00  1.588564E-04 -8.037357E-06
  1.913036E+00  1.200000E+02     4  6.221452E-04 -1.068545E+02 -1.803867E-04 -5.954202E-04
  1.913036E+00  1.200000E+02     5  3.742599E-04 -1.019236E+02 -7.732490E-05 -3.661848E-04
  1.913036E+00  1.200000E+02     6  4.304109E-12  1.367382E+02 -3.134383E-12  2.949746E-12
  1.913036E+00  1.300000E+02     1  1.355116E-04 -1.040109E+02 -3.280825E-05 -1.314801E-04
  1.913036E+00  1.300000E+02     2  1.601620E-04  7.344641E+01  4.563209E-05  1.535239E-04
  1.913036E+00  1.300000E+02     3  1.588731E-04 -2.827803E+00  1.586796E-04 -7.837915E-06
  1.913036E+00  1.300000E+02     4  5.522059E-04 -1.060891E+02 -1.530341E-04 -5.305770E-04
  1.913036E+00  1.300000E+02     5  4.745464E-04 -1.037265E+02 -1.126042E-04 -4.609931E-04
  1.913036E+00  1.300000E+02     6  3.128988E-12  1.629466E+02 -2.991413E-12  9.176151E-13
  1.913036E+00  1.400000E+02     1  1.614031E-04 -1.052569E+02 -4.247289E-05 -1.557146E-04
  1.913036E+00  1.400000E+02     2  1.342156E-04  7.444135E+01  3.599993E-05  1.292975E-04
  1.913036E+00  1.400000E+02     3  1.585625E-04 -2.721017E+00  1.583837E-04 -7.527414E-06
  1.913036E+00  1.400000E+02     4  4.655905E-04 -1.050711E+02 -1.210615E-04 -4.495760E-04
  1.913036E+00  1.400000E+02     5  5.609574E-04 -1.049486E+02 -1.446999E-04 -5.419733E-04
  1.913036E+00  1.400000E+02     6  3.326005E-12 -1.485500E+02 -2.837402E-12 -1.735357E-12
  1.913036E+00  1.500000E+02     1  1.824883E-04 -1.061883E+02 -5.087671E-05 -1.752528E-04
  1.913036E+00  1.500000E+02     2  1.042860E-04  7.595996E+01  2.529977E-05  1.011706E-04
  1.913036E+00  1.500000E+02     3  1.581347E-04 -2.577761E+00  1.579747E-04 -7.112147E-06
  1.913036E+00  1.500000E+02     4  3.651361E-04 -1.035470E+02 -8.553058E-05 -3.549773E-04
  1.913036E+00  1.500000E+02     5  6.306256E-04 -1.058785E+02 -1.725386E-04 -6.065634E-04
  1.913036E+00  1.500000E+02     6  4.501148E-12 -1.265031E+02 -2.677582E-12 -3.618134E-12
  1.913036E+00  1.600000E+02     1  1.980631E-04 -1.069506E+02 -5.774462E-05 -1.894586E-04
  1.913036E+00  1.600000E+02     2  7.137660E-05  7.880012E+01  1.386365E-05  7.001727E-05
  1.913036E+00  1.600000E+02     3  1.576107E-04 -2.405207E+00  1.574719E-04 -6.614364E-06
  1.913036E+00  1.600000E+02     4  2.542037E-04 -1.007860E+02 -4.757187E-05 -2.497127E-04
  1.913036E+00  1.600000E+02     5  6.812334E-04 -1.066468E+02 -1.951533E-04 -6.526823E-04
  1.913036E+00  1.600000E+02     6  4.457538E-12 -1.243976E+02 -2.518210E-12 -3.678079E-12
  1.913036E+00  1.700000E+02     1  2.076044E-04 -1.076217E+02 -6.284838E-05 -1.978627E-04
  1.913036E+00  1.700000E+02     2  3.683894E-05  8.683096E+01  2.036532E-06  3.678261E-05
  1.913036E+00  1.700000E+02     3  1.570218E-04 -2.214720E+00  1.569045E-04 -6.068035E-06
  1.913036E+00  1.700000E+02     4  1.372308E-04 -9.348079E+01 -8.331813E-06 -1.369776E-04
  1.913036E+00  1.700000E+02     5  7.110841E-04 -1.073241E+02 -2.117436E-04 -6.788264E-04
  1.913036E+00  1.700000E+02     6  2.913338E-12 -1.443099E+02 -2.366166E-12 -1.699645E-12
  1.913036E+00  1.800000E+02     1  2.107908E-04 -1.082516E+02 -6.601765E-05 -2.001860E-04
  1.913036E+00  1.800000E+02     2  1.013561E-05  1.659928E+02 -9.834227E-06  2.453269E-06
  1.913036E+00  1.800000E+02     3  1.564044E-04 -2.019455E+00  1.563072E-04 -5.511509E-06
  1.913036E+00  1.800000E+02     4  3.701763E-05 -3.294857E+01  3.106368E-05 -2.013337E-05
  1.913036E+00  1.800000E+02     5  7.191742E-04 -1.079572E+02 -2.217255E-04 -6.841413E-04
  1.913036E+00  1.800000E+02     6  2.733644E-12  1.446004E+02 -2.228280E-12  1.583535E-12
  1.913036E+00  1.900000E+02     1  2.075169E-04 -1.088794E+02 -6.714783E-05 -1.963528E-04
  1.913036E+00  1.900000E+02     2  3.847128E-05 -1.238090E+02 -2.140641E-05 -3.196568E-05
  1.913036E+00  1.900000E+02     3  1.557945E-04 -1.831755E+00  1.557148E-04 -4.979926E-06
  1.913036E+00  1.900000E+02     4  1.196493E-04  5.447353E+01  6.952569E-05  9.737624E-05
  1.913036E+00  1.900000E+02     5  7.052372E-04 -1.085848E+02 -2.247648E-04 -6.684611E-04
  1.913036E+00  1.900000E+02     6  5.261822E-12  1.136472E+02 -2.110537E-12  4.820001E-12
  1.913036E+00  2.000000E+02     1  1.978971E-04 -1.095445E+02 -6.620433E-05 -1.864947E-04
  1.913036E+00  2.000000E+02     2  7.302536E-05 -1.162935E+02 -3.234798E-05 -6.546993E-05
  1.913036E+00  2.000000E+02     3  1.552237E-04 -1.661308E+00  1.551584E-04 -4.500126E-06
  1.913036E+00  2.000000E+02     4  2.371117E-04  6.344470E+01  1.060035E-04  2.120972E-04
  1.913036E+00  2.000000E+02     5  6.697537E-04 -1.092480E+02 -2.207900E-04 -6.323146E-04
  1.913036E+00  2.000000E+02     6  6.961834E-12  1.068452E+02 -2.017447E-12  6.663111E-12
  1.913036E+00  2.100000E+02     1  1.822587E-04 -1.102970E+02 -6.322303E-05 -1.709418E-04
  1.913036E+00  2.100000E+02     2  1.059065E-04 -1.135657E+02 -4.234140E-05 -9.707411E-05
  1.913036E+00  2.100000E+02     3  1.547181E-04 -1.514622E+00  1.546640E-04 -4.089517E-06
  1.913036E+00  2.100000E+02     4  3.496602E-04  6.649020E+01  1.394815E-04  3.206355E-04
  1.913036E+00  2.100000E+02     5  6.139262E-04 -1.100013E+02 -2.099877E-04 -5.768973E-04
  1.913036E+00  2.100000E+02     6  6.683037E-12  1.069810E+02 -1.951806E-12  6.391669E-12
  1.913036E+00  2.200000E+02     1  1.611263E-04 -1.112152E+02 -5.830715E-05 -1.502064E-04
  1.913036E+00  2.200000E+02     2  1.358086E-04 -1.120975E+02 -5.108904E-05 -1.258327E-04
  1.913036E+00  2.200000E+02     3  1.542984E-04 -1.395763E+00  1.542526E-04 -3.758439E-06
  1.913036E+00  2.200000E+02     4  4.524750E-04  6.807041E+01  1.689844E-04  4.197355E-04
  1.913036E+00  2.200000E+02     5  5.396236E-04 -1.109314E+02 -1.927801E-04 -5.040134E-04
  1.913036E+00  2.200000E+02     6  4.648916E-12  1.143248E+02 -1.914927E-12  4.236210E-12
  1.913036E+00  2.300000E+02     1  1.352005E-04 -1.124458E+02 -5.162080E-05 -1.249578E-04
  1.913036E+00  2.300000E+02     2  1.617462E-04 -1.111352E+02 -5.832080E-05 -1.508658E-04
  1.913036E+00  2.300000E+02     3  1.539815E-04 -1.307688E+00  1.539413E-04 -3.514086E-06
  1.913036E+00  2.300000E+02     4  5.421166E-04  6.907696E+01  1.935972E-04  5.063699E-04
  1.913036E+00  2.300000E+02     5  4.493083E-04 -1.122030E+02 -1.697885E-04 -4.159925E-04
  1.913036E+00  2.300000E+02     6  2.286480E-12  1.465220E+02 -1.907147E-12  1.261262E-12
  1.913036E+00  2.400000E+02     1  1.053385E-04 -1.143190E+02 -4.338014E-05 -9.599144E-05
  1.913036E+00  2.400000E+02     2  1.828799E-04 -1.104191E+02 -6.380396E-05 -1.713888E-04
  1.913036E+00  2.400000E+02     3  1.537805E-04 -1.253273E+00  1.537437E-04 -3.363486E-06
  1.913036E+00  2.400000E+02     4  6.156759E-04  6.980896E+01  2.125014E-04  5.778408E-04
  1.913036E+00  2.400000E+02     5  3.459778E-04 -1.141936E+02 -1.417890E-04 -3.155892E-04
  1.913036E+00  2.400000E+02     6  2.238472E-12 -1.494788E+02 -1.928312E-12 -1.136823E-12
  1.913036E+00  2.500000E+02     1  7.257114E-05 -1.177973E+02 -3.384319E-05 -6.419664E-05
  1.913036E+00  2.500000E+02     2  1.985189E-04 -1.098332E+02 -6.735413E-05 -1.867436E-04
  1.913036E+00  2.500000E+02     3  1.537044E-04 -1.235374E+00  1.536687E-04 -3.313818E-06
  1.913036E+00  2.500000E+02     4  6.707525E-04  7.039851E+01  2.250214E-04  6.318816E-04
  1.913036E+00  2.500000E+02     5  2.332623E-04 -1.180436E+02 -1.096667E-04 -2.058749E-04
  1.913036E+00  2.500000E+02     6  2.730100E-12 -1.364272E+02 -1.977956E-12 -1.881790E-12
  1.913036E+00  2.600000E+02     1  3.840200E-05 -1.273540E+02 -2.329993E-05 -3.052583E-05
  1.913036E+00  2.600000E+02     2  2.081431E-04 -1.093150E+02 -6.884556E-05 -1.964277E-04
  1.913036E+00  2.600000E+02     3  1.537555E-04 -1.255839E+00  1.537186E-04 -3.369824E-06
  1.913036E+00  2.600000E+02     4  7.055254E-04  7.091623E+01  2.306717E-04  6.667509E-04
  1.913036E+00  2.600000E+02     5  1.168611E-04 -1.295290E+02 -7.437842E-05 -9.013533E-05
  1.913036E+00  2.600000E+02     6  2.176911E-12 -1.607408E+02 -2.055083E-12 -7.180359E-13
  1.913036E+00  2.700000E+02     1  1.271967E-05  1.615212E+02 -1.206386E-05  4.031542E-06
  1.913036E+00  2.700000E+02     2  2.114262E-04 -1.088240E+02 -6.821934E-05 -2.001179E-04
  1.913036E+00  2.700000E+02     3  1.539269E-04 -1.313968E+00  1.538864E-04 -3.529706E-06
  1.913036E+00  2.700000E+02     4  7.188268E-04  7.140673E+01  2.291965E-04  6.813083E-04
  1.913036E+00  2.700000E+02     5  4.647733E-05  1.426128E+02 -3.692857E-05  2.822097E-05
  1.913036E+00  2.700000E+02     6  2.730678E-12  1.422029E+02 -2.157743E-12  1.673544E-12
  1.913036E+00  2.800000E+02     1  3.847282E-05  9.069298E+01 -4.653124E-07  3.847001E-05
  1.913036E+00  2.800000E+02     2  2.082513E-04 -1.083286E+02 -6.548816E-05 -1.976864E-04
  1.913036E+00  2.800000E+02     3  1.542009E-04 -1.405338E+00  1.541545E-04 -3.781826E-06
  1.913036E+00  2.800000E+02     4  7.101958E-04  7.190378E+01  2.205966E-04  6.750669E-04
  1.913036E+00  2.800000E+02     5  1.457471E-04  8.935551E+01  1.639401E-06  1.457378E-04
  1.913036E+00  2.800000E+02     6  4.607144E-12  1.197003E+02 -2.282670E-12  4.001899E-12
  1.913036E+00  2.900000E+02     1  7.264703E-05  8.116794E+01  1.115414E-05  7.178562E-05
  1.913036E+00  2.900000E+02     2  1.987180E-04 -1.077970E+02 -6.073726E-05 -1.892084E-04
  1.913036E+00  2.900000E+02     3  1.545501E-04 -1.521742E+00  1.544956E-04 -4.104277E-06
  1.913036E+00  2.900000E+02     4  6.799035E-04  7.243922E+01  2.051387E-04  6.482182E-04
  1.913036E+00  2.900000E+02     5  2.620860E-04  8.116725E+01  4.024347E-05  2.589779E-04
  1.913036E+00  2.900000E+02     6  5.541708E-12  1.159529E+02 -2.425226E-12  4.982851E-12
  1.913036E+00  3.000000E+02     1  1.054118E-04  7.770452E+01  2.244780E-05  1.029939E-04
  1.913036E+00  3.000000E+02     2  1.831395E-04 -1.071886E+02 -5.412105E-05 -1.749599E-04
  1.913036E+00  3.000000E+02     3  1.549408E-04 -1.652519E+00  1.548763E-04 -4.468167E-06
  1.913036E+00  3.000000E+02     4  6.289458E-04  7.305139E+01  1.833464E-04  6.016286E-04
  1.913036E+00  3.000000E+02     5  3.727905E-04  7.795940E+01  7.776587E-05  3.645891E-04
  1.913036E+00  3.000000E+02     6  4.721080E-12  1.231217E+02 -2.579687E-12  3.953961E-12
  1.913036E+00  3.100000E+02     1  1.352574E-04  7.584708E+01  3.307189E-05  1.311519E-04
  1.913036E+00  3.100000E+02     2  1.620301E-04 -1.064399E+02 -4.585593E-05 -1.554059E-04
  1.913036E+00  3.100000E+02     3  1.553388E-04 -1.786869E+00  1.552633E-04 -4.843728E-06
  1.913036E+00  3.100000E+02     4  5.590037E-04  7.379840E+01  1.559720E-04  5.368034E-04
  1.913036E+00  3.100000E+02     5  4.730927E-04  7.617251E+01  1.130689E-04  4.593824E-04
  1.913036E+00  3.100000E+02     6  2.989106E-12  1.564297E+02 -2.739725E-12  1.195266E-12
  1.913036E+00  3.200000E+02     1  1.611450E-04  7.463571E+01  4.269619E-05  1.553858E-04
  1.913036E+00  3.200000E+02     2  1.360843E-04 -1.054313E+02 -3.620978E-05 -1.311784E-04
  1.913036E+00  3.200000E+02     3  1.557164E-04 -1.916268E+00  1.556293E-04 -5.206991E-06
  1.913036E+00  3.200000E+02     4  4.723737E-04  7.478739E+01  1.239516E-04  4.558212E-04
  1.913036E+00  3.200000E+02     5  5.595469E-04  7.497796E+01  1.450293E-04  5.404251E-04
  1.913036E+00  3.200000E+02     6  3.635139E-12 -1.428896E+02 -2.898929E-12 -2.193273E-12
  1.913036E+00  3.300000E+02     1  1.822112E-04  7.374062E+01  5.101660E-05  1.749235E-04
  1.913036E+00  3.300000E+02     2  1.061534E-04 -1.038935E+02 -2.548939E-05 -1.030478E-04
  1.913036E+00  3.300000E+02     3  1.560570E-04 -2.036043E+00  1.559584E-04 -5.544418E-06
  1.913036E+00  3.300000E+02     4  3.718880E-04  7.625694E+01  8.834878E-05  3.612412E-04
  1.913036E+00  3.300000E+02     5  6.292778E-04  7.408173E+01  1.725894E-04  6.051474E-04
  1.913036E+00  3.300000E+02     6  5.685457E-12 -1.224573E+02 -3.051221E-12 -4.797340E-12
  1.913036E+00  3.400000E+02     1  1.977547E-04  7.301506E+01  5.776817E-05  1.891289E-04
  1.913036E+00  3.400000E+02     2  7.324420E-05 -1.010412E+02 -1.402729E-05 -7.188844E-05
  1.913036E+00  3.400000E+02     3  1.563572E-04 -2.145540E+00  1.562476E-04 -5.853699E-06
  1.913036E+00  3.400000E+02     4  2.608901E-04  7.888454E+01  5.029614E-05  2.559959E-04
  1.913036E+00  3.400000E+02     5  6.799580E-04  7.335076E+01  1.948160E-04  6.514519E-04
  1.913036E+00  3.400000E+02     6  6.394742E-12 -1.199362E+02 -3.191202E-12 -5.541565E-12
  1.913036E+00  3.500000E+02     1  2.072561E-04  7.238000E+01  6.273696E-05  1.975327E-04
  1.913036E+00  3.500000E+02     2  3.870697E-05 -9.321338E+01 -2.169709E-06 -3.864611E-05
  1.913036E+00  3.500000E+02     3  1.566246E-04 -2.246913E+00  1.565042E-04 -6.140623E-06
  1.913036E+00  3.500000E+02     4  1.436991E-04  8.563172E+01  1.094512E-05  1.432816E-04
  1.913036E+00  3.500000E+02     5  7.098811E-04  7.271224E+01  2.109560E-04  6.778118E-04
  1.913036E+00  3.500000E+02     6  5.341782E-12 -1.283512E+02 -3.314468E-12 -4.189145E-12
  1.831593E+00  0.000000E+00     1  1.353467E-04  3.710642E+01  1.079412E-04  8.165429E-05
  1.831593E+00  0.000000E+00     2  2.316235E-06 -9.058066E+01 -2.347345E-08 -2.316116E-06
  1.831593E+00  0.000000E+00     3  9.901413E-05 -1.735078E+01  9.450868E-05 -2.952808E-05
  1.831593E+00  0.000000E+00     4  8.618623E-06  6.766430E+01  3.275357E-06  7.971994E-06
  1.831593E+00  0.000000E+00     5  3.354140E-04  3.697156E+01  2.679737E-04  2.017242E-04
  1.831593E+00  0.000000E+00     6  1.467833E-12 -1.792789E+02 -1.467716E-12 -1.847364E-14
  1.831593E+00  1.000000E+01     1  1.329894E-04  3.694654E+01  1.062847E-04  7.993589E-05
  1.831593E+00  1.000000E+01     2  2.201338E-05  3.220262E+01  1.862703E-05  1.173126E-05
  1.831593E+00  1.000000E+01     3  9.891050E-05 -1.738237E+01  9.439349E-05 -2.954923E-05
  1.831593E+00  1.000000E+01     4  5.041327E-05 -1.479486E+02 -4.272892E-05 -2.675327E-05
  1.831593E+00  1.000000E+01     5  3.287776E-04  3.682913E+01  2.631624E-04  1.970793E-04
  1.831593E+00  1.000000E+01     6  3.972030E-12  1.126172E+02 -1.527535E-12  3.666559E-12
  1.831593E+00  2.000000E+01     1  1.265546E-04  3.677463E+01  1.013698E-04  7.576431E-05
  1.831593E+00  2.000000E+01     2  4.466635E-05  3.469802E+01  3.672305E-05  2.542637E-05
  1.831593E+00  2.000000E+01     3  9.882384E-05 -1.741848E+01  9.429215E-05 -2.958278E-05
  1.831593E+00  2.000000E+01     4  1.064509E-04 -1.452601E+02 -8.747578E-05 -6.066120E-05
  1.831593E+00  2.000000E+01     5  3.120187E-04  3.668527E+01  2.502169E-04  1.864059E-04
  1.831593E+00  2.000000E+01     6  5.890100E-12  1.054774E+02 -1.571818E-12  5.676501E-12
  1.831593E+00  3.000000E+01     1  1.162563E-04  3.657634E+01  9.336120E-05  6.927634E-05
  1.831593E+00  3.000000E+01     2  6.602048E-05  3.552839E+01  5.372929E-05  3.836492E-05
  1.831593E+00  3.000000E+01     3  9.876448E-05 -1.745854E+01  9.421483E-05 -2.963088E-05
  1.831593E+00  3.000000E+01     4  1.594254E-04 -1.444295E+02 -1.296768E-04 -9.273835E-05
  1.831593E+00  3.000000E+01     5  2.857079E-04  3.652229E+01  2.296021E-04  1.700349E-04
  1.831593E+00  3.000000E+01     6  5.360957E-12  1.073942E+02 -1.602625E-12  5.115804E-12
  1.831593E+00  4.000000E+01     1  1.024314E-04  3.632883E+01  8.252187E-05  6.068228E-05
  1.831593E+00  4.000000E+01     2  8.541357E-05  3.596244E+01  6.913393E-05  5.015953E-05
  1.831593E+00  4.000000E+01     3  9.873783E-05 -1.750043E+01  9.416772E-05 -2.969175E-05
  1.831593E+00  4.000000E+01     4  2.077014E-04 -1.440213E+02 -1.680793E-04 -1.220214E-04
  1.831593E+00  4.000000E+01     5  2.507246E-04  3.631219E+01  2.020344E-04  1.484752E-04
  1.831593E+00  4.000000E+01     6  2.802446E-12  1.253701E+02 -1.622210E-12  2.285200E-12
  1.831593E+00  5.000000E+01     1  8.552451E-05  3.598876E+01  6.920064E-05  5.025647E-05
  1.831593E+00  5.000000E+01     2  1.022470E-04  3.624352E+01  8.246338E-05  6.045030E-05
  1.831593E+00  5.000000E+01     3  9.874579E-05 -1.754282E+01  9.415332E-05 -2.976381E-05
  1.831593E+00  5.000000E+01     4  2.497894E-04 -1.437726E+02 -2.014994E-04 -1.476236E-04
  1.831593E+00  5.000000E+01     5  2.082122E-04  3.600373E+01  1.684393E-04  1.223951E-04
  1.831593E+00  5.000000E+01     6  2.195714E-12 -1.380135E+02 -1.632080E-12 -1.468835E-12
  1.831593E+00  6.000000E+01     1  6.606860E-05  3.545658E+01  5.381653E-05  3.832545E-05
  1.831593E+00  6.000000E+01     2  1.159924E-04  3.645195E+01  9.329908E-05  6.891669E-05
  1.831593E+00  6.000000E+01     3  9.878818E-05 -1.758640E+01  9.417106E-05 -2.984822E-05
  1.831593E+00  6.000000E+01     4  2.843588E-04 -1.435957E+02 -2.288661E-04 -1.687610E-04
  1.831593E+00  6.000000E+01     5  1.595258E-04  3.548270E+01  1.299004E-04  9.259789E-05
  1.831593E+00  6.000000E+01     6  4.680751E-12 -1.104103E+02 -1.632369E-12 -4.386889E-12
  1.831593E+00  7.000000E+01     1  4.466691E-05  3.443099E+01  3.684162E-05  2.525526E-05
  1.831593E+00  7.000000E+01     2  1.262105E-04  3.662258E+01  1.012943E-04  7.528977E-05
  1.831593E+00  7.000000E+01     3  9.886318E-05 -1.763356E+01  9.421794E-05 -2.994844E-05
  1.831593E+00  7.000000E+01     4  3.102889E-04 -1.434513E+02 -2.492710E-04 -1.847787E-04
  1.831593E+00  7.000000E+01     5  1.061818E-04  3.440414E+01  8.760769E-05  5.999553E-05
  1.831593E+00  7.000000E+01     6  5.367382E-12 -1.075874E+02 -1.621809E-12 -5.116495E-12
  1.831593E+00  8.000000E+01     1  2.199329E-05  3.133967E+01  1.878445E-05  1.143894E-05
  1.831593E+00  8.000000E+01     2  1.325698E-04  3.677359E+01  1.061894E-04  7.936350E-05
  1.831593E+00  8.000000E+01     3  9.896662E-05 -1.768642E+01  9.428882E-05 -3.006678E-05
  1.831593E+00  8.000000E+01     4  3.267195E-04 -1.433178E+02 -2.620163E-04 -1.951745E-04
  1.831593E+00  8.000000E+01     5  4.987169E-05  3.085714E+01  4.281229E-05  2.557915E-05
  1.831593E+00  8.000000E+01     6  3.704998E-12 -1.155554E+02 -1.598276E-12 -3.342533E-12
  1.831593E+00  9.000000E+01     1  2.720102E-06 -8.629570E+01  1.757383E-07 -2.714419E-06
  1.831593E+00  9.000000E+01     2  1.348608E-04  3.691628E+01  1.078231E-04  8.100378E-05
  1.831593E+00  9.000000E+01     3  9.909062E-05 -1.774419E+01  9.437655E-05 -3.019963E-05
  1.831593E+00  9.000000E+01     4  3.330931E-04 -1.431814E+02 -2.666532E-04 -1.996173E-04
  1.831593E+00  9.000000E+01     5  1.013039E-05 -1.084460E+02 -3.205360E-06 -9.609911E-06
  1.831593E+00  9.000000E+01     6  1.560994E-12  1.775988E+02 -1.559623E-12  6.540162E-14
  1.831593E+00  1.000000E+02     1  2.494039E-05 -1.376880E+02 -1.844318E-05 -1.678905E-05
  1.831593E+00  1.000000E+02     2  1.330059E-04  3.705924E+01  1.061404E-04  8.015473E-05
  1.831593E+00  1.000000E+02     3  9.922262E-05 -1.780117E+01  9.447215E-05 -3.033381E-05
  1.831593E+00  1.000000E+02     4  3.291839E-04 -1.430320E+02 -2.630085E-04 -1.979610E-04
  1.831593E+00  1.000000E+02     5  6.631060E-05 -1.378387E+02 -4.915326E-05 -4.450902E-05
  1.831593E+00  1.000000E+02     6  3.776503E-12  1.134752E+02 -1.504381E-12  3.463930E-12
  1.831593E+00  1.100000E+02     1  4.750603E-05 -1.402602E+02 -3.653004E-05 -3.037069E-05
  1.831593E+00  1.100000E+02     2  1.270635E-04  3.721089E+01  1.011953E-04  7.684171E-05
  1.831593E+00  1.100000E+02     3  9.934581E-05 -1.784662E+01  9.456532E-05 -3.044650E-05
  1.831593E+00  1.100000E+02     4  3.151121E-04 -1.428606E+02 -2.511977E-04 -1.902508E-04
  1.831593E+00  1.100000E+02     5  1.219851E-04 -1.402129E+02 -9.373667E-05 -7.806280E-05
  1.831593E+00  1.100000E+02     6  5.408735E-12  1.053536E+02 -1.432097E-12  5.215699E-12
  1.831593E+00  1.200000E+02     1  6.871304E-05 -1.412010E+02 -5.355142E-05 -4.305493E-05
  1.831593E+00  1.200000E+02     2  1.172262E-04  3.738186E+01  9.314876E-05  7.117089E-05
  1.831593E+00  1.200000E+02     3  9.944143E-05 -1.786691E+01  9.464554E-05 -3.050933E-05
  1.831593E+00  1.200000E+02     4  2.913414E-04 -1.426571E+02 -2.316220E-04 -1.767232E-04
  1.831593E+00  1.200000E+02     5  1.741888E-04 -1.411558E+02 -1.356677E-04 -1.092520E-04
  1.831593E+00  1.200000E+02     6  4.664279E-12  1.067386E+02 -1.343338E-12  4.466647E-12
  1.831593E+00  1.300000E+02     1  8.789661E-05 -1.417162E+02 -6.899460E-05 -5.445694E-05
  1.831593E+00  1.300000E+02     2  1.038131E-04  3.758888E+01  8.226230E-05  6.332508E-05
  1.831593E+00  1.300000E+02     3  9.949255E-05 -1.784927E+01  9.470359E-05 -3.049586E-05
  1.831593E+00  1.300000E+02     4  2.586587E-04 -1.424060E+02 -2.049491E-04 -1.577980E-04
  1.831593E+00  1.300000E+02     5  2.212907E-04 -1.417093E+02 -1.736859E-04 -1.371232E-04
  1.831593E+00  1.300000E+02     6  1.985072E-12  1.286428E+02 -1.239603E-12  1.550449E-12
  1.831593E+00  1.400000E+02     1  1.044580E-04 -1.420610E+02 -8.238245E-05 -6.422310E-05
  1.831593E+00  1.400000E+02     2  8.725524E-05  3.786349E+01  6.888586E-05  5.355572E-05
  1.831593E+00  1.400000E+02     3  9.948824E-05 -1.778589E+01  9.473317E-05 -3.038976E-05
  1.831593E+00  1.400000E+02     4  2.181361E-04 -1.420782E+02 -1.720766E-04 -1.340634E-04
  1.831593E+00  1.400000E+02     5  2.618086E-04 -1.421019E+02 -2.065944E-04 -1.608182E-04
  1.831593E+00  1.400000E+02     6  2.440413E-12 -1.174075E+02 -1.123362E-12 -2.166489E-12
  1.831593E+00  1.500000E+02     1  1.178709E-04 -1.423228E+02 -9.329084E-05 -7.204417E-05
  1.831593E+00  1.500000E+02     2  6.807749E-05  3.827731E+01  5.344231E-05  4.217184E-05
  1.831593E+00  1.500000E+02     3  9.942642E-05 -1.767678E+01  9.473196E-05 -3.019053E-05
  1.831593E+00  1.500000E+02     4  1.710788E-04 -1.416045E+02 -1.340817E-04 -1.062547E-04
  1.831593E+00  1.500000E+02     5  2.944344E-04 -1.424107E+02 -2.333107E-04 -1.796043E-04
  1.831593E+00  1.500000E+02     6  5.021094E-12 -1.014673E+02 -9.982397E-13 -4.920864E-12
  1.831593E+00  1.600000E+02     1  1.277011E-04 -1.425402E+02 -1.013666E-04 -7.766846E-05
  1.831593E+00  1.600000E+02     2  4.687737E-05  3.904096E+01  3.640946E-05  2.952692E-05
  1.831593E+00  1.600000E+02     3  9.931431E-05 -1.753022E+01  9.470197E-05 -2.991434E-05
  1.831593E+00  1.600000E+02     4  1.189679E-04 -1.407774E+02 -9.216391E-05 -7.522754E-05
  1.831593E+00  1.600000E+02     5  3.180903E-04 -1.426680E+02 -2.529246E-04 -1.929005E-04
  1.831593E+00  1.600000E+02     6  5.443047E-12 -9.918839E+01 -8.691517E-13 -5.373205E-12
  1.831593E+00  1.700000E+02     1  1.336265E-04 -1.427337E+02 -1.063440E-04 -8.091352E-05
  1.831593E+00  1.700000E+02     2  2.431364E-05  4.117038E+01  1.830222E-05  1.600568E-05
  1.831593E+00  1.700000E+02     3  9.916631E-05 -1.736066E+01  9.464883E-05 -2.958979E-05
  1.831593E+00  1.700000E+02     4  6.342863E-05 -1.386197E+02 -4.759291E-05 -4.192977E-05
  1.831593E+00  1.700000E+02     5  3.319833E-04 -1.428905E+02 -2.647514E-04 -2.002989E-04
  1.831593E+00  1.700000E+02     6  3.320712E-12 -1.029135E+02 -7.421135E-13 -3.236726E-12
  1.831593E+00  1.800000E+02     1  1.354513E-04 -1.429163E+02 -1.080570E-04 -8.167452E-05
  1.831593E+00  1.800000E+02     2  2.041045E-06  9.967520E+01 -3.430234E-07  2.012014E-06
  1.831593E+00  1.800000E+02     3  9.900028E-05 -1.718488E+01  9.458055E-05 -2.925023E-05
  1.831593E+00  1.800000E+02     4  7.557959E-06 -1.027506E+02 -1.668099E-06 -7.371580E-06
  1.831593E+00  1.800000E+02     5  3.356470E-04 -1.430892E+02 -2.683738E-04 -2.015798E-04
  1.831593E+00  1.800000E+02     6  8.508986E-13  1.371304E+02 -6.236267E-13  5.788940E-13
  1.831593E+00  1.900000E+02     1  1.331156E-04 -1.430981E+02 -1.064478E-04 -7.992884E-05
  1.831593E+00  1.900000E+02     2  2.247806E-05 -1.476098E+02 -1.898090E-05 -1.204112E-05
  1.831593E+00  1.900000E+02     3  9.883380E-05 -1.701793E+01  9.450619E-05 -2.892578E-05
  1.831593E+00  1.900000E+02     4  5.209531E-05  3.173775E+01  4.430522E-05  2.740380E-05
  1.831593E+00  1.900000E+02     5  3.289642E-04 -1.432739E+02 -2.636659E-04 -1.967174E-04
  1.831593E+00  1.900000E+02     6  4.414021E-12  9.676253E+01 -5.197710E-13  4.383312E-12
  1.831593E+00  2.000000E+02     1  1.266974E-04 -1.432893E+02 -1.015687E-04 -7.573648E-05
  1.831593E+00  2.000000E+02     2  4.512816E-05 -1.452230E+02 -3.706727E-05 -2.574040E-05
  1.831593E+00  2.000000E+02     3  9.868163E-05 -1.687037E+01  9.443475E-05 -2.863813E-05
  1.831593E+00  2.000000E+02     4  1.081189E-04  3.457073E+01  8.902795E-05  6.134916E-05
  1.831593E+00  2.000000E+02     5  3.121711E-04 -1.434561E+02 -2.507985E-04 -1.858787E-04
  1.831593E+00  2.000000E+02     6  6.505326E-12  9.383718E+01 -4.353455E-13  6.490742E-12
  1.831593E+00  2.100000E+02     1  1.164087E-04 -1.435036E+02 -9.358024E-05 -6.923669E-05
  1.831593E+00  2.100000E+02     2  6.648043E-05 -1.444203E+02 -5.406902E-05 -3.868060E-05
  1.831593E+00  2.100000E+02     3  9.855499E-05 -1.674784E+01  9.437451E-05 -2.839961E-05
  1.831593E+00  2.100000E+02     4  1.610881E-04  3.545542E+01  1.312170E-04  9.344225E-05
  1.831593E+00  2.100000E+02     5  2.858423E-04 -1.436522E+02 -2.302272E-04 -1.694144E-04
  1.831593E+00  2.100000E+02     6  6.014343E-12  9.355962E+01 -3.734133E-13  6.002739E-12
  1.831593E+00  2.200000E+02     1  1.025853E-04 -1.437628E+02 -8.274294E-05 -6.064116E-05
  1.831593E+00  2.200000E+02     2  8.587467E-05 -1.440017E+02 -6.947558E-05 -5.047378E-05
  1.831593E+00  2.200000E+02     3  9.846207E-05 -1.665248E+01  9.433262E-05 -2.821589E-05
  1.831593E+00  2.200000E+02     4  2.093584E-04  3.588405E+01  1.696232E-04  1.227147E-04
  1.831593E+00  2.200000E+02     5  2.508591E-04 -1.438890E+02 -2.026633E-04 -1.478442E-04
  1.831593E+00  2.200000E+02     6  3.235334E-12  9.595054E+01 -3.354070E-13  3.217901E-12
  1.831593E+00  2.300000E+02     1  8.567157E-05 -1.441092E+02 -6.940559E-05 -5.022433E-05
  1.831593E+00  2.300000E+02     2  1.027124E-04 -1.437325E+02 -8.281327E-05 -6.076017E-05
  1.831593E+00  2.300000E+02     3  9.840903E-05 -1.658542E+01  9.431475E-05 -2.809031E-05
  1.831593E+00  2.300000E+02     4  2.514385E-04  3.613775E+01  2.030621E-04  1.482805E-04
  1.831593E+00  2.300000E+02     5  2.083653E-04 -1.442163E+02 -1.690321E-04 -1.218369E-04
  1.831593E+00  2.300000E+02     6  6.102615E-13 -1.218082E+02 -3.216549E-13 -5.186108E-13
  1.831593E+00  2.400000E+02     1  6.620137E-05 -1.446399E+02 -5.398929E-05 -3.831159E-05
  1.831593E+00  2.400000E+02     2  1.164645E-04 -1.435341E+02 -9.366196E-05 -6.922000E-05
  1.831593E+00  2.400000E+02     3  9.840043E-05 -1.654853E+01  9.432457E-05 -2.802713E-05
  1.831593E+00  2.400000E+02     4  2.859984E-04  3.631182E+01  2.304593E-04  1.693624E-04
  1.831593E+00  2.400000E+02     5  1.597133E-04 -1.447461E+02 -1.304223E-04 -9.218654E-05
  1.831593E+00  2.400000E+02     6  3.463810E-12 -9.549956E+01 -3.319650E-13 -3.447866E-12
  1.831593E+00  2.500000E+02     1  4.477940E-05 -1.456498E+02 -3.697004E-05 -2.526678E-05
  1.831593E+00  2.500000E+02     2  1.266904E-04 -1.433721E+02 -1.016724E-04 -7.558558E-05
  1.831593E+00  2.500000E+02     3  9.843869E-05 -1.654470E+01  9.436312E-05 -2.803172E-05
  1.831593E+00  2.500000E+02     4  3.119184E-04  3.644979E+01  2.509002E-04  1.853164E-04
  1.831593E+00  2.500000E+02     5  1.064152E-04 -1.458175E+02 -8.803221E-05 -5.978728E-05
  1.831593E+00  2.500000E+02     6  4.232884E-12 -9.495909E+01 -3.659091E-13 -4.217039E-12
  1.831593E+00  2.600000E+02     1  2.208056E-05 -1.486737E+02 -1.886166E-05 -1.147994E-05
  1.831593E+00  2.600000E+02     2  1.330572E-04 -1.432281E+02 -1.065821E-04 -7.965217E-05
  1.831593E+00  2.600000E+02     3  9.852261E-05 -1.657630E+01  9.442807E-05 -2.810771E-05
  1.831593E+00  2.600000E+02     4  3.283397E-04  3.657551E+01  2.636805E-04  1.956516E-04
  1.831593E+00  2.600000E+02     5  5.015393E-05 -1.492993E+02 -4.312468E-05 -2.560623E-05
  1.831593E+00  2.600000E+02     6  2.545178E-12 -9.955931E+01 -4.226738E-13 -2.509836E-12
  1.831593E+00  2.700000E+02     1  2.650927E-06  9.434470E+01 -2.008256E-07  2.643309E-06
  1.831593E+00  2.700000E+02     2  1.353543E-04 -1.430909E+02 -1.082278E-04 -8.128675E-05
  1.831593E+00  2.700000E+02     3  9.864564E-05 -1.664272E+01  9.451331E-05 -2.825239E-05
  1.831593E+00  2.700000E+02     4  3.347060E-04  3.670376E+01  2.683460E-04  2.000463E-04
  1.831593E+00  2.700000E+02     5  9.814721E-06  7.215995E+01  3.006845E-06  9.342784E-06
  1.831593E+00  2.700000E+02     6  9.489207E-13  1.218428E+02 -5.006412E-13  8.061073E-13
  1.831593E+00  2.800000E+02     1  2.489052E-05  4.211079E+01  1.846502E-05  1.669074E-05
  1.831593E+00  2.800000E+02     2  1.335035E-04 -1.429518E+02 -1.065531E-04 -8.043400E-05
  1.831593E+00  2.800000E+02     3  9.879488E-05 -1.673842E+01  9.460890E-05 -2.845319E-05
  1.831593E+00  2.800000E+02     4  3.307922E-04  3.684476E+01  2.647208E-04  1.983592E-04
  1.831593E+00  2.800000E+02     5  6.591530E-05  4.190574E+01  4.905711E-05  4.402529E-05
  1.831593E+00  2.800000E+02     6  4.133460E-12  9.830468E+01 -5.970249E-13  4.090116E-12
  1.831593E+00  2.900000E+02     1  4.747451E-05  3.958429E+01  3.658804E-05  3.025136E-05
  1.831593E+00  2.900000E+02     2  1.275632E-04 -1.428029E+02 -1.016119E-04 -7.711940E-05
  1.831593E+00  2.900000E+02     3  9.895160E-05 -1.685268E+01  9.470195E-05 -2.868725E-05
  1.831593E+00  2.900000E+02     4  3.167183E-04  3.700680E+01  2.529199E-04  1.906358E-04
  1.831593E+00  2.900000E+02     5  1.215561E-04  3.955662E+01  9.371924E-05  7.741185E-05
  1.831593E+00  2.900000E+02     6  5.751945E-12  9.706859E+01 -7.078198E-13  5.708227E-12
  1.831593E+00  3.000000E+02     1  6.869227E-05  3.867222E+01  5.363035E-05  4.292334E-05
  1.831593E+00  3.000000E+02     2  1.177263E-04 -1.426338E+02 -9.356570E-05 -7.144885E-05
  1.831593E+00  3.000000E+02     3  9.909382E-05 -1.697152E+01  9.477828E-05 -2.892512E-05
  1.831593E+00  3.000000E+02     4  2.929475E-04  3.719860E+01  2.333458E-04  1.771101E-04
  1.831593E+00  3.000000E+02     5  1.737424E-04  3.864624E+01  1.356957E-04  1.085039E-04
  1.831593E+00  3.000000E+02     6  4.881142E-12  9.976763E+01 -8.280987E-13  4.810384E-12
  1.831593E+00  3.100000E+02     1  8.787833E-05  3.818236E+01  6.907652E-05  5.432343E-05
  1.831593E+00  3.100000E+02     2  1.043120E-04 -1.424282E+02 -8.267666E-05 -6.360479E-05
  1.831593E+00  3.100000E+02     3  9.920061E-05 -1.708113E+01  9.482486E-05 -2.913775E-05
  1.831593E+00  3.100000E+02     4  2.602660E-04  3.743308E+01  2.066678E-04  1.581986E-04
  1.831593E+00  3.100000E+02     5  2.208456E-04  3.812989E+01  1.737201E-04  1.363603E-04
  1.831593E+00  3.100000E+02     6  1.979063E-12  1.187693E+02 -9.524923E-13  1.734776E-12
  1.831593E+00  3.200000E+02     1  1.044338E-04  3.786261E+01  8.244889E-05  6.409834E-05
  1.831593E+00  3.200000E+02     2  8.775189E-05 -1.421548E+02 -6.929516E-05 -5.383841E-05
  1.831593E+00  3.200000E+02     3  9.925687E-05 -1.717156E+01  9.483250E-05 -2.930399E-05
  1.831593E+00  3.200000E+02     4  2.197451E-04  3.773538E+01  1.737845E-04  1.344874E-04
  1.831593E+00  3.200000E+02     5  2.613838E-04  3.777834E+01  2.065942E-04  1.601258E-04
  1.831593E+00  3.200000E+02     6  2.401652E-12 -1.166077E+02 -1.075649E-12 -2.147304E-12
  1.831593E+00  3.300000E+02     1  1.178330E-04  3.762611E+01  9.332510E-05  7.193776E-05
  1.831593E+00  3.300000E+02     2  6.857058E-05 -1.417426E+02 -5.384414E-05 -4.245860E-05
  1.831593E+00  3.300000E+02     3  9.925708E-05 -1.723911E+01  9.479809E-05 -2.941583E-05
  1.831593E+00  3.300000E+02     4  1.726889E-04  3.816567E+01  1.357727E-04  1.067109E-04
  1.831593E+00  3.300000E+02     5  2.940460E-04  3.751363E+01  2.332398E-04  1.790594E-04
  1.831593E+00  3.300000E+02     6  5.205893E-12 -1.032431E+02 -1.192580E-12 -5.067452E-12
  1.831593E+00  3.400000E+02     1  1.276436E-04  3.743400E+01  1.013559E-04  7.758780E-05
  1.831593E+00  3.400000E+02     2  4.736560E-05 -1.409834E+02 -3.680136E-05 -2.981880E-05
  1.831593E+00  3.400000E+02     3  9.920647E-05 -1.728651E+01  9.472539E-05 -2.947921E-05
  1.831593E+00  3.400000E+02     4  1.205767E-04  3.890456E+01  9.383192E-05  7.572516E-05
  1.831593E+00  3.400000E+02     5  3.177501E-04  3.730201E+01  2.527550E-04  1.925617E-04
  1.831593E+00  3.400000E+02     6  5.827678E-12 -1.028789E+02 -1.298942E-12 -5.681072E-12
  1.831593E+00  3.500000E+02     1  1.335458E-04  3.726529E+01  1.062811E-04  8.086281E-05
  1.831593E+00  3.500000E+02     2  2.479559E-05 -1.388893E+02 -1.868200E-05 -1.630350E-05
  1.831593E+00  3.500000E+02     3  9.911916E-05 -1.732096E+01  9.462430E-05 -2.951016E-05
  1.831593E+00  3.500000E+02     4  6.502375E-05  4.078710E+01  4.923222E-05  4.247677E-05
  1.831593E+00  3.500000E+02     5  3.316971E-04  3.712545E+01  2.644673E-04  2.001998E-04
  1.831593E+00  3.500000E+02     6  3.949588E-12 -1.106266E+02 -1.391347E-12 -3.696404E-12
  1.759737E+00  0.000000E+00     1  1.011358E-04  2.928084E+01  8.821394E-05  4.946457E-05
  1.759737E+00  0.000000E+00     2  8.509982E-07 -1.050005E+02 -2.202620E-07 -8.219991E-07
  1.759737E+00  0.000000E+00     3  6.524963E-05 -2.316556E+01  5.998868E-05 -2.566851E-05
  1.759737E+00  0.000000E+00     4  3.065319E-06  5.218696E+01  1.879307E-06  2.421650E-06
  1.759737E+00  0.000000E+00     5  2.011495E-04  2.881845E+01  1.762374E-04  9.696125E-05
  1.759737E+00  0.000000E+00     6  4.782987E-13  1.799932E+02 -4.782987E-13  5.676770E-17
  1.759737E+00  1.000000E+01     1  9.945721E-05  2.920980E+01  8.681009E-05  4.853601E-05
  1.759737E+00  1.000000E+01     2  1.687200E-05  2.715578E+01  1.501218E-05  7.700573E-06
  1.759737E+00  1.000000E+01     3  6.515022E-05 -2.313342E+01  5.991165E-05 -2.559580E-05
  1.759737E+00  1.000000E+01     4  3.174500E-05 -1.531089E+02 -2.831233E-05 -1.435815E-05
  1.759737E+00  1.000000E+01     5  1.974554E-04  2.877392E+01  1.730748E-04  9.504612E-05
  1.759737E+00  1.000000E+01     6  4.572977E-12  9.623881E+01 -4.969576E-13  4.545894E-12
  1.759737E+00  2.000000E+01     1  9.472969E-05  2.913375E+01  8.274502E-05  4.611916E-05
  1.759737E+00  2.000000E+01     2  3.382083E-05  2.822026E+01  2.980076E-05  1.599260E-05
  1.759737E+00  2.000000E+01     3  6.506444E-05 -2.311313E+01  5.984182E-05 -2.554090E-05
  1.759737E+00  2.000000E+01     4  6.534015E-05 -1.519863E+02 -5.768458E-05 -3.068916E-05
  1.759737E+00  2.000000E+01     5  1.876699E-04  2.874067E+01  1.645499E-04  9.024032E-05
  1.759737E+00  2.000000E+01     6  7.036560E-12  9.415183E+01 -5.094452E-13  7.018094E-12
  1.759737E+00  3.000000E+01     1  8.710972E-05  2.904637E+01  7.615368E-05  4.229328E-05
  1.759737E+00  3.000000E+01     2  4.977199E-05  2.857870E+01  4.370782E-05  2.380920E-05
  1.759737E+00  3.000000E+01     3  6.500096E-05 -2.310532E+01  5.978691E-05 -2.550783E-05
  1.759737E+00  3.000000E+01     4  9.703636E-05 -1.516519E+02 -8.539966E-05 -4.607551E-05
  1.759737E+00  3.000000E+01     5  1.721327E-04  2.870820E+01  1.509737E-04  8.268379E-05
  1.759737E+00  3.000000E+01     6  6.338270E-12  9.470267E+01 -5.196433E-13  6.316932E-12
  1.759737E+00  4.000000E+01     1  7.684579E-05  2.893743E+01  6.725148E-05  3.718216E-05
  1.759737E+00  4.000000E+01     2  6.424281E-05  2.876666E+01  5.631441E-05  3.091645E-05
  1.759737E+00  4.000000E+01     3  6.496459E-05 -2.310814E+01  5.975220E-05 -2.549651E-05
  1.759737E+00  4.000000E+01     4  1.258860E-04 -1.515071E+02 -1.106383E-04 -6.005389E-05
  1.759737E+00  4.000000E+01     5  1.513709E-04  2.866011E+01  1.328250E-04  7.259943E-05
  1.759737E+00  4.000000E+01     6  2.867715E-12  1.006698E+02 -5.309533E-13  2.818134E-12
  1.759737E+00  5.000000E+01     1  6.426705E-05  2.878746E+01  5.632442E-05  3.094856E-05
  1.759737E+00  5.000000E+01     2  7.678840E-05  2.888913E+01  6.723256E-05  3.709772E-05
  1.759737E+00  5.000000E+01     3  6.495708E-05 -2.312076E+01  5.973968E-05 -2.550672E-05
  1.759737E+00  5.000000E+01     4  1.510031E-04 -1.514337E+02 -1.326206E-04 -7.220601E-05
  1.759737E+00  5.000000E+01     5  1.260697E-04  2.856838E+01  1.107204E-04  6.028747E-05
  1.759737E+00  5.000000E+01     6  1.895909E-12 -1.067117E+02 -5.451788E-13 -1.815833E-12
  1.759737E+00  6.000000E+01     1  4.976901E-05  2.855197E+01  4.371630E-05  2.378738E-05
  1.759737E+00  6.000000E+01     2  8.701537E-05  2.898118E+01  7.611921E-05  4.216088E-05
  1.759737E+00  6.000000E+01     3  6.497816E-05 -2.314543E+01  5.974807E-05 -2.554073E-05
  1.759737E+00  6.000000E+01     4  1.715904E-04 -1.513885E+02 -1.506369E-04 -8.216922E-05
  1.759737E+00  6.000000E+01     5  9.703845E-05  2.837588E+01  8.537916E-05  4.611789E-05
  1.759737E+00  6.000000E+01     6  5.445026E-12 -9.592331E+01 -5.619118E-13 -5.415955E-12
  1.759737E+00  7.000000E+01     1  3.379794E-05  2.809784E+01  2.981467E-05  1.591811E-05
  1.759737E+00  7.000000E+01     2  9.459732E-05  2.905808E+01  8.269015E-05  4.594553E-05
  1.759737E+00  7.000000E+01     3  6.502600E-05 -2.318706E+01  5.977348E-05 -2.560297E-05
  1.759737E+00  7.000000E+01     4  1.869743E-04 -1.513502E+02 -1.640824E-04 -8.964578E-05
  1.759737E+00  7.000000E+01     5  6.517494E-05  2.792349E+01  5.758686E-05  3.052091E-05
  1.759737E+00  7.000000E+01     6  6.341562E-12 -9.523595E+01 -5.787151E-13 -6.315101E-12
  1.759737E+00  8.000000E+01     1  1.683824E-05  2.674426E+01  1.503695E-05  7.577359E-06
  1.759737E+00  8.000000E+01     2  9.928869E-05  2.912774E+01  8.673231E-05  4.832960E-05
  1.759737E+00  8.000000E+01     3  6.509705E-05 -2.325010E+01  5.981055E-05 -2.569677E-05
  1.759737E+00  8.000000E+01     4  1.966375E-04 -1.513063E+02 -1.724902E-04 -9.441085E-05
  1.759737E+00  8.000000E+01     5  3.144059E-05  2.639058E+01  2.816400E-05  1.397496E-05
  1.759737E+00  8.000000E+01     6  4.167280E-12 -9.816696E+01 -5.919957E-13 -4.125016E-12
  1.759737E+00  9.000000E+01     1  1.004270E-06 -1.004140E+02 -1.815320E-07 -9.877270E-07
  1.759737E+00  9.000000E+01     2  1.009355E-04  2.919498E+01  8.811316E-05  4.923464E-05
  1.759737E+00  9.000000E+01     3  6.518535E-05 -2.333452E+01  5.985370E-05 -2.581984E-05
  1.759737E+00  9.000000E+01     4  2.002455E-04 -1.512490E+02 -1.755588E-04 -9.631901E-05
  1.759737E+00  9.000000E+01     5  3.642635E-06 -1.243371E+02 -2.054671E-06 -3.007843E-06
  1.759737E+00  9.000000E+01     6  6.033576E-13  1.724361E+02 -5.981076E-13  7.942065E-14
  1.759737E+00  1.000000E+02     1  1.810534E-05 -1.482577E+02 -1.539720E-05 -9.525200E-06
  1.759737E+00  1.000000E+02     2  9.948232E-05  2.926333E+01  8.678661E-05  4.862937E-05
  1.759737E+00  1.000000E+02     3  6.528208E-05 -2.343255E+01  5.989819E-05 -2.596067E-05
  1.759737E+00  1.000000E+02     4  1.976651E-04 -1.511725E+02 -1.731696E-04 -9.530889E-05
  1.759737E+00  1.000000E+02     5  3.787759E-05 -1.483087E+02 -3.222968E-05 -1.989872E-05
  1.759737E+00  1.000000E+02     6  4.307177E-12  9.792882E+01 -5.941435E-13  4.266001E-12
  1.759737E+00  1.100000E+02     1  3.501780E-05 -1.494801E+02 -3.016619E-05 -1.778333E-05
  1.759737E+00  1.100000E+02     2  9.497495E-05  2.933625E+01  8.279531E-05  4.653147E-05
  1.759737E+00  1.100000E+02     3  6.537574E-05 -2.352839E+01  5.994056E-05 -2.609822E-05
  1.759737E+00  1.100000E+02     4  1.889738E-04 -1.510730E+02 -1.653968E-04 -9.140570E-05
  1.759737E+00  1.100000E+02     5  7.136482E-05 -1.495461E+02 -6.151912E-05 -3.617092E-05
  1.759737E+00  1.100000E+02     6  6.435780E-12  9.515402E+01 -5.781475E-13  6.409759E-12
  1.759737E+00  1.200000E+02     1  5.090843E-05 -1.499200E+02 -4.405239E-05 -2.551577E-05
  1.759737E+00  1.200000E+02     2  8.755919E-05  2.941821E+01  7.626911E-05  4.300738E-05
  1.759737E+00  1.200000E+02     3  6.545355E-05 -2.360125E+01  5.997862E-05 -2.620558E-05
  1.759737E+00  1.200000E+02     4  1.744587E-04 -1.509466E+02 -1.525061E-04 -8.472139E-05
  1.759737E+00  1.200000E+02     5  1.028062E-04 -1.500544E+02 -8.908157E-05 -5.131856E-05
  1.759737E+00  1.200000E+02     6  5.482097E-12  9.574644E+01 -5.489014E-13  5.454548E-12
  1.759737E+00  1.300000E+02     1  6.529329E-05 -1.501611E+02 -5.663720E-05 -3.248756E-05
  1.759737E+00  1.300000E+02     2  7.747490E-05  2.951655E+01  6.741970E-05  3.816994E-05
  1.759737E+00  1.300000E+02     3  6.550378E-05 -2.363104E+01  6.001100E-05 -2.625689E-05
  1.759737E+00  1.300000E+02     4  1.546044E-04 -1.507885E+02 -1.349425E-04 -7.545231E-05
  1.759737E+00  1.300000E+02     5  1.312427E-04 -1.503759E+02 -1.140876E-04 -6.487427E-05
  1.759737E+00  1.300000E+02     6  1.880417E-12  1.056009E+02 -5.057100E-13  1.811139E-12
  1.759737E+00  1.400000E+02     1  7.772665E-05 -1.503238E+02 -6.753181E-05 -3.848229E-05
  1.759737E+00  1.400000E+02     2  6.504560E-05  2.964553E+01  5.653127E-05  3.217368E-05
  1.759737E+00  1.400000E+02     3  6.551851E-05 -2.360461E+01  6.003661E-05 -2.623510E-05
  1.759737E+00  1.400000E+02     4  1.300691E-04 -1.505883E+02 -1.133050E-04 -6.387458E-05
  1.759737E+00  1.400000E+02     5  1.557791E-04 -1.506203E+02 -1.357440E-04 -7.642458E-05
  1.759737E+00  1.400000E+02     6  2.871363E-12 -9.898709E+01 -4.485411E-13 -2.836113E-12
  1.759737E+00  1.500000E+02     1  8.781482E-05 -1.504489E+02 -7.639150E-05 -4.331029E-05
  1.759737E+00  1.500000E+02     2  5.066423E-05  2.983818E+01  4.394788E-05  2.520810E-05
  1.759737E+00  1.500000E+02     3  6.549563E-05 -2.352008E+01  6.005427E-05 -2.613737E-05
  1.759737E+00  1.500000E+02     4  1.016498E-04 -1.503171E+02 -8.831121E-05 -5.033696E-05
  1.759737E+00  1.500000E+02     5  1.756169E-04 -1.508201E+02 -1.533300E-04 -8.562247E-05
  1.759737E+00  1.500000E+02     6  6.324041E-12 -9.343159E+01 -3.785368E-13 -6.312702E-12
  1.759737E+00  1.600000E+02     1  9.523248E-05 -1.505539E+02 -8.293024E-05 -4.681667E-05
  1.759737E+00  1.600000E+02     2  3.477671E-05  3.019294E+01  3.005879E-05  1.748967E-05
  1.759737E+00  1.600000E+02     3  6.543921E-05 -2.338758E+01  6.006277E-05 -2.597603E-05
  1.759737E+00  1.600000E+02     4  7.024285E-05 -1.498774E+02 -6.075683E-05 -3.525147E-05
  1.759737E+00  1.600000E+02     5  1.900932E-04 -1.509868E+02 -1.662380E-04 -9.219722E-05
  1.759737E+00  1.600000E+02     6  6.969791E-12 -9.245508E+01 -2.985585E-13 -6.963393E-12
  1.759737E+00  1.700000E+02     1  9.973743E-05 -1.506481E+02 -8.693374E-05 -4.888845E-05
  1.759737E+00  1.700000E+02     2  1.786696E-05  3.119274E+01  1.528393E-05  9.253631E-06
  1.759737E+00  1.700000E+02     3  6.535816E-05 -2.322606E+01  6.006128E-05 -2.577463E-05
  1.759737E+00  1.700000E+02     4  3.680992E-05 -1.487763E+02 -3.147798E-05 -1.908158E-05
  1.759737E+00  1.700000E+02     5  1.987178E-04 -1.511249E+02 -1.740121E-04 -9.596110E-05
  1.759737E+00  1.700000E+02     6  4.432746E-12 -9.275822E+01 -2.133101E-13 -4.427611E-12
  1.759737E+00  1.800000E+02     1  1.011817E-04 -1.507370E+02 -8.826942E-05 -4.945952E-05
  1.759737E+00  1.800000E+02     2  7.489858E-07  8.532098E+01  6.109750E-08  7.464896E-07
  1.759737E+00  1.800000E+02     3  6.526376E-05 -2.305751E+01  6.004998E-05 -2.556087E-05
  1.759737E+00  1.800000E+02     4  2.677990E-06 -1.196358E+02 -1.324227E-06 -2.327671E-06
  1.759737E+00  1.800000E+02     5  2.011999E-04 -1.512376E+02 -1.763763E-04 -9.681322E-05
  1.759737E+00  1.800000E+02     6  2.213331E-13  1.255789E+02 -1.287769E-13  1.800134E-13
  1.759737E+00  1.900000E+02     1  9.951806E-05 -1.508247E+02 -8.689247E-05 -4.851333E-05
  1.759737E+00  1.900000E+02     2  1.704366E-05 -1.528392E+02 -1.516424E-05 -7.780236E-06
  1.759737E+00  1.900000E+02     3  6.516732E-05 -2.290096E+01  6.003076E-05 -2.535917E-05
  1.759737E+00  1.900000E+02     4  3.228947E-05  2.666384E+01  2.885564E-05  1.449006E-05
  1.759737E+00  1.900000E+02     5  1.974626E-04 -1.513284E+02 -1.732506E-04 -9.474025E-05
  1.759737E+00  1.900000E+02     6  4.780649E-12  9.061252E+01 -5.110657E-14  4.780376E-12
  1.759737E+00  2.000000E+02     1  9.480189E-05 -1.509155E+02 -8.284776E-05 -4.608304E-05
  1.759737E+00  2.000000E+02     2  3.398904E-05 -1.517735E+02 -2.994722E-05 -1.607541E-05
  1.759737E+00  2.000000E+02     3  6.507865E-05 -2.276858E+01  6.000743E-05 -2.518609E-05
  1.759737E+00  2.000000E+02     4  6.588706E-05  2.791961E+01  5.821816E-05  3.085045E-05
  1.759737E+00  2.000000E+02     5  1.876442E-04 -1.514032E+02 -1.647533E-04 -8.981460E-05
  1.759737E+00  2.000000E+02     6  7.299843E-12  8.988528E+01  1.461559E-14  7.299829E-12
  1.759737E+00  2.100000E+02     1  8.718833E-05 -1.510152E+02 -7.626783E-05 -4.224952E-05
  1.759737E+00  2.100000E+02     2  4.993854E-05 -1.514153E+02 -4.385157E-05 -2.389346E-05
  1.759737E+00  2.100000E+02     3  6.500553E-05 -2.266519E+01  5.998531E-05 -2.504959E-05
  1.759737E+00  2.100000E+02     4  9.758456E-05  2.829113E+01  8.592816E-05  4.625039E-05
  1.759737E+00  2.100000E+02     5  1.720884E-04 -1.514708E+02 -1.511924E-04 -8.219051E-05
  1.759737E+00  2.100000E+02     6  6.637470E-12  8.943757E+01  6.515456E-14  6.637150E-12
  1.759737E+00  2.200000E+02     1  7.692512E-05 -1.511333E+02 -6.736680E-05 -3.713744E-05
  1.759737E+00  2.200000E+02     2  6.440995E-05 -1.512301E+02 -5.645918E-05 -3.100004E-05
  1.759737E+00  2.200000E+02     3  6.495399E-05 -2.259086E+01  5.997017E-05 -2.495195E-05
  1.759737E+00  2.200000E+02     4  1.264319E-04  2.844539E+01  1.111680E-04  6.022216E-05
  1.759737E+00  2.200000E+02     5  1.513244E-04 -1.515462E+02 -1.330446E-04 -7.209858E-05
  1.759737E+00  2.200000E+02     6  3.168445E-12  8.820641E+01  9.916879E-14  3.166893E-12
  1.759737E+00  2.300000E+02     1  6.434141E-05 -1.512885E+02 -5.643060E-05 -3.090963E-05
  1.759737E+00  2.300000E+02     2  7.695836E-05 -1.511119E+02 -6.738206E-05 -3.717859E-05
  1.759737E+00  2.300000E+02     3  6.492864E-05 -2.254473E+01  5.996683E-05 -2.489394E-05
  1.759737E+00  2.300000E+02     4  1.515428E-04  2.851627E+01  1.331578E-04  7.234778E-05
  1.759737E+00  2.300000E+02     5  1.260377E-04 -1.516554E+02 -1.109268E-04 -5.983939E-05
  1.759737E+00  2.300000E+02     6  1.453964E-12 -8.539997E+01  1.166071E-13 -1.449281E-12
  1.759737E+00  2.400000E+02     1  4.983335E-05 -1.515238E+02 -4.380426E-05 -2.376025E-05
  1.759737E+00  2.400000E+02     2  8.718979E-05 -1.510248E+02 -7.627618E-05 -4.223747E-05
  1.759737E+00  2.400000E+02     3  6.493279E-05 -2.252795E+01  5.997795E-05 -2.487796E-05
  1.759737E+00  2.400000E+02     4  1.721209E-04  2.855335E+01  1.511863E-04  8.226983E-05
  1.759737E+00  2.400000E+02     5  9.703603E-05 -1.518525E+02 -8.556015E-05 -4.577610E-05
  1.759737E+00  2.400000E+02     6  5.044176E-12 -8.866061E+01  1.179055E-13 -5.042798E-12
  1.759737E+00  2.500000E+02     1  3.384836E-05 -1.519683E+02 -2.987754E-05 -1.590735E-05
  1.759737E+00  2.500000E+02     2  9.477683E-05 -1.509527E+02 -8.285575E-05 -4.601710E-05
  1.759737E+00  2.500000E+02     3  6.496789E-05 -2.254400E+01  6.000339E-05 -2.490822E-05
  1.759737E+00  2.500000E+02     4  1.874944E-04  2.858158E+01  1.646457E-04  8.969909E-05
  1.759737E+00  2.500000E+02     5  6.521342E-05 -1.522880E+02 -5.773322E-05 -3.032599E-05
  1.759737E+00  2.500000E+02     6  5.947519E-12 -8.900295E+01  1.034921E-13 -5.946618E-12
  1.759737E+00  2.600000E+02     1  1.687220E-05 -1.532824E+02 -1.507082E-05 -7.585616E-06
  1.759737E+00  2.600000E+02     2  9.947290E-05 -1.508874E+02 -8.690601E-05 -4.839632E-05
  1.759737E+00  2.600000E+02     3  6.503263E-05 -2.259637E+01  6.004037E-05 -2.498793E-05
  1.759737E+00  2.600000E+02     4  1.971474E-04  2.861555E+01  1.730664E-04  9.441982E-05
  1.759737E+00  2.600000E+02     5  3.152514E-05 -1.537358E+02 -2.827058E-05 -1.395024E-05
  1.759737E+00  2.600000E+02     6  3.772975E-12 -8.887853E+01  7.384517E-14 -3.772252E-12
  1.759737E+00  2.700000E+02     1  9.762684E-07  7.954007E+01  1.772393E-07  9.600449E-07
  1.759737E+00  2.700000E+02     2  1.011233E-04 -1.508237E+02 -8.829315E-05 -4.929740E-05
  1.759737E+00  2.700000E+02     3  6.512193E-05 -2.268471E+01  6.008417E-05 -2.511491E-05
  1.759737E+00  2.700000E+02     4  2.007469E-04  2.866428E+01  1.761445E-04  9.629360E-05
  1.759737E+00  2.700000E+02     5  3.482359E-06  5.517852E+01  1.988501E-06  2.858791E-06
  1.759737E+00  2.700000E+02     6  4.070500E-13  8.577883E+01  2.996161E-14  4.059458E-13
  1.759737E+00  2.800000E+02     1  1.810067E-05  3.158317E+01  1.541961E-05  9.479965E-06
  1.759737E+00  2.800000E+02     2  9.967211E-05 -1.507582E+02 -8.697049E-05 -4.868945E-05
  1.759737E+00  2.800000E+02     3  6.522640E-05 -2.280176E+01  6.012904E-05 -2.527809E-05
  1.759737E+00  2.800000E+02     4  1.981607E-04  2.873328E+01  1.737606E-04  9.526238E-05
  1.759737E+00  2.800000E+02     5  3.769226E-05  3.131913E+01  3.219995E-05  1.959260E-05
  1.759737E+00  2.800000E+02     6  4.556635E-12  9.032896E+01 -2.616178E-14  4.556560E-12
  1.759737E+00  2.900000E+02     1  3.502510E-05  3.040120E+01  3.020925E-05  1.772452E-05
  1.759737E+00  2.900000E+02     2  9.516541E-05 -1.506876E+02 -8.298076E-05 -4.659023E-05
  1.759737E+00  2.900000E+02     3  6.533271E-05 -2.293279E+01  6.016898E-05 -2.545696E-05
  1.759737E+00  2.900000E+02     4  1.894664E-04  2.882583E+01  1.659895E-04  9.135099E-05
  1.759737E+00  2.900000E+02     5  7.114763E-05  3.015762E+01  6.151755E-05  3.574319E-05
  1.759737E+00  2.900000E+02     6  6.656290E-12  9.078661E+01 -9.138049E-14  6.655662E-12
  1.759737E+00  3.000000E+02     1  5.092272E-05  2.998397E+01  4.410749E-05  2.544902E-05
  1.759737E+00  3.000000E+02     2  8.774933E-05 -1.506078E+02 -7.645431E-05 -4.306603E-05
  1.759737E+00  3.000000E+02     3  6.542528E-05 -2.305838E+01  6.019821E-05 -2.562504E-05
  1.759737E+00  3.000000E+02     4  1.749509E-04  2.894418E+01  1.530980E-04  8.466873E-05
  1.759737E+00  3.000000E+02     5  1.025710E-04  2.970005E+01  8.909637E-05  5.081977E-05
  1.759737E+00  3.000000E+02     6  5.650692E-12  9.163953E+01 -1.616733E-13  5.648379E-12
  1.759737E+00  3.100000E+02     1  6.530889E-05  2.976232E+01  5.669413E-05  3.241954E-05
  1.759737E+00  3.100000E+02     2  7.766406E-05 -1.505120E+02 -6.760337E-05 -3.822945E-05
  1.759737E+00  3.100000E+02     3  6.548921E-05 -2.315959E+01  6.021163E-05 -2.575648E-05
  1.759737E+00  3.100000E+02     4  1.550984E-04  2.909122E+01  1.355322E-04  7.540905E-05
  1.759737E+00  3.100000E+02     5  1.310063E-04  2.942655E+01  1.141047E-04  6.436435E-05
  1.759737E+00  3.100000E+02     6  1.960814E-12  9.681453E+01 -2.326619E-13  1.946962E-12
  1.759737E+00  3.200000E+02     1  7.773769E-05  2.961864E+01  6.758003E-05  3.841989E-05
  1.759737E+00  3.200000E+02     2  6.523332E-05 -1.503864E+02 -5.671241E-05 -3.223490E-05
  1.759737E+00  3.200000E+02     3  6.551369E-05 -2.322345E+01  6.020538E-05 -2.583323E-05
  1.759737E+00  3.200000E+02     4  1.305666E-04  2.927454E+01  1.138915E-04  6.384642E-05
  1.759737E+00  3.200000E+02     5  1.555587E-04  2.923151E+01  1.357488E-04  7.596545E-05
  1.759737E+00  3.200000E+02     6  2.778815E-12 -9.620063E+01 -3.001407E-13 -2.762559E-12
  1.759737E+00  3.300000E+02     1  8.781595E-05  2.951280E+01  7.642145E-05  4.325972E-05
  1.759737E+00  3.300000E+02     2  5.084995E-05 -1.501990E+02 -4.412541E-05 -2.527184E-05
  1.759737E+00  3.300000E+02     3  6.549484E-05 -2.324659E+01  6.017762E-05 -2.585011E-05
  1.759737E+00  3.300000E+02     4  1.021523E-04  2.951772E+01  8.889330E-05  5.032972E-05
  1.759737E+00  3.300000E+02     5  1.754274E-04  2.908267E+01  1.533093E-04  8.527016E-05
  1.759737E+00  3.300000E+02     6  6.314142E-12 -9.327294E+01 -3.604908E-13 -6.303843E-12
  1.759737E+00  3.400000E+02     1  9.521960E-05  2.942698E+01  8.293461E-05  4.678271E-05
  1.759737E+00  3.400000E+02     2  3.495966E-05 -1.498543E+02 -3.023141E-05 -1.755675E-05
  1.759737E+00  3.400000E+02     3  6.543672E-05 -2.323553E+01  6.012921E-05 -2.581556E-05
  1.759737E+00  3.400000E+02     4  7.075145E-05  2.990299E+01  6.133236E-05  3.527193E-05
  1.759737E+00  3.400000E+02     5  1.899458E-04  2.896794E+01  1.661819E-04  9.199458E-05
  1.759737E+00  3.400000E+02     6  7.031722E-12 -9.335091E+01 -4.110114E-13 -7.019699E-12
  1.759737E+00  3.500000E+02     1  9.970818E-05  2.935166E+01  8.690841E-05  4.887382E-05
  1.759737E+00  3.500000E+02     2  1.804611E-05 -1.488877E+02 -1.545029E-05 -9.324745E-06
  1.759737E+00  3.500000E+02     3  6.535012E-05 -2.320353E+01  6.006402E-05 -2.574785E-05
  1.759737E+00  3.500000E+02     4  3.732359E-05  3.084525E+01  3.204436E-05  1.913659E-05
  1.759737E+00  3.500000E+02     5  1.986187E-04  2.888138E+01  1.739148E-04  9.593241E-05
  1.759737E+00  3.500000E+02     6  4.569765E-12 -9.565438E+01 -4.502472E-13 -4.547530E-12
  1.695725E+00  0.000000E+00     1  8.331098E-05  2.712941E+01  7.414502E-05  3.798995E-05
  1.695725E+00  0.000000E+00     2  4.365959E-07 -1.090084E+02 -1.422021E-07 -4.127888E-07
  1.695725E+00  0.000000E+00     3  4.544245E-05 -2.468058E+01  4.129127E-05 -1.897490E-05
  1.695725E+00  0.000000E+00     4  1.472470E-06  4.888178E+01  9.683182E-07  1.109292E-06
  1.695725E+00  0.000000E+00     5  1.404131E-04  2.638361E+01  1.257875E-04  6.239661E-05
  1.695725E+00  0.000000E+00     6  8.936868E-14 -1.281650E+02 -5.522339E-14 -7.026477E-14
  1.695725E+00  1.000000E+01     1  8.195999E-05  2.708642E+01  7.297068E-05  3.731916E-05
  1.695725E+00  1.000000E+01     2  1.406516E-05  2.587427E+01  1.265518E-05  6.138005E-06
  1.695725E+00  1.000000E+01     3  4.536731E-05 -2.459860E+01  4.125006E-05 -1.888453E-05
  1.695725E+00  1.000000E+01     4  2.273076E-05 -1.545997E+02 -2.053346E-05 -9.750122E-06
  1.695725E+00  1.000000E+01     5  1.379384E-04  2.637552E+01  1.235792E-04  6.127946E-05
  1.695725E+00  1.000000E+01     6  5.409335E-12  9.048130E+01 -4.543969E-14  5.409144E-12
  1.695725E+00  2.000000E+01     1  7.809553E-05  2.704116E+01  6.955814E-05  3.550460E-05
  1.695725E+00  2.000000E+01     2  2.802537E-05  2.650076E+01  2.508070E-05  1.250519E-05
  1.695725E+00  2.000000E+01     3  4.530185E-05 -2.453643E+01  4.121098E-05 -1.881257E-05
  1.695725E+00  2.000000E+01     4  4.615141E-05 -1.539122E+02 -4.144958E-05 -2.029496E-05
  1.695725E+00  2.000000E+01     5  1.312008E-04  2.638817E+01  1.175302E-04  5.831223E-05
  1.695725E+00  2.000000E+01     6  8.375631E-12  9.023497E+01 -3.434839E-14  8.375560E-12
  1.695725E+00  3.000000E+01     1  7.184559E-05  2.698983E+01  6.402068E-05  3.260585E-05
  1.695725E+00  3.000000E+01     2  4.115948E-05  2.671088E+01  3.676719E-05  1.850072E-05
  1.695725E+00  3.000000E+01     3  4.525334E-05 -2.449511E+01  4.118039E-05 -1.876274E-05
  1.695725E+00  3.000000E+01     4  6.823696E-05 -1.537330E+02 -6.119092E-05 -3.019858E-05
  1.695725E+00  3.000000E+01     5  1.204385E-04  2.641244E+01  1.078666E-04  5.357462E-05
  1.695725E+00  3.000000E+01     6  7.502657E-12  9.021276E+01 -2.785976E-14  7.502605E-12
  1.695725E+00  4.000000E+01     1  6.341427E-05  2.692615E+01  5.653959E-05  2.871662E-05
  1.695725E+00  4.000000E+01     2  5.307140E-05  2.681989E+01  4.736247E-05  2.394515E-05
  1.695725E+00  4.000000E+01     3  4.522605E-05 -2.447199E+01  4.116311E-05 -1.873482E-05
  1.695725E+00  4.000000E+01     4  8.833221E-05 -1.536826E+02 -7.917673E-05 -3.916152E-05
  1.695725E+00  4.000000E+01     5  1.060211E-04  2.643417E+01  9.493617E-05  4.719732E-05
  1.695725E+00  4.000000E+01     6  3.251473E-12  9.053867E+01 -3.056835E-14  3.251329E-12
  1.695725E+00  5.000000E+01     1  5.307254E-05  2.683806E+01  4.735589E-05  2.396068E-05
  1.695725E+00  5.000000E+01     2  6.339446E-05  2.689057E+01  5.653974E-05  2.867255E-05
  1.695725E+00  5.000000E+01     3  4.522141E-05 -2.446586E+01  4.116090E-05 -1.872849E-05
  1.695725E+00  5.000000E+01     4  1.058198E-04 -1.536796E+02 -9.484931E-05 -4.691942E-05
  1.695725E+00  5.000000E+01     5  8.842894E-05  2.643042E+01  7.918596E-05  3.936066E-05
  1.695725E+00  5.000000E+01     6  2.363230E-12 -9.107755E+01 -4.444207E-14 -2.362812E-12
  1.695725E+00  6.000000E+01     1  4.114624E-05  2.669821E+01  3.675945E-05  1.848664E-05
  1.695725E+00  6.000000E+01     2  7.180414E-05  2.694418E+01  6.400968E-05  3.253605E-05
  1.695725E+00  6.000000E+01     3  4.523860E-05 -2.448022E+01  4.117185E-05 -1.874593E-05
  1.695725E+00  6.000000E+01     4  1.201419E-04 -1.536911E+02 -1.076973E-04 -5.324815E-05
  1.695725E+00  6.000000E+01     5  6.822827E-05  2.635872E+01  6.113470E-05  3.029265E-05
  1.695725E+00  6.000000E+01     6  6.714813E-12 -9.058323E+01 -6.835053E-14 -6.714466E-12
  1.695725E+00  7.000000E+01     1  2.800266E-05  2.642572E+01  2.507672E-05  1.246223E-05
  1.695725E+00  7.000000E+01     2  7.803131E-05  2.699006E+01  6.953255E-05  3.541340E-05
  1.695725E+00  7.000000E+01     3  4.527507E-05 -2.452264E+01  4.119113E-05 -1.879154E-05
  1.695725E+00  7.000000E+01     4  1.308258E-04 -1.536990E+02 -1.172825E-04 -5.796724E-05
  1.695725E+00  7.000000E+01     5  4.604429E-05  2.611212E+01  4.134476E-05  2.026543E-05
  1.695725E+00  7.000000E+01     6  7.786239E-12 -9.072602E+01 -9.865999E-14 -7.785614E-12
  1.695725E+00  8.000000E+01     1  1.403823E-05  2.561276E+01  1.265878E-05  6.068538E-06
  1.695725E+00  8.000000E+01     2  8.187389E-05  2.703301E+01  7.292875E-05  3.721199E-05
  1.695725E+00  8.000000E+01     3  4.532691E-05 -2.460047E+01  4.121271E-05 -1.886906E-05
  1.695725E+00  8.000000E+01     4  1.375082E-04 -1.536923E+02 -1.232660E-04 -6.094251E-05
  1.695725E+00  8.000000E+01     5  2.253988E-05  2.517826E+01  2.039833E-05  9.589273E-06
  1.695725E+00  8.000000E+01     6  5.107650E-12 -9.146509E+01 -1.305919E-13 -5.105981E-12
  1.695725E+00  9.000000E+01     1  5.212479E-07 -1.043170E+02 -1.288973E-07 -5.050593E-07
  1.695725E+00  9.000000E+01     2  8.320566E-05  2.707584E+01  7.408672E-05  3.787268E-05
  1.695725E+00  9.000000E+01     3  4.538903E-05 -2.471476E+01  4.123142E-05 -1.897721E-05
  1.695725E+00  9.000000E+01     4  1.399537E-04 -1.536639E+02 -1.254275E-04 -6.208846E-05
  1.695725E+00  9.000000E+01     5  1.788879E-06 -1.286469E+02 -1.117190E-06 -1.397131E-06
  1.695725E+00  9.000000E+01     6  1.608605E-13  1.729203E+02 -1.596340E-13  1.982591E-14
  1.695725E+00  1.000000E+02     1  1.472071E-05 -1.513175E+02 -1.291438E-05 -7.065277E-06
  1.695725E+00  1.000000E+02     2  8.198179E-05  2.712050E+01  7.296787E-05  3.737250E-05
  1.695725E+00  1.000000E+02     3  4.545521E-05 -2.485564E+01  4.124468E-05 -1.910635E-05
  1.695725E+00  1.000000E+02     4  1.380690E-04 -1.536094E+02 -1.236801E-04 -6.137002E-05
  1.695725E+00  1.000000E+02     5  2.576161E-05 -1.513793E+02 -2.261381E-05 -1.234003E-05
  1.695725E+00  1.000000E+02     6  5.126456E-12  9.203797E+01 -1.823060E-13  5.123213E-12
  1.695725E+00  1.100000E+02     1  2.866090E-05 -1.520831E+02 -2.532557E-05 -1.341874E-05
  1.695725E+00  1.100000E+02     2  7.824106E-05  2.716876E+01  6.960837E-05  3.572588E-05
  1.695725E+00  1.100000E+02     3  4.551826E-05 -2.500146E+01  4.125306E-05 -1.923790E-05
  1.695725E+00  1.100000E+02     4  1.319089E-04 -1.535261E+02 -1.180767E-04 -5.880366E-05
  1.695725E+00  1.100000E+02     5  4.915409E-05 -1.522505E+02 -4.350094E-05 -2.288651E-05
  1.695725E+00  1.100000E+02     6  7.746482E-12  9.145019E+01 -1.960473E-13  7.744001E-12
  1.695725E+00  1.200000E+02     1  4.176326E-05 -1.523580E+02 -3.699655E-05 -1.937589E-05
  1.695725E+00  1.200000E+02     2  7.210470E-05  2.722300E+01  6.411786E-05  3.298465E-05
  1.695725E+00  1.200000E+02     3  4.557054E-05 -2.512300E+01  4.125950E-05 -1.934756E-05
  1.695725E+00  1.200000E+02     4  1.216773E-04 -1.534129E+02 -1.088106E-04 -5.445766E-05
  1.695725E+00  1.200000E+02     5  7.114446E-05 -1.526364E+02 -6.318391E-05 -3.270057E-05
  1.695725E+00  1.200000E+02     6  6.602313E-12  9.172376E+01 -1.986029E-13  6.599325E-12
  1.695725E+00  1.300000E+02     1  5.363089E-05 -1.525101E+02 -4.757554E-05 -2.475561E-05
  1.695725E+00  1.300000E+02     2  6.377158E-05  2.728731E+01  5.667500E-05  2.923625E-05
  1.695725E+00  1.300000E+02     3  4.560512E-05 -2.519157E+01  4.126760E-05 -1.941164E-05
  1.695725E+00  1.300000E+02     4  1.077185E-04 -1.532692E+02 -9.620659E-05 -4.845163E-05
  1.695725E+00  1.300000E+02     5  9.106428E-05 -1.529049E+02 -8.107012E-05 -4.147698E-05
  1.695725E+00  1.300000E+02     6  2.193594E-12  9.490645E+01 -1.876161E-13  2.185556E-12
  1.695725E+00  1.400000E+02     1  6.389611E-05 -1.526143E+02 -5.673530E-05 -2.939079E-05
  1.695725E+00  1.400000E+02     2  5.350961E-05  2.737009E+01  4.751950E-05  2.460031E-05
  1.695725E+00  1.400000E+02     3  4.561715E-05 -2.518787E+01  4.127974E-05 -1.941409E-05
  1.695725E+00  1.400000E+02     4  9.049976E-05 -1.530929E+02 -8.070236E-05 -4.095529E-05
  1.695725E+00  1.400000E+02     5  1.082832E-04 -1.531235E+02 -9.658679E-05 -4.895154E-05
  1.695725E+00  1.400000E+02     6  3.463170E-12 -9.266383E+01 -1.609536E-13 -3.459428E-12
  1.695725E+00  1.500000E+02     1  7.223346E-05 -1.526957E+02 -6.418541E-05 -3.313466E-05
  1.695725E+00  1.500000E+02     2  4.164375E-05  2.749140E+01  3.694134E-05  1.922340E-05
  1.695725E+00  1.500000E+02     3  4.560507E-05 -2.510835E+01  4.129571E-05 -1.935166E-05
  1.695725E+00  1.500000E+02     4  7.058600E-05 -1.528713E+02 -6.282043E-05 -3.218658E-05
  1.695725E+00  1.500000E+02     5  1.222353E-04 -1.533078E+02 -1.092090E-04 -5.490771E-05
  1.695725E+00  1.500000E+02     6  7.705067E-12 -9.087552E+01 -1.177344E-13 -7.704167E-12
  1.695725E+00  1.600000E+02     1  7.837366E-05 -1.527649E+02 -6.968484E-05 -3.586717E-05
  1.695725E+00  1.600000E+02     2  2.854205E-05  2.771194E+01  2.526818E-05  1.327281E-05
  1.695725E+00  1.600000E+02     3  4.557092E-05 -2.496628E+01  4.131260E-05 -1.923479E-05
  1.695725E+00  1.600000E+02     4  4.860922E-05 -1.525491E+02 -4.313611E-05 -2.240831E-05
  1.695725E+00  1.600000E+02     5  1.324490E-04 -1.534605E+02 -1.184924E-04 -5.918021E-05
  1.695725E+00  1.600000E+02     6  8.542154E-12 -9.039898E+01 -5.948237E-14 -8.541947E-12
  1.695725E+00  1.700000E+02     1  8.211599E-05 -1.528271E+02 -7.305307E-05 -3.750045E-05
  1.695725E+00  1.700000E+02     2  1.460207E-05  2.833301E+01  1.285280E-05  6.930075E-06
  1.695725E+00  1.700000E+02     3  4.551961E-05 -2.478710E+01  4.132597E-05 -1.908399E-05
  1.695725E+00  1.700000E+02     4  2.524111E-05 -1.518137E+02 -2.224794E-05 -1.192238E-05
  1.695725E+00  1.700000E+02     5  1.385752E-04 -1.535810E+02 -1.241030E-04 -6.165663E-05
  1.695725E+00  1.700000E+02     6  5.529560E-12 -8.990304E+01  9.357483E-15 -5.529552E-12
  1.695725E+00  1.800000E+02     1  8.333741E-05 -1.528856E+02 -7.417846E-05 -3.798262E-05
  1.695725E+00  1.800000E+02     2  3.901602E-07  8.080485E+01  6.234669E-08  3.851466E-07
  1.695725E+00  1.800000E+02     3  4.545770E-05 -2.460017E+01  4.133172E-05 -1.892329E-05
  1.695725E+00  1.800000E+02     4  1.303248E-06 -1.255397E+02 -7.575341E-07 -1.060470E-06
  1.695725E+00  1.800000E+02     5  1.404068E-04 -1.536693E+02 -1.258395E-04 -6.227756E-05
  1.695725E+00  1.800000E+02     6  8.268347E-14 -7.345751E+00  8.200486E-14 -1.057163E-14
  1.695725E+00  1.900000E+02     1  8.199795E-05 -1.529424E+02 -7.302323E-05 -3.729975E-05
  1.695725E+00  1.900000E+02     2  1.414577E-05 -1.541470E+02 -1.273000E-05 -6.168458E-06
  1.695725E+00  1.900000E+02     3  4.539222E-05 -2.443015E+01  4.132808E-05 -1.877348E-05
  1.695725E+00  1.900000E+02     4  2.295021E-05  2.535865E+01  2.073883E-05  9.829186E-06
  1.695725E+00  1.900000E+02     5  1.378885E-04 -1.537272E+02 -1.236442E-04 -6.103566E-05
  1.695725E+00  1.900000E+02     6  5.502498E-12  8.842844E+01  1.509086E-13  5.500429E-12
  1.695725E+00  2.000000E+02     1  7.814219E-05 -1.529999E+02 -6.962513E-05 -3.547597E-05
  1.695725E+00  2.000000E+02     2  2.810324E-05 -1.535042E+02 -2.515147E-05 -1.253776E-05
  1.695725E+00  2.000000E+02     3  4.532999E-05 -2.429171E+01  4.131660E-05 -1.864796E-05
  1.695725E+00  2.000000E+02     4  4.637672E-05  2.609298E+01  4.165008E-05  2.039783E-05
  1.695725E+00  2.000000E+02     5  1.311175E-04 -1.537587E+02 -1.176046E-04 -5.797387E-05
  1.695725E+00  2.000000E+02     6  8.498054E-12  8.858648E+01  2.096311E-13  8.495468E-12
  1.695725E+00  2.100000E+02     1  7.189709E-05 -1.530614E+02 -6.409571E-05 -3.257194E-05
  1.695725E+00  2.100000E+02     2  4.123604E-05 -1.532905E+02 -3.683603E-05 -1.853423E-05
  1.695725E+00  2.100000E+02     3  4.527725E-05 -2.418909E+01  4.130182E-05 -1.855232E-05
  1.695725E+00  2.100000E+02     4  6.846471E-05  2.627920E+01  6.138869E-05  3.031245E-05
  1.695725E+00  2.100000E+02     5  1.203359E-04 -1.537713E+02 -1.079457E-04 -5.318313E-05
  1.695725E+00  2.100000E+02     6  7.651408E-12  8.809604E+01  2.542119E-13  7.647184E-12
  1.695725E+00  2.200000E+02     1  6.346619E-05 -1.531327E+02 -5.661536E-05 -2.868202E-05
  1.695725E+00  2.200000E+02     2  5.314847E-05 -1.531822E+02 -4.743215E-05 -2.397815E-05
  1.695725E+00  2.200000E+02     3  4.523945E-05 -2.412016E+01  4.128961E-05 -1.848718E-05
  1.695725E+00  2.200000E+02     4  8.855788E-05  2.632325E+01  7.937501E-05  3.926966E-05
  1.695725E+00  2.200000E+02     5  1.059155E-04 -1.537772E+02 -9.501500E-05 -4.680013E-05
  1.695725E+00  2.200000E+02     6  3.427597E-12  8.525648E+01  2.834468E-13  3.415857E-12
  1.695725E+00  2.300000E+02     1  5.312048E-05 -1.532252E+02 -4.742511E-05 -2.392999E-05
  1.695725E+00  2.300000E+02     2  6.347387E-05 -1.531143E+02 -5.661301E-05 -2.870363E-05
  1.695725E+00  2.300000E+02     3  4.522091E-05 -2.408214E+01  4.128495E-05 -1.845221E-05
  1.695725E+00  2.300000E+02     4  1.060390E-04  2.631356E+01  9.505139E-05  4.700532E-05
  1.695725E+00  2.300000E+02     5  8.833737E-05 -1.537972E+02 -7.925952E-05 -3.900538E-05
  1.695725E+00  2.300000E+02     6  2.203848E-12 -8.222597E+01  2.981067E-13 -2.183593E-12
  1.695725E+00  2.400000E+02     1  4.118633E-05 -1.533651E+02 -3.681570E-05 -1.846398E-05
  1.695725E+00  2.400000E+02     2  7.188717E-05 -1.530643E+02 -6.408854E-05 -3.256416E-05
  1.695725E+00  2.400000E+02     3  4.522439E-05 -2.407587E+01  4.129014E-05 -1.844911E-05
  1.695725E+00  2.400000E+02     4  1.203514E-04  2.628708E+01  1.079054E-04  5.329990E-05
  1.695725E+00  2.400000E+02     5  6.816583E-05 -1.538696E+02 -6.119885E-05 -3.002134E-05
  1.695725E+00  2.400000E+02     6  6.532995E-12 -8.737087E+01  2.996737E-13 -6.526118E-12
  1.695725E+00  2.500000E+02     1  2.803198E-05 -1.536303E+02 -2.511516E-05 -1.245073E-05
  1.695725E+00  2.500000E+02     2  7.811840E-05 -1.530222E+02 -6.961773E-05 -3.543806E-05
  1.695725E+00  2.500000E+02     3  4.525061E-05 -2.410630E+01  4.130428E-05 -1.848175E-05
  1.695725E+00  2.500000E+02     4  1.310242E-04  2.626454E+01  1.174974E-04  5.798036E-05
  1.695725E+00  2.500000E+02     5  4.602265E-05 -1.540901E+02 -4.139654E-05 -2.010996E-05
  1.695725E+00  2.500000E+02     6  7.599321E-12 -8.781786E+01  2.893547E-13 -7.593810E-12
  1.695725E+00  2.600000E+02     1  1.405499E-05 -1.544133E+02 -1.267666E-05 -6.070016E-06
  1.695725E+00  2.600000E+02     2  8.196459E-05 -1.529826E+02 -7.301967E-05 -3.723333E-05
  1.695725E+00  2.600000E+02     3  4.529789E-05 -2.417900E+01  4.132392E-05 -1.855350E-05
  1.695725E+00  2.600000E+02     4  1.376959E-04  2.625884E+01  1.234863E-04  6.092039E-05
  1.695725E+00  2.600000E+02     5  2.256507E-05 -1.549117E+02 -2.043617E-05 -9.567925E-06
  1.695725E+00  2.600000E+02     6  4.923646E-12 -8.688150E+01  2.678526E-13 -4.916355E-12
  1.695725E+00  2.700000E+02     1  5.077646E-07  7.493494E+01  1.319760E-07  4.903134E-07
  1.695725E+00  2.700000E+02     2  8.329887E-05 -1.529425E+02 -7.418185E-05 -3.789135E-05
  1.695725E+00  2.700000E+02     3  4.536191E-05 -2.429450E+01  4.134478E-05 -1.866310E-05
  1.695725E+00  2.700000E+02     4  1.401327E-04  2.627788E+01  1.256511E-04  6.204028E-05
  1.695725E+00  2.700000E+02     5  1.684554E-06  4.952812E+01  1.093401E-06  1.281481E-06
  1.695725E+00  2.700000E+02     6  3.103932E-13  4.055139E+01  2.358439E-13  2.017958E-13
  1.695725E+00  2.800000E+02     1  1.472724E-05  2.855001E+01  1.293641E-05  7.038524E-06
  1.695725E+00  2.800000E+02     2  8.207621E-05 -1.529000E+02 -7.306530E-05 -3.738938E-05
  1.695725E+00  2.800000E+02     3  4.543578E-05 -2.444360E+01  4.136333E-05 -1.880120E-05
  1.695725E+00  2.800000E+02     4  1.382421E-04  2.632599E+01  1.239044E-04  6.130733E-05
  1.695725E+00  2.800000E+02     5  2.563787E-05  2.816237E+01  2.260269E-05  1.210035E-05
  1.695725E+00  2.800000E+02     6  5.295877E-12  8.789302E+01  1.947057E-13  5.292297E-12
  1.695725E+00  2.900000E+02     1  2.867651E-05  2.781881E+01  2.536230E-05  1.338267E-05
  1.695725E+00  2.900000E+02     2  7.833559E-05 -1.528535E+02 -6.970638E-05 -3.574192E-05
  1.695725E+00  2.900000E+02     3  4.551037E-05 -2.460646E+01  4.137754E-05 -1.894976E-05
  1.695725E+00  2.900000E+02     4  1.320793E-04  2.640481E+01  1.183001E-04  5.873704E-05
  1.695725E+00  2.900000E+02     5  4.899743E-05  2.740257E+01  4.349966E-05  2.255056E-05
  1.695725E+00  2.900000E+02     6  7.896670E-12  8.893343E+01  1.469898E-13  7.895302E-12
  1.695725E+00  3.000000E+02     1  4.178419E-05  2.756272E+01  3.704189E-05  1.933435E-05
  1.695725E+00  3.000000E+02     2  7.219865E-05 -1.528011E+02 -6.421527E-05 -3.300066E-05
  1.695725E+00  3.000000E+02     3  4.557518E-05 -2.475638E+01  4.138667E-05 -1.908510E-05
  1.695725E+00  3.000000E+02     4  1.218477E-04  2.651397E+01  1.090324E-04  5.439476E-05
  1.695725E+00  3.000000E+02     5  7.096887E-05  2.708062E+01  6.318833E-05  3.230814E-05
  1.695725E+00  3.000000E+02     6  6.729064E-12  8.917914E+01  9.640199E-14  6.728373E-12
  1.695725E+00  3.100000E+02     1  5.365272E-05  2.742668E+01  4.762221E-05  2.471315E-05
  1.695725E+00  3.100000E+02     2  6.386464E-05 -1.527389E+02 -5.677112E-05 -2.925291E-05
  1.695725E+00  3.100000E+02     3  4.562002E-05 -2.486721E+01  4.139035E-05 -1.918398E-05
  1.695725E+00  3.100000E+02     4  1.078911E-04  2.665222E+01  9.642719E-05  4.839712E-05
  1.695725E+00  3.100000E+02     5  9.088664E-05  2.686832E+01  8.107520E-05  4.107545E-05
  1.695725E+00  3.100000E+02     6  2.288900E-12  8.881453E+01  4.735494E-14  2.288410E-12
  1.695725E+00  3.200000E+02     1  6.391426E-05  2.733820E+01  5.677576E-05  2.935211E-05
  1.695725E+00  3.200000E+02     2  5.360165E-05 -1.526593E+02 -4.761389E-05 -2.461817E-05
  1.695725E+00  3.200000E+02     3  4.563719E-05 -2.492136E+01  4.138777E-05 -1.923032E-05
  1.695725E+00  3.200000E+02     4  9.067657E-05  2.682008E+01  8.092229E-05  4.091239E-05
  1.695725E+00  3.200000E+02     5  1.081207E-04  2.670555E+01  9.658723E-05  4.859004E-05
  1.695725E+00  3.200000E+02     6  3.386061E-12 -8.992708E+01  4.309268E-15 -3.386058E-12
  1.695725E+00  3.300000E+02     1  7.224379E-05  2.727273E+01  6.421284E-05  3.310402E-05
  1.695725E+00  3.300000E+02     2  4.173451E-05 -1.525431E+02 -3.703344E-05 -1.924301E-05
  1.695725E+00  3.300000E+02     3  4.562348E-05 -2.491510E+01  4.137744E-05 -1.922003E-05
  1.695725E+00  3.300000E+02     4  7.076873E-05  2.702777E+01  6.303982E-05  3.215888E-05
  1.695725E+00  3.300000E+02     5  1.221030E-04  2.657795E+01  1.092000E-04  5.463073E-05
  1.695725E+00  3.300000E+02     6  7.662842E-12 -9.021632E+01 -2.893069E-14 -7.662787E-12
  1.695725E+00  3.400000E+02     1  7.837299E-05  2.721950E+01  6.969403E-05  3.584785E-05
  1.695725E+00  3.400000E+02     2  2.863100E-05 -1.523321E+02 -2.535715E-05 -1.329471E-05
  1.695725E+00  3.400000E+02     3  4.558118E-05 -2.485898E+01  4.135786E-05 -1.916171E-05
  1.695725E+00  3.400000E+02     4  4.879943E-05  2.732510E+01  4.335421E-05  2.240083E-05
  1.695725E+00  3.400000E+02     5  1.323585E-04  2.648243E+01  1.184703E-04  5.902175E-05
  1.695725E+00  3.400000E+02     6  8.534278E-12 -9.033499E+01 -4.989744E-14 -8.534132E-12
  1.695725E+00  3.500000E+02     1  8.210253E-05  2.717288E+01  7.304109E-05  3.749433E-05
  1.695725E+00  3.500000E+02     2  1.468843E-05 -1.517394E+02 -1.293761E-05 -6.954729E-06
  1.695725E+00  3.500000E+02     3  4.551742E-05 -2.477328E+01  4.132858E-05 -1.907311E-05
  1.695725E+00  3.500000E+02     4  2.543975E-05  2.799403E+01  2.246321E-05  1.194090E-05
  1.695725E+00  3.500000E+02     5  1.385328E-04  2.641815E+01  1.240659E-04  6.163588E-05
  1.695725E+00  3.500000E+02     6  5.556119E-12 -9.059877E+01 -5.806300E-14 -5.555815E-12
  1.638226E+00  0.000000E+00     1  7.177937E-05  2.701181E+01  6.394917E-05  3.260033E-05
  1.638226E+00  0.000000E+00     2  2.686689E-07 -1.099036E+02 -9.146537E-08 -2.526204E-07
  1.638226E+00  0.000000E+00     3  3.303520E-05 -2.398447E+01  3.018280E-05 -1.342844E-05
  1.638226E+00  0.000000E+00     4  8.311356E-07  5.019491E+01  5.320747E-07  6.385005E-07
  1.638226E+00  0.000000E+00     5  1.060258E-04  2.600826E+01  9.528864E-05  4.649239E-05
  1.638226E+00  0.000000E+00     6  1.703946E-13 -3.636832E+01  1.372054E-13 -1.010395E-13
  1.638226E+00  1.000000E+01     1  7.062892E-05  2.698141E+01  6.294123E-05  3.204444E-05
  1.638226E+00  1.000000E+01     2  1.218735E-05  2.615318E+01  1.093959E-05  5.371848E-06
  1.638226E+00  1.000000E+01     3  3.298189E-05 -2.385684E+01  3.016388E-05 -1.333962E-05
  1.638226E+00  1.000000E+01     4  1.741667E-05 -1.544889E+02 -1.571857E-05 -7.501122E-06
  1.638226E+00  1.000000E+01     5  1.042027E-04  2.602087E+01  9.364014E-05  4.571358E-05
  1.638226E+00  1.000000E+01     6  6.400084E-12  8.849341E+01  1.682709E-13  6.397872E-12
  1.638226E+00  2.000000E+01     1  6.731124E-05  2.695064E+01  6.000105E-05  3.050699E-05
  1.638226E+00  2.000000E+01     2  2.421130E-05  2.658617E+01  2.165126E-05  1.083561E-05
  1.638226E+00  2.000000E+01     3  3.293449E-05 -2.375796E+01  3.014347E-05 -1.326845E-05
  1.638226E+00  2.000000E+01     4  3.508262E-05 -1.539802E+02 -3.152673E-05 -1.539012E-05
  1.638226E+00  2.000000E+01     5  9.915583E-05  2.606390E+01  8.907214E-05  4.356642E-05
  1.638226E+00  2.000000E+01     6  9.901821E-12  8.886274E+01  1.965271E-13  9.899871E-12
  1.638226E+00  3.000000E+01     1  6.193640E-05  2.691680E+01  5.522651E-05  2.803837E-05
  1.638226E+00  3.000000E+01     2  3.552360E-05  2.672851E+01  3.172782E-05  1.597722E-05
  1.638226E+00  3.000000E+01     3  3.289950E-05 -2.368877E+01  3.012743E-05 -1.321798E-05
  1.638226E+00  3.000000E+01     4  5.173740E-05 -1.538787E+02 -4.645314E-05 -2.277860E-05
  1.638226E+00  3.000000E+01     5  9.106547E-05  2.612809E+01  8.175965E-05  4.010336E-05
  1.638226E+00  3.000000E+01     6  8.832393E-12  8.861203E+01  2.139402E-13  8.829802E-12
  1.638226E+00  4.000000E+01     1  5.468047E-05  2.687522E+01  4.877460E-05  2.471825E-05
  1.638226E+00  4.000000E+01     2  4.578334E-05  2.680005E+01  4.086554E-05  2.064271E-05
  1.638226E+00  4.000000E+01     3  3.288113E-05 -2.364501E+01  3.012069E-05 -1.318759E-05
  1.638226E+00  4.000000E+01     4  6.688904E-05 -1.538856E+02 -6.006082E-05 -2.944217E-05
  1.638226E+00  4.000000E+01     5  8.021172E-05  2.619896E+01  7.197128E-05  3.541263E-05
  1.638226E+00  4.000000E+01     6  3.750727E-12  8.671052E+01  2.152195E-13  3.744547E-12
  1.638226E+00  5.000000E+01     1  4.577746E-05  2.681697E+01  4.085420E-05  2.065213E-05
  1.638226E+00  5.000000E+01     2  5.467404E-05  2.684530E+01  4.878176E-05  2.468987E-05
  1.638226E+00  5.000000E+01     3  3.288077E-05 -2.362452E+01  3.012507E-05 -1.317668E-05
  1.638226E+00  5.000000E+01     4  8.007203E-05 -1.539312E+02 -7.192608E-05 -3.518763E-05
  1.638226E+00  5.000000E+01     5  6.695850E-05  2.625387E+01  6.005125E-05  2.961904E-05
  1.638226E+00  5.000000E+01     6  2.957941E-12 -8.613868E+01  1.991931E-13 -2.951226E-12
  1.638226E+00  6.000000E+01     1  3.550880E-05  2.672206E+01  3.171640E-05  1.596699E-05
  1.638226E+00  6.000000E+01     2  6.191521E-05  2.687969E+01  5.522576E-05  2.799302E-05
  1.638226E+00  6.000000E+01     3  3.289707E-05 -2.363183E+01  3.013833E-05 -1.318706E-05
  1.638226E+00  6.000000E+01     4  9.086466E-05 -1.539840E+02 -8.165747E-05 -3.985529E-05
  1.638226E+00  6.000000E+01     5  5.173397E-05  2.625409E+01  4.639715E-05  2.288466E-05
  1.638226E+00  6.000000E+01     6  8.132068E-12 -8.881084E+01  1.687673E-13 -8.130316E-12
  1.638226E+00  7.000000E+01     1  2.419131E-05  2.653242E+01  2.164352E-05  1.080636E-05
  1.638226E+00  7.000000E+01     2  6.727426E-05  2.691013E+01  5.998963E-05  3.044782E-05
  1.638226E+00  7.000000E+01     3  3.292655E-05 -2.367743E+01  3.015482E-05 -1.322288E-05
  1.638226E+00  7.000000E+01     4  9.890898E-05 -1.540255E+02 -8.891810E-05 -4.331925E-05
  1.638226E+00  7.000000E+01     5  3.500982E-05  2.611167E+01  3.143665E-05  1.540860E-05
  1.638226E+00  7.000000E+01     6  9.388882E-12 -8.920993E+01  1.294618E-13 -9.387989E-12
  1.638226E+00  8.000000E+01     1  1.216583E-05  2.595918E+01  1.093837E-05  5.325356E-06
  1.638226E+00  8.000000E+01     2  7.057669E-05  2.694019E+01  6.291770E-05  3.197549E-05
  1.638226E+00  8.000000E+01     3  3.296455E-05 -2.377198E+01  3.016773E-05 -1.328793E-05
  1.638226E+00  8.000000E+01     4  1.039294E-04 -1.540443E+02 -9.344632E-05 -4.548748E-05
  1.638226E+00  8.000000E+01     5  1.728384E-05  2.543775E+01  1.560821E-05  7.423931E-06
  1.638226E+00  8.000000E+01     6  6.162822E-12 -8.918908E+01  8.722115E-14 -6.162205E-12
  1.638226E+00  9.000000E+01     1  3.249231E-07 -1.051148E+02 -8.472515E-08 -3.136825E-07
  1.638226E+00  9.000000E+01     2  7.171379E-05  2.697187E+01  6.391343E-05  3.252600E-05
  1.638226E+00  9.000000E+01     3  3.300621E-05 -2.391812E+01  3.017183E-05 -1.338173E-05
  1.638226E+00  9.000000E+01     4  1.057474E-04 -1.540329E+02 -9.507173E-05 -4.630212E-05
  1.638226E+00  9.000000E+01     5  1.038166E-06 -1.287613E+02 -6.499718E-07 -8.095215E-07
  1.638226E+00  9.000000E+01     6  4.778030E-14 -1.263857E+01  4.662257E-14 -1.045433E-14
  1.638226E+00  1.000000E+02     1  1.259746E-05 -1.518411E+02 -1.110645E-05 -5.944967E-06
  1.638226E+00  1.000000E+02     2  7.064723E-05  2.700638E+01  6.294357E-05  3.208018E-05
  1.638226E+00  1.000000E+02     3  3.304722E-05 -2.410392E+01  3.016571E-05 -1.349625E-05
  1.638226E+00  1.000000E+02     4  1.042914E-04 -1.539868E+02 -9.372601E-05 -4.573994E-05
  1.638226E+00  1.000000E+02     5  1.915660E-05 -1.519196E+02 -1.690163E-05 -9.017220E-06
  1.638226E+00  1.000000E+02     6  6.115766E-12  8.990272E+01  1.038337E-14  6.115757E-12
  1.638226E+00  1.100000E+02     1  2.460853E-05 -1.523961E+02 -2.180740E-05 -1.140251E-05
  1.638226E+00  1.100000E+02     2  6.741093E-05  2.704472E+01  6.003968E-05  3.065079E-05
  1.638226E+00  1.100000E+02     3  3.308397E-05 -2.430147E+01  3.015249E-05 -1.361530E-05
  1.638226E+00  1.100000E+02     4  9.960242E-05 -1.539040E+02 -8.944876E-05 -4.381280E-05
  1.638226E+00  1.100000E+02     5  3.682748E-05 -1.526402E+02 -3.270788E-05 -1.692507E-05
  1.638226E+00  1.100000E+02     6  9.274482E-12  9.012189E+01 -1.973081E-14  9.274461E-12
  1.638226E+00  1.200000E+02     1  3.590135E-05 -1.525970E+02 -3.187291E-05 -1.652346E-05
  1.638226E+00  1.200000E+02     2  6.211008E-05  2.708816E+01  5.529704E-05  2.828251E-05
  1.638226E+00  1.200000E+02     3  3.311342E-05 -2.447220E+01  3.013859E-05 -1.371729E-05
  1.638226E+00  1.200000E+02     4  9.183463E-05 -1.537845E+02 -8.238840E-05 -4.056786E-05
  1.638226E+00  1.200000E+02     5  5.345294E-05 -1.529908E+02 -4.762303E-05 -2.427474E-05
  1.638226E+00  1.200000E+02     6  7.932891E-12  9.029904E+01 -4.140335E-14  7.932783E-12
  1.638226E+00  1.300000E+02     1  4.613439E-05 -1.527104E+02 -4.099967E-05 -2.115205E-05
  1.638226E+00  1.300000E+02     2  5.491704E-05  2.713919E+01  4.887073E-05  2.505061E-05
  1.638226E+00  1.300000E+02     3  3.313293E-05 -2.457762E+01  3.013104E-05 -1.378084E-05
  1.638226E+00  1.300000E+02     4  8.125024E-05 -1.536305E+02 -7.279604E-05 -3.608793E-05
  1.638226E+00  1.300000E+02     5  6.852744E-05 -1.532575E+02 -6.119759E-05 -3.083610E-05
  1.638226E+00  1.300000E+02     6  2.682689E-12  9.108674E+01 -5.088017E-14  2.682206E-12
  1.638226E+00  1.400000E+02     1  5.499017E-05 -1.527900E+02 -4.890478E-05 -2.514441E-05
  1.638226E+00  1.400000E+02     2  4.606387E-05  2.720331E+01  4.096874E-05  2.105807E-05
  1.638226E+00  1.400000E+02     3  3.314050E-05 -2.459149E+01  3.013459E-05 -1.379128E-05
  1.638226E+00  1.400000E+02     4  6.820614E-05 -1.534451E+02 -6.101080E-05 -3.049195E-05
  1.638226E+00  1.400000E+02     5  8.157137E-05 -1.534859E+02 -7.299207E-05 -3.641492E-05
  1.638226E+00  1.400000E+02     6  4.050619E-12 -9.061571E+01 -4.352785E-14 -4.050385E-12
  1.638226E+00  1.500000E+02     1  6.218710E-05 -1.528533E+02 -5.533666E-05 -2.837411E-05
  1.638226E+00  1.500000E+02     2  3.583180E-05  2.729438E+01  3.184237E-05  1.643112E-05
  1.638226E+00  1.500000E+02     3  3.313513E-05 -2.450850E+01  3.014964E-05 -1.374539E-05
  1.638226E+00  1.500000E+02     4  5.313356E-05 -1.532253E+02 -4.743684E-05 -2.393578E-05
  1.638226E+00  1.500000E+02     5  9.215240E-05 -1.536818E+02 -8.260039E-05 -4.085634E-05
  1.638226E+00  1.500000E+02     6  9.131546E-12 -9.009872E+01 -1.573398E-14 -9.131533E-12
  1.638226E+00  1.600000E+02     1  6.749199E-05 -1.529076E+02 -6.008632E-05 -3.073765E-05
  1.638226E+00  1.600000E+02     2  2.453871E-05  2.745553E+01  2.177489E-05  1.131382E-05
  1.638226E+00  1.600000E+02     3  3.311703E-05 -2.434587E+01  3.017205E-05 -1.365230E-05
  1.638226E+00  1.600000E+02     4  3.651380E-05 -1.529381E+02 -3.251611E-05 -1.661205E-05
  1.638226E+00  1.600000E+02     5  9.991009E-05 -1.538420E+02 -8.967748E-05 -4.404516E-05
  1.638226E+00  1.600000E+02     6  1.016744E-11 -8.981493E+01  3.284093E-14 -1.016739E-11
  1.638226E+00  1.700000E+02     1  7.073092E-05 -1.529563E+02 -6.299721E-05 -3.215921E-05
  1.638226E+00  1.700000E+02     2  1.252686E-05  2.790366E+01  1.107043E-05  5.862398E-06
  1.638226E+00  1.700000E+02     3  3.308760E-05 -2.413694E+01  3.019478E-05 -1.353015E-05
  1.638226E+00  1.700000E+02     4  1.885558E-05 -1.523588E+02 -1.670360E-05 -8.747742E-06
  1.638226E+00  1.700000E+02     5  1.045779E-04 -1.539629E+02 -9.396427E-05 -4.590484E-05
  1.638226E+00  1.700000E+02     6  6.622938E-12 -8.915253E+01  9.795677E-14 -6.622214E-12
  1.638226E+00  1.800000E+02     1  7.179720E-05 -1.530013E+02 -6.397250E-05 -3.259382E-05
  1.638226E+00  1.800000E+02     2  2.443086E-07  7.948160E+01  4.459885E-08  2.402033E-07
  1.638226E+00  1.800000E+02     3  3.304925E-05 -2.391983E+01  3.021077E-05 -1.340008E-05
  1.638226E+00  1.800000E+02     4  7.486352E-07 -1.270628E+02 -4.511954E-07 -5.973921E-07
  1.638226E+00  1.800000E+02     5  1.059985E-04 -1.540426E+02 -9.530531E-05 -4.639586E-05
  1.638226E+00  1.800000E+02     6  1.940849E-13 -2.805023E+01  1.712869E-13 -9.126754E-14
  1.638226E+00  1.900000E+02     1  7.065589E-05 -1.530438E+02 -6.297936E-05 -3.202898E-05
  1.638226E+00  1.900000E+02     2  1.223223E-05 -1.538736E+02 -1.098240E-05 -5.386502E-06
  1.638226E+00  1.900000E+02     3  3.300546E-05 -2.372585E+01  3.021588E-05 -1.328011E-05
  1.638226E+00  1.900000E+02     4  1.751677E-05  2.559947E+01  1.579726E-05  7.568603E-06
  1.638226E+00  1.900000E+02     5  1.041307E-04 -1.540819E+02 -9.365726E-05 -4.551402E-05
  1.638226E+00  1.900000E+02     6  6.434179E-12  8.783878E+01  2.426421E-13  6.429602E-12
  1.638226E+00  2.000000E+02     1  6.734507E-05 -1.530853E+02 -6.005034E-05 -3.048467E-05
  1.638226E+00  2.000000E+02     2  2.425390E-05 -1.534208E+02 -2.169067E-05 -1.085202E-05
  1.638226E+00  2.000000E+02     3  3.296086E-05 -2.357251E+01  3.021043E-05 -1.318136E-05
  1.638226E+00  2.000000E+02     4  3.519028E-05  2.609575E+01  3.160299E-05  1.547924E-05
  1.638226E+00  2.000000E+02     5  9.904948E-05 -1.540847E+02 -8.908917E-05 -4.328879E-05
  1.638226E+00  2.000000E+02     6  9.956972E-12  8.825638E+01  3.029621E-13  9.952362E-12
  1.638226E+00  2.100000E+02     1  6.197403E-05 -1.531281E+02 -5.528202E-05 -2.801211E-05
  1.638226E+00  2.100000E+02     2  3.556504E-05 -1.532739E+02 -3.176551E-05 -1.599453E-05
  1.638226E+00  2.100000E+02     3  3.292090E-05 -2.346336E+01  3.019883E-05 -1.310787E-05
  1.638226E+00  2.100000E+02     4  5.184851E-05  2.618416E+01  4.652784E-05  2.287856E-05
  1.638226E+00  2.100000E+02     5  9.093915E-05 -1.540583E+02 -8.177610E-05 -3.978189E-05
  1.638226E+00  2.100000E+02     6  8.907836E-12  8.776932E+01  3.467193E-13  8.901085E-12
  1.638226E+00  2.200000E+02     1  5.471839E-05 -1.531764E+02 -4.883069E-05 -2.469143E-05
  1.638226E+00  2.200000E+02     2  4.582519E-05 -1.532024E+02 -4.090378E-05 -2.065985E-05
  1.638226E+00  2.200000E+02     3  3.289111E-05 -2.339373E+01  3.018740E-05 -1.305933E-05
  1.638226E+00  2.200000E+02     4  6.699853E-05  2.616000E+01  6.013563E-05  2.953827E-05
  1.638226E+00  2.200000E+02     5  8.008222E-05 -1.540153E+02 -7.198680E-05 -3.508650E-05
  1.638226E+00  2.200000E+02     6  3.850137E-12  8.444488E+01  3.727060E-13  3.832055E-12
  1.638226E+00  2.300000E+02     1  4.581222E-05 -1.532386E+02 -4.090523E-05 -2.062817E-05
  1.638226E+00  2.300000E+02     2  5.471787E-05 -1.531593E+02 -4.882285E-05 -2.470576E-05
  1.638226E+00  2.300000E+02     3  3.287597E-05 -2.335869E+01  3.018148E-05 -1.303486E-05
  1.638226E+00  2.300000E+02     4  8.017503E-05  2.609449E+01  7.200278E-05  3.526521E-05
  1.638226E+00  2.300000E+02     5  6.684304E-05 -1.539758E+02 -6.006574E-05 -2.932746E-05
  1.638226E+00  2.300000E+02     6  2.876087E-12 -8.234676E+01  3.830297E-13 -2.850468E-12
  1.638226E+00  2.400000E+02     1  3.553736E-05 -1.533337E+02 -3.175744E-05 -1.594895E-05
  1.638226E+00  2.400000E+02     2  6.196211E-05 -1.531280E+02 -5.527134E-05 -2.800683E-05
  1.638226E+00  2.400000E+02     3  3.287790E-05 -2.335896E+01  3.018319E-05 -1.303577E-05
  1.638226E+00  2.400000E+02     4  9.095754E-05  2.602145E+01  8.173716E-05  3.990376E-05
  1.638226E+00  2.400000E+02     5  5.164817E-05 -1.539739E+02 -4.641075E-05 -2.266221E-05
  1.638226E+00  2.400000E+02     6  8.028560E-12 -8.727951E+01  3.810646E-13 -8.019511E-12
  1.638226E+00  2.500000E+02     1  2.421140E-05 -1.535172E+02 -2.167086E-05 -1.079657E-05
  1.638226E+00  2.500000E+02     2  6.732453E-05 -1.531008E+02 -6.004026E-05 -3.045915E-05
  1.638226E+00  2.500000E+02     3  3.289683E-05 -2.340150E+01  3.019087E-05 -1.306570E-05
  1.638226E+00  2.500000E+02     4  9.899010E-05  2.596166E+01  8.900074E-05  4.333485E-05
  1.638226E+00  2.500000E+02     5  3.496572E-05 -1.540849E+02 -3.144965E-05 -1.528140E-05
  1.638226E+00  2.500000E+02     6  9.277807E-12 -8.771725E+01  3.695434E-13 -9.270444E-12
  1.638226E+00  2.600000E+02     1  1.217610E-05 -1.540653E+02 -1.094988E-05 -5.325174E-06
  1.638226E+00  2.600000E+02     2  7.062984E-05 -1.530736E+02 -6.297281E-05 -3.198437E-05
  1.638226E+00  2.600000E+02     3  3.293035E-05 -2.349467E+01  3.020033E-05 -1.312814E-05
  1.638226E+00  2.600000E+02     4  1.039993E-04  2.592848E+01  9.353075E-05  4.547356E-05
  1.638226E+00  2.600000E+02     5  1.728806E-05 -1.546309E+02 -1.562090E-05 -7.407044E-06
  1.638226E+00  2.600000E+02     6  6.051369E-12 -8.668695E+01  3.497176E-13 -6.041256E-12
  1.638226E+00  2.700000E+02     1  3.168932E-07  7.361893E+01  8.937163E-08  3.040297E-07
  1.638226E+00  2.700000E+02     2  7.176878E-05 -1.530444E+02 -6.397166E-05 -3.253281E-05
  1.638226E+00  2.700000E+02     3  3.297442E-05 -2.364038E+01  3.020722E-05 -1.322257E-05
  1.638226E+00  2.700000E+02     4  1.058081E-04  2.593007E+01  9.515623E-05  4.626712E-05
  1.638226E+00  2.700000E+02     5  9.568517E-07  4.822491E+01  6.374625E-07  7.135872E-07
  1.638226E+00  2.700000E+02     6  3.402484E-13  1.896277E+01  3.217831E-13  1.105650E-13
  1.638226E+00  2.800000E+02     1  1.260575E-05  2.804307E+01  1.112576E-05  5.926404E-06
  1.638226E+00  2.800000E+02     2  7.070289E-05 -1.530117E+02 -6.300332E-05 -3.208553E-05
  1.638226E+00  2.800000E+02     3  3.302398E-05 -2.382751E+01  3.020921E-05 -1.334118E-05
  1.638226E+00  2.800000E+02     4  1.043460E-04  2.597057E+01  9.380901E-05  4.569409E-05
  1.638226E+00  2.800000E+02     5  1.905313E-05  2.757161E+01  1.688932E-05  8.818873E-06
  1.638226E+00  2.800000E+02     6  6.240089E-12  8.737247E+01  2.860648E-13  6.233529E-12
  1.638226E+00  2.900000E+02     1  2.462399E-05  2.751819E+01  2.183813E-05  1.137703E-05
  1.638226E+00  2.900000E+02     2  6.746635E-05 -1.529750E+02 -6.009959E-05 -3.065530E-05
  1.638226E+00  2.900000E+02     3  3.307340E-05 -2.403040E+01  3.020692E-05 -1.346819E-05
  1.638226E+00  2.900000E+02     4  9.965392E-05  2.605088E+01  8.952952E-05  4.376493E-05
  1.638226E+00  2.900000E+02     5  3.668973E-05  2.698267E+01  3.269583E-05  1.664690E-05
  1.638226E+00  2.900000E+02     6  9.388872E-12  8.850969E+01  2.441855E-13  9.385696E-12
  1.638226E+00  3.000000E+02     1  3.592105E-05  2.733363E+01  3.191039E-05  1.649390E-05
  1.638226E+00  3.000000E+02     2  6.216479E-05 -1.529332E+02 -5.535630E-05 -2.828677E-05
  1.638226E+00  3.000000E+02     3  3.311660E-05 -2.421378E+01  3.020305E-05 -1.358252E-05
  1.638226E+00  3.000000E+02     4  9.188590E-05  2.616911E+01  8.246725E-05  4.052371E-05
  1.638226E+00  3.000000E+02     5  5.329539E-05  2.670337E+01  4.761117E-05  2.394943E-05
  1.638226E+00  3.000000E+02     6  8.036736E-12  8.857664E+01  1.996310E-13  8.034256E-12
  1.638226E+00  3.100000E+02     1  4.615484E-05  2.723420E+01  4.103827E-05  2.112178E-05
  1.638226E+00  3.100000E+02     2  5.497095E-05 -1.528843E+02 -4.892900E-05 -2.505512E-05
  1.638226E+00  3.100000E+02     3  3.314751E-05 -2.434282E+01  3.020055E-05 -1.366325E-05
  1.638226E+00  3.100000E+02     4  8.130351E-05  2.632127E+01  7.287412E-05  3.605030E-05
  1.638226E+00  3.100000E+02     5  6.836741E-05  2.649757E+01  6.118563E-05  3.050280E-05
  1.638226E+00  3.100000E+02     6  2.775286E-12  8.674641E+01  1.575124E-13  2.770813E-12
  1.638226E+00  3.200000E+02     1  5.500773E-05  2.716839E+01  4.893864E-05  2.511692E-05
  1.638226E+00  3.200000E+02     2  4.611708E-05 -1.528234E+02 -4.102589E-05 -2.106328E-05
  1.638226E+00  3.200000E+02     3  3.316111E-05 -2.439418E+01  3.020067E-05 -1.369593E-05
  1.638226E+00  3.200000E+02     4  6.826332E-05  2.650323E+01  6.108947E-05  3.046239E-05
  1.638226E+00  3.200000E+02     5  8.142647E-05  2.632879E+01  7.297959E-05  3.611439E-05
  1.638226E+00  3.200000E+02     6  3.979453E-12 -8.821949E+01  1.236446E-13 -3.977531E-12
  1.638226E+00  3.300000E+02     1  6.219845E-05  2.711900E+01  5.536046E-05  2.835255E-05
  1.638226E+00  3.300000E+02     2  3.588426E-05 -1.527374E+02 -3.189809E-05 -1.643750E-05
  1.638226E+00  3.300000E+02     3  3.315465E-05 -2.436337E+01  3.020215E-05 -1.367703E-05
  1.638226E+00  3.300000E+02     4  5.319649E-05  2.671739E+01  4.751696E-05  2.391661E-05
  1.638226E+00  3.300000E+02     5  9.203827E-05  2.619313E+01  8.258698E-05  4.062554E-05
  1.638226E+00  3.300000E+02     6  9.077561E-12 -8.934855E+01  1.032093E-13 -9.076975E-12
  1.638226E+00  3.400000E+02     1  6.749460E-05  2.707867E+01  6.009600E-05  3.072445E-05
  1.638226E+00  3.400000E+02     2  2.459003E-05 -1.525855E+02 -2.182855E-05 -1.132185E-05
  1.638226E+00  3.400000E+02     3  3.312859E-05 -2.426547E+01  3.020171E-05 -1.361469E-05
  1.638226E+00  3.400000E+02     4  3.658437E-05  2.699756E+01  3.259762E-05  1.660757E-05
  1.638226E+00  3.400000E+02     5  9.983849E-05  2.609326E+01  8.966288E-05  4.391232E-05
  1.638226E+00  3.400000E+02     6  1.013365E-11 -8.943839E+01  9.932744E-14 -1.013317E-11
  1.638226E+00  3.500000E+02     1  7.072337E-05  2.704367E+01  6.299050E-05  3.215576E-05
  1.638226E+00  3.500000E+02     2  1.257638E-05 -1.521637E+02 -1.112111E-05 -5.872500E-06
  1.638226E+00  3.500000E+02     3  3.308666E-05 -2.412877E+01  3.019585E-05 -1.352546E-05
  1.638226E+00  3.500000E+02     4  1.893553E-05  2.756883E+01  1.678551E-05  8.763625E-06
  1.638226E+00  3.500000E+02     5  1.045554E-04  2.603157E+01  9.394850E-05  4.588584E-05
  1.638226E+00  3.500000E+02     6  6.610654E-12 -8.902998E+01  1.119135E-13 -6.609706E-12
  1.586206E+00  0.000000E+00     1  6.332146E-05  2.790306E+01  5.595975E-05  2.963299E-05
  1.586206E+00  0.000000E+00     2  1.846850E-07 -1.094123E+02 -6.138269E-08 -1.741859E-07
  1.586206E+00  0.000000E+00     3  2.477967E-05 -2.202681E+01  2.297097E-05 -9.293378E-06
  1.586206E+00  0.000000E+00     4  5.191830E-07  5.416624E+01  3.039482E-07  4.209115E-07
  1.586206E+00  0.000000E+00     5  8.382944E-05  2.665595E+01  7.491976E-05  3.760857E-05
  1.586206E+00  0.000000E+00     6  2.312709E-13 -2.335129E+01  2.123280E-13 -9.166830E-14
  1.586206E+00  1.000000E+01     1  6.231303E-05  2.787996E+01  5.508031E-05  2.913886E-05
  1.586206E+00  1.000000E+01     2  1.078196E-05  2.727540E+01  9.583158E-06  4.941027E-06
  1.586206E+00  1.000000E+01     3  2.474419E-05 -2.185633E+01  2.296559E-05 -9.211780E-06
  1.586206E+00  1.000000E+01     4  1.390333E-05 -1.534878E+02 -1.244125E-05 -6.206284E-06
  1.586206E+00  1.000000E+01     5  8.241203E-05  2.668426E+01  7.363471E-05  3.700907E-05
  1.586206E+00  1.000000E+01     6  7.521100E-12  8.799263E+01  2.634501E-13  7.516485E-12
  1.586206E+00  2.000000E+01     1  5.939098E-05  2.785850E+01  5.250783E-05  2.775279E-05
  1.586206E+00  2.000000E+01     2  2.138415E-05  2.760336E+01  1.895013E-05  9.908303E-06
  1.586206E+00  2.000000E+01     3  2.471090E-05 -2.172412E+01  2.295585E-05 -9.146438E-06
  1.586206E+00  2.000000E+01     4  2.786185E-05 -1.530711E+02 -2.484077E-05 -1.261819E-05
  1.586206E+00  2.000000E+01     5  7.844426E-05  2.675395E+01  7.004663E-05  3.531247E-05
  1.586206E+00  2.000000E+01     6  1.160223E-11  8.848110E+01  3.075366E-13  1.159816E-11
  1.586206E+00  3.000000E+01     1  5.465264E-05  2.783645E+01  4.832846E-05  2.552001E-05
  1.586206E+00  3.000000E+01     2  3.136026E-05  2.770649E+01  2.776452E-05  1.458071E-05
  1.586206E+00  3.000000E+01     3  2.468615E-05 -2.163062E+01  2.294774E-05 -9.099843E-06
  1.586206E+00  3.000000E+01     4  4.101806E-05 -1.530238E+02 -3.655508E-05 -1.860665E-05
  1.586206E+00  3.000000E+01     5  7.206865E-05  2.685488E+01  6.429630E-05  3.255573E-05
  1.586206E+00  3.000000E+01     6  1.031313E-11  8.814585E+01  3.336843E-13  1.030773E-11
  1.586206E+00  4.000000E+01     1  4.825389E-05  2.780982E+01  4.268061E-05  2.251229E-05
  1.586206E+00  4.000000E+01     2  4.040974E-05  2.775455E+01  3.576062E-05  1.881820E-05
  1.586206E+00  4.000000E+01     3  2.467467E-05 -2.156957E+01  2.294675E-05 -9.071168E-06
  1.586206E+00  4.000000E+01     4  5.298447E-05 -1.530795E+02 -4.724283E-05 -2.398893E-05
  1.586206E+00  4.000000E+01     5  6.350640E-05  2.697107E+01  5.659917E-05  2.880273E-05
  1.586206E+00  4.000000E+01     6  4.322022E-12  8.553973E+01  3.361141E-13  4.308932E-12
  1.586206E+00  5.000000E+01     1  4.040211E-05  2.777106E+01  3.574845E-05  1.882495E-05
  1.586206E+00  5.000000E+01     2  4.825264E-05  2.778275E+01  4.269014E-05  2.249154E-05
  1.586206E+00  5.000000E+01     3  2.467816E-05 -2.153751E+01  2.295507E-05 -9.059606E-06
  1.586206E+00  5.000000E+01     4  6.339385E-05 -1.531703E+02 -5.656961E-05 -2.861222E-05
  1.586206E+00  5.000000E+01     5  5.304505E-05  2.707801E+01  4.723065E-05  2.414628E-05
  1.586206E+00  5.000000E+01     6  3.582454E-12 -8.494705E+01  3.155292E-13 -3.568531E-12
  1.586206E+00  6.000000E+01     1  3.134659E-05  2.770375E+01  2.775312E-05  1.457303E-05
  1.586206E+00  6.000000E+01     2  5.464042E-05  2.780379E+01  4.833219E-05  2.548676E-05
  1.586206E+00  6.000000E+01     3  2.469481E-05 -2.153974E+01  2.297020E-05 -9.066611E-06
  1.586206E+00  6.000000E+01     4  7.191315E-05 -1.532627E+02 -6.422411E-05 -3.235374E-05
  1.586206E+00  6.000000E+01     5  4.102289E-05  2.713603E+01  3.650734E-05  1.871073E-05
  1.586206E+00  6.000000E+01     6  9.655123E-12 -8.834985E+01  2.780340E-13 -9.651119E-12
  1.586206E+00  7.000000E+01     1  2.136743E-05  2.756165E+01  1.894251E-05  9.886767E-06
  1.586206E+00  7.000000E+01     2  5.936684E-05  2.782358E+01  5.250338E-05  2.770951E-05
  1.586206E+00  7.000000E+01     3  2.471994E-05 -2.158963E+01  2.298567E-05 -9.095859E-06
  1.586206E+00  7.000000E+01     4  7.825967E-05 -1.533364E+02 -6.993729E-05 -3.511910E-05
  1.586206E+00  7.000000E+01     5  2.781241E-05  2.706309E+01  2.476712E-05  1.265385E-05
  1.586206E+00  7.000000E+01     6  1.111428E-11 -8.880351E+01  2.320791E-13 -1.111186E-11
  1.586206E+00  8.000000E+01     1  1.076495E-05  2.711906E+01  9.581464E-06  4.907106E-06
  1.586206E+00  8.000000E+01     2  6.227733E-05  2.784523E+01  5.506640E-05  2.908880E-05
  1.586206E+00  8.000000E+01     3  2.474769E-05 -2.170132E+01  2.299367E-05 -9.150908E-06
  1.586206E+00  8.000000E+01     4  8.221578E-05 -1.533784E+02 -7.349973E-05 -3.684052E-05
  1.586206E+00  8.000000E+01     5  1.380607E-05  2.652625E+01  1.235270E-05  6.165898E-06
  1.586206E+00  8.000000E+01     6  7.288840E-12 -8.854651E+01  1.848851E-13 -7.286495E-12
  1.586206E+00  9.000000E+01     1  2.254889E-07 -1.044443E+02 -5.624567E-08 -2.183613E-07
  1.586206E+00  9.000000E+01     2  6.327574E-05  2.787040E+01  5.593622E-05  2.957971E-05
  1.586206E+00  9.000000E+01     3  2.477290E-05 -2.187931E+01  2.298853E-05 -9.231690E-06
  1.586206E+00  9.000000E+01     4  8.364018E-05 -1.533806E+02 -7.477454E-05 -3.747597E-05
  1.586206E+00  9.000000E+01     5  6.672728E-07 -1.265208E+02 -3.971033E-07 -5.362481E-07
  1.586206E+00  9.000000E+01     6  1.403765E-13 -3.240283E+00  1.401521E-13 -7.934569E-15
  1.586206E+00  1.000000E+02     1  1.106623E-05 -1.511549E+02 -9.693207E-06 -5.338828E-06
  1.586206E+00  1.000000E+02     2  6.232834E-05  2.789994E+01  5.508368E-05  2.916523E-05
  1.586206E+00  1.000000E+02     3  2.479264E-05 -2.210994E+01  2.296947E-05 -9.331576E-06
  1.586206E+00  1.000000E+02     4  8.247555E-05 -1.533380E+02 -7.370587E-05 -3.700893E-05
  1.586206E+00  1.000000E+02     5  1.499947E-05 -1.512235E+02 -1.314710E-05 -7.220653E-06
  1.586206E+00  1.000000E+02     6  7.243431E-12  8.922295E+01  9.823252E-14  7.242765E-12
  1.586206E+00  1.100000E+02     1  2.165947E-05 -1.515955E+02 -1.905192E-05 -1.030326E-05
  1.586206E+00  1.100000E+02     2  5.946536E-05  2.793434E+01  5.253676E-05  2.785711E-05
  1.586206E+00  1.100000E+02     3  2.480647E-05 -2.235914E+01  2.294146E-05 -9.436651E-06
  1.586206E+00  1.100000E+02     4  7.875304E-05 -1.532485E+02 -7.032390E-05 -3.544842E-05
  1.586206E+00  1.100000E+02     5  2.897874E-05 -1.518856E+02 -2.555950E-05 -1.365575E-05
  1.586206E+00  1.100000E+02     6  1.099528E-11  8.969491E+01  5.854794E-14  1.099512E-11
  1.586206E+00  1.200000E+02     1  3.162259E-05 -1.517586E+02 -2.785829E-05 -1.496343E-05
  1.586206E+00  1.200000E+02     2  5.478020E-05  2.797416E+01  4.837964E-05  2.569593E-05
  1.586206E+00  1.200000E+02     3  2.481563E-05 -2.257873E+01  2.291358E-05 -9.528025E-06
  1.586206E+00  1.200000E+02     4  7.259364E-05 -1.531130E+02 -6.474628E-05 -3.282919E-05
  1.586206E+00  1.200000E+02     5  4.213742E-05 -1.522407E+02 -3.728790E-05 -1.962586E-05
  1.586206E+00  1.200000E+02     6  9.443540E-12  8.986246E+01  2.266870E-14  9.443512E-12
  1.586206E+00  1.300000E+02     1  4.065446E-05 -1.518540E+02 -3.584702E-05 -1.917750E-05
  1.586206E+00  1.300000E+02     2  4.842588E-05  2.802074E+01  4.274929E-05  2.275005E-05
  1.586206E+00  1.300000E+02     3  2.482166E-05 -2.271987E+01  2.289560E-05 -9.586767E-06
  1.586206E+00  1.300000E+02     4  6.420465E-05 -1.529358E+02 -5.717405E-05 -2.921242E-05
  1.586206E+00  1.300000E+02     5  5.407464E-05 -1.525308E+02 -4.797821E-05 -2.494309E-05
  1.586206E+00  1.300000E+02     6  3.284683E-12  9.006972E+01 -3.996979E-15  3.284681E-12
  1.586206E+00  1.400000E+02     1  4.847416E-05 -1.519233E+02 -4.276966E-05 -2.281448E-05
  1.586206E+00  1.400000E+02     2  4.060845E-05  2.807767E+01  3.582925E-05  1.911310E-05
  1.586206E+00  1.400000E+02     3  2.482527E-05 -2.274879E+01  2.289409E-05 -9.599722E-06
  1.586206E+00  1.400000E+02     4  5.386975E-05 -1.527240E+02 -4.787992E-05 -2.468732E-05
  1.586206E+00  1.400000E+02     5  6.440881E-05 -1.527877E+02 -5.727992E-05 -2.945345E-05
  1.586206E+00  1.400000E+02     6  4.630313E-12 -9.016323E+01 -1.319104E-14 -4.630294E-12
  1.586206E+00  1.500000E+02     1  5.483195E-05 -1.519796E+02 -4.840459E-05 -2.575925E-05
  1.586206E+00  1.500000E+02     2  3.157729E-05  2.815499E+01  2.784089E-05  1.490001E-05
  1.586206E+00  1.500000E+02     3  2.482593E-05 -2.265838E+01  2.290982E-05 -9.563837E-06
  1.586206E+00  1.500000E+02     4  4.193246E-05 -1.524825E+02 -3.718864E-05 -1.937360E-05
  1.586206E+00  1.500000E+02     5  7.279547E-05 -1.530092E+02 -6.486654E-05 -3.303805E-05
  1.586206E+00  1.500000E+02     6  1.062180E-11 -8.998490E+01  2.799661E-15 -1.062180E-11
  1.586206E+00  1.600000E+02     1  5.952085E-05 -1.520280E+02 -5.256745E-05 -2.791763E-05
  1.586206E+00  1.600000E+02     2  2.161370E-05  2.828554E+01  1.903296E-05  1.024200E-05
  1.586206E+00  1.600000E+02     3  2.482200E-05 -2.247021E+01  2.293747E-05 -9.487043E-06
  1.586206E+00  1.600000E+02     4  2.877593E-05 -1.521933E+02 -2.545307E-05 -1.342370E-05
  1.586206E+00  1.600000E+02     5  7.894771E-05 -1.531875E+02 -7.045985E-05 -3.561108E-05
  1.586206E+00  1.600000E+02     6  1.187347E-11 -8.977299E+01  4.704374E-14 -1.187337E-11
  1.586206E+00  1.700000E+02     1  6.238648E-05 -1.520707E+02 -5.512011E-05 -2.922065E-05
  1.586206E+00  1.700000E+02     2  1.101948E-05  2.863828E+01  9.671386E-06  5.281397E-06
  1.586206E+00  1.700000E+02     3  2.481135E-05 -2.222631E+01  2.296779E-05 -9.385288E-06
  1.586206E+00  1.700000E+02     4  1.480405E-05 -1.516816E+02 -1.303238E-05 -7.022606E-06
  1.586206E+00  1.700000E+02     5  8.265425E-05 -1.533164E+02 -7.385156E-05 -3.711700E-05
  1.586206E+00  1.700000E+02     6  7.746880E-12 -8.914682E+01  1.153530E-13 -7.746021E-12
  1.586206E+00  1.800000E+02     1  6.333417E-05 -1.521088E+02 -5.597712E-05 -2.962734E-05
  1.586206E+00  1.800000E+02     2  1.698139E-07  7.949030E+01  3.097438E-08  1.669651E-07
  1.586206E+00  1.800000E+02     3  2.479246E-05 -2.197425E+01  2.299134E-05 -9.277087E-06
  1.586206E+00  1.800000E+02     4  4.733364E-07 -1.260595E+02 -2.786176E-07 -3.826481E-07
  1.586206E+00  1.800000E+02     5  8.379146E-05 -1.533928E+02 -7.491776E-05 -3.752784E-05
  1.586206E+00  1.800000E+02     6  2.246462E-13 -2.890937E+01  1.966520E-13 -1.085997E-13
  1.586206E+00  1.900000E+02     1  6.233286E-05 -1.521430E+02 -5.510951E-05 -2.912606E-05
  1.586206E+00  1.900000E+02     2  1.081006E-05 -1.527482E+02 -9.610173E-06 -4.949941E-06
  1.586206E+00  1.900000E+02     3  2.476571E-05 -2.175228E+01  2.300226E-05 -9.178033E-06
  1.586206E+00  1.900000E+02     4  1.395300E-05  2.669214E+01  1.246607E-05  6.267640E-06
  1.586206E+00  1.900000E+02     5  8.232829E-05 -1.534172E+02 -7.362523E-05 -3.684119E-05
  1.586206E+00  1.900000E+02     6  7.521041E-12  8.789436E+01  2.763389E-13  7.515963E-12
  1.586206E+00  2.000000E+02     1  5.941611E-05 -1.521743E+02 -5.254592E-05 -2.773447E-05
  1.586206E+00  2.000000E+02     2  2.141025E-05 -1.524023E+02 -1.897423E-05 -9.918527E-06
  1.586206E+00  2.000000E+02     3  2.473411E-05 -2.158072E+01  2.300025E-05 -9.097493E-06
  1.586206E+00  2.000000E+02     4  2.791957E-05  2.705480E+01  2.486438E-05  1.269901E-05
  1.586206E+00  2.000000E+02     5  7.832527E-05 -1.533936E+02 -7.003094E-05 -3.507869E-05
  1.586206E+00  2.000000E+02     6  1.161884E-11  8.831741E+01  3.411579E-13  1.161383E-11
  1.586206E+00  2.100000E+02     1  5.468063E-05 -1.522045E+02 -4.837147E-05 -2.549848E-05
  1.586206E+00  2.100000E+02     2  3.138530E-05 -1.522951E+02 -2.778710E-05 -1.459158E-05
  1.586206E+00  2.100000E+02     3  2.470302E-05 -2.146215E+01  2.299010E-05 -9.038501E-06
  1.586206E+00  2.100000E+02     4  4.107940E-05  2.707482E+01  3.657763E-05  1.869744E-05
  1.586206E+00  2.100000E+02     5  7.192906E-05 -1.533303E+02 -6.427645E-05 -3.228510E-05
  1.586206E+00  2.100000E+02     6  1.034582E-11  8.787643E+01  3.833620E-13  1.033872E-11
  1.586206E+00  2.200000E+02     1  4.828199E-05 -1.522373E+02 -4.272400E-05 -2.249023E-05
  1.586206E+00  2.200000E+02     2  4.043509E-05 -1.522472E+02 -3.578365E-05 -1.882889E-05
  1.586206E+00  2.200000E+02     3  2.467864E-05 -2.138909E+01  2.297891E-05 -9.000288E-06
  1.586206E+00  2.200000E+02     4  5.304398E-05  2.699386E+01  4.726511E-05  2.407640E-05
  1.586206E+00  2.200000E+02     5  6.336336E-05 -1.532412E+02 -5.657778E-05 -2.852841E-05
  1.586206E+00  2.200000E+02     6  4.372388E-12  8.472039E+01  4.023309E-13  4.353838E-12
  1.586206E+00  2.300000E+02     1  4.042764E-05 -1.522798E+02 -3.578773E-05 -1.880510E-05
  1.586206E+00  2.300000E+02     2  4.827970E-05 -1.522211E+02 -4.271561E-05 -2.250124E-05
  1.586206E+00  2.300000E+02     3  2.466598E-05 -2.135438E+01  2.297256E-05 -8.981755E-06
  1.586206E+00  2.300000E+02     4  6.344627E-05  2.687742E+01  5.659254E-05  2.868300E-05
  1.586206E+00  2.300000E+02     5  5.291616E-05 -1.531482E+02 -4.721063E-05 -2.390138E-05
  1.586206E+00  2.300000E+02     6  3.534515E-12 -8.345103E+01  4.031200E-13 -3.511452E-12
  1.586206E+00  2.400000E+02     1  3.136721E-05 -1.523474E+02 -2.778436E-05 -1.455784E-05
  1.586206E+00  2.400000E+02     2  5.467012E-05 -1.522030E+02 -4.836150E-05 -2.549485E-05
  1.586206E+00  2.400000E+02     3  2.466722E-05 -2.135869E+01  2.297304E-05 -8.983933E-06
  1.586206E+00  2.400000E+02     4  7.195469E-05  2.676041E+01  6.424814E-05  3.239837E-05
  1.586206E+00  2.400000E+02     5  4.092410E-05 -1.530861E+02 -3.649153E-05 -1.852431E-05
  1.586206E+00  2.400000E+02     6  9.591844E-12 -8.765213E+01  3.929455E-13 -9.583792E-12
  1.586206E+00  2.500000E+02     1  2.138141E-05 -1.524841E+02 -1.896280E-05 -9.878105E-06
  1.586206E+00  2.500000E+02     2  5.939941E-05 -1.521863E+02 -5.253695E-05 -2.771568E-05
  1.586206E+00  2.500000E+02     3  2.468123E-05 -2.141129E+01  2.297783E-05 -9.010138E-06
  1.586206E+00  2.500000E+02     4  7.828878E-05  2.666556E+01  6.996209E-05  3.513460E-05
  1.586206E+00  2.500000E+02     5  2.775609E-05 -1.531232E+02 -2.475790E-05 -1.254778E-05
  1.586206E+00  2.500000E+02     6  1.104275E-11 -8.804084E+01  3.775192E-13 -1.103630E-11
  1.586206E+00  2.600000E+02     1  1.077130E-05 -1.529044E+02 -9.589127E-06 -4.906072E-06
  1.586206E+00  2.600000E+02     2  6.231226E-05 -1.521673E+02 -5.510364E-05 -2.909307E-05
  1.586206E+00  2.600000E+02     3  2.470446E-05 -2.152375E+01  2.298171E-05 -9.063740E-06
  1.586206E+00  2.600000E+02     4  8.223323E-05  2.660772E+01  7.352422E-05  3.683059E-05
  1.586206E+00  2.600000E+02     5  1.379921E-05 -1.535204E+02 -1.235157E-05 -6.152784E-06
  1.586206E+00  2.600000E+02     6  7.213697E-12 -8.714756E+01  3.589822E-13 -7.204760E-12
  1.586206E+00  2.700000E+02     1  2.203121E-07  7.379861E+01  6.147026E-08  2.115628E-07
  1.586206E+00  2.700000E+02     2  6.331203E-05 -1.521442E+02 -5.597585E-05 -2.958238E-05
  1.586206E+00  2.700000E+02     3  2.473253E-05 -2.169975E+01  2.297984E-05 -9.144673E-06
  1.586206E+00  2.700000E+02     4  8.364850E-05  2.659583E+01  7.479739E-05  3.744893E-05
  1.586206E+00  2.700000E+02     5  5.985308E-07  4.936827E+01  3.897600E-07  4.542315E-07
  1.586206E+00  2.700000E+02     6  3.450465E-13  1.304088E+01  3.361475E-13  7.785842E-14
  1.586206E+00  2.800000E+02     1  1.107436E-05  2.873977E+01  9.710143E-06  5.324911E-06
  1.586206E+00  2.800000E+02     2  6.236492E-05 -1.521163E+02 -5.512425E-05 -2.916677E-05
  1.586206E+00  2.800000E+02     3  2.476174E-05 -2.192655E+01  2.297056E-05 -9.246470E-06
  1.586206E+00  2.800000E+02     4  8.247814E-05  2.663424E+01  7.372609E-05  3.697440E-05
  1.586206E+00  2.800000E+02     5  1.490582E-05  2.823631E+01  1.313209E-05  7.052083E-06
  1.586206E+00  2.800000E+02     6  7.336817E-12  8.760530E+01  3.065559E-13  7.330410E-12
  1.586206E+00  2.900000E+02     1  2.167317E-05  2.832639E+01  1.907800E-05  1.028379E-05
  1.586206E+00  2.900000E+02     2  5.950147E-05 -1.520831E+02 -5.257714E-05 -2.785801E-05
  1.586206E+00  2.900000E+02     3  2.478952E-05 -2.217257E+01  2.295637E-05 -9.355504E-06
  1.586206E+00  2.900000E+02     4  7.875327E-05  2.672353E+01  7.034138E-05  3.541423E-05
  1.586206E+00  2.900000E+02     5  2.884963E-05  2.772006E+01  2.553858E-05  1.341946E-05
  1.586206E+00  2.900000E+02     6  1.108556E-11  8.860895E+01  2.691124E-13  1.108230E-11
  1.586206E+00  3.000000E+02     1  3.163958E-05  2.817809E+01  2.788979E-05  1.494065E-05
  1.586206E+00  3.000000E+02     2  5.481553E-05 -1.520446E+02 -4.841925E-05 -2.569665E-05
  1.586206E+00  3.000000E+02     3  2.481396E-05 -2.239349E+01  2.294272E-05 -9.453256E-06
  1.586206E+00  3.000000E+02     4  7.259425E-05  2.686069E+01  6.476189E-05  3.279974E-05
  1.586206E+00  3.000000E+02     5  4.198768E-05  2.744097E+01  3.726348E-05  1.934937E-05
  1.586206E+00  3.000000E+02     6  9.530455E-12  8.864102E+01  2.260288E-13  9.527775E-12
  1.586206E+00  3.100000E+02     1  4.067201E-05  2.809535E+01  3.587943E-05  1.915409E-05
  1.586206E+00  3.100000E+02     2  4.846053E-05 -1.519998E+02 -4.278803E-05 -2.275100E-05
  1.586206E+00  3.100000E+02     3  2.483296E-05 -2.254495E+01  2.293520E-05 -9.521155E-06
  1.586206E+00  3.100000E+02     4  6.420769E-05  2.703943E+01  5.718940E-05  2.918904E-05
  1.586206E+00  3.100000E+02     5  5.392197E-05  2.721428E+01  4.795294E-05  2.465957E-05
  1.586206E+00  3.100000E+02     6  3.368475E-12  8.688127E+01  1.832625E-13  3.363486E-12
  1.586206E+00  3.200000E+02     1  4.848938E-05  2.803857E+01  4.279824E-05  2.279320E-05
  1.586206E+00  3.200000E+02     2  4.064266E-05 -1.519456E+02 -3.586720E-05 -1.911465E-05
  1.586206E+00  3.200000E+02     3  2.484401E-05 -2.259706E+01  2.293673E-05 -9.546260E-06
  1.586206E+00  3.200000E+02     4  5.387682E-05  2.725159E+01  4.789674E-05  2.467012E-05
  1.586206E+00  3.200000E+02     5  6.427128E-05  2.701905E+01  5.725643E-05  2.919759E-05
  1.586206E+00  3.200000E+02     6  4.561966E-12 -8.812489E+01  1.492719E-13 -4.559523E-12
  1.586206E+00  3.300000E+02     1  5.484223E-05  2.799498E+01  4.842507E-05  2.574263E-05
  1.586206E+00  3.300000E+02     2  3.161115E-05 -1.518727E+02 -2.787795E-05 -1.490252E-05
  1.586206E+00  3.300000E+02     3  2.484470E-05 -2.254431E+01  2.294615E-05 -9.525404E-06
  1.586206E+00  3.300000E+02     4  4.194518E-05  2.749319E+01  3.720813E-05  1.936370E-05
  1.586206E+00  3.300000E+02     5  7.268914E-05  2.685955E+01  6.484720E-05  3.284131E-05
  1.586206E+00  3.300000E+02     6  1.056239E-11 -8.928128E+01  1.324912E-13 -1.056156E-11
  1.586206E+00  3.400000E+02     1  5.952420E-05  2.795934E+01  5.257657E-05  2.790761E-05
  1.586206E+00  3.400000E+02     2  2.164693E-05 -1.517503E+02 -1.906863E-05 -1.024582E-05
  1.586206E+00  3.400000E+02     3  2.483360E-05 -2.240651E+01  2.295873E-05 -9.465959E-06
  1.586206E+00  3.400000E+02     4  2.879615E-05  2.778751E+01  2.547546E-05  1.342459E-05
  1.586206E+00  3.400000E+02     5  7.888468E-05  2.674316E+01  7.044660E-05  3.549746E-05
  1.586206E+00  3.400000E+02     6  1.182674E-11 -8.932967E+01  1.383637E-13 -1.182593E-11
  1.586206E+00  3.500000E+02     1  6.238183E-05  2.792916E+01  5.511605E-05  2.921837E-05
  1.586206E+00  3.500000E+02     2  1.105145E-05 -1.514201E+02 -9.704836E-06 -5.286839E-06
  1.586206E+00  3.500000E+02     3  2.481107E-05 -2.222055E+01  2.296847E-05 -9.382872E-06
  1.586206E+00  3.500000E+02     4  1.483373E-05  2.833134E+01  1.305691E-05  7.039640E-06
  1.586206E+00  3.500000E+02     5  8.264131E-05  2.667484E+01  7.384569E-05  3.709989E-05
  1.586206E+00  3.500000E+02     6  7.715017E-12 -8.875976E+01  1.669883E-13 -7.713210E-12
  1.538846E+00  0.000000E+00     1  5.664611E-05  2.941941E+01  4.934145E-05  2.782450E-05
  1.538846E+00  0.000000E+00     2  1.361773E-07 -1.078150E+02 -4.166264E-08 -1.296475E-07
  1.538846E+00  0.000000E+00     3  1.903125E-05 -1.927877E+01  1.796404E-05 -6.283446E-06
  1.538846E+00  0.000000E+00     4  3.494605E-07  6.046258E+01  1.722812E-07  3.040425E-07
  1.538846E+00  0.000000E+00     5  6.830340E-05  2.793492E+01  6.034471E-05  3.199798E-05
  1.538846E+00  0.000000E+00     6  2.639149E-13 -1.788645E+01  2.511591E-13 -8.105658E-14
  1.538846E+00  1.000000E+01     1  5.574769E-05  2.940113E+01  4.856762E-05  2.736771E-05
  1.538846E+00  1.000000E+01     2  9.660555E-06  2.895074E+01  8.453335E-06  4.676264E-06
  1.538846E+00  1.000000E+01     3  1.900994E-05 -1.906894E+01  1.796679E-05 -6.210653E-06
  1.538846E+00  1.000000E+01     4  1.141284E-05 -1.519119E+02 -1.006869E-05 -5.373489E-06
  1.538846E+00  1.000000E+01     5  6.716344E-05  2.797591E+01  5.931505E-05  3.150639E-05
  1.538846E+00  1.000000E+01     6  8.730284E-12  8.787286E+01  3.240425E-13  8.724268E-12
  1.538846E+00  2.000000E+01     1  5.313586E-05  2.938682E+01  4.629869E-05  2.607395E-05
  1.538846E+00  2.000000E+01     2  1.914022E-05  2.921445E+01  1.670556E-05  9.341953E-06
  1.538846E+00  2.000000E+01     3  1.898720E-05 -1.890687E+01  1.796277E-05 -6.152439E-06
  1.538846E+00  2.000000E+01     4  2.278604E-05 -1.515425E+02 -2.003281E-05 -1.085771E-05
  1.538846E+00  2.000000E+01     5  6.394712E-05  2.807040E+01  5.642503E-05  3.009071E-05
  1.538846E+00  2.000000E+01     6  1.343530E-11  8.836281E+01  3.838532E-13  1.342982E-11
  1.538846E+00  3.000000E+01     1  4.889782E-05  2.937445E+01  4.261115E-05  2.398512E-05
  1.538846E+00  3.000000E+01     2  2.806178E-05  2.929110E+01  2.447395E-05  1.372914E-05
  1.538846E+00  3.000000E+01     3  1.896968E-05 -1.879246E+01  1.795844E-05 -6.110913E-06
  1.538846E+00  3.000000E+01     4  3.350057E-05 -1.515377E+02 -2.945137E-05 -1.596574E-05
  1.538846E+00  3.000000E+01     5  5.876947E-05  2.820720E+01  5.179025E-05  2.777806E-05
  1.538846E+00  3.000000E+01     6  1.190629E-11  8.799954E+01  4.156197E-13  1.189903E-11
  1.538846E+00  4.000000E+01     1  4.317356E-05  2.936024E+01  3.762810E-05  2.116796E-05
  1.538846E+00  4.000000E+01     2  3.615653E-05  2.932141E+01  3.152438E-05  1.770615E-05
  1.538846E+00  4.000000E+01     3  1.896301E-05 -1.871724E+01  1.796013E-05 -6.085193E-06
  1.538846E+00  4.000000E+01     4  4.324150E-05 -1.516389E+02 -3.805129E-05 -2.054085E-05
  1.538846E+00  4.000000E+01     5  5.180900E-05  2.836847E+01  4.558727E-05  2.461653E-05
  1.538846E+00  4.000000E+01     6  4.931070E-12  8.518760E+01  4.136850E-13  4.913687E-12
  1.538846E+00  5.000000E+01     1  3.614955E-05  2.933714E+01  3.151344E-05  1.771139E-05
  1.538846E+00  5.000000E+01     2  4.317334E-05  2.933561E+01  3.763701E-05  2.115167E-05
  1.538846E+00  5.000000E+01     3  1.896949E-05 -1.867609E+01  1.797063E-05 -6.074365E-06
  1.538846E+00  5.000000E+01     4  5.171088E-05 -1.517749E+02 -4.556225E-05 -2.445601E-05
  1.538846E+00  5.000000E+01     5  4.329818E-05  2.852691E+01  3.804148E-05  2.067798E-05
  1.538846E+00  5.000000E+01     6  4.254981E-12 -8.483804E+01  3.828262E-13 -4.237724E-12
  1.538846E+00  6.000000E+01     1  2.804983E-05  2.929049E+01  2.446368E-05  1.372303E-05
  1.538846E+00  6.000000E+01     2  4.888881E-05  2.934520E+01  4.261554E-05  2.395895E-05
  1.538846E+00  6.000000E+01     3  1.898697E-05 -1.867461E+01  1.798735E-05 -6.079501E-06
  1.538846E+00  6.000000E+01     4  5.863905E-05 -1.519080E+02 -5.173092E-05 -2.761250E-05
  1.538846E+00  6.000000E+01     5  3.351121E-05  2.863971E+01  2.941115E-05  1.606193E-05
  1.538846E+00  6.000000E+01     6  1.129901E-11 -8.830024E+01  3.351516E-13 -1.129404E-11
  1.538846E+00  7.000000E+01     1  1.912574E-05  2.918069E+01  1.669842E-05  9.325048E-06
  1.538846E+00  7.000000E+01     2  5.311751E-05  2.935585E+01  4.629678E-05  2.603992E-05
  1.538846E+00  7.000000E+01     3  1.900961E-05 -1.872851E+01  1.800306E-05 -6.103689E-06
  1.538846E+00  7.000000E+01     4  6.379755E-05 -1.520149E+02 -5.633768E-05 -2.993648E-05
  1.538846E+00  7.000000E+01     5  2.275076E-05  2.862496E+01  1.997003E-05  1.089931E-05
  1.538846E+00  7.000000E+01     6  1.297564E-11 -8.874517E+01  2.841568E-13 -1.297253E-11
  1.538846E+00  8.000000E+01     1  9.645828E-06  2.881982E+01  8.451095E-06  4.649837E-06
  1.538846E+00  8.000000E+01     2  5.572055E-05  2.937063E+01  4.855853E-05  2.732854E-05
  1.538846E+00  8.000000E+01     3  1.903007E-05 -1.885511E+01  1.800890E-05 -6.150065E-06
  1.538846E+00  8.000000E+01     4  6.701078E-05 -1.520809E+02 -5.921136E-05 -3.137611E-05
  1.538846E+00  8.000000E+01     5  1.133642E-05  2.817772E+01  9.992905E-06  5.353147E-06
  1.538846E+00  8.000000E+01     6  8.499435E-12 -8.839041E+01  2.387408E-13 -8.496081E-12
  1.538846E+00  9.000000E+01     1  1.682010E-07 -1.031291E+02 -3.820620E-08 -1.638044E-07
  1.538846E+00  9.000000E+01     2  5.661166E-05  2.939114E+01  4.932516E-05  2.778325E-05
  1.538846E+00  9.000000E+01     3  1.904251E-05 -1.906100E+01  1.799843E-05 -6.218801E-06
  1.538846E+00  9.000000E+01     4  6.816452E-05 -1.520966E+02 -6.023957E-05 -3.189978E-05
  1.538846E+00  9.000000E+01     5  4.609163E-07 -1.230936E+02 -2.516640E-07 -3.861464E-07
  1.538846E+00  9.000000E+01     6  2.002417E-13  1.658286E+00  2.001578E-13  5.794695E-15
  1.538846E+00  1.000000E+02     1  9.871715E-06 -1.497442E+02 -8.527035E-06 -4.973976E-06
  1.538846E+00  1.000000E+02     2  5.576060E-05  2.941808E+01  4.857076E-05  2.738841E-05
  1.538846E+00  1.000000E+02     3  1.904485E-05 -1.933161E+01  1.797107E-05 -6.304511E-06
  1.538846E+00  1.000000E+02     4  6.721166E-05 -1.520564E+02 -5.937541E-05 -3.149553E-05
  1.538846E+00  1.000000E+02     5  1.214942E-05 -1.497950E+02 -1.049991E-05 -6.112315E-06
  1.538846E+00  1.000000E+02     6  8.478694E-12  8.889514E+01  1.634881E-13  8.477118E-12
  1.538846E+00  1.100000E+02     1  1.934506E-05 -1.501161E+02 -1.677288E-05 -9.638549E-06
  1.538846E+00  1.100000E+02     2  5.319451E-05  2.945160E+01  4.632026E-05  2.615511E-05
  1.538846E+00  1.100000E+02     3  1.903933E-05 -1.962782E+01  1.793304E-05 -6.395482E-06
  1.538846E+00  1.100000E+02     4  6.417592E-05 -1.519576E+02 -5.664165E-05 -3.017072E-05
  1.538846E+00  1.100000E+02     5  2.355142E-05 -1.504382E+02 -2.048560E-05 -1.161936E-05
  1.538846E+00  1.100000E+02     6  1.287419E-11  8.945343E+01  1.228114E-13  1.287360E-11
  1.538846E+00  1.200000E+02     1  2.825766E-05 -1.502590E+02 -2.453547E-05 -1.401807E-05
  1.538846E+00  1.200000E+02     2  4.899729E-05  2.949171E+01  4.264856E-05  2.412125E-05
  1.538846E+00  1.200000E+02     3  1.903106E-05 -1.989271E+01  1.789551E-05 -6.475509E-06
  1.538846E+00  1.200000E+02     4  5.915362E-05 -1.518011E+02 -5.213280E-05 -2.795213E-05
  1.538846E+00  1.200000E+02     5  3.428508E-05 -1.508163E+02 -2.993295E-05 -1.671780E-05
  1.538846E+00  1.200000E+02     6  1.109614E-11  8.960164E+01  7.714672E-14  1.109587E-11
  1.538846E+00  1.300000E+02     1  3.634024E-05 -1.503470E+02 -3.158105E-05 -1.797917E-05
  1.538846E+00  1.300000E+02     2  4.330656E-05  2.953887E+01  3.767763E-05  2.135074E-05
  1.538846E+00  1.300000E+02     3  1.902545E-05 -2.006734E+01  1.787041E-05 -6.528094E-06
  1.538846E+00  1.300000E+02     4  5.231186E-05 -1.515926E+02 -4.601284E-05 -2.488671E-05
  1.538846E+00  1.300000E+02     5  4.402253E-05 -1.511429E+02 -3.855609E-05 -2.124642E-05
  1.538846E+00  1.300000E+02     6  3.957049E-12  8.951248E+01  3.366948E-14  3.956906E-12
  1.538846E+00  1.400000E+02     1  4.334065E-05 -1.504137E+02 -3.768960E-05 -2.139874E-05
  1.538846E+00  1.400000E+02     2  3.630776E-05  2.959520E+01  3.157092E-05  1.793128E-05
  1.538846E+00  1.400000E+02     3  1.902578E-05 -2.011020E+01  1.786584E-05 -6.541577E-06
  1.538846E+00  1.400000E+02     4  4.388114E-05 -1.513430E+02 -3.850597E-05 -2.104387E-05
  1.538846E+00  1.400000E+02     5  5.245173E-05 -1.514384E+02 -4.606852E-05 -2.507738E-05
  1.538846E+00  1.400000E+02     6  5.234136E-12 -8.993296E+01  6.124156E-15 -5.234133E-12
  1.538846E+00  1.500000E+02     1  4.903431E-05 -1.504690E+02 -4.266422E-05 -2.416874E-05
  1.538846E+00  1.500000E+02     2  2.822531E-05  2.966793E+01  2.452522E-05  1.397075E-05
  1.538846E+00  1.500000E+02     3  1.903198E-05 -2.001198E+01  1.788285E-05 -6.513061E-06
  1.538846E+00  1.500000E+02     4  3.414198E-05 -1.510636E+02 -2.987960E-05 -1.651920E-05
  1.538846E+00  1.500000E+02     5  5.929138E-05 -1.516933E+02 -5.220141E-05 -2.811549E-05
  1.538846E+00  1.500000E+02     6  1.220983E-11 -8.995794E+01  8.963271E-15 -1.220983E-11
  1.538846E+00  1.600000E+02     1  5.323493E-05 -1.505164E+02 -4.634081E-05 -2.620090E-05
  1.538846E+00  1.600000E+02     2  1.931175E-05  2.978311E+01  1.676090E-05  9.592494E-06
  1.538846E+00  1.600000E+02     3  1.904059E-05 -1.979849E+01  1.791510E-05 -6.449300E-06
  1.538846E+00  1.600000E+02     4  2.340806E-05 -1.507472E+02 -2.042288E-05 -1.143867E-05
  1.538846E+00  1.600000E+02     5  6.430802E-05 -1.518954E+02 -5.672538E-05 -3.029444E-05
  1.538846E+00  1.600000E+02     6  1.369713E-11 -8.979044E+01  5.009708E-14 -1.369703E-11
  1.538846E+00  1.700000E+02     1  5.580365E-05 -1.505570E+02 -4.859636E-05 -2.743066E-05
  1.538846E+00  1.700000E+02     2  9.837134E-06  3.007971E+01  8.512357E-06  4.930415E-06
  1.538846E+00  1.700000E+02     3  1.904617E-05 -1.952033E+01  1.795145E-05 -6.364112E-06
  1.538846E+00  1.700000E+02     4  1.201025E-05 -1.502465E+02 -1.042693E-05 -5.960316E-06
  1.538846E+00  1.700000E+02     5  6.733085E-05 -1.520360E+02 -5.946946E-05 -3.157256E-05
  1.538846E+00  1.700000E+02     6  8.943036E-12 -8.919296E+01  1.259636E-13 -8.942149E-12
  1.538846E+00  1.800000E+02     1  5.665542E-05 -1.505915E+02 -4.935485E-05 -2.781968E-05
  1.538846E+00  1.800000E+02     2  1.261913E-07  8.062800E+01  2.054948E-08  1.245069E-07
  1.538846E+00  1.800000E+02     3  1.904354E-05 -1.923429E+01  1.798051E-05 -6.273546E-06
  1.538846E+00  1.800000E+02     4  3.209811E-07 -1.226335E+02 -1.730936E-07 -2.703100E-07
  1.538846E+00  1.800000E+02     5  6.826111E-05 -1.521113E+02 -6.033314E-05 -3.192948E-05
  1.538846E+00  1.800000E+02     6  2.464679E-13 -2.599778E+01  2.215281E-13 -1.080358E-13
  1.538846E+00  1.900000E+02     1  5.576230E-05 -1.506200E+02 -4.859046E-05 -2.735693E-05
  1.538846E+00  1.900000E+02     2  9.679628E-06 -1.510677E+02 -8.471534E-06 -4.682766E-06
  1.538846E+00  1.900000E+02     3  1.903029E-05 -1.898526E+01  1.799508E-05 -6.191026E-06
  1.538846E+00  1.900000E+02     4  1.143831E-05  2.832959E+01  1.006837E-05  5.427969E-06
  1.538846E+00  1.900000E+02     5  6.707533E-05 -1.521218E+02 -5.929083E-05 -3.136395E-05
  1.538846E+00  1.900000E+02     6  8.716447E-12  8.792630E+01  3.154047E-13  8.710739E-12
  1.538846E+00  2.000000E+02     1  5.315438E-05 -1.506435E+02 -4.632860E-05 -2.605856E-05
  1.538846E+00  2.000000E+02     2  1.915753E-05 -1.507887E+02 -1.672119E-05 -9.349482E-06
  1.538846E+00  2.000000E+02     3  1.900828E-05 -1.879604E+01  1.799459E-05 -6.124472E-06
  1.538846E+00  2.000000E+02     4  2.281993E-05  2.861836E+01  2.003201E-05  1.093013E-05
  1.538846E+00  2.000000E+02     5  6.382371E-05 -1.520721E+02 -5.639062E-05 -2.989253E-05
  1.538846E+00  2.000000E+02     6  1.343554E-11  8.834603E+01  3.877922E-13  1.342994E-11
  1.538846E+00  2.100000E+02     1  4.891839E-05 -1.506634E+02 -4.264493E-05 -2.396704E-05
  1.538846E+00  2.100000E+02     2  2.807813E-05 -1.507089E+02 -2.448820E-05 -1.373715E-05
  1.538846E+00  2.100000E+02     3  1.898320E-05 -1.866812E+01  1.798447E-05 -6.076254E-06
  1.538846E+00  2.100000E+02     4  3.353824E-05  2.858653E+01  2.944978E-05  1.604756E-05
  1.538846E+00  2.100000E+02     5  5.862544E-05 -1.519713E+02 -5.174939E-05 -2.754892E-05
  1.538846E+00  2.100000E+02     6  1.192006E-11  8.794441E+01  4.275616E-13  1.191239E-11
  1.538846E+00  2.200000E+02     1  4.319413E-05 -1.506833E+02 -3.766211E-05 -2.114942E-05
  1.538846E+00  2.200000E+02     2  3.617311E-05 -1.506791E+02 -3.153901E-05 -1.771398E-05
  1.538846E+00  2.200000E+02     3  1.896233E-05 -1.859118E+01  1.797282E-05 -6.045444E-06
  1.538846E+00  2.200000E+02     4  4.327712E-05  2.845429E+01  3.804913E-05  2.061971E-05
  1.538846E+00  2.200000E+02     5  5.166152E-05 -1.518353E+02 -4.554450E-05 -2.438465E-05
  1.538846E+00  2.200000E+02     6  4.958499E-12  8.496367E+01  4.352935E-13  4.939355E-12
  1.538846E+00  2.300000E+02     1  3.616810E-05 -1.507097E+02 -3.154409E-05 -1.769468E-05
  1.538846E+00  2.300000E+02     2  4.319138E-05 -1.506672E+02 -3.765378E-05 -2.115865E-05
  1.538846E+00  2.300000E+02     3  1.895146E-05 -1.855582E+01  1.796625E-05 -6.030893E-06
  1.538846E+00  2.300000E+02     4  5.173884E-05  2.828827E+01  4.555990E-05  2.451945E-05
  1.538846E+00  2.300000E+02     5  4.316486E-05 -1.516888E+02 -3.800168E-05 -2.047138E-05
  1.538846E+00  2.300000E+02     6  4.222029E-12 -8.427581E+01  4.211048E-13 -4.200976E-12
  1.538846E+00  2.400000E+02     1  2.806467E-05 -1.507566E+02 -2.448789E-05 -1.371019E-05
  1.538846E+00  2.400000E+02     2  4.890915E-05 -1.506606E+02 -4.263570E-05 -2.396460E-05
  1.538846E+00  2.400000E+02     3  1.895265E-05 -1.856261E+01  1.796666E-05 -6.033400E-06
  1.538846E+00  2.400000E+02     4  5.865538E-05  2.812708E+01  5.172842E-05  2.765183E-05
  1.538846E+00  2.400000E+02     5  3.340798E-05 -1.515699E+02 -2.937892E-05 -1.590509E-05
  1.538846E+00  2.400000E+02     6  1.125465E-11 -8.797005E+01  3.986615E-13 -1.124759E-11
  1.538846E+00  2.500000E+02     1  1.913564E-05 -1.508612E+02 -1.671389E-05 -9.317648E-06
  1.538846E+00  2.500000E+02     2  5.314028E-05 -1.506529E+02 -4.632063E-05 -2.604399E-05
  1.538846E+00  2.500000E+02     3  1.896366E-05 -1.862306E+01  1.797072E-05 -6.055867E-06
  1.538846E+00  2.500000E+02     4  6.380082E-05  2.799663E+01  5.633454E-05  2.994936E-05
  1.538846E+00  2.500000E+02     5  2.268996E-05 -1.515465E+02 -1.994911E-05 -1.081052E-05
  1.538846E+00  2.500000E+02     6  1.292335E-11 -8.832167E+01  3.785012E-13 -1.291780E-11
  1.538846E+00  2.600000E+02     1  9.650081E-06 -1.512011E+02 -8.456522E-06 -4.648796E-06
  1.538846E+00  2.600000E+02     2  5.574524E-05 -1.506407E+02 -4.858544E-05 -2.733106E-05
  1.538846E+00  2.600000E+02     3  1.897949E-05 -1.875198E+01  1.797204E-05 -6.101378E-06
  1.538846E+00  2.600000E+02     4  6.700212E-05  2.791385E+01  5.920659E-05  3.136660E-05
  1.538846E+00  2.600000E+02     5  1.132514E-05 -1.518504E+02 -9.985593E-06 -5.342921E-06
  1.538846E+00  2.600000E+02     6  8.442363E-12 -8.753001E+01  3.638322E-13 -8.434519E-12
  1.538846E+00  2.700000E+02     1  1.640564E-07  7.479561E+01  4.302594E-08  1.583138E-07
  1.538846E+00  2.700000E+02     2  5.663731E-05 -1.506221E+02 -4.935392E-05 -2.778446E-05
  1.538846E+00  2.700000E+02     3  1.899507E-05 -1.895523E+01  1.796501E-05 -6.170154E-06
  1.538846E+00  2.700000E+02     4  6.814694E-05  2.788882E+01  6.023215E-05  3.187623E-05
  1.538846E+00  2.700000E+02     5  3.997159E-07  5.222693E+01  2.448403E-07  3.159527E-07
  1.538846E+00  2.700000E+02     6  3.579295E-13  1.172000E+01  3.504673E-13  7.270589E-14
  1.538846E+00  2.800000E+02     1  9.878197E-06  3.015719E+01  8.541187E-06  4.962550E-06
  1.538846E+00  2.800000E+02     2  5.578624E-05 -1.505965E+02 -4.860005E-05 -2.738869E-05
  1.538846E+00  2.800000E+02     3  1.900751E-05 -1.921912E+01  1.794816E-05 -6.256925E-06
  1.538846E+00  2.800000E+02     4  6.718897E-05  2.792649E+01  5.936476E-05  3.146718E-05
  1.538846E+00  2.800000E+02     5  1.206077E-05  2.966263E+01  1.048026E-05  5.968778E-06
  1.538846E+00  2.800000E+02     6  8.554175E-12  8.778599E+01  3.304662E-13  8.547790E-12
  1.538846E+00  2.900000E+02     1  1.935569E-05  2.981097E+01  1.679436E-05  9.622492E-06
  1.538846E+00  2.900000E+02     2  5.321951E-05 -1.505639E+02 -4.634910E-05 -2.615486E-05
  1.538846E+00  2.900000E+02     3  1.901689E-05 -1.950692E+01  1.792535E-05 -6.350136E-06
  1.538846E+00  2.900000E+02     4  6.415167E-05  2.802756E+01  5.662807E-05  3.014463E-05
  1.538846E+00  2.900000E+02     5  2.342702E-05  2.916954E+01  2.045603E-05  1.141822E-05
  1.538846E+00  2.900000E+02     6  1.294970E-11  8.868376E+01  2.974636E-13  1.294629E-11
  1.538846E+00  3.000000E+02     1  2.827078E-05  2.968193E+01  2.456130E-05  1.399926E-05
  1.538846E+00  3.000000E+02     2  4.902147E-05 -1.505248E+02 -4.267655E-05 -2.412087E-05
  1.538846E+00  3.000000E+02     3  1.902506E-05 -1.976564E+01  1.790418E-05 -6.433776E-06
  1.538846E+00  3.000000E+02     4  5.913047E-05  2.818847E+01  5.211751E-05  2.793166E-05
  1.538846E+00  3.000000E+02     5  3.413980E-05  2.886762E+01  2.989750E-05  1.648227E-05
  1.538846E+00  3.000000E+02     6  1.117145E-11  8.871174E+01  2.511615E-13  1.116863E-11
  1.538846E+00  3.100000E+02     1  3.635377E-05  2.960575E+01  3.160762E-05  1.795983E-05
  1.538846E+00  3.100000E+02     2  4.333015E-05 -1.504790E+02 -3.770484E-05 -2.135058E-05
  1.538846E+00  3.100000E+02     3  1.903366E-05 -1.994124E+01  1.789245E-05 -6.491547E-06
  1.538846E+00  3.100000E+02     4  5.229154E-05  2.840108E+01  4.599771E-05  2.487199E-05
  1.538846E+00  3.100000E+02     5  4.387412E-05  2.860380E+01  3.851934E-05  2.100474E-05
  1.538846E+00  3.100000E+02     6  4.032503E-12  8.717102E+01  1.990242E-13  4.027589E-12
  1.538846E+00  3.200000E+02     1  4.335243E-05  2.955076E+01  3.771311E-05  2.138117E-05
  1.538846E+00  3.200000E+02     2  3.633114E-05 -1.504251E+02 -3.159759E-05 -1.793165E-05
  1.538846E+00  3.200000E+02     3  1.904257E-05 -1.999673E+01  1.789453E-05 -6.511921E-06
  1.538846E+00  3.200000E+02     4  4.386485E-05  2.865369E+01  3.849290E-05  2.103383E-05
  1.538846E+00  3.200000E+02     5  5.231835E-05  2.836929E+01  4.603509E-05  2.485921E-05
  1.538846E+00  3.200000E+02     6  5.170127E-12 -8.828824E+01  1.544388E-13 -5.167820E-12
  1.538846E+00  3.300000E+02     1  4.904234E-05  2.950730E+01  4.268120E-05  2.415504E-05
  1.538846E+00  3.300000E+02     2  2.824865E-05 -1.503562E+02 -2.455138E-05 -1.397196E-05
  1.538846E+00  3.300000E+02     3  1.904969E-05 -1.992503E+01  1.790937E-05 -6.491949E-06
  1.538846E+00  3.300000E+02     4  3.413101E-05  2.893662E+01  2.986994E-05  1.651401E-05
  1.538846E+00  3.300000E+02     5  5.918919E-05  2.817568E+01  5.217550E-05  2.794775E-05
  1.538846E+00  3.300000E+02     6  1.215097E-11 -8.937755E+01  1.320038E-13 -1.215025E-11
  1.538846E+00  3.400000E+02     1  5.323771E-05  2.947179E+01  4.634864E-05  2.619269E-05
  1.538846E+00  3.400000E+02     2  1.933484E-05 -1.502481E+02 -1.678617E-05 -9.594825E-06
  1.538846E+00  3.400000E+02     3  1.905177E-05 -1.975047E+01  1.793102E-05 -6.438060E-06
  1.538846E+00  3.400000E+02     4  2.340418E-05  2.926523E+01  2.041701E-05  1.144121E-05
  1.538846E+00  3.400000E+02     5  6.424917E-05  2.803477E+01  5.671033E-05  3.019757E-05
  1.538846E+00  3.400000E+02     6  1.364721E-11 -8.940486E+01  1.417532E-13 -1.364648E-11
  1.538846E+00  3.500000E+02     1  5.580039E-05  2.944274E+01  4.859363E-05  2.742888E-05
  1.538846E+00  3.500000E+02     2  9.859410E-06 -1.499705E+02 -8.535962E-06 -4.934099E-06
  1.538846E+00  3.500000E+02     3  1.904592E-05 -1.951854E+01  1.795142E-05 -6.363468E-06
  1.538846E+00  3.500000E+02     4  1.201559E-05  2.982384E+01  1.042423E-05  5.975775E-06
  1.538846E+00  3.500000E+02     5  6.732215E-05  2.795379E+01  5.946740E-05  3.155788E-05
  1.538846E+00  3.500000E+02     6  8.904530E-12 -8.881192E+01  1.846310E-13 -8.902616E-12
  1.495489E+00  0.000000E+00     1  5.112523E-05  3.137660E+01  4.364886E-05  2.661891E-05
  1.495489E+00  0.000000E+00     2  1.055068E-07 -1.057612E+02 -2.865871E-08 -1.015399E-07
  1.495489E+00  0.000000E+00     3  1.488269E-05 -1.598679E+01  1.430711E-05 -4.098928E-06
  1.495489E+00  0.000000E+00     4  2.492429E-07  6.811561E+01  9.290155E-08  2.312820E-07
  1.495489E+00  0.000000E+00     5  5.681433E-05  2.966757E+01  4.936664E-05  2.812121E-05
  1.495489E+00  0.000000E+00     6  2.692823E-13 -1.014654E+01  2.650709E-13 -4.743851E-14
  1.495489E+00  1.000000E+01     1  5.031654E-05  3.136207E+01  4.296506E-05  2.618696E-05
  1.495489E+00  1.000000E+01     2  8.726483E-06  3.103790E+01  7.477081E-06  4.499418E-06
  1.495489E+00  1.000000E+01     3  1.487173E-05 -1.574225E+01  1.431392E-05 -4.034853E-06
  1.495489E+00  1.000000E+01     4  9.556821E-06 -1.498934E+02 -8.267543E-06 -4.793805E-06
  1.495489E+00  1.000000E+01     5  5.587642E-05  2.972039E+01  4.852616E-05  2.770173E-05
  1.495489E+00  1.000000E+01     6  1.005138E-11  8.792087E+01  3.646609E-13  1.004476E-11
  1.495489E+00  2.000000E+01     1  4.796023E-05  3.135433E+01  4.095640E-05  2.495510E-05
  1.495489E+00  2.000000E+01     2  1.727813E-05  3.125659E+01  1.477025E-05  8.965134E-06
  1.495489E+00  2.000000E+01     3  1.485590E-05 -1.555262E+01  1.431195E-05 -3.983213E-06
  1.495489E+00  2.000000E+01     4  1.902544E-05 -1.495567E+02 -1.640242E-05 -9.639907E-06
  1.495489E+00  2.000000E+01     5  5.321591E-05  2.983939E+01  4.616074E-05  2.647866E-05
  1.495489E+00  2.000000E+01     6  1.542350E-11  8.836458E+01  4.401817E-13  1.541722E-11
  1.495489E+00  3.000000E+01     1  4.413512E-05  3.135133E+01  3.769109E-05  2.296281E-05
  1.495489E+00  3.000000E+01     2  2.532805E-05  3.131191E+01  2.163904E-05  1.316291E-05
  1.495489E+00  3.000000E+01     3  1.484263E-05 -1.541835E+01  1.430845E-05 -3.946134E-06
  1.495489E+00  3.000000E+01     4  2.793847E-05 -1.495924E+02 -2.409543E-05 -1.414102E-05
  1.495489E+00  3.000000E+01     5  4.892653E-05  3.001218E+01  4.236642E-05  2.447227E-05
  1.495489E+00  3.000000E+01     6  1.363055E-11  8.801944E+01  4.710764E-13  1.362240E-11
  1.495489E+00  4.000000E+01     1  3.896796E-05  3.134921E+01  3.327912E-05  2.027319E-05
  1.495489E+00  4.000000E+01     2  3.263374E-05  3.132605E+01  2.787647E-05  1.696653E-05
  1.495489E+00  4.000000E+01     3  1.483883E-05 -1.533028E+01  1.431083E-05 -3.923129E-06
  1.495489E+00  4.000000E+01     4  3.603413E-05 -1.497400E+02 -3.112440E-05 -1.815848E-05
  1.495489E+00  4.000000E+01     5  4.315366E-05  3.021892E+01  3.728945E-05  2.171947E-05
  1.495489E+00  4.000000E+01     6  5.591038E-12  8.534918E+01  4.533378E-13  5.572628E-12
  1.495489E+00  5.000000E+01     1  3.262784E-05  3.134090E+01  2.786704E-05  1.697069E-05
  1.495489E+00  5.000000E+01     2  3.896783E-05  3.132656E+01  3.328702E-05  2.025996E-05
  1.495489E+00  5.000000E+01     3  1.484761E-05 -1.528243E+01  1.432258E-05 -3.913493E-06
  1.495489E+00  5.000000E+01     4  4.306637E-05 -1.499225E+02 -3.726740E-05 -2.158363E-05
  1.495489E+00  5.000000E+01     5  3.608726E-05  3.042896E+01  3.111652E-05  1.827711E-05
  1.495489E+00  5.000000E+01     6  4.966581E-12 -8.538198E+01  3.998711E-13 -4.950458E-12
  1.495489E+00  6.000000E+01     1  2.531798E-05  3.131239E+01  2.163032E-05  1.315785E-05
  1.495489E+00  6.000000E+01     2  4.412772E-05  3.132466E+01  3.769545E-05  2.294142E-05
  1.495489E+00  6.000000E+01     3  1.486660E-05 -1.528032E+01  1.434104E-05 -3.917970E-06
  1.495489E+00  6.000000E+01     4  4.881378E-05 -1.500974E+02 -4.231540E-05 -2.433500E-05
  1.495489E+00  6.000000E+01     5  2.795259E-05  3.059502E+01  2.406121E-05  1.422694E-05
  1.495489E+00  6.000000E+01     6  1.306109E-11 -8.853610E+01  3.336736E-13 -1.305683E-11
  1.495489E+00  7.000000E+01     1  1.726590E-05  3.122793E+01  1.476427E-05  8.951401E-06
  1.495489E+00  7.000000E+01     2  4.794524E-05  3.132621E+01  4.095583E-05  2.492721E-05
  1.495489E+00  7.000000E+01     3  1.488864E-05 -1.534038E+01  1.435817E-05 -3.938831E-06
  1.495489E+00  7.000000E+01     4  5.308982E-05 -1.502382E+02 -4.608711E-05 -2.635350E-05
  1.495489E+00  7.000000E+01     5  1.899987E-05  3.063173E+01  1.634863E-05  9.680774E-06
  1.495489E+00  7.000000E+01     6  1.497623E-11 -8.894068E+01  2.768748E-13 -1.497367E-11
  1.495489E+00  8.000000E+01     1  8.713990E-06  3.092409E+01  7.475287E-06  4.478137E-06
  1.495489E+00  8.000000E+01     2  5.029461E-05  3.133449E+01  4.295893E-05  2.615487E-05
  1.495489E+00  8.000000E+01     3  1.490468E-05 -1.548113E+01  1.436392E-05 -3.978373E-06
  1.495489E+00  8.000000E+01     4  5.575158E-05 -1.503285E+02 -4.844130E-05 -2.759853E-05
  1.495489E+00  8.000000E+01     5  9.495182E-06  3.024581E+01  8.202625E-06  4.782825E-06
  1.495489E+00  8.000000E+01     6  9.801589E-12 -8.859263E+01  2.407343E-13 -9.798632E-12
  1.495489E+00  9.000000E+01     1  1.313603E-07 -1.012636E+02 -2.565767E-08 -1.288302E-07
  1.495489E+00  9.000000E+01     2  5.109781E-05  3.135118E+01  4.363724E-05  2.658528E-05
  1.495489E+00  9.000000E+01     3  1.490781E-05 -1.571000E+01  1.435092E-05 -4.036565E-06
  1.495489E+00  9.000000E+01     4  5.670607E-05 -1.503578E+02 -4.928499E-05 -2.804581E-05
  1.495489E+00  9.000000E+01     5  3.351100E-07 -1.185975E+02 -1.604017E-07 -2.942279E-07
  1.495489E+00  9.000000E+01     6  2.225403E-13  5.608770E+00  2.214749E-13  2.175003E-14
  1.495489E+00  1.000000E+02     1  8.891040E-06 -1.478344E+02 -7.526383E-06 -4.733302E-06
  1.495489E+00  1.000000E+02     2  5.032753E-05  3.137693E+01  4.296766E-05  2.620383E-05
  1.495489E+00  1.000000E+02     3  1.489636E-05 -1.601190E+01  1.431845E-05 -4.108968E-06
  1.495489E+00  1.000000E+02     4  5.591422E-05 -1.503196E+02 -4.857831E-05 -2.768661E-05
  1.495489E+00  1.000000E+02     5  1.007423E-05 -1.478501E+02 -8.529438E-06 -5.360863E-06
  1.495489E+00  1.000000E+02     6  9.812376E-12  8.880800E+01  2.041248E-13  9.810253E-12
  1.495489E+00  1.100000E+02     1  1.743827E-05 -1.481626E+02 -1.481466E-05 -9.198856E-06
  1.495489E+00  1.100000E+02     2  4.800828E-05  3.141165E+01  4.097242E-05  2.502111E-05
  1.495489E+00  1.100000E+02     3  1.487479E-05 -1.634475E+01  1.427364E-05 -4.186010E-06
  1.495489E+00  1.100000E+02     4  5.339392E-05 -1.502101E+02 -4.633808E-05 -2.652722E-05
  1.495489E+00  1.100000E+02     5  1.957551E-05 -1.485013E+02 -1.669110E-05 -1.022781E-05
  1.495489E+00  1.100000E+02     6  1.490324E-11  8.933687E+01  1.724840E-13  1.490224E-11
  1.495489E+00  1.200000E+02     1  2.548199E-05 -1.482956E+02 -2.167934E-05 -1.339172E-05
  1.495489E+00  1.200000E+02     2  4.421592E-05  3.145490E+01  3.771844E-05  2.307307E-05
  1.495489E+00  1.200000E+02     3  1.485172E-05 -1.664570E+01  1.422935E-05 -4.254313E-06
  1.495489E+00  1.200000E+02     4  4.922216E-05 -1.500298E+02 -4.264045E-05 -2.458887E-05
  1.495489E+00  1.200000E+02     5  2.851675E-05 -1.489155E+02 -2.442194E-05 -1.472324E-05
  1.495489E+00  1.200000E+02     6  1.288413E-11  8.946631E+01  1.200096E-13  1.288358E-11
  1.495489E+00  1.300000E+02     1  3.277911E-05 -1.483829E+02 -2.791374E-05 -1.718410E-05
  1.495489E+00  1.300000E+02     2  3.907515E-05  3.150632E+01  3.331479E-05  2.042039E-05
  1.495489E+00  1.300000E+02     3  1.483617E-05 -1.684806E+01  1.419936E-05 -4.300039E-06
  1.495489E+00  1.300000E+02     4  4.353458E-05 -1.497853E+02 -3.762022E-05 -2.190841E-05
  1.495489E+00  1.300000E+02     5  3.662377E-05 -1.492878E+02 -3.148705E-05 -1.870470E-05
  1.495489E+00  1.300000E+02     6  4.695348E-12  8.931966E+01  5.575237E-14  4.695017E-12
  1.495489E+00  1.400000E+02     1  3.910122E-05 -1.484521E+02 -3.332216E-05 -2.045822E-05
  1.495489E+00  1.400000E+02     2  3.275429E-05  3.156672E+01  2.790768E-05  1.714658E-05
  1.495489E+00  1.400000E+02     3  1.483392E-05 -1.690376E+01  1.419301E-05 -4.313185E-06
  1.495489E+00  1.400000E+02     4  3.652036E-05 -1.494903E+02 -3.146386E-05 -1.854084E-05
  1.495489E+00  1.400000E+02     5  4.363690E-05 -1.496283E+02 -3.764831E-05 -2.206318E-05
  1.495489E+00  1.400000E+02     6  5.862731E-12 -8.998096E+01  1.948017E-15 -5.862731E-12
  1.495489E+00  1.500000E+02     1  4.424447E-05 -1.485103E+02 -3.772877E-05 -2.311089E-05
  1.495489E+00  1.500000E+02     2  2.545705E-05  3.164101E+01  2.167290E-05  1.335465E-05
  1.495489E+00  1.500000E+02     3  1.484526E-05 -1.680110E+01  1.421157E-05 -4.291026E-06
  1.495489E+00  1.500000E+02     4  2.841161E-05 -1.491619E+02 -2.439476E-05 -1.456417E-05
  1.495489E+00  1.500000E+02     5  4.932323E-05 -1.499206E+02 -4.268097E-05 -2.472075E-05
  1.495489E+00  1.500000E+02     6  1.389400E-11 -9.006522E+01 -1.581483E-14 -1.389399E-11
  1.495489E+00  1.600000E+02     1  4.803980E-05 -1.485597E+02 -4.098680E-05 -2.505803E-05
  1.495489E+00  1.600000E+02     2  1.741225E-05  3.175015E+01  1.480652E-05  9.162608E-06
  1.495489E+00  1.600000E+02     3  1.486497E-05 -1.656883E+01  1.424774E-05 -4.238997E-06
  1.495489E+00  1.600000E+02     4  1.946946E-05 -1.488016E+02 -1.665377E-05 -1.008523E-05
  1.495489E+00  1.600000E+02     5  5.349068E-05 -1.501485E+02 -4.639346E-05 -2.662517E-05
  1.495489E+00  1.600000E+02     6  1.563520E-11 -8.993064E+01  1.892823E-14 -1.563519E-11
  1.495489E+00  1.700000E+02     1  5.036138E-05 -1.486007E+02 -4.298630E-05 -2.623827E-05
  1.495489E+00  1.700000E+02     2  8.863768E-06  3.201279E+01  7.515854E-06  4.698759E-06
  1.495489E+00  1.700000E+02     3  1.488437E-05 -1.626403E+01  1.428872E-05 -4.168580E-06
  1.495489E+00  1.700000E+02     4  9.970820E-06 -1.482750E+02 -8.480994E-06 -5.243091E-06
  1.495489E+00  1.700000E+02     5  5.600012E-05 -1.503014E+02 -4.864414E-05 -2.774456E-05
  1.495489E+00  1.700000E+02     6  1.020657E-11 -8.941290E+01  1.045839E-13 -1.020604E-11
  1.495489E+00  1.800000E+02     1  5.113228E-05 -1.486331E+02 -4.365937E-05 -2.661520E-05
  1.495489E+00  1.800000E+02     2  9.821846E-08  8.260728E+01  1.263773E-08  9.740202E-08
  1.495489E+00  1.800000E+02     3  1.489490E-05 -1.595050E+01  1.432144E-05 -4.093219E-06
  1.495489E+00  1.800000E+02     4  2.316036E-07 -1.170302E+02 -1.052546E-07 -2.063048E-07
  1.495489E+00  1.800000E+02     5  5.677238E-05 -1.503751E+02 -4.935111E-05 -2.806369E-05
  1.495489E+00  1.800000E+02     6  2.359509E-13 -2.077788E+01  2.206053E-13 -8.370264E-14
  1.495489E+00  1.900000E+02     1  5.032732E-05 -1.486570E+02 -4.298300E-05 -2.617825E-05
  1.495489E+00  1.900000E+02     2  8.740719E-06 -1.489778E+02 -7.490513E-06 -4.504708E-06
  1.495489E+00  1.900000E+02     3  1.489175E-05 -1.567810E+01  1.433771E-05 -4.024235E-06
  1.495489E+00  1.900000E+02     4  9.569404E-06  3.036980E+01  8.256293E-06  4.838090E-06
  1.495489E+00  1.900000E+02     5  5.579002E-05 -1.503706E+02 -4.849499E-05 -2.758191E-05
  1.495489E+00  1.900000E+02     6  1.002538E-11  8.808374E+01  3.352376E-13  1.001978E-11
  1.495489E+00  2.000000E+02     1  4.797371E-05 -1.486731E+02 -4.097986E-05 -2.494249E-05
  1.495489E+00  2.000000E+02     2  1.729077E-05 -1.487448E+02 -1.478128E-05 -8.971325E-06
  1.495489E+00  2.000000E+02     3  1.487608E-05 -1.547184E+01  1.433700E-05 -3.968414E-06
  1.495489E+00  2.000000E+02     4  1.904716E-05  3.062075E+01  1.639118E-05  9.701731E-06
  1.495489E+00  2.000000E+02     5  5.309524E-05 -1.502932E+02 -4.611708E-05 -2.631195E-05
  1.495489E+00  2.000000E+02     6  1.540970E-11  8.844433E+01  4.183472E-13  1.540402E-11
  1.495489E+00  2.100000E+02     1  4.414995E-05 -1.486831E+02 -3.771754E-05 -2.294788E-05
  1.495489E+00  2.100000E+02     2  2.533974E-05 -1.486866E+02 -2.164868E-05 -1.316956E-05
  1.495489E+00  2.100000E+02     3  1.485438E-05 -1.533311E+01  1.432563E-05 -3.927948E-06
  1.495489E+00  2.100000E+02     4  2.796469E-05  3.054666E+01  2.408363E-05  1.421277E-05
  1.495489E+00  2.100000E+02     5  4.878579E-05 -1.501535E+02 -4.231493E-05 -2.427964E-05
  1.495489E+00  2.100000E+02     6  1.362841E-11  8.809371E+01  4.533470E-13  1.362087E-11
  1.495489E+00  2.200000E+02     1  3.898266E-05 -1.486904E+02 -3.330570E-05 -2.025780E-05
  1.495489E+00  2.200000E+02     2  3.264553E-05 -1.486730E+02 -2.788628E-05 -1.697311E-05
  1.495489E+00  2.200000E+02     3  1.483534E-05 -1.525042E+01  1.431292E-05 -3.902263E-06
  1.495489E+00  2.200000E+02     4  3.605873E-05  3.036614E+01  3.111193E-05  1.822855E-05
  1.495489E+00  2.200000E+02     5  4.300948E-05 -1.499693E+02 -3.723577E-05 -2.152470E-05
  1.495489E+00  2.200000E+02     6  5.599710E-12  8.546538E+01  4.427208E-13  5.582182E-12
  1.495489E+00  2.300000E+02     1  3.264101E-05 -1.487018E+02 -2.789095E-05 -1.695674E-05
  1.495489E+00  2.300000E+02     2  3.898083E-05 -1.486748E+02 -3.329862E-05 -2.026592E-05
  1.495489E+00  2.300000E+02     3  1.482581E-05 -1.521339E+01  1.430625E-05 -3.890511E-06
  1.495489E+00  2.300000E+02     4  4.308336E-05  3.015129E+01  3.725427E-05  2.164013E-05
  1.495489E+00  2.300000E+02     5  3.595665E-05 -1.497690E+02 -3.106663E-05 -1.810373E-05
  1.495489E+00  2.300000E+02     6  4.947228E-12 -8.530624E+01  4.048313E-13 -4.930637E-12
  1.495489E+00  2.400000E+02     1  2.532846E-05 -1.487306E+02 -2.164915E-05 -1.314707E-05
  1.495489E+00  2.400000E+02     2  4.414267E-05 -1.486797E+02 -3.770995E-05 -2.294634E-05
  1.495489E+00  2.400000E+02     3  1.482776E-05 -1.522265E+01  1.430749E-05 -3.893334E-06
  1.495489E+00  2.400000E+02     4  4.881896E-05  2.994607E+01  4.230142E-05  2.436967E-05
  1.495489E+00  2.400000E+02     5  2.785090E-05 -1.495956E+02 -2.402071E-05 -1.409532E-05
  1.495489E+00  2.400000E+02     6  1.303272E-11 -8.839979E+01  3.639432E-13 -1.302764E-11
  1.495489E+00  2.500000E+02     1  1.727289E-05 -1.488105E+02 -1.477626E-05 -8.945104E-06
  1.495489E+00  2.500000E+02     2  4.796223E-05 -1.486810E+02 -4.097349E-05 -2.493086E-05
  1.495489E+00  2.500000E+02     3  1.483772E-05 -1.529091E+01  1.431246E-05 -3.913005E-06
  1.495489E+00  2.500000E+02     4  5.308176E-05  2.978014E+01  4.607166E-05  2.636428E-05
  1.495489E+00  2.500000E+02     5  1.893899E-05 -1.495218E+02 -1.632204E-05 -9.606066E-06
  1.495489E+00  2.500000E+02     6  1.493984E-11 -8.870157E+01  3.385353E-13 -1.493600E-11
  1.495489E+00  2.600000E+02     1  8.717035E-06 -1.490957E+02 -7.479448E-06 -4.477116E-06
  1.495489E+00  2.600000E+02     2  5.031312E-05 -1.486752E+02 -4.297916E-05 -2.615726E-05
  1.495489E+00  2.600000E+02     3  1.484902E-05 -1.543464E+01  1.431349E-05 -3.951903E-06
  1.495489E+00  2.600000E+02     4  5.573166E-05  2.967260E+01  4.842347E-05  2.758958E-05
  1.495489E+00  2.600000E+02     5  9.482036E-06 -1.497716E+02 -8.192719E-06 -4.773716E-06
  1.495489E+00  2.600000E+02     6  9.759042E-12 -8.804193E+01  3.334487E-13 -9.753343E-12
  1.495489E+00  2.700000E+02     1  1.278528E-07  7.666530E+01  2.948784E-08  1.244058E-07
  1.495489E+00  2.700000E+02     2  5.111697E-05 -1.486602E+02 -4.365890E-05 -2.658657E-05
  1.495489E+00  2.700000E+02     3  1.485547E-05 -1.566077E+01  1.430398E-05 -4.010103E-06
  1.495489E+00  2.700000E+02     4  5.667764E-05  2.963473E+01  4.926394E-05  2.802533E-05
  1.495489E+00  2.700000E+02     5  2.812915E-07  5.705476E+01  1.529768E-07  2.360572E-07
  1.495489E+00  2.700000E+02     6  3.471365E-13  1.226842E+01  3.392089E-13  7.376366E-14
  1.495489E+00  2.800000E+02     1  8.895478E-06  3.207610E+01  7.537525E-06  4.723900E-06
  1.495489E+00  2.800000E+02     2  5.034648E-05 -1.486356E+02 -4.298956E-05 -2.620431E-05
  1.495489E+00  2.800000E+02     3  1.485459E-05 -1.595490E+01  1.428237E-05 -4.083239E-06
  1.495489E+00  2.800000E+02     4  5.588134E-05  2.967219E+01  4.855372E-05  2.766333E-05
  1.495489E+00  2.800000E+02     5  9.991218E-06  3.163875E+01  8.506247E-06  5.241012E-06
  1.495489E+00  2.800000E+02     6  9.873747E-12  8.803651E+01  3.383013E-13  9.867950E-12
  1.495489E+00  2.900000E+02     1  1.744563E-05  3.177088E+01  1.483159E-05  9.185539E-06
  1.495489E+00  2.900000E+02     2  4.802647E-05 -1.486016E+02 -4.099374E-05 -2.502110E-05
  1.495489E+00  2.900000E+02     3  1.484866E-05 -1.627686E+01  1.425351E-05 -4.161769E-06
  1.495489E+00  2.900000E+02     4  5.336013E-05  2.978614E+01  4.631049E-05  2.650739E-05
  1.495489E+00  2.900000E+02     5  1.945755E-05  3.112971E+01  1.665565E-05  1.005911E-05
  1.495489E+00  2.900000E+02     6  1.496765E-11  8.879375E+01  3.150908E-13  1.496433E-11
  1.495489E+00  3.000000E+02     1  2.549112E-05  3.165027E+01  2.169975E-05  1.337603E-05
  1.495489E+00  3.000000E+02     2  4.423331E-05 -1.485592E+02 -3.773895E-05 -2.307288E-05
  1.495489E+00  3.000000E+02     3  1.484298E-05 -1.656724E+01  1.422678E-05 -4.232331E-06
  1.495489E+00  3.000000E+02     4  4.918982E-05  2.997291E+01  4.261126E-05  2.457476E-05
  1.495489E+00  3.000000E+02     5  2.837814E-05  3.078633E+01  2.437915E-05  1.452501E-05
  1.495489E+00  3.000000E+02     6  1.295119E-11  8.882885E+01  2.647100E-13  1.294848E-11
  1.495489E+00  3.100000E+02     1  3.278853E-05  3.157365E+01  2.793477E-05  1.716789E-05
  1.495489E+00  3.100000E+02     2  3.909210E-05 -1.485090E+02 -3.333472E-05 -2.042031E-05
  1.495489E+00  3.100000E+02     3  1.484265E-05 -1.676417E+01  1.421184E-05 -4.281111E-06
  1.495489E+00  3.100000E+02     4  4.350490E-05  3.022301E+01  3.759139E-05  2.189893E-05
  1.495489E+00  3.100000E+02     5  3.648170E-05  3.047246E+01  3.144260E-05  1.850075E-05
  1.495489E+00  3.100000E+02     6  4.764896E-12  8.763128E+01  1.969339E-13  4.760824E-12
  1.495489E+00  3.200000E+02     1  3.910935E-05  3.151516E+01  3.334079E-05  2.044340E-05
  1.495489E+00  3.200000E+02     2  3.277126E-05 -1.484509E+02 -2.792741E-05 -1.714688E-05
  1.495489E+00  3.200000E+02     3  1.484985E-05 -1.682437E+01  1.421423E-05 -4.298127E-06
  1.495489E+00  3.200000E+02     4  3.649398E-05  3.052137E+01  3.143737E-05  1.853382E-05
  1.495489E+00  3.200000E+02     5  4.350905E-05  3.018907E+01  3.760795E-05  2.187875E-05
  1.495489E+00  3.200000E+02     6  5.799760E-12 -8.868293E+01  1.333089E-13 -5.798228E-12
  1.495489E+00  3.300000E+02     1  4.424987E-05  3.146771E+01  3.774224E-05  2.309922E-05
  1.495489E+00  3.300000E+02     2  2.547428E-05 -1.483804E+02 -2.169256E-05 -1.335559E-05
  1.495489E+00  3.300000E+02     3  1.486270E-05 -1.673884E+01  1.423293E-05 -4.280604E-06
  1.495489E+00  3.300000E+02     4  2.838944E-05  3.085265E+01  2.437202E-05  1.455901E-05
  1.495489E+00  3.300000E+02     5  4.922536E-05  2.995447E+01  4.264995E-05  2.457880E-05
  1.495489E+00  3.300000E+02     6  1.383354E-11 -8.959133E+01  9.866849E-14 -1.383319E-11
  1.495489E+00  3.400000E+02     1  4.804140E-05  3.142914E+01  4.099304E-05  2.505088E-05
  1.495489E+00  3.400000E+02     2  1.742959E-05 -1.482780E+02 -1.482578E-05 -9.164439E-06
  1.495489E+00  3.400000E+02     3  1.487614E-05 -1.653516E+01  1.426094E-05 -4.233804E-06
  1.495489E+00  3.400000E+02     4  1.945323E-05  3.122476E+01  1.663524E-05  1.008449E-05
  1.495489E+00  3.400000E+02     5  5.343468E-05  2.978448E+01  4.637596E-05  2.654308E-05
  1.495489E+00  3.400000E+02     6  1.558089E-11 -8.959341E+01  1.105657E-13 -1.558049E-11
  1.495489E+00  3.500000E+02     1  5.035864E-05  3.139884E+01  4.298419E-05  2.623646E-05
  1.495489E+00  3.500000E+02     2  8.880653E-06 -1.480330E+02 -7.533931E-06 -4.701690E-06
  1.495489E+00  3.500000E+02     3  1.488417E-05 -1.626553E+01  1.428841E-05 -4.168895E-06
  1.495489E+00  3.500000E+02     4  9.962995E-06  3.181445E+01  8.466153E-06  5.252193E-06
  1.495489E+00  3.500000E+02     5  5.599267E-05  2.968803E+01  4.864279E-05  2.773189E-05
  1.495489E+00  3.500000E+02     6  1.016111E-11 -8.903492E+01  1.711434E-13 -1.015966E-11
  1.455602E+00  0.000000E+00     1  4.642514E-05  3.367699E+01  3.863393E-05  2.574322E-05
  1.455602E+00  0.000000E+00     2  8.471645E-08 -1.029985E+02 -1.905496E-08 -8.254566E-08
  1.455602E+00  0.000000E+00     3  1.180211E-05 -1.231187E+01  1.153068E-05 -2.516596E-06
  1.455602E+00  0.000000E+00     4  1.891944E-07  7.720254E+01  4.190756E-08  1.844947E-07
  1.455602E+00  0.000000E+00     5  4.797681E-05  3.175464E+01  4.079514E-05  2.524936E-05
  1.455602E+00  0.000000E+00     6  2.576577E-13 -3.999750E+00  2.570302E-13 -1.797217E-14
  1.455602E+00  1.000000E+01     1  4.569230E-05  3.366572E+01  3.802906E-05  2.532937E-05
  1.455602E+00  1.000000E+01     2  7.928496E-06  3.345223E+01  6.615107E-06  4.370516E-06
  1.455602E+00  1.000000E+01     3  1.179820E-05 -1.203730E+01  1.153878E-05 -2.460496E-06
  1.455602E+00  1.000000E+01     4  8.124327E-06 -1.475477E+02 -6.855623E-06 -4.359487E-06
  1.455602E+00  1.000000E+01     5  4.719321E-05  3.181872E+01  4.010104E-05  2.488184E-05
  1.455602E+00  1.000000E+01     6  1.145695E-11  8.803016E+01  3.938155E-13  1.145018E-11
  1.455602E+00  2.000000E+01     1  4.355335E-05  3.366441E+01  3.624939E-05  2.414282E-05
  1.455602E+00  2.000000E+01     2  1.569075E-05  3.363828E+01  1.306336E-05  8.691860E-06
  1.455602E+00  2.000000E+01     3  1.178629E-05 -1.182068E+01  1.153634E-05 -2.414413E-06
  1.455602E+00  2.000000E+01     4  1.613554E-05 -1.472251E+02 -1.356682E-05 -8.734826E-06
  1.455602E+00  2.000000E+01     5  4.496163E-05  3.196117E+01  3.814577E-05  2.380019E-05
  1.455602E+00  2.000000E+01     6  1.754138E-11  8.839791E+01  4.904224E-13  1.753453E-11
  1.455602E+00  3.000000E+01     1  4.007978E-05  3.367090E+01  3.335583E-05  2.222110E-05
  1.455602E+00  3.000000E+01     2  2.299910E-05  3.367529E+01  1.913969E-05  1.275267E-05
  1.455602E+00  3.000000E+01     3  1.177485E-05 -1.166565E+01  1.153163E-05 -2.380877E-06
  1.455602E+00  3.000000E+01     4  2.366742E-05 -1.472957E+02 -1.991543E-05 -1.278760E-05
  1.455602E+00  3.000000E+01     5  4.135841E-05  3.216859E+01  3.500928E-05  2.201973E-05
  1.455602E+00  3.000000E+01     6  1.546655E-11  8.808284E+01  5.174271E-13  1.545789E-11
  1.455602E+00  4.000000E+01     1  3.538688E-05  3.368105E+01  2.944676E-05  1.962448E-05
  1.455602E+00  4.000000E+01     2  2.963326E-05  3.367389E+01  2.466100E-05  1.643061E-05
  1.455602E+00  4.000000E+01     3  1.177227E-05 -1.156537E+01  1.153326E-05 -2.360174E-06
  1.455602E+00  4.000000E+01     4  3.049861E-05 -1.474874E+02 -2.571866E-05 -1.639254E-05
  1.455602E+00  4.000000E+01     5  3.650205E-05  3.241931E+01  3.081310E-05  1.956916E-05
  1.455602E+00  4.000000E+01     6  6.293731E-12  8.568517E+01  4.735207E-13  6.275892E-12
  1.455602E+00  5.000000E+01     1  2.962880E-05  3.368742E+01  2.465341E-05  1.643396E-05
  1.455602E+00  5.000000E+01     2  3.538611E-05  3.366051E+01  2.945314E-05  1.961349E-05
  1.455602E+00  5.000000E+01     3  1.178262E-05 -1.151473E+01  1.154548E-05 -2.352044E-06
  1.455602E+00  5.000000E+01     4  3.642356E-05 -1.477150E+02 -3.079253E-05 -1.945496E-05
  1.455602E+00  5.000000E+01     5  3.054825E-05  3.267926E+01  2.571265E-05  1.649409E-05
  1.455602E+00  5.000000E+01     6  5.717882E-12 -8.614293E+01  3.846285E-13 -5.704931E-12
  1.455602E+00  6.000000E+01     1  2.299089E-05  3.367591E+01  1.913273E-05  1.274832E-05
  1.455602E+00  6.000000E+01     2  4.007282E-05  3.364672E+01  3.335941E-05  2.220317E-05
  1.455602E+00  6.000000E+01     3  1.180336E-05 -1.151823E+01  1.156565E-05 -2.356891E-06
  1.455602E+00  6.000000E+01     4  4.125928E-05 -1.479305E+02 -3.496331E-05 -2.190650E-05
  1.455602E+00  6.000000E+01     5  2.368327E-05  3.289591E+01  1.988586E-05  1.286273E-05
  1.455602E+00  6.000000E+01     6  1.493159E-11 -8.888315E+01  2.910379E-13 -1.492875E-11
  1.455602E+00  7.000000E+01     1  1.568050E-05  3.361273E+01  1.305869E-05  8.680357E-06
  1.455602E+00  7.000000E+01     2  4.354009E-05  3.363889E+01  3.624910E-05  2.411933E-05
  1.455602E+00  7.000000E+01     3  1.182607E-05 -1.158994E+01  1.158494E-05 -2.375926E-06
  1.455602E+00  7.000000E+01     4  4.485291E-05 -1.481044E+02 -3.808066E-05 -2.369908E-05
  1.455602E+00  7.000000E+01     5  1.611637E-05  3.297786E+01  1.351972E-05  8.772382E-06
  1.455602E+00  7.000000E+01     6  1.710258E-11 -8.923499E+01  2.283473E-13 -1.710106E-11
  1.455602E+00  8.000000E+01     1  7.917794E-06  3.335051E+01  6.613916E-06  4.352882E-06
  1.455602E+00  8.000000E+01     2  4.567351E-05  3.364063E+01  3.802450E-05  2.530230E-05
  1.455602E+00  8.000000E+01     3  1.184000E-05 -1.174556E+01  1.159208E-05 -2.410220E-06
  1.455602E+00  8.000000E+01     4  4.708807E-05 -1.482186E+02 -4.002787E-05 -2.480033E-05
  1.455602E+00  8.000000E+01     5  8.072965E-06  3.263152E+01  6.798695E-06  4.353219E-06
  1.455602E+00  8.000000E+01     6  1.118365E-11 -8.891851E+01  2.110853E-13 -1.118166E-11
  1.455602E+00  9.000000E+01     1  1.062013E-07 -9.882983E+01 -1.630193E-08 -1.049427E-07
  1.455602E+00  9.000000E+01     2  4.640227E-05  3.365381E+01  3.862530E-05  2.571491E-05
  1.455602E+00  9.000000E+01     3  1.183694E-05 -1.199073E+01  1.157868E-05 -2.459166E-06
  1.455602E+00  9.000000E+01     4  4.788910E-05 -1.482621E+02 -4.072791E-05 -2.519133E-05
  1.455602E+00  9.000000E+01     5  2.554823E-07 -1.132007E+02 -1.006480E-07 -2.348216E-07
  1.455602E+00  9.000000E+01     6  2.317400E-13  1.172218E+01  2.269069E-13  4.708175E-14
  1.455602E+00  1.000000E+02     1  8.060868E-06 -1.455420E+02 -6.646517E-06 -4.560855E-06
  1.455602E+00  1.000000E+02     2  4.570159E-05  3.367908E+01  3.803088E-05  2.534339E-05
  1.455602E+00  1.000000E+02     3  1.181529E-05 -1.231010E+01  1.154364E-05 -2.519053E-06
  1.455602E+00  1.000000E+02     4  4.722358E-05 -1.482271E+02 -4.014673E-05 -2.486576E-05
  1.455602E+00  1.000000E+02     5  8.501562E-06 -1.455116E+02 -7.007336E-06 -4.813917E-06
  1.455602E+00  1.000000E+02     6  1.124445E-11  8.875460E+01  2.443943E-13  1.124179E-11
  1.455602E+00  1.100000E+02     1  1.582016E-05 -1.458431E+02 -1.309123E-05 -8.882398E-06
  1.455602E+00  1.100000E+02     2  4.359362E-05  3.371621E+01  3.626104E-05  2.419794E-05
  1.455602E+00  1.100000E+02     3  1.178122E-05 -1.266203E+01  1.149470E-05 -2.582439E-06
  1.455602E+00  1.100000E+02     4  4.510474E-05 -1.481085E+02 -3.829619E-05 -2.382937E-05
  1.455602E+00  1.100000E+02     5  1.654609E-05 -1.461914E+02 -1.374817E-05 -9.206569E-06
  1.455602E+00  1.100000E+02     6  1.707428E-11  8.922560E+01  2.307671E-13  1.707272E-11
  1.455602E+00  1.200000E+02     1  2.312433E-05 -1.459735E+02 -1.916496E-05 -1.293982E-05
  1.455602E+00  1.200000E+02     2  4.014718E-05  3.376436E+01  3.337557E-05  2.231294E-05
  1.455602E+00  1.200000E+02     3  1.174630E-05 -1.298290E+01  1.144603E-05 -2.638925E-06
  1.455602E+00  1.200000E+02     4  4.159386E-05 -1.479054E+02 -3.523716E-05 -2.209959E-05
  1.455602E+00  1.200000E+02     5  2.410976E-05 -1.466514E+02 -2.013987E-05 -1.325391E-05
  1.455602E+00  1.200000E+02     6  1.479354E-11  8.933912E+01  1.706331E-13  1.479255E-11
  1.455602E+00  1.300000E+02     1  2.975247E-05 -1.460650E+02 -2.468479E-05 -1.660936E-05
  1.455602E+00  1.300000E+02     2  3.547574E-05  3.382246E+01  2.947205E-05  1.974655E-05
  1.455602E+00  1.300000E+02     3  1.172278E-05 -1.320309E+01  1.141291E-05 -2.677523E-06
  1.455602E+00  1.300000E+02     4  3.680106E-05 -1.476242E+02 -3.108050E-05 -1.970586E-05
  1.455602E+00  1.300000E+02     5  3.095975E-05 -1.470752E+02 -2.598716E-05 -1.682777E-05
  1.455602E+00  1.300000E+02     6  5.483512E-12  8.920429E+01  7.615161E-14  5.482983E-12
  1.455602E+00  1.400000E+02     1  3.549637E-05 -1.461403E+02 -2.947634E-05 -1.977719E-05
  1.455602E+00  1.400000E+02     2  2.973283E-05  3.389005E+01  2.468149E-05  1.657905E-05
  1.455602E+00  1.400000E+02     3  1.171863E-05 -1.327052E+01  1.140571E-05 -2.690000E-06
  1.455602E+00  1.400000E+02     4  3.088206E-05 -1.472811E+02 -2.598208E-05 -1.669232E-05
  1.455602E+00  1.400000E+02     5  3.687776E-05 -1.474642E+02 -3.109001E-05 -1.983383E-05
  1.455602E+00  1.400000E+02     6  6.531508E-12 -9.014748E+01 -1.681165E-14 -6.531487E-12
  1.455602E+00  1.500000E+02     1  4.016995E-05 -1.462044E+02 -3.338231E-05 -2.234382E-05
  1.455602E+00  1.500000E+02     2  2.310440E-05  3.396993E+01  1.916120E-05  1.290976E-05
  1.455602E+00  1.500000E+02     3  1.173445E-05 -1.317089E+01  1.142577E-05 -2.673768E-06
  1.455602E+00  1.500000E+02     4  2.403011E-05 -1.468985E+02 -2.013014E-05 -1.312341E-05
  1.455602E+00  1.500000E+02     5  4.166975E-05 -1.477955E+02 -3.525892E-05 -2.220757E-05
  1.455602E+00  1.500000E+02     6  1.568957E-11 -9.023713E+01 -6.493344E-14 -1.568944E-11
  1.455602E+00  1.600000E+02     1  4.361899E-05 -1.462579E+02 -3.627122E-05 -2.422840E-05
  1.455602E+00  1.600000E+02     2  1.579912E-05  3.407882E+01  1.308590E-05  8.852766E-06
  1.455602E+00  1.600000E+02     3  1.176337E-05 -1.293307E+01  1.146495E-05 -2.632790E-06
  1.455602E+00  1.600000E+02     4  1.646490E-05 -1.464853E+02 -1.372752E-05 -9.091102E-06
  1.455602E+00  1.600000E+02     5  4.517721E-05 -1.480491E+02 -3.833294E-05 -2.390745E-05
  1.455602E+00  1.600000E+02     6  1.770480E-11 -9.012380E+01 -3.825628E-14 -1.770476E-11
  1.455602E+00  1.700000E+02     1  4.572900E-05 -1.463006E+02 -3.804469E-05 -2.537209E-05
  1.455602E+00  1.700000E+02     2  8.038631E-06  3.432034E+01  6.639091E-06  4.532336E-06
  1.455602E+00  1.700000E+02     3  1.179379E-05 -1.261630E+01  1.150902E-05 -2.576009E-06
  1.455602E+00  1.700000E+02     4  8.421784E-06 -1.459122E+02 -6.974747E-06 -4.720101E-06
  1.455602E+00  1.700000E+02     5  4.728675E-05 -1.482132E+02 -4.019440E-05 -2.490877E-05
  1.455602E+00  1.700000E+02     6  1.155769E-11 -8.968002E+01  6.454501E-14 -1.155751E-11
  1.455602E+00  1.800000E+02     1  4.643019E-05 -1.463319E+02 -3.864211E-05 -2.574005E-05
  1.455602E+00  1.800000E+02     2  7.903929E-08  8.507045E+01  6.791906E-09  7.874694E-08
  1.455602E+00  1.800000E+02     3  1.181417E-05 -1.228696E+01  1.154355E-05 -2.514150E-06
  1.455602E+00  1.800000E+02     4  1.767359E-07 -1.099931E+02 -6.042724E-08 -1.660847E-07
  1.455602E+00  1.800000E+02     5  4.793510E-05 -1.482841E+02 -4.077674E-05 -2.519982E-05
  1.455602E+00  1.800000E+02     6  2.215881E-13 -1.510899E+01  2.139282E-13 -5.775828E-14
  1.455602E+00  1.900000E+02     1  4.569980E-05 -1.463516E+02 -3.804296E-05 -2.532203E-05
  1.455602E+00  1.900000E+02     2  7.939505E-06 -1.465596E+02 -6.625193E-06 -4.375221E-06
  1.455602E+00  1.900000E+02     3  1.181781E-05 -1.199722E+01  1.155969E-05 -2.456501E-06
  1.455602E+00  1.900000E+02     4  8.129374E-06  3.272988E+01  6.838664E-06  4.395383E-06
  1.455602E+00  1.900000E+02     5  4.710962E-05 -1.482638E+02 -4.006575E-05 -2.478007E-05
  1.455602E+00  1.900000E+02     6  1.142593E-11  8.818690E+01  3.615084E-13  1.142020E-11
  1.455602E+00  2.000000E+02     1  4.356257E-05 -1.463604E+02 -3.626752E-05 -2.413223E-05
  1.455602E+00  2.000000E+02     2  1.570040E-05 -1.463615E+02 -1.307136E-05 -8.697258E-06
  1.455602E+00  2.000000E+02     3  1.180562E-05 -1.177421E+01  1.155722E-05 -2.409000E-06
  1.455602E+00  2.000000E+02     4  1.615005E-05  3.296267E+01  1.355030E-05  8.787122E-06
  1.455602E+00  2.000000E+02     5  4.484584E-05 -1.481585E+02 -3.809704E-05 -2.365934E-05
  1.455602E+00  2.000000E+02     6  1.752108E-11  8.849310E+01  4.607586E-13  1.751502E-11
  1.455602E+00  2.100000E+02     1  4.008979E-05 -1.463601E+02 -3.337618E-05 -2.220859E-05
  1.455602E+00  2.100000E+02     2  2.300791E-05 -1.463222E+02 -1.914647E-05 -1.275840E-05
  1.455602E+00  2.100000E+02     3  1.178515E-05 -1.162163E+01  1.154355E-05 -2.374091E-06
  1.455602E+00  2.100000E+02     4  2.368674E-05  3.285203E+01  1.989862E-05  1.284938E-05
  1.455602E+00  2.100000E+02     5  4.122391E-05 -1.479799E+02 -3.495220E-05 -2.185760E-05
  1.455602E+00  2.100000E+02     6  1.545655E-11  8.819564E+01  4.866770E-13  1.544889E-11
  1.455602E+00  2.200000E+02     1  3.539668E-05 -1.463546E+02 -2.946711E-05 -1.961160E-05
  1.455602E+00  2.200000E+02     2  2.964215E-05 -1.463245E+02 -2.466793E-05 -1.643624E-05
  1.455602E+00  2.200000E+02     3  1.176672E-05 -1.153018E+01  1.152926E-05 -2.351980E-06
  1.455602E+00  2.200000E+02     4  3.051636E-05  3.262570E+01  2.570120E-05  1.645285E-05
  1.455602E+00  2.200000E+02     5  3.636456E-05 -1.477478E+02 -3.075379E-05 -1.940582E-05
  1.455602E+00  2.200000E+02     6  6.292743E-12  8.594247E+01  4.452622E-13  6.276970E-12
  1.455602E+00  2.300000E+02     1  2.963747E-05 -1.463508E+02 -2.467159E-05 -1.642230E-05
  1.455602E+00  2.300000E+02     2  3.539602E-05 -1.463403E+02 -2.946167E-05 -1.961857E-05
  1.455602E+00  2.300000E+02     3  1.175826E-05 -1.149092E+01  1.152258E-05 -2.342394E-06
  1.455602E+00  2.300000E+02     4  3.643347E-05  3.236367E+01  3.077417E-05  1.950252E-05
  1.455602E+00  2.300000E+02     5  3.042379E-05 -1.474944E+02 -2.565756E-05 -1.634922E-05
  1.455602E+00  2.300000E+02     6  5.706366E-12 -8.629609E+01  3.686331E-13 -5.694447E-12
  1.455602E+00  2.400000E+02     1  2.299773E-05 -1.463624E+02 -1.914694E-05 -1.273932E-05
  1.455602E+00  2.400000E+02     2  4.008438E-05 -1.463570E+02 -3.337049E-05 -2.220739E-05
  1.455602E+00  2.400000E+02     3  1.176167E-05 -1.150467E+01  1.152536E-05 -2.345840E-06
  1.455602E+00  2.400000E+02     4  4.125705E-05  3.211592E+01  3.494366E-05  2.193365E-05
  1.455602E+00  2.400000E+02     5  2.358620E-05 -1.472684E+02 -1.984101E-05 -1.275317E-05
  1.455602E+00  2.400000E+02     6  1.491256E-11 -8.885281E+01  2.985628E-13 -1.490957E-11
  1.455602E+00  2.500000E+02     1  1.568503E-05 -1.464213E+02 -1.306762E-05 -8.675099E-06
  1.455602E+00  2.500000E+02     2  4.355335E-05 -1.463677E+02 -3.626291E-05 -2.412251E-05
  1.455602E+00  2.500000E+02     3  1.177224E-05 -1.158311E+01  1.153249E-05 -2.363738E-06
  1.455602E+00  2.500000E+02     4  4.483729E-05  3.191585E+01  3.805904E-05  2.370428E-05
  1.455602E+00  2.500000E+02     5  1.605771E-05 -1.471496E+02 -1.348992E-05 -8.710456E-06
  1.455602E+00  2.500000E+02     6  1.707589E-11 -8.910543E+01  2.665984E-13 -1.707381E-11
  1.455602E+00  2.600000E+02     1  7.919778E-06 -1.466664E+02 -6.616857E-06 -4.352020E-06
  1.455602E+00  2.600000E+02     2  4.568795E-05 -1.463682E+02 -3.804042E-05 -2.530446E-05
  1.455602E+00  2.600000E+02     3  1.178148E-05 -1.174103E+01  1.153498E-05 -2.397395E-06
  1.455602E+00  2.600000E+02     4  4.706089E-05  3.178446E+01  4.000343E-05  2.478816E-05
  1.455602E+00  2.600000E+02     5  8.059130E-06 -1.473670E+02 -6.786929E-06 -4.345937E-06
  1.455602E+00  2.600000E+02     6  1.115040E-11 -8.856024E+01  2.801643E-13 -1.114688E-11
  1.455602E+00  2.700000E+02     1  1.031273E-07  7.912003E+01  1.946550E-08  1.012736E-07
  1.455602E+00  2.700000E+02     2  4.641707E-05 -1.463564E+02 -3.864223E-05 -2.571620E-05
  1.455602E+00  2.700000E+02     3  1.178186E-05 -1.198401E+01  1.152509E-05 -2.446372E-06
  1.455602E+00  2.700000E+02     4  4.785421E-05  3.173393E+01  4.069999E-05  2.517014E-05
  1.455602E+00  2.700000E+02     5  2.083386E-07  6.327311E+01  9.369784E-08  1.860798E-07
  1.455602E+00  2.700000E+02     6  3.328498E-13  1.548379E+01  3.207693E-13  8.885949E-14
  1.455602E+00  2.800000E+02     1  8.063690E-06  3.437701E+01  6.655287E-06  4.553049E-06
  1.455602E+00  2.800000E+02     2  4.571596E-05 -1.463319E+02 -3.804771E-05 -2.534405E-05
  1.455602E+00  2.800000E+02     3  1.177099E-05 -1.229704E+01  1.150092E-05 -2.506984E-06
  1.455602E+00  2.800000E+02     4  4.718536E-05  3.177073E+01  4.011519E-05  2.484411E-05
  1.455602E+00  2.800000E+02     5  8.425288E-06  3.401856E+01  6.983354E-06  4.713624E-06
  1.455602E+00  2.800000E+02     6  1.129548E-11  8.820128E+01  3.545484E-13  1.128992E-11
  1.455602E+00  2.900000E+02     1  1.582491E-05  3.409686E+01  1.310447E-05  8.871342E-06
  1.455602E+00  2.900000E+02     2  4.360714E-05 -1.462951E+02 -3.627709E-05 -2.419825E-05
  1.455602E+00  2.900000E+02     3  1.175288E-05 -1.263930E+01  1.146807E-05 -2.571678E-06
  1.455602E+00  2.900000E+02     4  4.506677E-05  3.189694E+01  3.826168E-05  2.381297E-05
  1.455602E+00  2.900000E+02     5  1.643677E-05  3.347128E+01  1.371093E-05  9.065190E-06
  1.455602E+00  2.900000E+02     6  1.712986E-11  8.882991E+01  3.498005E-13  1.712628E-11
  1.455602E+00  3.000000E+02     1  2.313027E-05  3.397765E+01  1.918090E-05  1.292680E-05
  1.455602E+00  3.000000E+02     2  4.015988E-05 -1.462474E+02 -3.339071E-05 -2.231316E-05
  1.455602E+00  3.000000E+02     3  1.173583E-05 -1.294930E+01  1.143738E-05 -2.629868E-06
  1.455602E+00  3.000000E+02     4  4.155814E-05  3.210957E+01  3.520113E-05  2.208982E-05
  1.455602E+00  3.000000E+02     5  2.398081E-05  3.307580E+01  2.009471E-05  1.308748E-05
  1.455602E+00  3.000000E+02     6  1.485320E-11  8.886850E+01  2.933086E-13  1.485030E-11
  1.455602E+00  3.100000E+02     1  2.975861E-05  3.389582E+01  2.470122E-05  1.659591E-05
  1.455602E+00  3.100000E+02     2  3.548805E-05 -1.461902E+02 -2.948664E-05 -1.974689E-05
  1.455602E+00  3.100000E+02     3  1.172812E-05 -1.316116E+01  1.142006E-05 -2.670384E-06
  1.455602E+00  3.100000E+02     4  3.676816E-05  3.239858E+01  3.104487E-05  1.970060E-05
  1.455602E+00  3.100000E+02     5  3.082743E-05  3.270479E+01  2.594023E-05  1.665639E-05
  1.455602E+00  3.100000E+02     6  5.546803E-12  8.795382E+01  1.980488E-13  5.543266E-12
  1.455602E+00  3.200000E+02     1  3.550162E-05  3.383015E+01  2.949089E-05  1.976492E-05
  1.455602E+00  3.200000E+02     2  2.974527E-05 -1.461245E+02 -2.469602E-05 -1.657973E-05
  1.455602E+00  3.200000E+02     3  1.173396E-05 -1.322713E+01  1.142266E-05 -2.684869E-06
  1.455602E+00  3.200000E+02     4  3.085191E-05  3.274614E+01  2.594879E-05  1.668835E-05
  1.455602E+00  3.200000E+02     5  3.675885E-05  3.236781E+01  3.104759E-05  1.967894E-05
  1.455602E+00  3.200000E+02     6  6.471446E-12 -8.912512E+01  9.881209E-14 -6.470692E-12
  1.455602E+00  3.300000E+02     1  4.017332E-05  3.377587E+01  3.339281E-05  2.233418E-05
  1.455602E+00  3.300000E+02     2  2.311728E-05 -1.460479E+02 -1.917590E-05 -1.291098E-05
  1.455602E+00  3.300000E+02     3  1.175168E-05 -1.313566E+01  1.144419E-05 -2.670656E-06
  1.455602E+00  3.300000E+02     4  2.400309E-05  3.313168E+01  2.010059E-05  1.311925E-05
  1.455602E+00  3.300000E+02     5  4.157923E-05  3.208952E+01  3.522672E-05  2.208870E-05
  1.455602E+00  3.300000E+02     6  1.563048E-11 -8.986226E+01  3.757630E-14 -1.563044E-11
  1.455602E+00  3.400000E+02     1  4.361976E-05  3.373213E+01  3.627606E-05  2.422253E-05
  1.455602E+00  3.400000E+02     2  1.581234E-05 -1.459450E+02 -1.310054E-05 -8.854716E-06
  1.455602E+00  3.400000E+02     3  1.177451E-05 -1.291492E+01  1.147665E-05 -2.631650E-06
  1.455602E+00  3.400000E+02     4  1.644257E-05  3.355667E+01  1.370224E-05  9.088819E-06
  1.455602E+00  3.400000E+02     5  4.512635E-05  3.188923E+01  3.831548E-05  2.383930E-05
  1.455602E+00  3.400000E+02     6  1.765004E-11 -8.985397E+01  4.498445E-14 -1.764998E-11
  1.455602E+00  3.500000E+02     1  4.572683E-05  3.369909E+01  3.804303E-05  2.537067E-05
  1.455602E+00  3.500000E+02     2  8.051694E-06 -1.457187E+02 -6.652968E-06 -4.535173E-06
  1.455602E+00  3.500000E+02     3  1.179364E-05 -1.262010E+01  1.150870E-05 -2.576739E-06
  1.455602E+00  3.500000E+02     4  8.406851E-06  3.419719E+01  6.953375E-06  4.725011E-06
  1.455602E+00  3.500000E+02     5  4.728181E-05  3.177694E+01  4.019449E-05  2.489925E-05
  1.455602E+00  3.500000E+02     6  1.150995E-11 -8.937218E+01  1.261185E-13 -1.150926E-11
  1.418746E+00  0.000000E+00     1  4.234579E-05  3.626213E+01  3.414423E-05  2.504670E-05
  1.418746E+00  0.000000E+00     2  6.977702E-08 -9.972719E+01 -1.178933E-08 -6.877387E-08
  1.418746E+00  0.000000E+00     3  9.462199E-06 -8.366281E+00  9.361503E-06 -1.376758E-06
  1.418746E+00  0.000000E+00     4  1.523524E-07  8.699563E+01  7.985112E-09  1.521430E-07
  1.418746E+00  0.000000E+00     5  4.098138E-05  3.414250E+01  3.391800E-05  2.300093E-05
  1.418746E+00  0.000000E+00     6  2.464355E-13  4.502368E+00  2.456751E-13  1.934526E-14
  1.418746E+00  1.000000E+01     1  4.167857E-05  3.625389E+01  3.360978E-05  2.464722E-05
  1.418746E+00  1.000000E+01     2  7.235236E-06  3.614508E+01  5.842641E-06  4.267573E-06
  1.418746E+00  1.000000E+01     3  9.462492E-06 -8.062751E+00  9.368956E-06 -1.327186E-06
  1.418746E+00  1.000000E+01     4  6.991368E-06 -1.449457E+02 -5.723191E-06 -4.015509E-06
  1.418746E+00  1.000000E+01     5  4.031980E-05  3.421723E+01  3.334090E-05  2.267312E-05
  1.418746E+00  1.000000E+01     6  1.295827E-11  8.806921E+01  4.365943E-13  1.295091E-11
  1.418746E+00  2.000000E+01     1  3.972857E-05  3.625912E+01  3.203515E-05  2.349699E-05
  1.418746E+00  2.000000E+01     2  1.431360E-05  3.630523E+01  1.153497E-05  8.474896E-06
  1.418746E+00  2.000000E+01     3  9.452102E-06 -7.811956E+00  9.364382E-06 -1.284751E-06
  1.418746E+00  2.000000E+01     4  1.385679E-05 -1.446225E+02 -1.129821E-05 -8.022537E-06
  1.418746E+00  2.000000E+01     5  3.843008E-05  3.438054E+01  3.171655E-05  2.170096E-05
  1.418746E+00  2.000000E+01     6  1.979673E-11  8.837126E+01  5.626829E-13  1.978874E-11
  1.418746E+00  3.000000E+01     1  3.656070E-05  3.627550E+01  2.947456E-05  2.163182E-05
  1.418746E+00  3.000000E+01     2  2.097911E-05  3.632510E+01  1.690222E-05  1.242732E-05
  1.418746E+00  3.000000E+01     3  9.440675E-06 -7.626807E+00  9.357159E-06 -1.252968E-06
  1.418746E+00  3.000000E+01     4  2.029987E-05 -1.447211E+02 -1.657182E-05 -1.172432E-05
  1.418746E+00  3.000000E+01     5  3.537392E-05  3.461844E+01  2.911109E-05  2.009623E-05
  1.418746E+00  3.000000E+01     6  1.741861E-11  8.808900E+01  5.808602E-13  1.740892E-11
  1.418746E+00  4.000000E+01     1  3.228001E-05  3.629854E+01  2.601586E-05  1.910953E-05
  1.418746E+00  4.000000E+01     2  2.703067E-05  3.630789E+01  2.178258E-05  1.600551E-05
  1.418746E+00  4.000000E+01     3  9.438101E-06 -7.509755E+00  9.357147E-06 -1.233513E-06
  1.418746E+00  4.000000E+01     4  2.613087E-05 -1.449511E+02 -2.139236E-05 -1.500631E-05
  1.418746E+00  4.000000E+01     5  3.124712E-05  3.490812E+01  2.562485E-05  1.788154E-05
  1.418746E+00  4.000000E+01     6  7.042143E-12  8.597545E+01  4.942446E-13  7.024777E-12
  1.418746E+00  5.000000E+01     1  2.702733E-05  3.632021E+01  2.177645E-05  1.600822E-05
  1.418746E+00  5.000000E+01     2  3.227874E-05  3.627995E+01  2.602104E-05  1.910034E-05
  1.418746E+00  5.000000E+01     3  9.449426E-06 -7.460656E+00  9.369430E-06 -1.226964E-06
  1.418746E+00  5.000000E+01     4  3.117701E-05 -1.452181E+02 -2.560660E-05 -1.778505E-05
  1.418746E+00  5.000000E+01     5  2.617663E-05  3.521263E+01  2.138678E-05  1.509377E-05
  1.418746E+00  5.000000E+01     6  6.510495E-12 -8.692506E+01  3.492369E-13 -6.501122E-12
  1.418746E+00  6.000000E+01     1  2.097240E-05  3.632583E+01  1.689665E-05  1.242356E-05
  1.418746E+00  6.000000E+01     2  3.655412E-05  3.625365E+01  2.947749E-05  2.161668E-05
  1.418746E+00  6.000000E+01     3  9.472040E-06 -7.482100E+00  9.391391E-06 -1.233415E-06
  1.418746E+00  6.000000E+01     4  3.528704E-05 -1.454689E+02 -2.907012E-05 -2.000259E-05
  1.418746E+00  6.000000E+01     5  2.031634E-05  3.547422E+01  1.654515E-05  1.179031E-05
  1.418746E+00  6.000000E+01     6  1.691358E-11 -8.927819E+01  2.130705E-13 -1.691224E-11
  1.418746E+00  7.000000E+01     1  1.430495E-05  3.628237E+01  1.153137E-05  8.465168E-06
  1.418746E+00  7.000000E+01     2  3.971668E-05  3.623599E+01  3.203504E-05  2.347703E-05
  1.418746E+00  7.000000E+01     3  9.496405E-06 -7.579907E+00  9.413424E-06 -1.252659E-06
  1.418746E+00  7.000000E+01     4  3.833626E-05 -1.456714E+02 -3.165873E-05 -2.161927E-05
  1.418746E+00  7.000000E+01     5  1.384221E-05  3.559427E+01  1.125592E-05  8.056743E-06
  1.418746E+00  7.000000E+01     6  1.936186E-11 -8.957955E+01  1.420791E-13 -1.936134E-11
  1.418746E+00  8.000000E+01     1  7.225973E-06  3.605352E+01  5.841965E-06  4.252779E-06
  1.418746E+00  8.000000E+01     2  4.166220E-05  3.623100E+01  3.360642E-05  2.462412E-05
  1.418746E+00  8.000000E+01     3  9.510110E-06 -7.759103E+00  9.423039E-06 -1.283944E-06
  1.418746E+00  8.000000E+01     4  4.023059E-05 -1.458071E+02 -3.327673E-05 -2.260883E-05
  1.418746E+00  8.000000E+01     5  6.947788E-06  3.527162E+01  5.672339E-06  4.012023E-06
  1.418746E+00  8.000000E+01     6  1.265714E-11 -8.929626E+01  1.554587E-13 -1.265618E-11
  1.418746E+00  9.000000E+01     1  8.791976E-08 -9.599441E+01 -9.181587E-09 -8.743902E-08
  1.418746E+00  9.000000E+01     2  4.232636E-05  3.624077E+01  3.413789E-05  2.502248E-05
  1.418746E+00  9.000000E+01     3  9.503593E-06 -8.017349E+00  9.410704E-06 -1.325494E-06
  1.418746E+00  9.000000E+01     4  4.090902E-05 -1.458645E+02 -3.386092E-05 -2.295617E-05
  1.418746E+00  9.000000E+01     5  2.027549E-07 -1.071747E+02 -5.987088E-08 -1.937138E-07
  1.418746E+00  9.000000E+01     6  2.370060E-13  1.660880E+01  2.271178E-13  6.774473E-14
  1.418746E+00  1.000000E+02     1  7.344157E-06 -1.429382E+02 -5.860531E-06 -4.426152E-06
  1.418746E+00  1.000000E+02     2  4.168666E-05  3.626600E+01  3.361110E-05  2.465911E-05
  1.418746E+00  1.000000E+02     3  9.474983E-06 -8.337817E+00  9.374836E-06 -1.373961E-06
  1.418746E+00  1.000000E+02     4  4.034490E-05 -1.458349E+02 -3.338231E-05 -2.265684E-05
  1.418746E+00  1.000000E+02     5  7.275115E-06 -1.428711E+02 -5.800304E-06 -4.391330E-06
  1.418746E+00  1.000000E+02     6  1.275956E-11  8.865345E+01  2.998450E-13  1.275604E-11
  1.418746E+00  1.100000E+02     1  1.442070E-05 -1.432223E+02 -1.155047E-05 -8.633852E-06
  1.418746E+00  1.100000E+02     2  3.976313E-05  3.630639E+01  3.204360E-05  2.354387E-05
  1.418746E+00  1.100000E+02     3  9.431666E-06 -8.683852E+00  9.323545E-06 -1.424014E-06
  1.418746E+00  1.100000E+02     4  3.854774E-05 -1.457111E+02 -3.184843E-05 -2.171649E-05
  1.418746E+00  1.100000E+02     5  1.417290E-05 -1.435917E+02 -1.140646E-05 -8.412122E-06
  1.418746E+00  1.100000E+02     6  1.937148E-11  8.906784E+01  3.151460E-13  1.936892E-11
  1.418746E+00  1.200000E+02     1  2.108359E-05 -1.433550E+02 -1.691640E-05 -1.258385E-05
  1.418746E+00  1.200000E+02     2  3.661820E-05  3.636079E+01  2.948863E-05  2.170976E-05
  1.418746E+00  1.200000E+02     3  9.387655E-06 -8.999649E+00  9.272087E-06 -1.468496E-06
  1.418746E+00  1.200000E+02     4  3.556574E-05 -1.454895E+02 -2.930695E-05 -2.015005E-05
  1.418746E+00  1.200000E+02     5  2.064835E-05 -1.441010E+02 -1.672623E-05 -1.210734E-05
  1.418746E+00  1.200000E+02     6  1.681030E-11  8.916787E+01  2.441354E-13  1.680853E-11
  1.418746E+00  1.300000E+02     1  2.713103E-05 -1.434543E+02 -2.179659E-05 -1.615555E-05
  1.418746E+00  1.300000E+02     2  3.235528E-05  3.642754E+01  2.603333E-05  1.921275E-05
  1.418746E+00  1.300000E+02     3  9.357946E-06 -9.221511E+00  9.237006E-06 -1.499628E-06
  1.418746E+00  1.300000E+02     4  3.148755E-05 -1.451751E+02 -2.584816E-05 -1.798161E-05
  1.418746E+00  1.300000E+02     5  2.650134E-05 -1.445769E+02 -2.159579E-05 -1.536043E-05
  1.418746E+00  1.300000E+02     6  6.312401E-12  8.905532E+01  1.040724E-13  6.311543E-12
  1.418746E+00  1.400000E+02     1  3.237238E-05 -1.435385E+02 -2.603570E-05 -1.923832E-05
  1.418746E+00  1.400000E+02     2  2.711474E-05  3.650500E+01  2.179496E-05  1.613037E-05
  1.418746E+00  1.400000E+02     3  9.352433E-06 -9.298791E+00  9.229534E-06 -1.511194E-06
  1.418746E+00  1.400000E+02     4  2.644074E-05 -1.447853E+02 -2.160200E-05 -1.524684E-05
  1.418746E+00  1.400000E+02     5  3.154746E-05 -1.450127E+02 -2.584616E-05 -1.808917E-05
  1.418746E+00  1.400000E+02     6  7.243225E-12 -9.037891E+01 -4.790066E-14 -7.243067E-12
  1.418746E+00  1.500000E+02     1  3.663716E-05 -1.436105E+02 -2.949301E-05 -2.173576E-05
  1.418746E+00  1.500000E+02     2  2.106696E-05  3.659394E+01  1.691425E-05  1.255886E-05
  1.418746E+00  1.500000E+02     3  9.372009E-06 -9.214496E+00  9.251070E-06 -1.500748E-06
  1.418746E+00  1.500000E+02     4  2.058605E-05 -1.443470E+02 -1.672745E-05 -1.199908E-05
  1.418746E+00  1.500000E+02     5  3.562517E-05 -1.453796E+02 -2.931716E-05 -2.023998E-05
  1.418746E+00  1.500000E+02     6  1.759429E-11 -9.045931E+01 -1.410442E-13 -1.759373E-11
  1.418746E+00  1.600000E+02     1  3.978434E-05 -1.436697E+02 -3.205088E-05 -2.356979E-05
  1.418746E+00  1.600000E+02     2  1.440302E-05  3.670738E+01  1.154688E-05  8.609095E-06
  1.418746E+00  1.600000E+02     3  9.408308E-06 -8.992314E+00  9.292673E-06 -1.470537E-06
  1.418746E+00  1.600000E+02     4  1.410912E-05 -1.438749E+02 -1.139638E-05 -8.318039E-06
  1.418746E+00  1.600000E+02     5  3.860430E-05 -1.456548E+02 -3.187375E-05 -2.177970E-05
  1.418746E+00  1.600000E+02     6  1.990163E-11 -9.035918E+01 -1.247586E-13 -1.990124E-11
  1.418746E+00  1.700000E+02     1  4.170961E-05 -1.437151E+02 -3.362145E-05 -2.468379E-05
  1.418746E+00  1.700000E+02     2  7.325412E-06  3.693754E+01  5.855137E-06  4.402163E-06
  1.418746E+00  1.700000E+02     3  9.447164E-06 -8.685407E+00  9.338828E-06 -1.426607E-06
  1.418746E+00  1.700000E+02     4  7.212286E-06 -1.432366E+02 -5.777864E-06 -4.316638E-06
  1.418746E+00  1.700000E+02     5  4.039315E-05 -1.458265E+02 -3.341888E-05 -2.268887E-05
  1.418746E+00  1.700000E+02     6  1.299220E-11 -8.997165E+01  6.428026E-15 -1.299220E-11
  1.418746E+00  1.800000E+02     1  4.234962E-05 -1.437457E+02 -3.415076E-05 -2.504428E-05
  1.418746E+00  1.800000E+02     2  6.527161E-08  8.818341E+01  2.069120E-09  6.523881E-08
  1.418746E+00  1.800000E+02     3  9.474495E-06 -8.354972E+00  9.373940E-06 -1.376696E-06
  1.418746E+00  1.800000E+02     4  1.434483E-07 -1.017563E+02 -2.922752E-08 -1.404392E-07
  1.418746E+00  1.800000E+02     5  4.094184E-05 -1.458925E+02 -3.389930E-05 -2.295805E-05
  1.418746E+00  1.800000E+02     6  2.104074E-13 -7.387088E+00  2.086611E-13 -2.705253E-14
  1.418746E+00  1.900000E+02     1  4.168386E-05 -1.437614E+02 -3.362064E-05 -2.464136E-05
  1.418746E+00  1.900000E+02     2  7.244085E-06 -1.438639E+02 -5.850458E-06 -4.271876E-06
  1.418746E+00  1.900000E+02     3  9.482161E-06 -8.051314E+00  9.388695E-06 -1.328071E-06
  1.418746E+00  1.900000E+02     4  6.991591E-06  3.533449E+01  5.703667E-06  4.043578E-06
  1.418746E+00  1.900000E+02     5  4.024167E-05 -1.458562E+02 -3.330527E-05 -2.258653E-05
  1.418746E+00  1.900000E+02     6  1.291912E-11  8.819241E+01  4.075096E-13  1.291269E-11
  1.418746E+00  2.000000E+02     1  3.973483E-05 -1.437628E+02 -3.204918E-05 -2.348843E-05
  1.418746E+00  2.000000E+02     2  1.432129E-05 -1.436930E+02 -1.154090E-05 -8.479797E-06
  1.418746E+00  2.000000E+02     3  9.471093E-06 -7.804898E+00  9.383355E-06 -1.286177E-06
  1.418746E+00  2.000000E+02     4  1.386693E-05  3.557067E+01  1.127934E-05  8.066484E-06
  1.418746E+00  2.000000E+02     5  3.832240E-05 -1.457250E+02 -3.166748E-05 -2.158186E-05
  1.418746E+00  2.000000E+02     6  1.976700E-11  8.846085E+01  5.309405E-13  1.975987E-11
  1.418746E+00  2.100000E+02     1  3.656731E-05 -1.437518E+02 -2.949020E-05 -2.162166E-05
  1.418746E+00  2.100000E+02     2  2.098605E-05 -1.436712E+02 -1.690700E-05 -1.243252E-05
  1.418746E+00  2.100000E+02     3  9.450135E-06 -7.627387E+00  9.366522E-06 -1.254318E-06
  1.418746E+00  2.100000E+02     4  2.031529E-05  3.543281E+01  1.655282E-05  1.177775E-05
  1.418746E+00  2.100000E+02     5  3.524921E-05 -1.455112E+02 -2.905370E-05 -1.995969E-05
  1.418746E+00  2.100000E+02     6  1.739829E-11  8.821798E+01  5.410372E-13  1.738987E-11
  1.418746E+00  2.200000E+02     1  3.228633E-05 -1.437328E+02 -2.603140E-05 -1.909904E-05
  1.418746E+00  2.200000E+02     2  2.703765E-05 -1.436895E+02 -2.178747E-05 -1.601065E-05
  1.418746E+00  2.200000E+02     3  9.431243E-06 -7.518909E+00  9.350150E-06 -1.234110E-06
  1.418746E+00  2.200000E+02     4  2.614492E-05  3.516754E+01  2.137273E-05  1.505867E-05
  1.418746E+00  2.200000E+02     5  3.111993E-05 -1.452360E+02 -2.556527E-05 -1.774450E-05
  1.418746E+00  2.200000E+02     6  7.029834E-12  8.633284E+01  4.496306E-13  7.015440E-12
  1.418746E+00  2.300000E+02     1  2.703283E-05 -1.437134E+02 -2.179025E-05 -1.599872E-05
  1.418746E+00  2.300000E+02     2  3.228659E-05 -1.437199E+02 -2.602732E-05 -1.910503E-05
  1.418746E+00  2.300000E+02     3  9.423471E-06 -7.477028E+00  9.343344E-06 -1.226264E-06
  1.418746E+00  2.300000E+02     4  3.118310E-05  3.486447E+01  2.558594E-05  1.782542E-05
  1.418746E+00  2.300000E+02     5  2.606169E-05 -1.449347E+02 -2.133144E-05 -1.497268E-05
  1.418746E+00  2.300000E+02     6  6.508658E-12 -8.726307E+01  3.107906E-13 -6.501234E-12
  1.418746E+00  2.400000E+02     1  2.097669E-05 -1.437077E+02 -1.690738E-05 -1.241621E-05
  1.418746E+00  2.400000E+02     2  3.656335E-05 -1.437492E+02 -2.948603E-05 -2.162065E-05
  1.418746E+00  2.400000E+02     3  9.428690E-06 -7.503060E+00  9.347960E-06 -1.231190E-06
  1.418746E+00  2.400000E+02     4  3.528072E-05  3.457971E+01  2.904793E-05  2.002365E-05
  1.418746E+00  2.400000E+02     5  2.022671E-05 -1.446622E+02 -1.650006E-05 -1.169905E-05
  1.418746E+00  2.400000E+02     6  1.690486E-11 -8.934176E+01  1.942074E-13 -1.690375E-11
  1.418746E+00  2.500000E+02     1  1.430781E-05 -1.437474E+02 -1.153807E-05 -8.460873E-06
  1.418746E+00  2.500000E+02     2  3.972731E-05 -1.437697E+02 -3.204595E-05 -2.348013E-05
  1.418746E+00  2.500000E+02     3  9.441015E-06 -7.602899E+00  9.358018E-06 -1.249108E-06
  1.418746E+00  2.500000E+02     4  3.831646E-05  3.434990E+01  3.163434E-05  2.161988E-05
  1.418746E+00  2.500000E+02     5  1.378785E-05 -1.445069E+02 -1.122586E-05 -8.005301E-06
  1.418746E+00  2.500000E+02     6  1.934541E-11 -8.954862E+01  1.524023E-13 -1.934481E-11
  1.418746E+00  2.600000E+02     1  7.227327E-06 -1.439612E+02 -5.844149E-06 -4.252078E-06
  1.418746E+00  2.600000E+02     2  4.167374E-05 -1.437768E+02 -3.361908E-05 -2.462637E-05
  1.418746E+00  2.600000E+02     3  9.450191E-06 -7.782425E+00  9.363149E-06 -1.279666E-06
  1.418746E+00  2.600000E+02     4  4.019957E-05  3.419716E+01  3.324940E-05  2.259386E-05
  1.418746E+00  2.600000E+02     5  6.934461E-06 -1.447113E+02 -5.660265E-06 -4.006014E-06
  1.418746E+00  2.600000E+02     6  1.263361E-11 -8.910575E+01  1.971725E-13 -1.263207E-11
  1.418746E+00  2.700000E+02     1  8.521964E-08  8.218323E+01  1.159035E-08  8.442778E-08
  1.418746E+00  2.700000E+02     2  4.233805E-05 -1.437683E+02 -3.415127E-05 -2.502402E-05
  1.418746E+00  2.700000E+02     3  9.447249E-06 -8.039913E+00  9.354391E-06 -1.321320E-06
  1.418746E+00  2.700000E+02     4  4.087115E-05  3.413410E+01  3.383014E-05  2.293410E-05
  1.418746E+00  2.700000E+02     5  1.621403E-07  7.082334E+01  5.326014E-08  1.531432E-07
  1.418746E+00  2.700000E+02     6  3.119823E-13  1.851958E+01  2.958263E-13  9.909451E-14
  1.418746E+00  2.800000E+02     1  7.345596E-06  3.699070E+01  5.867171E-06  4.419738E-06
  1.418746E+00  2.800000E+02     2  4.169782E-05 -1.437435E+02 -3.362419E-05 -2.466013E-05
  1.418746E+00  2.800000E+02     3  9.429523E-06 -8.358299E+00  9.329366E-06 -1.370703E-06
  1.418746E+00  2.800000E+02     4  4.030492E-05  3.416796E+01  3.334808E-05  2.263608E-05
  1.418746E+00  2.800000E+02     5  7.205963E-06  3.671215E+01  5.776652E-06  4.307689E-06
  1.418746E+00  2.800000E+02     6  1.280016E-11  8.826161E+01  3.883059E-13  1.279427E-11
  1.418746E+00  2.900000E+02     1  1.442329E-05  3.672491E+01  1.156050E-05  8.624750E-06
  1.418746E+00  2.900000E+02     2  3.977340E-05 -1.437032E+02 -3.205581E-05 -2.354459E-05
  1.418746E+00  2.900000E+02     3  9.402323E-06 -8.700180E+00  9.294135E-06 -1.422232E-06
  1.418746E+00  2.900000E+02     4  3.850919E-05  3.430239E+01  3.181147E-05  2.170225E-05
  1.418746E+00  2.900000E+02     5  1.407317E-05  3.611019E+01  1.136950E-05  8.293884E-06
  1.418746E+00  2.900000E+02     6  1.941800E-11  8.877014E+01  4.167783E-13  1.941352E-11
  1.418746E+00  3.000000E+02     1  2.108689E-05  3.660194E+01  1.692850E-05  1.257310E-05
  1.418746E+00  3.000000E+02     2  3.662769E-05 -1.436489E+02 -2.949993E-05 -2.171040E-05
  1.418746E+00  3.000000E+02     3  9.376417E-06 -9.009654E+00  9.260730E-06 -1.468355E-06
  1.418746E+00  3.000000E+02     4  3.553020E-05  3.453614E+01  2.926867E-05  2.014299E-05
  1.418746E+00  3.000000E+02     5  2.053030E-05  3.565719E+01  1.668126E-05  1.196781E-05
  1.418746E+00  3.000000E+02     6  1.686246E-11  8.879737E+01  3.539137E-13  1.685874E-11
  1.418746E+00  3.100000E+02     1  2.713442E-05  3.651115E+01  2.180905E-05  1.614442E-05
  1.418746E+00  3.100000E+02     2  3.236443E-05 -1.435828E+02 -2.604417E-05 -1.921348E-05
  1.418746E+00  3.100000E+02     3  9.362788E-06 -9.224555E+00  9.241705E-06 -1.500894E-06
  1.418746E+00  3.100000E+02     4  3.145487E-05  3.485988E+01  2.581037E-05  1.797870E-05
  1.418746E+00  3.100000E+02     5  2.637999E-05  3.522744E+01  2.154899E-05  1.521660E-05
  1.418746E+00  3.100000E+02     6  6.369910E-12  8.804816E+01  2.169553E-13  6.366214E-12
  1.418746E+00  3.200000E+02     1  3.237515E-05  3.643540E+01  2.604668E-05  1.922812E-05
  1.418746E+00  3.200000E+02     2  2.712412E-05 -1.435070E+02 -2.180589E-05 -1.613136E-05
  1.418746E+00  3.200000E+02     3  9.367506E-06 -9.297021E+00  9.244455E-06 -1.513344E-06
  1.418746E+00  3.200000E+02     4  2.641007E-05  3.525410E+01  2.156647E-05  1.524399E-05
  1.418746E+00  3.200000E+02     5  3.143844E-05  3.483767E+01  2.580384E-05  1.795931E-05
  1.418746E+00  3.200000E+02     6  7.185799E-12 -8.951201E+01  6.120119E-14 -7.185538E-12
  1.418746E+00  3.300000E+02     1  3.663867E-05  3.637206E+01  2.950084E-05  2.172770E-05
  1.418746E+00  3.300000E+02     2  2.107689E-05 -1.434213E+02 -1.692556E-05 -1.256028E-05
  1.418746E+00  3.300000E+02     3  9.389088E-06 -9.212277E+00  9.267987E-06 -1.503124E-06
  1.418746E+00  3.300000E+02     4  2.055722E-05  3.569380E+01  1.669547E-05  1.199418E-05
  1.418746E+00  3.300000E+02     5  3.554243E-05  3.451815E+01  2.928507E-05  2.014073E-05
  1.418746E+00  3.300000E+02     6  1.753544E-11 -9.014458E+01 -4.425034E-14 -1.753538E-11
  1.418746E+00  3.400000E+02     1  3.978416E-05  3.632154E+01  3.205433E-05  2.356480E-05
  1.418746E+00  3.400000E+02     2  1.441345E-05 -1.433135E+02 -1.155839E-05 -8.611106E-06
  1.418746E+00  3.400000E+02     3  9.419282E-06 -8.993923E+00  9.303471E-06 -1.472513E-06
  1.418746E+00  3.400000E+02     4  1.408352E-05  3.617495E+01  1.136848E-05  8.312835E-06
  1.418746E+00  3.400000E+02     5  3.855829E-05  3.429070E+01  3.185646E-05  2.172343E-05
  1.418746E+00  3.400000E+02     6  1.984451E-11 -9.013764E+01 -4.767051E-14 -1.984445E-11
  1.418746E+00  3.500000E+02     1  4.170756E-05  3.628470E+01  3.361989E-05  2.468244E-05
  1.418746E+00  3.500000E+02     2  7.335875E-06 -1.430972E+02 -5.866169E-06 -4.404898E-06
  1.418746E+00  3.500000E+02     3  9.446762E-06 -8.692637E+00  9.338250E-06 -1.427725E-06
  1.418746E+00  3.500000E+02     4  7.192916E-06  3.687773E+01  5.753743E-06  4.316536E-06
  1.418746E+00  3.500000E+02     5  4.038962E-05  3.416529E+01  3.341921E-05  2.268209E-05
  1.418746E+00  3.500000E+02     6  1.293960E-11 -8.972868E+01  6.127529E-14 -1.293945E-11
  1.384554E+00  0.000000E+00     1  3.875904E-05  3.909347E+01  3.008160E-05  2.444096E-05
  1.384554E+00  0.000000E+00     2  5.879038E-08 -9.591460E+01 -6.058116E-09 -5.847742E-08
  1.384554E+00  0.000000E+00     3  7.652763E-06 -4.214240E+00  7.632072E-06 -5.623715E-07
  1.384554E+00  0.000000E+00     4  1.302433E-07  9.650969E+01 -1.476585E-08  1.294036E-07
  1.384554E+00  0.000000E+00     5  3.532250E-05  3.679786E+01  2.828462E-05  2.115795E-05
  1.384554E+00  0.000000E+00     6  2.616346E-13  1.453110E+01  2.532653E-13  6.564554E-14
  1.384554E+00  1.000000E+01     1  3.814953E-05  3.908807E+01  2.961081E-05  2.405382E-05
  1.384554E+00  1.000000E+01     2  6.625791E-06  3.907567E+01  5.143695E-06  4.176542E-06
  1.384554E+00  1.000000E+01     3  7.655318E-06 -3.878950E+00  7.637781E-06 -5.178726E-07
  1.384554E+00  1.000000E+01     4  6.075008E-06 -1.421477E+02 -4.796794E-06 -3.727799E-06
  1.384554E+00  1.000000E+01     5  3.475982E-05  3.688195E+01  2.780347E-05  2.086174E-05
  1.384554E+00  1.000000E+01     6  1.456134E-11  8.789726E+01  5.342763E-13  1.455154E-11
  1.384554E+00  2.000000E+01     1  3.636617E-05  3.909958E+01  2.822201E-05  2.293506E-05
  1.384554E+00  2.000000E+01     2  1.310412E-05  3.921554E+01  1.015272E-05  8.284941E-06
  1.384554E+00  2.000000E+01     3  7.645104E-06 -3.579024E+00  7.630193E-06 -4.772466E-07
  1.384554E+00  2.000000E+01     4  1.201912E-05 -1.418079E+02 -9.446331E-06 -7.431429E-06
  1.384554E+00  2.000000E+01     5  3.314821E-05  3.706106E+01  2.645207E-05  1.997729E-05
  1.384554E+00  2.000000E+01     6  2.220217E-11  8.816464E+01  7.110811E-13  2.219078E-11
  1.384554E+00  3.000000E+01     1  3.346786E-05  3.912559E+01  2.596318E-05  2.111897E-05
  1.384554E+00  3.000000E+01     2  1.920517E-05  3.921974E+01  1.487876E-05  1.214335E-05
  1.384554E+00  3.000000E+01     3  7.632786E-06 -3.346112E+00  7.619773E-06 -4.455064E-07
  1.384554E+00  3.000000E+01     4  1.758472E-05 -1.419235E+02 -1.384248E-05 -1.084473E-05
  1.384554E+00  3.000000E+01     5  3.053698E-05  3.732142E+01  2.428444E-05  1.851413E-05
  1.384554E+00  3.000000E+01     6  1.951064E-11  8.788503E+01  7.200346E-13  1.949734E-11
  1.384554E+00  4.000000E+01     1  2.955028E-05  3.916127E+01  2.291244E-05  1.866116E-05
  1.384554E+00  4.000000E+01     2  2.474461E-05  3.918721E+01  1.917919E-05  1.563504E-05
  1.384554E+00  4.000000E+01     3  7.629490E-06 -3.202669E+00  7.617574E-06 -4.262445E-07
  1.384554E+00  4.000000E+01     4  2.260740E-05 -1.421808E+02 -1.785870E-05 -1.386222E-05
  1.384554E+00  4.000000E+01     5  2.700284E-05  3.764025E+01  2.138249E-05  1.649067E-05
  1.384554E+00  4.000000E+01     6  7.877541E-12  8.584032E+01  5.714082E-13  7.856790E-12
  1.384554E+00  5.000000E+01     1  2.474232E-05  3.919797E+01  1.917448E-05  1.563719E-05
  1.384554E+00  5.000000E+01     2  2.954842E-05  3.914497E+01  2.291631E-05  1.865347E-05
  1.384554E+00  5.000000E+01     3  7.641095E-06 -3.160022E+00  7.629477E-06 -4.212141E-07
  1.384554E+00  5.000000E+01     4  2.694145E-05 -1.424761E+02 -2.136724E-05 -1.640984E-05
  1.384554E+00  5.000000E+01     5  2.264848E-05  3.797899E+01  1.785236E-05  1.393725E-05
  1.384554E+00  5.000000E+01     6  7.292937E-12 -8.730281E+01  3.431867E-13 -7.284858E-12
  1.384554E+00  6.000000E+01     1  1.919975E-05  3.922017E+01  1.487447E-05  1.214004E-05
  1.384554E+00  6.000000E+01     2  3.346132E-05  3.910638E+01  2.596519E-05  2.110614E-05
  1.384554E+00  6.000000E+01     3  7.665035E-06 -3.217520E+00  7.652952E-06 -4.302140E-07
  1.384554E+00  6.000000E+01     4  3.046216E-05 -1.427516E+02 -2.424846E-05 -1.843788E-05
  1.384554E+00  6.000000E+01     5  1.760060E-05  3.827551E+01  1.381719E-05  1.090258E-05
  1.384554E+00  6.000000E+01     6  1.894175E-11 -8.956471E+01  1.439026E-13 -1.894120E-11
  1.384554E+00  7.000000E+01     1  1.309676E-05  3.919474E+01  1.015002E-05  8.276605E-06
  1.384554E+00  7.000000E+01     2  3.635509E-05  3.907912E+01  2.822159E-05  2.291799E-05
  1.384554E+00  7.000000E+01     3  7.691015E-06 -3.364113E+00  7.677761E-06 -4.513174E-07
  1.384554E+00  7.000000E+01     4  3.306844E-05 -1.429743E+02 -2.640069E-05 -1.991294E-05
  1.384554E+00  7.000000E+01     5  1.200762E-05  3.842379E+01  9.407195E-06  7.462414E-06
  1.384554E+00  7.000000E+01     6  2.168463E-11 -8.983737E+01  6.155179E-14 -2.168455E-11
  1.384554E+00  8.000000E+01     1  6.617649E-06  3.899276E+01  5.143406E-06  4.163971E-06
  1.384554E+00  8.000000E+01     2  3.813475E-05  3.906758E+01  2.960794E-05  2.403391E-05
  1.384554E+00  8.000000E+01     3  7.705388E-06 -3.582340E+00  7.690332E-06 -4.814550E-07
  1.384554E+00  8.000000E+01     4  3.468495E-05 -1.431262E+02 -2.774654E-05 -2.081286E-05
  1.384554E+00  8.000000E+01     5  6.037467E-06  3.811041E+01  4.750417E-06  3.726196E-06
  1.384554E+00  8.000000E+01     6  1.415612E-11 -8.950477E+01  1.223545E-13 -1.415559E-11
  1.384554E+00  9.000000E+01     1  7.433212E-08 -9.281260E+01 -3.647438E-09 -7.424258E-08
  1.384554E+00  9.000000E+01     2  3.874196E-05  3.907400E+01  3.007664E-05  2.441997E-05
  1.384554E+00  9.000000E+01     3  7.697454E-06 -3.852609E+00  7.680060E-06 -5.171923E-07
  1.384554E+00  9.000000E+01     4  3.526305E-05 -1.431967E+02 -2.823500E-05 -2.112505E-05
  1.384554E+00  9.000000E+01     5  1.672381E-07 -1.009236E+02 -3.169170E-08 -1.642078E-07
  1.384554E+00  9.000000E+01     6  3.132073E-13  2.701451E+01  2.790338E-13  1.422638E-13
  1.384554E+00  1.000000E+02     1  6.717135E-06 -1.400724E+02 -5.151072E-06 -4.311190E-06
  1.384554E+00  1.000000E+02     2  3.815634E-05  3.909919E+01  2.961143E-05  2.406387E-05
  1.384554E+00  1.000000E+02     3  7.664916E-06 -4.154244E+00  7.644777E-06 -5.552597E-07
  1.384554E+00  1.000000E+02     4  3.478117E-05 -1.431760E+02 -2.784163E-05 -2.084642E-05
  1.384554E+00  1.000000E+02     5  6.295447E-06 -1.399972E+02 -4.822391E-06 -4.046874E-06
  1.384554E+00  1.000000E+02     6  1.440710E-11  8.827111E+01  4.346650E-13  1.440054E-11
  1.384554E+00  1.100000E+02     1  1.319447E-05 -1.403469E+02 -1.015871E-05 -8.419891E-06
  1.384554E+00  1.100000E+02     2  3.639596E-05  3.914285E+01  2.822778E-05  2.297517E-05
  1.384554E+00  1.100000E+02     3  7.615810E-06 -4.461592E+00  7.592732E-06 -5.924400E-07
  1.384554E+00  1.100000E+02     4  3.324597E-05 -1.430538E+02 -2.657019E-05 -1.998298E-05
  1.384554E+00  1.100000E+02     5  1.226917E-05 -1.407640E+02 -9.503049E-06 -7.760454E-06
  1.384554E+00  1.100000E+02     6  2.183202E-11  8.871127E+01  4.910167E-13  2.182650E-11
  1.384554E+00  1.200000E+02     1  1.929399E-05 -1.404853E+02 -1.488457E-05 -1.227630E-05
  1.384554E+00  1.200000E+02     2  3.351740E-05  3.920373E+01  2.597274E-05  2.118567E-05
  1.384554E+00  1.200000E+02     3  7.565781E-06 -4.738830E+00  7.539918E-06 -6.250389E-07
  1.384554E+00  1.200000E+02     4  3.069500E-05 -1.428227E+02 -2.445683E-05 -1.854848E-05
  1.384554E+00  1.200000E+02     5  1.786485E-05 -1.413206E+02 -1.394629E-05 -1.116485E-05
  1.384554E+00  1.200000E+02     6  1.896147E-11  8.879707E+01  3.980686E-13  1.895729E-11
  1.384554E+00  1.300000E+02     1  2.483065E-05 -1.405945E+02 -1.918596E-05 -1.576262E-05
  1.384554E+00  1.300000E+02     2  2.961486E-05  3.927972E+01  2.292380E-05  1.874937E-05
  1.384554E+00  1.300000E+02     3  7.531811E-06 -4.941375E+00  7.503818E-06 -6.487630E-07
  1.384554E+00  1.300000E+02     4  2.719896E-05 -1.424844E+02 -2.157388E-05 -1.656354E-05
  1.384554E+00  1.300000E+02     5  2.290913E-05 -1.418432E+02 -1.801398E-05 -1.415360E-05
  1.384554E+00  1.300000E+02     6  7.202465E-12  8.856414E+01  1.804789E-13  7.200203E-12
  1.384554E+00  1.400000E+02     1  2.962932E-05 -1.406890E+02 -2.292477E-05 -1.877103E-05
  1.384554E+00  1.400000E+02     2  2.481686E-05  3.936822E+01  1.918555E-05  1.574137E-05
  1.384554E+00  1.400000E+02     3  7.525276E-06 -5.028330E+00  7.496315E-06 -6.595777E-07
  1.384554E+00  1.400000E+02     4  2.286157E-05 -1.420559E+02 -1.802888E-05 -1.405741E-05
  1.384554E+00  1.400000E+02     5  2.724610E-05 -1.423184E+02 -2.156310E-05 -1.665481E-05
  1.384554E+00  1.400000E+02     6  7.982979E-12 -9.051768E+01 -7.212735E-14 -7.982653E-12
  1.384554E+00  1.500000E+02     1  3.353350E-05 -1.407698E+02 -2.597541E-05 -2.120786E-05
  1.384554E+00  1.500000E+02     2  1.927982E-05  3.946811E+01  1.488361E-05  1.225519E-05
  1.384554E+00  1.500000E+02     3  7.547335E-06 -4.979706E+00  7.518847E-06 -6.551305E-07
  1.384554E+00  1.500000E+02     4  1.781594E-05 -1.415669E+02 -1.395584E-05 -1.107439E-05
  1.384554E+00  1.500000E+02     5  3.074187E-05 -1.427125E+02 -2.445842E-05 -1.862387E-05
  1.384554E+00  1.500000E+02     6  1.960081E-11 -9.072094E+01 -2.466250E-13 -1.959925E-11
  1.384554E+00  1.600000E+02     1  3.641405E-05 -1.408350E+02 -2.823294E-05 -2.299749E-05
  1.384554E+00  1.600000E+02     2  1.317930E-05  3.958907E+01  1.015643E-05  8.398866E-06
  1.384554E+00  1.600000E+02     3  7.588535E-06 -4.805445E+00  7.561861E-06 -6.357109E-07
  1.384554E+00  1.600000E+02     4  1.221896E-05 -1.410363E+02 -9.500781E-06 -7.683622E-06
  1.384554E+00  1.600000E+02     5  3.329028E-05 -1.430014E+02 -2.658728E-05 -2.003395E-05
  1.384554E+00  1.600000E+02     6  2.223021E-11 -9.066981E+01 -2.598744E-13 -2.222869E-11
  1.384554E+00  1.700000E+02     1  3.817592E-05 -1.408833E+02 -2.961925E-05 -2.408529E-05
  1.384554E+00  1.700000E+02     2  6.701010E-06  3.981439E+01  5.147198E-06  4.290674E-06
  1.384554E+00  1.700000E+02     3  7.632804E-06 -4.539811E+00  7.608857E-06 -6.041499E-07
  1.384554E+00  1.700000E+02     4  6.245866E-06 -1.403229E+02 -4.807162E-06 -3.987735E-06
  1.384554E+00  1.700000E+02     5  3.481784E-05 -1.431746E+02 -2.787050E-05 -2.086906E-05
  1.384554E+00  1.700000E+02     6  1.452881E-11 -9.038947E+01 -9.876031E-14 -1.452848E-11
  1.384554E+00  1.800000E+02     1  3.876172E-05 -1.409134E+02 -3.008662E-05 -2.443903E-05
  1.384554E+00  1.800000E+02     2  5.513387E-08  9.171313E+01 -1.648248E-09  5.510923E-08
  1.384554E+00  1.800000E+02     3  7.664239E-06 -4.227378E+00  7.643387E-06 -5.649674E-07
  1.384554E+00  1.800000E+02     4  1.237825E-07 -9.347774E+01 -7.508747E-09 -1.235545E-07
  1.384554E+00  1.800000E+02     5  3.528571E-05 -1.432327E+02 -2.826642E-05 -2.112087E-05
  1.384554E+00  1.800000E+02     6  1.739562E-13 -7.918257E+00  1.722976E-13 -2.396423E-14
  1.384554E+00  1.900000E+02     1  3.815293E-05 -1.409252E+02 -2.961903E-05 -2.404910E-05
  1.384554E+00  1.900000E+02     2  6.633040E-06 -1.409302E+02 -5.149753E-06 -4.180581E-06
  1.384554E+00  1.900000E+02     3  7.673761E-06 -3.911190E+00  7.655889E-06 -5.234283E-07
  1.384554E+00  1.900000E+02     4  6.072029E-06  3.812986E+01  4.776339E-06  3.749149E-06
  1.384554E+00  1.900000E+02     5  3.468823E-05 -1.431813E+02 -2.776918E-05 -2.078812E-05
  1.384554E+00  1.900000E+02     6  1.445983E-11  8.825601E+01  4.400656E-13  1.445313E-11
  1.384554E+00  2.000000E+02     1  3.637000E-05 -1.409193E+02 -2.823254E-05 -2.292817E-05
  1.384554E+00  2.000000E+02     2  1.311039E-05 -1.407811E+02 -1.015709E-05 -8.289507E-06
  1.384554E+00  2.000000E+02     3  7.662534E-06 -3.627551E+00  7.647182E-06 -4.848117E-07
  1.384554E+00  2.000000E+02     4  1.202656E-05  3.838792E+01  9.426711E-06  7.468283E-06
  1.384554E+00  2.000000E+02     5  3.305010E-05 -1.430290E+02 -2.640504E-05 -1.987669E-05
  1.384554E+00  2.000000E+02     6  2.209470E-11  8.845942E+01  5.940168E-13  2.208671E-11
  1.384554E+00  2.100000E+02     1  3.347175E-05 -1.408979E+02 -2.597486E-05 -2.111078E-05
  1.384554E+00  2.100000E+02     2  1.921080E-05 -1.407754E+02 -1.488208E-05 -1.214818E-05
  1.384554E+00  2.100000E+02     3  7.640511E-06 -3.405118E+00  7.627022E-06 -4.538123E-07
  1.384554E+00  2.100000E+02     4  1.759794E-05  3.823458E+01  1.382289E-05  1.089106E-05
  1.384554E+00  2.100000E+02     5  3.042379E-05 -1.427879E+02 -2.422956E-05 -1.839933E-05
  1.384554E+00  2.100000E+02     6  1.939895E-11  8.829728E+01  5.764151E-13  1.939038E-11
  1.384554E+00  2.200000E+02     1  2.955389E-05 -1.408655E+02 -2.292397E-05 -1.865273E-05
  1.384554E+00  2.200000E+02     2  2.475025E-05 -1.408092E+02 -1.918259E-05 -1.563980E-05
  1.384554E+00  2.200000E+02     3  7.620974E-06 -3.264677E+00  7.608606E-06 -4.340033E-07
  1.384554E+00  2.200000E+02     4  2.261943E-05  3.794163E+01  1.783853E-05  1.390775E-05
  1.384554E+00  2.200000E+02     5  2.688778E-05 -1.424793E+02 -2.132559E-05 -1.637596E-05
  1.384554E+00  2.200000E+02     6  7.760082E-12  8.699017E+01  4.074612E-13  7.749378E-12
  1.384554E+00  2.300000E+02     1  2.474540E-05 -1.408306E+02 -1.918465E-05 -1.562958E-05
  1.384554E+00  2.300000E+02     2  2.955478E-05 -1.408542E+02 -2.292095E-05 -1.865783E-05
  1.384554E+00  2.300000E+02     3  7.613833E-06 -3.218240E+00  7.601825E-06 -4.274357E-07
  1.384554E+00  2.300000E+02     4  2.694532E-05  3.760884E+01  2.134597E-05  1.644385E-05
  1.384554E+00  2.300000E+02     5  2.254482E-05 -1.421406E+02 -1.779956E-05 -1.383634E-05
  1.384554E+00  2.300000E+02     6  7.392471E-12 -8.865137E+01  1.739876E-13 -7.390424E-12
  1.384554E+00  2.400000E+02     1  1.920213E-05 -1.408081E+02 -1.488231E-05 -1.213420E-05
  1.384554E+00  2.400000E+02     2  3.346882E-05 -1.408958E+02 -2.597182E-05 -2.110986E-05
  1.384554E+00  2.400000E+02     3  7.620916E-06 -3.268137E+00  7.608522E-06 -4.344595E-07
  1.384554E+00  2.400000E+02     4  3.045327E-05  3.729769E+01  2.422551E-05  1.845335E-05
  1.384554E+00  2.400000E+02     5  1.751994E-05 -1.418318E+02 -1.377417E-05 -1.082684E-05
  1.384554E+00  2.400000E+02     6  1.904257E-11 -9.003739E+01 -1.242815E-14 -1.904257E-11
  1.384554E+00  2.500000E+02     1  1.309843E-05 -1.408301E+02 -1.015490E-05 -8.273263E-06
  1.384554E+00  2.500000E+02     2  3.636371E-05 -1.409259E+02 -2.823028E-05 -2.292097E-05
  1.384554E+00  2.500000E+02     3  7.635390E-06 -3.407367E+00  7.621892E-06 -4.538073E-07
  1.384554E+00  2.500000E+02     4  3.304593E-05  3.704675E+01  2.637542E-05  1.990906E-05
  1.384554E+00  2.500000E+02     5  1.195866E-05 -1.416506E+02 -9.378477E-06 -7.419815E-06
  1.384554E+00  2.500000E+02     6  2.177926E-11 -9.017832E+01 -6.778260E-14 -2.177915E-11
  1.384554E+00  2.600000E+02     1  6.618619E-06 -1.410186E+02 -5.144987E-06 -4.163558E-06
  1.384554E+00  2.600000E+02     2  3.814406E-05 -1.409394E+02 -2.961809E-05 -2.403618E-05
  1.384554E+00  2.600000E+02     3  7.645554E-06 -3.621879E+00  7.630283E-06 -4.829820E-07
  1.384554E+00  2.600000E+02     4  3.465159E-05  3.687797E+01  2.771834E-05  2.079486E-05
  1.384554E+00  2.600000E+02     5  6.025203E-06 -1.418592E+02 -4.738792E-06 -3.721146E-06
  1.384554E+00  2.600000E+02     6  1.424065E-11 -8.989481E+01  2.614574E-14 -1.424063E-11
  1.384554E+00  2.700000E+02     1  7.184026E-08  8.568173E+01  5.409330E-09  7.163632E-08
  1.384554E+00  2.700000E+02     2  3.875127E-05 -1.409340E+02 -3.008726E-05 -2.442166E-05
  1.384554E+00  2.700000E+02     3  7.641193E-06 -3.893492E+00  7.623557E-06 -5.188521E-07
  1.384554E+00  2.700000E+02     4  3.522379E-05  3.680346E+01  2.820352E-05  2.110158E-05
  1.384554E+00  2.700000E+02     5  1.332247E-07  7.893948E+01  2.555861E-08  1.307501E-07
  1.384554E+00  2.700000E+02     6  2.260812E-13  1.796498E+01  2.150587E-13  6.973149E-14
  1.384554E+00  2.800000E+02     1  6.717426E-06  3.986589E+01  5.155939E-06  4.305822E-06
  1.384554E+00  2.800000E+02     2  3.816506E-05 -1.409089E+02 -2.962161E-05 -2.406516E-05
  1.384554E+00  2.800000E+02     3  7.619263E-06 -4.200457E+00  7.598797E-06 -5.580817E-07
  1.384554E+00  2.800000E+02     4  3.474112E-05  3.683113E+01  2.780699E-05  2.082586E-05
  1.384554E+00  2.800000E+02     5  6.233897E-06  3.964678E+01  4.800055E-06  3.977555E-06
  1.384554E+00  2.800000E+02     6  1.434897E-11  8.840541E+01  3.992912E-13  1.434341E-11
  1.384554E+00  2.900000E+02     1  1.319535E-05  3.960740E+01  1.016611E-05  8.412349E-06
  1.384554E+00  2.900000E+02     2  3.640379E-05 -1.408650E+02 -2.823699E-05 -2.297625E-05
  1.384554E+00  2.900000E+02     3  7.585907E-06 -4.514086E+00  7.562376E-06 -5.970426E-07
  1.384554E+00  2.900000E+02     4  3.320866E-05  3.696694E+01  2.653314E-05  1.997017E-05
  1.384554E+00  2.900000E+02     5  1.217991E-05  3.898139E+01  9.468057E-06  7.661992E-06
  1.384554E+00  2.900000E+02     6  2.179268E-11  8.873340E+01  4.817169E-13  2.178736E-11
  1.384554E+00  3.000000E+02     1  1.929527E-05  3.947747E+01  1.489353E-05  1.226744E-05
  1.384554E+00  3.000000E+02     2  3.352449E-05 -1.408039E+02 -2.598106E-05 -2.118669E-05
  1.384554E+00  3.000000E+02     3  7.553718E-06 -4.795007E+00  7.527281E-06 -6.314228E-07
  1.384554E+00  3.000000E+02     4  3.066154E-05  3.721285E+01  2.441867E-05  1.854342E-05
  1.384554E+00  3.000000E+02     5  1.775881E-05  3.847149E+01  1.390369E-05  1.104820E-05
  1.384554E+00  3.000000E+02     6  1.894267E-11  8.874742E+01  4.140838E-13  1.893815E-11
  1.384554E+00  3.100000E+02     1  2.483199E-05  3.937566E+01  1.919521E-05  1.575347E-05
  1.384554E+00  3.100000E+02     2  2.962167E-05 -1.407283E+02 -2.293170E-05 -1.875047E-05
  1.384554E+00  3.100000E+02     3  7.535787E-06 -4.996265E+00  7.507153E-06 -6.562977E-07
  1.384554E+00  3.100000E+02     4  2.716840E-05  3.756199E+01  2.153623E-05  1.656238E-05
  1.384554E+00  3.100000E+02     5  2.279992E-05  3.798743E+01  1.796966E-05  1.403309E-05
  1.384554E+00  3.100000E+02     6  7.205600E-12  8.824619E+01  2.205275E-13  7.202225E-12
  1.384554E+00  3.200000E+02     1  2.963032E-05  3.928846E+01  2.293291E-05  1.876266E-05
  1.384554E+00  3.200000E+02     2  2.482393E-05 -1.406413E+02 -1.919364E-05 -1.574267E-05
  1.384554E+00  3.200000E+02     3  7.539659E-06 -5.076601E+00  7.510083E-06 -6.671657E-07
  1.384554E+00  3.200000E+02     4  2.283222E-05  3.799486E+01  1.799330E-05  1.405530E-05
  1.384554E+00  3.200000E+02     5  2.714802E-05  3.755160E+01  2.152308E-05  1.654606E-05
  1.384554E+00  3.200000E+02     6  7.959327E-12 -9.008950E+01 -1.243252E-14 -7.959318E-12
  1.384554E+00  3.300000E+02     1  3.353377E-05  3.921526E+01  2.598117E-05  2.120125E-05
  1.384554E+00  3.300000E+02     2  1.928750E-05 -1.405445E+02 -1.489222E-05 -1.225680E-05
  1.384554E+00  3.300000E+02     3  7.564038E-06 -5.017000E+00  7.535059E-06 -6.614851E-07
  1.384554E+00  3.300000E+02     4  1.778702E-05  3.848332E+01  1.392349E-05  1.106863E-05
  1.384554E+00  3.300000E+02     5  3.066771E-05  3.719862E+01  2.442819E-05  1.854108E-05
  1.384554E+00  3.300000E+02     6  1.955636E-11 -9.051238E+01 -1.748858E-13 -1.955558E-11
  1.384554E+00  3.400000E+02     1  3.641336E-05  3.915753E+01  2.823539E-05  2.299339E-05
  1.384554E+00  3.400000E+02     2  1.318756E-05 -1.404289E+02 -1.016542E-05 -8.400946E-06
  1.384554E+00  3.400000E+02     3  7.599511E-06 -4.828414E+00  7.572542E-06 -6.396661E-07
  1.384554E+00  3.400000E+02     4  1.219172E-05  3.901934E+01  9.472155E-06  7.675695E-06
  1.384554E+00  3.400000E+02     5  3.324952E-05  3.695149E+01  2.657118E-05  1.998757E-05
  1.384554E+00  3.400000E+02     6  2.216747E-11 -9.047519E+01 -1.838477E-13 -2.216671E-11
  1.384554E+00  3.500000E+02     1  3.817420E-05  3.911666E+01  2.961794E-05  2.408416E-05
  1.384554E+00  3.500000E+02     2  6.709454E-06 -1.402159E+02 -5.155955E-06 -4.293356E-06
  1.384554E+00  3.500000E+02     3  7.632807E-06 -4.545695E+00  7.608798E-06 -6.049315E-07
  1.384554E+00  3.500000E+02     4  6.223645E-06  3.979207E+01  4.782075E-06  3.983154E-06
  1.384554E+00  3.500000E+02     5  3.481565E-05  3.681861E+01  2.787120E-05  2.086445E-05
  1.384554E+00  3.500000E+02     6  1.445105E-11 -9.008709E+01 -2.196487E-14 -1.445103E-11
  1.352721E+00  0.000000E+00     1  3.557412E-05  4.214517E+01  2.637633E-05  2.387064E-05
  1.352721E+00  0.000000E+00     2  5.049780E-08 -9.150132E+01 -1.323043E-09 -5.048046E-08
  1.352721E+00  0.000000E+00     3  6.228636E-06  7.506484E-02  6.228631E-06  8.160312E-09
  1.352721E+00  0.000000E+00     4  1.172043E-07  1.046076E+02 -2.955861E-08  1.134158E-07
  1.352721E+00  0.000000E+00     5  3.067310E-05  3.970756E+01  2.359728E-05  1.959610E-05
  1.352721E+00  0.000000E+00     6  2.155459E-13  1.889662E+01  2.039290E-13  6.980706E-14
  1.352721E+00  1.000000E+01     1  3.501601E-05  4.214233E+01  2.596368E-05  2.349485E-05
  1.352721E+00  1.000000E+01     2  6.085430E-06  4.221450E+01  4.507080E-06  4.088850E-06
  1.352721E+00  1.000000E+01     3  6.232189E-06  4.505532E-01  6.231997E-06  4.900717E-08
  1.352721E+00  1.000000E+01     4  5.320588E-06 -1.391996E+02 -4.027637E-06 -3.476607E-06
  1.352721E+00  1.000000E+01     5  3.019192E-05  3.979861E+01  2.319643E-05  1.932558E-05
  1.352721E+00  1.000000E+01     6  1.617980E-11  8.790085E+01  5.926480E-13  1.616894E-11
  1.352721E+00  2.000000E+01     1  3.338126E-05  4.215947E+01  2.474484E-05  2.240538E-05
  1.352721E+00  2.000000E+01     2  1.203235E-05  4.233886E+01  8.894007E-06  8.103958E-06
  1.352721E+00  2.000000E+01     3  6.221795E-06  8.262085E-01  6.221148E-06  8.971553E-08
  1.352721E+00  2.000000E+01     4  1.051101E-05 -1.388269E+02 -7.911891E-06 -6.919781E-06
  1.352721E+00  2.000000E+01     5  2.880955E-05  3.998537E+01  2.207413E-05  1.851279E-05
  1.352721E+00  2.000000E+01     6  2.464244E-11  8.808997E+01  8.213340E-13  2.462875E-11
  1.352721E+00  3.000000E+01     1  3.072316E-05  4.219416E+01  2.276196E-05  2.063506E-05
  1.352721E+00  3.000000E+01     2  1.763304E-05  4.232913E+01  1.303591E-05  1.187389E-05
  1.352721E+00  3.000000E+01     3  6.208702E-06  1.137175E+00  6.207479E-06  1.232187E-07
  1.352721E+00  3.000000E+01     4  1.535747E-05 -1.389450E+02 -1.158075E-05 -1.008653E-05
  1.352721E+00  3.000000E+01     5  2.656501E-05  4.025541E+01  2.027366E-05  1.716620E-05
  1.352721E+00  3.000000E+01     6  2.160426E-11  8.788664E+01  7.966932E-13  2.158957E-11
  1.352721E+00  4.000000E+01     1  2.712881E-05  4.224142E+01  2.008397E-05  1.823751E-05
  1.352721E+00  4.000000E+01     2  2.271796E-05  4.228246E+01  1.680759E-05  1.528433E-05
  1.352721E+00  4.000000E+01     3  6.204695E-06  1.324600E+00  6.203037E-06  1.434312E-07
  1.352721E+00  4.000000E+01     4  1.971639E-05 -1.392136E+02 -1.492826E-05 -1.287956E-05
  1.352721E+00  4.000000E+01     5  2.351905E-05  4.058775E+01  1.786061E-05  1.530177E-05
  1.352721E+00  4.000000E+01     6  8.642760E-12  8.641576E+01  5.403105E-13  8.625854E-12
  1.352721E+00  5.000000E+01     1  2.271620E-05  4.229206E+01  1.680372E-05  1.528596E-05
  1.352721E+00  5.000000E+01     2  2.712692E-05  4.222704E+01  2.008714E-05  1.823119E-05
  1.352721E+00  5.000000E+01     3  6.216111E-06  1.355545E+00  6.214372E-06  1.470515E-07
  1.352721E+00  5.000000E+01     4  2.346480E-05 -1.395203E+02 -1.784818E-05 -1.523284E-05
  1.352721E+00  5.000000E+01     5  1.975397E-05  4.094408E+01  1.492115E-05  1.294521E-05
  1.352721E+00  5.000000E+01     6  8.209700E-12 -8.876150E+01  1.774462E-13 -8.207782E-12
  1.352721E+00  6.000000E+01     1  1.762846E-05  4.232965E+01  1.303241E-05  1.187092E-05
  1.352721E+00  6.000000E+01     2  3.071720E-05  4.217726E+01  2.276363E-05  2.062434E-05
  1.352721E+00  6.000000E+01     3  6.240517E-06  1.235427E+00  6.239066E-06  1.345493E-07
  1.352721E+00  6.000000E+01     4  2.650034E-05 -1.398046E+02 -2.024223E-05 -1.710322E-05
  1.352721E+00  6.000000E+01     5  1.537343E-05  4.125947E+01  1.155668E-05  1.013831E-05
  1.352721E+00  6.000000E+01     6  2.117125E-11 -9.033014E+01 -1.219878E-13 -2.117090E-11
  1.352721E+00  7.000000E+01     1  1.202595E-05  4.232044E+01  8.891880E-06  8.096789E-06
  1.352721E+00  7.000000E+01     2  3.337142E-05  4.214137E+01  2.474463E-05  2.239096E-05
  1.352721E+00  7.000000E+01     3  6.267377E-06  1.004721E+00  6.266414E-06  1.098972E-07
  1.352721E+00  7.000000E+01     4  2.874166E-05 -1.400342E+02 -2.202842E-05 -1.846163E-05
  1.352721E+00  7.000000E+01     5  1.050264E-05  4.142106E+01  7.875591E-06  6.948415E-06
  1.352721E+00  7.000000E+01     6  2.423125E-11 -9.052757E+01 -2.231134E-13 -2.423023E-11
  1.352721E+00  8.000000E+01     1  6.078209E-06  4.214022E+01  4.507023E-06  4.078158E-06
  1.352721E+00  8.000000E+01     2  3.500314E-05  4.212393E+01  2.596168E-05  2.347788E-05
  1.352721E+00  8.000000E+01     3  6.282485E-06  7.207487E-01  6.281988E-06  7.902805E-08
  1.352721E+00  8.000000E+01     4  3.012890E-05 -1.401940E+02 -2.314553E-05 -1.928821E-05
  1.352721E+00  8.000000E+01     5  5.288493E-06  4.109908E+01  3.985270E-06  3.476460E-06
  1.352721E+00  8.000000E+01     6  1.584301E-11 -9.032327E+01 -8.938833E-14 -1.584275E-11
  1.352721E+00  9.000000E+01     1  6.379647E-08 -8.914745E+01  9.492409E-10 -6.378941E-08
  1.352721E+00  9.000000E+01     2  3.555954E-05  4.212724E+01  2.637298E-05  2.385260E-05
  1.352721E+00  9.000000E+01     3  6.274465E-06  4.344375E-01  6.274285E-06  4.757482E-08
  1.352721E+00  9.000000E+01     4  3.062365E-05 -1.402752E+02 -2.355336E-05 -1.957159E-05
  1.352721E+00  9.000000E+01     5  1.436701E-07 -9.480963E+01 -1.204605E-08 -1.431642E-07
  1.352721E+00  9.000000E+01     6  2.280046E-13  2.841785E+01  2.005301E-13  1.085070E-13
  1.352721E+00  1.000000E+02     1  6.162759E-06 -1.369794E+02 -4.505649E-06 -4.204608E-06
  1.352721E+00  1.000000E+02     2  3.502220E-05  4.215215E+01  2.596425E-05  2.350346E-05
  1.352721E+00  1.000000E+02     3  6.240593E-06  1.748885E-01  6.240564E-06  1.904863E-08
  1.352721E+00  1.000000E+02     4  3.020871E-05 -1.402674E+02 -2.323158E-05 -1.930958E-05
  1.352721E+00  1.000000E+02     5  5.499493E-06 -1.369368E+02 -4.017936E-06 -3.755078E-06
  1.352721E+00  1.000000E+02     6  1.602757E-11  8.824445E+01  4.910088E-13  1.602005E-11
  1.352721E+00  1.100000E+02     1  1.210916E-05 -1.372496E+02 -8.891972E-06 -8.219764E-06
  1.352721E+00  1.100000E+02     2  3.340740E-05  4.219851E+01  2.474894E-05  2.243980E-05
  1.352721E+00  1.100000E+02     3  6.189041E-06 -5.042425E-02  6.189039E-06 -5.446783E-09
  1.352721E+00  1.100000E+02     4  2.888888E-05 -1.401564E+02 -2.218077E-05 -1.850893E-05
  1.352721E+00  1.100000E+02     5  1.071583E-05 -1.377523E+02 -7.932338E-06 -7.204649E-06
  1.352721E+00  1.100000E+02     6  2.431303E-11  8.852684E+01  6.250558E-13  2.430500E-11
  1.352721E+00  1.200000E+02     1  1.770897E-05 -1.373956E+02 -1.303460E-05 -1.198777E-05
  1.352721E+00  1.200000E+02     2  3.076633E-05  4.226518E+01  2.276832E-05  2.069229E-05
  1.352721E+00  1.200000E+02     3  6.136195E-06 -2.421977E-01  6.136140E-06 -2.593852E-08
  1.352721E+00  1.200000E+02     4  2.669329E-05 -1.399289E+02 -2.042694E-05 -1.718348E-05
  1.352721E+00  1.200000E+02     5  1.558825E-05 -1.383494E+02 -1.164771E-05 -1.035974E-05
  1.352721E+00  1.200000E+02     6  2.112963E-11  8.858658E+01  5.211897E-13  2.112320E-11
  1.352721E+00  1.300000E+02     1  2.279196E-05 -1.375155E+02 -1.680815E-05 -1.539348E-05
  1.352721E+00  1.300000E+02     2  2.718475E-05  4.234990E+01  2.009074E-05  1.831318E-05
  1.352721E+00  1.300000E+02     3  6.100105E-06 -3.940634E-01  6.099961E-06 -4.195439E-08
  1.352721E+00  1.300000E+02     4  2.367797E-05 -1.395812E+02 -1.802664E-05 -1.535208E-05
  1.352721E+00  1.300000E+02     5  1.996586E-05 -1.389076E+02 -1.504727E-05 -1.312307E-05
  1.352721E+00  1.300000E+02     6  8.071135E-12  8.847770E+01  2.144185E-13  8.068286E-12
  1.352721E+00  1.400000E+02     1  2.719689E-05 -1.376205E+02 -2.009025E-05 -1.833174E-05
  1.352721E+00  1.400000E+02     2  2.278032E-05  4.244937E+01  1.680901E-05  1.537531E-05
  1.352721E+00  1.400000E+02     3  6.093040E-06 -4.876426E-01  6.092819E-06 -5.185705E-08
  1.352721E+00  1.400000E+02     4  1.992650E-05 -1.391274E+02 -1.506775E-05 -1.303949E-05
  1.352721E+00  1.400000E+02     5  2.371726E-05 -1.394087E+02 -1.801018E-05 -1.543185E-05
  1.352721E+00  1.400000E+02     6  8.791969E-12 -9.103364E+01 -1.586028E-13 -8.790538E-12
  1.352721E+00  1.500000E+02     1  3.077986E-05 -1.377096E+02 -2.276922E-05 -2.071140E-05
  1.352721E+00  1.500000E+02     2  1.769687E-05  4.256088E+01  1.303479E-05  1.196969E-05
  1.352721E+00  1.500000E+02     3  6.116395E-06 -5.000299E-01  6.116162E-06 -5.337813E-08
  1.352721E+00  1.500000E+02     4  1.554824E-05 -1.385984E+02 -1.166262E-05 -1.028256E-05
  1.352721E+00  1.500000E+02     5  2.673234E-05 -1.398163E+02 -2.042296E-05 -1.724879E-05
  1.352721E+00  1.500000E+02     6  2.171201E-11 -9.111717E+01 -4.233221E-13 -2.170788E-11
  1.352721E+00  1.600000E+02     1  3.342264E-05 -1.377804E+02 -2.475198E-05 -2.245912E-05
  1.352721E+00  1.600000E+02     2  1.209607E-05  4.269116E+01  8.890844E-06  8.201694E-06
  1.352721E+00  1.600000E+02     3  6.160149E-06 -4.149675E-01  6.159987E-06 -4.461479E-08
  1.352721E+00  1.600000E+02     4  1.067532E-05 -1.380150E+02 -7.935172E-06 -7.141106E-06
  1.352721E+00  1.600000E+02     5  2.892529E-05 -1.401065E+02 -2.219257E-05 -1.855161E-05
  1.352721E+00  1.600000E+02     6  2.466141E-11 -9.104490E+01 -4.497224E-13 -2.465731E-11
  1.352721E+00  1.700000E+02     1  3.503867E-05 -1.378311E+02 -2.596958E-05 -2.352211E-05
  1.352721E+00  1.700000E+02     2  6.148772E-06  4.291664E+01  4.503024E-06  4.186905E-06
  1.352721E+00  1.700000E+02     3  6.207143E-06 -2.293070E-01  6.207093E-06 -2.484192E-08
  1.352721E+00  1.700000E+02     4  5.460081E-06 -1.372210E+02 -4.007583E-06 -3.708336E-06
  1.352721E+00  1.700000E+02     5  3.023774E-05 -1.402723E+02 -2.325558E-05 -1.932613E-05
  1.352721E+00  1.700000E+02     6  1.611313E-11 -9.076250E+01 -2.144295E-13 -1.611170E-11
  1.352721E+00  1.800000E+02     1  3.557605E-05 -1.378606E+02 -2.638017E-05 -2.386926E-05
  1.352721E+00  1.800000E+02     2  4.745751E-08  9.585136E+01 -4.838204E-09  4.721025E-08
  1.352721E+00  1.800000E+02     3  6.240453E-06  4.491333E-02  6.240451E-06  4.891800E-09
  1.352721E+00  1.800000E+02     4  1.132100E-07 -8.617258E+01  7.556929E-09 -1.129575E-07
  1.352721E+00  1.800000E+02     5  3.063967E-05 -1.403187E+02 -2.358052E-05 -1.956395E-05
  1.352721E+00  1.800000E+02     6  1.887232E-13  7.950339E+00  1.869093E-13  2.610320E-14
  1.352721E+00  1.900000E+02     1  3.501814E-05 -1.378688E+02 -2.596982E-05 -2.349124E-05
  1.352721E+00  1.900000E+02     2  6.091444E-06 -1.377888E+02 -4.511768E-06 -4.092632E-06
  1.352721E+00  1.900000E+02     3  6.250551E-06  3.787312E-01  6.250415E-06  4.131651E-08
  1.352721E+00  1.900000E+02     4  5.315179E-06  4.106920E+01  4.007202E-06  3.491914E-06
  1.352721E+00  1.900000E+02     5  3.012760E-05 -1.402545E+02 -2.316487E-05 -1.926294E-05
  1.352721E+00  1.900000E+02     6  1.614317E-11  8.793041E+01  5.829846E-13  1.613264E-11
  1.352721E+00  2.000000E+02     1  3.338341E-05 -1.378563E+02 -2.475260E-05 -2.240003E-05
  1.352721E+00  2.000000E+02     2  1.203749E-05 -1.376564E+02 -8.897142E-06 -8.108150E-06
  1.352721E+00  2.000000E+02     3  6.238859E-06  7.254464E-01  6.238359E-06  7.899075E-08
  1.352721E+00  2.000000E+02     4  1.051644E-05  4.136945E+01  7.892202E-06  6.950436E-06
  1.352721E+00  2.000000E+02     5  2.872182E-05 -1.400891E+02 -2.203086E-05 -1.842781E-05
  1.352721E+00  2.000000E+02     6  2.461457E-11  8.812436E+01  8.056415E-13  2.460138E-11
  1.352721E+00  2.100000E+02     1  3.072517E-05 -1.378253E+02 -2.277046E-05 -2.062867E-05
  1.352721E+00  2.100000E+02     2  1.763758E-05 -1.376650E+02 -1.303805E-05 -1.187828E-05
  1.352721E+00  2.100000E+02     3  6.216049E-06  1.025675E+00  6.215053E-06  1.112700E-07
  1.352721E+00  2.100000E+02     4  1.536919E-05  4.121653E+01  1.156109E-05  1.012686E-05
  1.352721E+00  2.100000E+02     5  2.646416E-05 -1.398334E+02 -2.022317E-05 -1.706972E-05
  1.352721E+00  2.100000E+02     6  2.158548E-11  8.796351E+01  7.670599E-13  2.157185E-11
  1.352721E+00  2.200000E+02     1  2.713053E-05 -1.377807E+02 -2.009227E-05 -1.823092E-05
  1.352721E+00  2.200000E+02     2  2.272245E-05 -1.377131E+02 -1.680973E-05 -1.528864E-05
  1.352721E+00  2.200000E+02     3  6.196153E-06  1.221167E+00  6.194746E-06  1.320510E-07
  1.352721E+00  2.200000E+02     4  1.972717E-05  4.091263E+01  1.490801E-05  1.291947E-05
  1.352721E+00  2.200000E+02     5  2.341692E-05 -1.395071E+02 -1.780826E-05 -1.520586E-05
  1.352721E+00  2.200000E+02     6  8.632161E-12  8.668588E+01  4.990252E-13  8.617725E-12
  1.352721E+00  2.300000E+02     1  2.271756E-05 -1.377313E+02 -1.681097E-05 -1.528002E-05
  1.352721E+00  2.300000E+02     2  2.713195E-05 -1.377713E+02 -2.009036E-05 -1.823514E-05
  1.352721E+00  2.300000E+02     3  6.189512E-06  1.273638E+00  6.187983E-06  1.375765E-07
  1.352721E+00  2.300000E+02     4  2.346732E-05  4.056734E+01  1.782676E-05  1.526177E-05
  1.352721E+00  2.300000E+02     5  1.966228E-05 -1.391477E+02 -1.487253E-05 -1.286131E-05
  1.352721E+00  2.300000E+02     6  8.208112E-12 -8.904947E+01  1.361655E-13 -8.206982E-12
  1.352721E+00  2.400000E+02     1  1.762948E-05 -1.376933E+02 -1.303793E-05 -1.186638E-05
  1.352721E+00  2.400000E+02     2  3.072315E-05 -1.378243E+02 -2.276859E-05 -2.062773E-05
  1.352721E+00  2.400000E+02     3  6.197902E-06  1.179100E+00  6.196589E-06  1.275387E-07
  1.352721E+00  2.400000E+02     4  2.648985E-05  4.024603E+01  2.021910E-05  1.711432E-05
  1.352721E+00  2.400000E+02     5  1.530225E-05 -1.388188E+02 -1.151695E-05 -1.007566E-05
  1.352721E+00  2.400000E+02     6  2.116265E-11 -9.040162E+01 -1.483390E-13 -2.116213E-11
  1.352721E+00  2.500000E+02     1  1.202672E-05 -1.376994E+02 -8.895256E-06 -8.094224E-06
  1.352721E+00  2.500000E+02     2  3.337827E-05 -1.378629E+02 -2.475137E-05 -2.239372E-05
  1.352721E+00  2.500000E+02     3  6.213964E-06  9.684058E-01  6.213077E-06  1.050226E-07
  1.352721E+00  2.500000E+02     4  2.871750E-05  3.998719E+01  2.200301E-05  1.845433E-05
  1.352721E+00  2.500000E+02     5  1.045937E-05 -1.386264E+02 -7.848877E-06 -6.913282E-06
  1.352721E+00  2.500000E+02     6  2.421547E-11 -9.052973E+01 -2.238822E-13 -2.421444E-11
  1.352721E+00  2.600000E+02     1  6.078817E-06 -1.378682E+02 -4.508070E-06 -4.077907E-06
  1.352721E+00  2.600000E+02     2  3.501051E-05 -1.378821E+02 -2.596963E-05 -2.348007E-05
  1.352721E+00  2.600000E+02     3  6.225166E-06  6.923152E-01  6.224711E-06  7.521797E-08
  1.352721E+00  2.600000E+02     4  3.009435E-05  3.981073E+01  2.311738E-05  1.926802E-05
  1.352721E+00  2.600000E+02     5  5.277321E-06 -1.388560E+02 -3.974129E-06 -3.472236E-06
  1.352721E+00  2.600000E+02     6  1.582084E-11 -9.022597E+01 -6.239696E-14 -1.582072E-11
  1.352721E+00  2.700000E+02     1  6.165459E-08  8.966951E+01  3.556332E-10  6.165356E-08
  1.352721E+00  2.700000E+02     2  3.556684E-05 -1.378796E+02 -2.638124E-05 -2.385436E-05
  1.352721E+00  2.700000E+02     3  6.220482E-06  3.996019E-01  6.220330E-06  4.338358E-08
  1.352721E+00  2.700000E+02     4  3.058429E-05  3.972697E+01  2.352234E-05  1.954733E-05
  1.352721E+00  2.700000E+02     5  1.158845E-07  8.655006E+01  6.973525E-09  1.156745E-07
  1.352721E+00  2.700000E+02     6  2.850032E-13  2.856475E+01  2.503118E-13  1.362748E-13
  1.352721E+00  2.800000E+02     1  6.162374E-06  4.296888E+01  4.509157E-06  4.200281E-06
  1.352721E+00  2.800000E+02     2  3.502895E-05 -1.378545E+02 -2.597198E-05 -2.350497E-05
  1.352721E+00  2.800000E+02     3  6.196506E-06  1.215141E-01  6.196492E-06  1.314167E-08
  1.352721E+00  2.800000E+02     4  3.017007E-05  3.974419E+01  2.319797E-05  1.928957E-05
  1.352721E+00  2.800000E+02     5  5.445886E-06  4.276586E+01  3.998014E-06  3.697778E-06
  1.352721E+00  2.800000E+02     6  1.606286E-11  8.801496E+01  5.563932E-13  1.605323E-11
  1.352721E+00  2.900000E+02     1  1.210896E-05  4.271219E+01  8.897300E-06  8.213699E-06
  1.352721E+00  2.900000E+02     2  3.341339E-05 -1.378075E+02 -2.475573E-05 -2.244122E-05
  1.352721E+00  2.900000E+02     3  6.159743E-06 -1.287561E-01  6.159728E-06 -1.384227E-08
  1.352721E+00  2.900000E+02     4  2.885449E-05  3.987153E+01  2.214535E-05  1.849770E-05
  1.352721E+00  2.900000E+02     5  1.063746E-05  4.203561E+01  7.900750E-06  7.122764E-06
  1.352721E+00  2.900000E+02     6  2.435341E-11  8.835073E+01  7.009208E-13  2.434332E-11
  1.352721E+00  3.000000E+02     1  1.770890E-05  4.257323E+01  1.304107E-05  1.198064E-05
  1.352721E+00  3.000000E+02     2  3.077173E-05 -1.377403E+02 -2.277428E-05 -2.069376E-05
  1.352721E+00  3.000000E+02     3  6.123810E-06 -3.438963E-01  6.123700E-06 -3.675564E-08
  1.352721E+00  3.000000E+02     4  2.666374E-05  4.011597E+01  2.039088E-05  1.718043E-05
  1.352721E+00  3.000000E+02     5  1.549462E-05  4.147629E+01  1.160903E-05  1.026224E-05
  1.352721E+00  3.000000E+02     6  2.117497E-11  8.836263E+01  6.050443E-13  2.116632E-11
  1.352721E+00  3.100000E+02     1  2.279190E-05  4.245948E+01  1.681483E-05  1.538610E-05
  1.352721E+00  3.100000E+02     2  2.718998E-05 -1.376557E+02 -2.009639E-05 -1.831476E-05
  1.352721E+00  3.100000E+02     3  6.103083E-06 -5.093728E-01  6.102842E-06 -5.425711E-08
  1.352721E+00  3.100000E+02     4  2.365144E-05  4.047536E+01  1.799130E-05  1.535265E-05
  1.352721E+00  3.100000E+02     5  1.986909E-05  4.094949E+01  1.500688E-05  1.302208E-05
  1.352721E+00  3.100000E+02     6  8.121268E-12  8.785764E+01  3.035930E-13  8.115591E-12
  1.352721E+00  3.200000E+02     1  2.719662E-05  4.236065E+01  2.009608E-05  1.832495E-05
  1.352721E+00  3.200000E+02     2  2.278589E-05 -1.375575E+02 -1.681495E-05 -1.537707E-05
  1.352721E+00  3.200000E+02     3  6.106086E-06 -6.010497E-01  6.105750E-06 -6.405348E-08
  1.352721E+00  3.200000E+02     4  1.990036E-05  4.093240E+01  1.503439E-05  1.303808E-05
  1.352721E+00  3.200000E+02     5  2.363027E-05  4.048125E+01  1.797362E-05  1.534075E-05
  1.352721E+00  3.200000E+02     6  8.740344E-12 -9.045911E+01 -7.003534E-14 -8.740063E-12
  1.352721E+00  3.300000E+02     1  3.077921E-05  4.227784E+01  2.277327E-05  2.070598E-05
  1.352721E+00  3.300000E+02     2  1.770308E-05 -1.374488E+02 -1.304139E-05 -1.197169E-05
  1.352721E+00  3.300000E+02     3  6.131738E-06 -5.943300E-01  6.131408E-06 -6.360347E-08
  1.352721E+00  3.300000E+02     4  1.552098E-05  4.145780E+01  1.163210E-05  1.027595E-05
  1.352721E+00  3.300000E+02     5  2.666670E-05  4.010877E+01  2.039530E-05  1.717977E-05
  1.352721E+00  3.300000E+02     6  2.165851E-11 -9.091197E+01 -3.447205E-13 -2.165576E-11
  1.352721E+00  3.400000E+02     1  3.342151E-05  4.221337E+01  2.475357E-05  2.245570E-05
  1.352721E+00  3.400000E+02     2  1.210288E-05 -1.373236E+02 -8.897953E-06 -8.204025E-06
  1.352721E+00  3.400000E+02     3  6.169975E-06 -4.752550E-01  6.169763E-06 -5.117790E-08
  1.352721E+00  3.400000E+02     4  1.064795E-05  4.204138E+01  7.907825E-06  7.130585E-06
  1.352721E+00  3.400000E+02     5  2.888954E-05  3.985429E+01  2.217783E-05  1.851350E-05
  1.352721E+00  3.400000E+02     6  2.460867E-11 -9.090892E+01 -3.903661E-13 -2.460558E-11
  1.352721E+00  3.500000E+02     1  3.503710E-05  4.216888E+01  2.596842E-05  2.352104E-05
  1.352721E+00  3.500000E+02     2  6.155803E-06 -1.371091E+02 -4.510055E-06 -4.189668E-06
  1.352721E+00  3.500000E+02     3  6.206362E-06 -2.458151E-01  6.206305E-06 -2.662697E-08
  1.352721E+00  3.500000E+02     4  5.436237E-06  4.288555E+01  3.983210E-06  3.699556E-06
  1.352721E+00  3.500000E+02     5  3.023644E-05  3.972268E+01  2.325626E-05  1.932328E-05
  1.352721E+00  3.500000E+02     6  1.606375E-11 -9.063637E+01 -1.784131E-13 -1.606275E-11
  1.322987E+00  0.000000E+00     1  3.272883E-05  4.539600E+01  2.298227E-05  2.330218E-05
  1.322987E+00  0.000000E+00     2  4.454128E-08 -8.646263E+01  2.748176E-09 -4.445642E-08
  1.322987E+00  0.000000E+00     3  5.098145E-06  4.485527E+00  5.082530E-06  3.987120E-07
  1.322987E+00  0.000000E+00     4  1.096612E-07  1.101859E+02 -3.784050E-08  1.029256E-07
  1.322987E+00  0.000000E+00     5  2.680532E-05  4.285782E+01  1.964947E-05  1.823248E-05
  1.322987E+00  0.000000E+00     6  2.062942E-13  2.543479E+01  1.862991E-13  8.859998E-14
  1.322987E+00  1.000000E+01     1  3.221681E-05  4.539529E+01  2.262301E-05  2.293735E-05
  1.322987E+00  1.000000E+01     2  5.603134E-06  4.553346E+01  3.924955E-06  3.998731E-06
  1.322987E+00  1.000000E+01     3  5.102347E-06  4.913017E+00  5.083600E-06  4.369817E-07
  1.322987E+00  1.000000E+01     4  4.688611E-06 -1.361388E+02 -3.380587E-06 -3.248800E-06
  1.322987E+00  1.000000E+01     5  2.639193E-05  4.295204E+01  1.931689E-05  1.798309E-05
  1.322987E+00  1.000000E+01     6  1.790648E-11  8.761836E+01  7.441125E-13  1.789101E-11
  1.322987E+00  2.000000E+01     1  3.071527E-05  4.541695E+01  2.156035E-05  2.187645E-05
  1.322987E+00  2.000000E+01     2  1.107641E-05  4.564866E+01  7.743037E-06  7.920375E-06
  1.322987E+00  2.000000E+01     3  5.092490E-06  5.401609E+00  5.069876E-06  4.793880E-07
  1.322987E+00  2.000000E+01     4  9.253423E-06 -1.357177E+02 -6.624606E-06 -6.460684E-06
  1.322987E+00  2.000000E+01     5  2.519965E-05  4.313582E+01  1.838907E-05  1.722976E-05
  1.322987E+00  2.000000E+01     6  2.723778E-11  8.777211E+01  1.058849E-12  2.721720E-11
  1.322987E+00  3.000000E+01     1  2.827236E-05  4.545872E+01  1.983088E-05  2.015099E-05
  1.322987E+00  3.000000E+01     2  1.623079E-05  4.562806E+01  1.135041E-05  1.160202E-05
  1.322987E+00  3.000000E+01     3  5.079702E-06  5.833329E+00  5.053398E-06  5.162755E-07
  1.322987E+00  3.000000E+01     4  1.350276E-05 -1.358212E+02 -9.683756E-06 -9.410064E-06
  1.322987E+00  3.000000E+01     5  2.325935E-05  4.339948E+01  1.689980E-05  1.598106E-05
  1.322987E+00  3.000000E+01     6  2.384248E-11  8.760898E+01  9.946867E-13  2.382173E-11
  1.322987E+00  4.000000E+01     1  2.496729E-05  4.551568E+01  1.749493E-05  1.781272E-05
  1.322987E+00  4.000000E+01     2  2.090988E-05  4.556973E+01  1.463777E-05  1.493181E-05
  1.322987E+00  4.000000E+01     3  5.075553E-06  6.090027E+00  5.046909E-06  5.384705E-07
  1.322987E+00  4.000000E+01     4  1.731048E-05 -1.360813E+02 -1.246916E-05 -1.200719E-05
  1.322987E+00  4.000000E+01     5  2.061902E-05  4.372590E+01  1.490043E-05  1.425205E-05
  1.322987E+00  4.000000E+01     6  9.504109E-12  8.644205E+01  5.898057E-13  9.485791E-12
  1.322987E+00  5.000000E+01     1  2.090814E-05  4.557839E+01  1.463430E-05  1.493278E-05
  1.322987E+00  5.000000E+01     2  2.496590E-05  4.550345E+01  1.749776E-05  1.780799E-05
  1.322987E+00  5.000000E+01     3  5.086280E-06  6.102568E+00  5.057457E-06  5.407155E-07
  1.322987E+00  5.000000E+01     4  2.057285E-05 -1.363784E+02 -1.489292E-05 -1.419306E-05
  1.322987E+00  5.000000E+01     5  1.734416E-05  4.407932E+01  1.245965E-05  1.206552E-05
  1.322987E+00  5.000000E+01     6  9.103298E-12 -8.976275E+01  3.769488E-14 -9.103220E-12
  1.322987E+00  6.000000E+01     1  1.622664E-05  4.562960E+01  1.134720E-05  1.159936E-05
  1.322987E+00  6.000000E+01     2  2.826749E-05  4.544462E+01  1.983242E-05  2.014264E-05
  1.322987E+00  6.000000E+01     3  5.109695E-06  5.882524E+00  5.082788E-06  5.236882E-07
  1.322987E+00  6.000000E+01     4  2.320619E-05 -1.366513E+02 -1.687530E-05 -1.592958E-05
  1.322987E+00  6.000000E+01     5  1.351900E-05  4.439410E+01  9.659932E-06  9.457755E-06
  1.322987E+00  6.000000E+01     6  2.343251E-11 -9.098661E+01 -4.034767E-13 -2.342904E-11
  1.322987E+00  7.000000E+01     1  1.107073E-05  4.563473E+01  7.740991E-06  7.914430E-06
  1.322987E+00  7.000000E+01     2  3.070713E-05  4.540183E+01  2.156041E-05  2.186497E-05
  1.322987E+00  7.000000E+01     3  5.135772E-06  5.516513E+00  5.111986E-06  4.937153E-07
  1.322987E+00  7.000000E+01     4  2.514513E-05 -1.368712E+02 -1.835139E-05 -1.719023E-05
  1.322987E+00  7.000000E+01     5  9.248944E-06  4.455203E+01  6.590923E-06  6.488659E-06
  1.322987E+00  7.000000E+01     6  2.683322E-11 -9.113528E+01 -5.316504E-13 -2.682796E-11
  1.322987E+00  8.000000E+01     1  5.596811E-06  4.547264E+01  3.924762E-06  3.990054E-06
  1.322987E+00  8.000000E+01     2  3.220618E-05  4.537955E+01  2.262185E-05  2.292357E-05
  1.322987E+00  8.000000E+01     3  5.150708E-06  5.125435E+00  5.130113E-06  4.601460E-07
  1.322987E+00  8.000000E+01     4  2.634202E-05 -1.370279E+02 -1.927408E-05 -1.795583E-05
  1.322987E+00  8.000000E+01     5  4.663082E-06  4.420516E+01  3.342720E-06  3.251239E-06
  1.322987E+00  8.000000E+01     6  1.755665E-11 -9.096527E+01 -2.957640E-13 -1.755416E-11
  1.322987E+00  9.000000E+01     1  5.535436E-08 -8.510734E+01  4.721134E-09 -5.515266E-08
  1.322987E+00  9.000000E+01     2  3.271690E-05  4.537994E+01  2.298043E-05  2.328724E-05
  1.322987E+00  9.000000E+01     3  5.143153E-06  4.811338E+00  5.125030E-06  4.313822E-07
  1.322987E+00  9.000000E+01     4  2.676648E-05 -1.371160E+02 -1.961270E-05 -1.821501E-05
  1.322987E+00  9.000000E+01     5  1.273694E-07 -8.904925E+01  2.113426E-09 -1.273519E-07
  1.322987E+00  9.000000E+01     6  2.161387E-13  3.354685E+01  1.801374E-13  1.194423E-13
  1.322987E+00  1.000000E+02     1  5.669145E-06 -1.336895E+02 -3.915961E-06 -4.099324E-06
  1.322987E+00  1.000000E+02     2  3.222274E-05  4.540387E+01  2.262375E-05  2.294496E-05
  1.322987E+00  1.000000E+02     3  5.110078E-06  4.619213E+00  5.093480E-06  4.115307E-07
  1.322987E+00  1.000000E+02     4  2.640507E-05 -1.371250E+02 -1.935068E-05 -1.796604E-05
  1.322987E+00  1.000000E+02     5  4.841284E-06 -1.337331E+02 -3.346777E-06 -3.498159E-06
  1.322987E+00  1.000000E+02     6  1.776390E-11  8.788403E+01  6.558817E-13  1.775179E-11
  1.322987E+00  1.100000E+02     1  1.114199E-05 -1.339580E+02 -7.733993E-06 -8.020550E-06
  1.322987E+00  1.100000E+02     2  3.073833E-05  4.545146E+01  2.156335E-05  2.190587E-05
  1.322987E+00  1.100000E+02     3  5.059247E-06  4.530164E+00  5.043441E-06  3.995991E-07
  1.322987E+00  1.100000E+02     4  2.526175E-05 -1.370358E+02 -1.848604E-05 -1.721691E-05
  1.322987E+00  1.100000E+02     5  9.427111E-06 -1.345933E+02 -6.618487E-06 -6.713125E-06
  1.322987E+00  1.100000E+02     6  2.693395E-11  8.810627E+01  8.900537E-13  2.691924E-11
  1.322987E+00  1.200000E+02     1  1.629571E-05 -1.341119E+02 -1.134282E-05 -1.170003E-05
  1.322987E+00  1.200000E+02     2  2.830994E-05  4.552199E+01  1.983495E-05  2.019969E-05
  1.322987E+00  1.200000E+02     3  5.006743E-06  4.485608E+00  4.991408E-06  3.915708E-07
  1.322987E+00  1.200000E+02     4  2.335979E-05 -1.368274E+02 -1.703619E-05 -1.598274E-05
  1.322987E+00  1.200000E+02     5  1.369636E-05 -1.352185E+02 -9.721657E-06 -9.647785E-06
  1.322987E+00  1.200000E+02     6  2.340606E-11  8.814851E+01  7.562246E-13  2.339384E-11
  1.322987E+00  1.300000E+02     1  2.097330E-05 -1.342419E+02 -1.463285E-05 -1.502529E-05
  1.322987E+00  1.300000E+02     2  2.501562E-05  4.561351E+01  1.749830E-05  1.787710E-05
  1.322987E+00  1.300000E+02     3  4.970533E-06  4.427598E+00  4.955700E-06  3.837216E-07
  1.322987E+00  1.300000E+02     4  2.074394E-05 -1.364879E+02 -1.504411E-05 -1.428236E-05
  1.322987E+00  1.300000E+02     5  1.751745E-05 -1.357961E+02 -1.255762E-05 -1.221341E-05
  1.322987E+00  1.300000E+02     6  8.979713E-12  8.805466E+01  3.048262E-13  8.974538E-12
  1.322987E+00  1.400000E+02     1  2.502602E-05 -1.343563E+02 -1.749613E-05 -1.789376E-05
  1.322987E+00  1.400000E+02     2  2.096318E-05  4.572246E+01  1.463512E-05  1.500893E-05
  1.322987E+00  1.400000E+02     3  4.963028E-06  4.333401E+00  4.948840E-06  3.750066E-07
  1.322987E+00  1.400000E+02     4  1.748132E-05 -1.360262E+02 -1.258056E-05 -1.213779E-05
  1.322987E+00  1.400000E+02     5  2.078029E-05 -1.363055E+02 -1.502483E-05 -1.435531E-05
  1.322987E+00  1.400000E+02     6  9.640697E-12 -9.153972E+01 -2.590444E-13 -9.637216E-12
  1.322987E+00  1.500000E+02     1  2.832139E-05 -1.344525E+02 -1.983396E-05 -2.021670E-05
  1.322987E+00  1.500000E+02     2  1.628505E-05  4.584497E+01  1.134420E-05  1.168383E-05
  1.322987E+00  1.500000E+02     3  4.985887E-06  4.227535E+00  4.972321E-06  3.675470E-07
  1.322987E+00  1.500000E+02     4  1.366091E-05 -1.354719E+02 -9.738951E-06 -9.579842E-06
  1.322987E+00  1.500000E+02     5  2.339513E-05 -1.367091E+02 -1.702887E-05 -1.604212E-05
  1.322987E+00  1.500000E+02     6  2.392963E-11 -9.160786E+01 -6.714359E-13 -2.392021E-11
  1.322987E+00  1.600000E+02     1  3.075109E-05 -1.345275E+02 -2.156427E-05 -2.192286E-05
  1.322987E+00  1.600000E+02     2  1.113037E-05  4.598533E+01  7.733858E-06  8.004540E-06
  1.322987E+00  1.600000E+02     3  5.029274E-06  4.168995E+00  5.015966E-06  3.656207E-07
  1.322987E+00  1.600000E+02     4  9.393098E-06 -1.348451E+02 -6.623943E-06 -6.659855E-06
  1.322987E+00  1.600000E+02     5  2.529312E-05 -1.369856E+02 -1.849389E-05 -1.725451E-05
  1.322987E+00  1.600000E+02     6  2.722713E-11 -9.154419E+01 -7.337166E-13 -2.721724E-11
  1.322987E+00  1.700000E+02     1  3.223637E-05 -1.345798E+02 -2.262675E-05 -2.296113E-05
  1.322987E+00  1.700000E+02     2  5.656773E-06  4.621496E+01  3.914231E-06  4.083856E-06
  1.322987E+00  1.700000E+02     3  5.076054E-06  4.223592E+00  5.062268E-06  3.738455E-07
  1.322987E+00  1.700000E+02     4  4.810119E-06 -1.339687E+02 -3.339500E-06 -3.461934E-06
  1.322987E+00  1.700000E+02     5  2.642792E-05 -1.371337E+02 -1.937017E-05 -1.797863E-05
  1.322987E+00  1.700000E+02     6  1.780232E-11 -9.130890E+01 -4.066521E-13 -1.779768E-11
  1.322987E+00  1.800000E+02     1  3.273032E-05 -1.346084E+02 -2.298510E-05 -2.330148E-05
  1.322987E+00  1.800000E+02     2  4.157231E-08  1.006553E+02 -7.686702E-09  4.085550E-08
  1.322987E+00  1.800000E+02     3  5.109249E-06  4.433426E+00  5.093961E-06  3.949485E-07
  1.322987E+00  1.800000E+02     4  1.082526E-07 -8.028189E+01  1.827314E-08 -1.066992E-07
  1.322987E+00  1.800000E+02     5  2.677611E-05 -1.371643E+02 -1.963508E-05 -1.820503E-05
  1.322987E+00  1.800000E+02     6  1.763328E-13  1.549162E+01  1.699265E-13  4.709804E-14
  1.322987E+00  1.900000E+02     1  3.221802E-05 -1.346133E+02 -2.262732E-05 -2.293480E-05
  1.322987E+00  1.900000E+02     2  5.608206E-06 -1.344654E+02 -3.928427E-06 -4.002429E-06
  1.322987E+00  1.900000E+02     3  5.119355E-06  4.792705E+00  5.101456E-06  4.277271E-07
  1.322987E+00  1.900000E+02     4  4.682135E-06  4.411826E+01  3.361326E-06  3.259429E-06
  1.322987E+00  1.900000E+02     5  2.633554E-05 -1.370904E+02 -1.928892E-05 -1.793038E-05
  1.322987E+00  1.900000E+02     6  1.787349E-11  8.762287E+01  7.413356E-13  1.785811E-11
  1.322987E+00  2.000000E+02     1  3.071614E-05 -1.345953E+02 -2.156566E-05 -2.187244E-05
  1.322987E+00  2.000000E+02     2  1.108043E-05 -1.343446E+02 -7.744914E-06 -7.924151E-06
  1.322987E+00  2.000000E+02     3  5.107907E-06  5.238058E+00  5.086576E-06  4.663216E-07
  1.322987E+00  2.000000E+02     4  9.257749E-06  4.448228E+01  6.605100E-06  6.486800E-06
  1.322987E+00  2.000000E+02     5  2.512281E-05 -1.369220E+02 -1.835031E-05 -1.715872E-05
  1.322987E+00  2.000000E+02     6  2.721497E-11  8.777600E+01  1.056113E-12  2.719447E-11
  1.322987E+00  2.100000E+02     1  2.827287E-05 -1.345565E+02 -1.983658E-05 -2.014610E-05
  1.322987E+00  2.100000E+02     2  1.623402E-05 -1.343646E+02 -1.135118E-05 -1.160578E-05
  1.322987E+00  2.100000E+02     3  5.085608E-06  5.660712E+00  5.060808E-06  5.016312E-07
  1.322987E+00  2.100000E+02     4  1.351367E-05  4.434886E+01  9.663582E-06  9.446397E-06
  1.322987E+00  2.100000E+02     5  2.317127E-05 -1.366674E+02 -1.685438E-05 -1.590086E-05
  1.322987E+00  2.100000E+02     6  2.383030E-11  8.763735E+01  9.823879E-13  2.381004E-11
  1.322987E+00  2.200000E+02     1  2.496748E-05 -1.345014E+02 -1.750037E-05 -1.780764E-05
  1.322987E+00  2.200000E+02     2  2.091284E-05 -1.344245E+02 -1.463834E-05 -1.493539E-05
  1.322987E+00  2.200000E+02     3  5.066332E-06  5.942008E+00  5.039111E-06  5.244758E-07
  1.322987E+00  2.200000E+02     4  1.732066E-05  4.405479E+01  1.244793E-05  1.204385E-05
  1.322987E+00  2.200000E+02     5  2.053017E-05 -1.363427E+02 -1.485321E-05 -1.417286E-05
  1.322987E+00  2.200000E+02     6  9.502190E-12  8.657415E+01  5.678197E-13  9.485209E-12
  1.322987E+00  2.300000E+02     1  2.090808E-05 -1.344394E+02 -1.463890E-05 -1.492818E-05
  1.322987E+00  2.300000E+02     2  2.496916E-05 -1.344936E+02 -1.749913E-05 -1.781121E-05
  1.322987E+00  2.300000E+02     3  5.060198E-06  6.001164E+00  5.032467E-06  5.290370E-07
  1.322987E+00  2.300000E+02     4  2.057472E-05  4.371859E+01  1.487023E-05  1.421953E-05
  1.322987E+00  2.300000E+02     5  1.726475E-05 -1.359829E+02 -1.241564E-05 -1.199682E-05
  1.322987E+00  2.300000E+02     6  9.093343E-12 -8.990354E+01  1.530936E-14 -9.093331E-12
  1.322987E+00  2.400000E+02     1  1.622647E-05 -1.343876E+02 -1.135055E-05 -1.159583E-05
  1.322987E+00  2.400000E+02     2  2.827140E-05 -1.345556E+02 -1.983523E-05 -2.014536E-05
  1.322987E+00  2.400000E+02     3  5.068927E-06  5.831676E+00  5.042694E-06  5.150350E-07
  1.322987E+00  2.400000E+02     4  2.319482E-05  4.340745E+01  1.685070E-05  1.593906E-05
  1.322987E+00  2.400000E+02     5  1.345757E-05 -1.356526E+02 -9.623705E-06 -9.406934E-06
  1.322987E+00  2.400000E+02     6  2.341339E-11 -9.101155E+01 -4.133397E-13 -2.340974E-11
  1.322987E+00  2.500000E+02     1  1.107060E-05 -1.343796E+02 -7.742880E-06 -7.912397E-06
  1.322987E+00  2.500000E+02     2  3.071171E-05 -1.346010E+02 -2.156472E-05 -2.186715E-05
  1.322987E+00  2.500000E+02     3  5.085280E-06  5.503502E+00  5.061839E-06  4.877119E-07
  1.322987E+00  2.500000E+02     4  2.512006E-05  4.315740E+01  1.832451E-05  1.718225E-05
  1.322987E+00  2.500000E+02     5  9.211517E-06 -1.354646E+02 -6.566123E-06 -6.460500E-06
  1.322987E+00  2.500000E+02     6  2.680553E-11 -9.111162E+01 -5.200341E-13 -2.680049E-11
  1.322987E+00  2.600000E+02     1  5.596855E-06 -1.345319E+02 -3.925109E-06 -3.989774E-06
  1.322987E+00  2.600000E+02     2  3.221115E-05 -1.346250E+02 -2.262717E-05 -2.292531E-05
  1.322987E+00  2.600000E+02     3  5.096805E-06  5.127523E+00  5.076409E-06  4.555155E-07
  1.322987E+00  2.600000E+02     4  2.630704E-05  4.298399E+01  1.924476E-05  1.793598E-05
  1.322987E+00  2.600000E+02     5  4.653028E-06 -1.357262E+02 -3.331624E-06 -3.248223E-06
  1.322987E+00  2.600000E+02     6  1.752167E-11 -9.085637E+01 -2.618763E-13 -1.751971E-11
  1.322987E+00  2.700000E+02     1  5.372356E-08  9.377190E+01 -3.534175E-09  5.360718E-08
  1.322987E+00  2.700000E+02     2  3.272186E-05 -1.346252E+02 -2.298598E-05 -2.328873E-05
  1.322987E+00  2.700000E+02     3  5.092361E-06  4.803075E+00  5.074479E-06  4.263901E-07
  1.322987E+00  2.700000E+02     4  2.672784E-05  4.289411E+01  1.958116E-05  1.819219E-05
  1.322987E+00  2.700000E+02     5  1.046959E-07  9.294069E+01 -5.371136E-09  1.045580E-07
  1.322987E+00  2.700000E+02     6  2.805780E-13  3.471229E+01  2.306412E-13  1.597768E-13
  1.322987E+00  2.800000E+02     1  5.668607E-06  4.626855E+01  3.918590E-06  4.096066E-06
  1.322987E+00  2.800000E+02     2  3.222738E-05 -1.346007E+02 -2.262885E-05 -2.294644E-05
  1.322987E+00  2.800000E+02     3  5.068317E-06  4.578282E+00  5.052145E-06  4.045585E-07
  1.322987E+00  2.800000E+02     4  2.636886E-05  4.289594E+01  1.931759E-05  1.794846E-05
  1.322987E+00  2.800000E+02     5  4.795662E-06  4.601869E+01  3.330222E-06  3.450797E-06
  1.322987E+00  2.800000E+02     6  1.781143E-11  8.769476E+01  7.164325E-13  1.779702E-11
  1.322987E+00  2.900000E+02     1  1.114128E-05  4.601116E+01  7.737822E-06  8.015873E-06
  1.322987E+00  2.900000E+02     2  3.074258E-05 -1.345521E+02 -2.156769E-05 -2.190755E-05
  1.322987E+00  2.900000E+02     3  5.031038E-06  4.442262E+00  5.015924E-06  3.896762E-07
  1.322987E+00  2.900000E+02     4  2.523165E-05  4.300261E+01  1.845248E-05  1.720878E-05
  1.322987E+00  2.900000E+02     5  9.359601E-06  4.523304E+01  6.591264E-06  6.645101E-06
  1.322987E+00  2.900000E+02     6  2.698542E-11  8.796614E+01  9.577172E-13  2.696842E-11
  1.322987E+00  3.000000E+02     1  1.629485E-05  4.586280E+01  1.134739E-05  1.169439E-05
  1.322987E+00  3.000000E+02     2  2.831406E-05 -1.344805E+02 -1.983872E-05 -2.020176E-05
  1.322987E+00  3.000000E+02     3  4.994199E-06  4.348922E+00  4.979819E-06  3.787108E-07
  1.322987E+00  3.000000E+02     4  2.333607E-05  4.322805E+01  1.700344E-05  1.598296E-05
  1.322987E+00  3.000000E+02     5  1.361489E-05  4.463899E+01  9.687651E-06  9.566335E-06
  1.322987E+00  3.000000E+02     6  2.346077E-11  8.796826E+01  8.317587E-13  2.344602E-11
  1.322987E+00  3.100000E+02     1  2.097225E-05  4.573761E+01  1.463749E-05  1.501930E-05
  1.322987E+00  3.100000E+02     2  2.502002E-05 -1.343886E+02 -1.750203E-05 -1.787960E-05
  1.322987E+00  3.100000E+02     3  4.972419E-06  4.255530E+00  4.958710E-06  3.689771E-07
  1.322987E+00  3.100000E+02     4  2.072396E-05  4.357739E+01  1.501335E-05  1.428572E-05
  1.322987E+00  3.100000E+02     5  1.743259E-05  4.408716E+01  1.252152E-05  1.212876E-05
  1.322987E+00  3.100000E+02     6  9.037096E-12  8.753499E+01  3.886796E-13  9.028734E-12
  1.322987E+00  3.200000E+02     1  2.502473E-05  4.562816E+01  1.750010E-05  1.788809E-05
  1.322987E+00  3.200000E+02     2  2.096825E-05 -1.342804E+02 -1.463940E-05 -1.501184E-05
  1.322987E+00  3.200000E+02     3  4.974562E-06  4.152837E+00  4.961501E-06  3.602440E-07
  1.322987E+00  3.200000E+02     4  1.746138E-05  4.403819E+01  1.255258E-05  1.213806E-05
  1.322987E+00  3.200000E+02     5  2.070355E-05  4.360527E+01  1.499162E-05  1.427895E-05
  1.322987E+00  3.200000E+02     6  9.583669E-12 -9.102301E+01 -1.711056E-13 -9.582141E-12
  1.322987E+00  3.300000E+02     1  2.831987E-05  4.553706E+01  1.983659E-05  2.021199E-05
  1.322987E+00  3.300000E+02     2  1.629092E-05 -1.341601E+02 -1.134932E-05 -1.168704E-05
  1.322987E+00  3.300000E+02     3  4.999833E-06  4.071717E+00  4.987213E-06  3.550135E-07
  1.322987E+00  3.300000E+02     4  1.363851E-05  4.458236E+01  9.713924E-06  9.573333E-06
  1.322987E+00  3.300000E+02     5  2.333699E-05  4.323118E+01  1.700323E-05  1.598452E-05
  1.322987E+00  3.300000E+02     6  2.387292E-11 -9.141430E+01 -5.892218E-13 -2.386565E-11
  1.322987E+00  3.400000E+02     1  3.074943E-05  4.546713E+01  2.156514E-05  2.191968E-05
  1.322987E+00  3.400000E+02     2  1.113683E-05 -1.340239E+02 -7.739626E-06 -8.007939E-06
  1.322987E+00  3.400000E+02     3  5.038241E-06  4.067996E+00  5.025548E-06  3.574142E-07
  1.322987E+00  3.400000E+02     4  9.368661E-06  4.519982E+01  6.601499E-06  6.647707E-06
  1.322987E+00  3.400000E+02     5  2.526130E-05  4.298428E+01  1.847968E-05  1.722310E-05
  1.322987E+00  3.400000E+02     6  2.717315E-11 -9.141056E+01 -6.689044E-13 -2.716491E-11
  1.322987E+00  3.500000E+02     1  3.223472E-05  4.541992E+01  2.262572E-05  2.295983E-05
  1.322987E+00  3.500000E+02     2  5.663299E-06 -1.338026E+02 -3.919999E-06 -4.087366E-06
  1.322987E+00  3.500000E+02     3  5.075185E-06  4.196746E+00  5.061576E-06  3.714099E-07
  1.322987E+00  3.500000E+02     4  4.787227E-06  4.610940E+01  3.318906E-06  3.449986E-06
  1.322987E+00  3.500000E+02     5  2.642651E-05  4.286390E+01  1.936988E-05  1.797688E-05
  1.322987E+00  3.500000E+02     6  1.775344E-11 -9.118356E+01 -3.667059E-13 -1.774965E-11
  1.295132E+00  0.000000E+00     1  3.017801E-05  4.882260E+01  1.986898E-05  2.271422E-05
  1.295132E+00  0.000000E+00     2  3.901742E-08 -8.283132E+01  4.869018E-09 -3.871242E-08
  1.295132E+00  0.000000E+00     3  4.175417E-06  8.865482E+00  4.125533E-06  6.434951E-07
  1.295132E+00  0.000000E+00     4  1.008907E-07  1.152809E+02 -4.308599E-08  9.122794E-08
  1.295132E+00  0.000000E+00     5  2.353951E-05  4.619638E+01  1.629378E-05  1.698885E-05
  1.295132E+00  0.000000E+00     6  1.997252E-13  3.369736E+01  1.661673E-13  1.108088E-13
  1.295132E+00  1.000000E+01     1  2.970723E-05  4.882360E+01  1.955863E-05  2.236022E-05
  1.295132E+00  1.000000E+01     2  5.170522E-06  4.902730E+01  3.390308E-06  3.903859E-06
  1.295132E+00  1.000000E+01     3  4.180188E-06  9.378342E+00  4.124315E-06  6.811743E-07
  1.295132E+00  1.000000E+01     4  4.154279E-06 -1.329907E+02 -2.832718E-06 -3.038707E-06
  1.295132E+00  1.000000E+01     5  2.318302E-05  4.629039E+01  1.601955E-05  1.675787E-05
  1.295132E+00  1.000000E+01     6  1.966176E-11  8.717898E+01  9.676772E-13  1.963794E-11
  1.295132E+00  2.000000E+01     1  2.832535E-05  4.884835E+01  1.863962E-05  2.132815E-05
  1.295132E+00  2.000000E+01     2  1.021966E-05  4.912732E+01  6.687542E-06  7.727753E-06
  1.295132E+00  2.000000E+01     3  4.172056E-06  1.004843E+01  4.108059E-06  7.279423E-07
  1.295132E+00  2.000000E+01     4  8.189344E-06 -1.325268E+02 -5.535466E-06 -6.035227E-06
  1.295132E+00  2.000000E+01     5  2.214981E-05  4.645863E+01  1.525852E-05  1.605589E-05
  1.295132E+00  2.000000E+01     6  2.986475E-11  8.729156E+01  1.411215E-12  2.983139E-11
  1.295132E+00  3.000000E+01     1  2.607576E-05  4.889502E+01  1.714327E-05  1.964825E-05
  1.295132E+00  3.000000E+01     2  1.497415E-05  4.909429E+01  9.805317E-06  1.131729E-05
  1.295132E+00  3.000000E+01     3  4.161218E-06  1.067470E+01  4.089207E-06  7.707939E-07
  1.295132E+00  3.000000E+01     4  1.193253E-05 -1.326044E+02 -8.077510E-06 -8.782882E-06
  1.295132E+00  3.000000E+01     5  2.046462E-05  4.669604E+01  1.403604E-05  1.489262E-05
  1.295132E+00  3.000000E+01     6  2.609657E-11  8.714465E+01  1.299991E-12  2.606417E-11
  1.295132E+00  4.000000E+01     1  2.303047E-05  4.895920E+01  1.512172E-05  1.737055E-05
  1.295132E+00  4.000000E+01     2  1.928933E-05  4.902449E+01  1.264871E-05  1.456325E-05
  1.295132E+00  4.000000E+01     3  4.157920E-06  1.104668E+01  4.080879E-06  7.966934E-07
  1.295132E+00  4.000000E+01     4  1.527314E-05 -1.328365E+02 -1.038435E-05 -1.119974E-05
  1.295132E+00  4.000000E+01     5  1.816550E-05  4.699229E+01  1.239063E-05  1.328374E-05
  1.295132E+00  4.000000E+01     6  1.036444E-11  8.616222E+01  6.937103E-13  1.034120E-11
  1.295132E+00  5.000000E+01     1  1.928844E-05  4.903152E+01  1.264634E-05  1.456413E-05
  1.295132E+00  5.000000E+01     2  2.302857E-05  4.894864E+01  1.512367E-05  1.736633E-05
  1.295132E+00  5.000000E+01     3  4.167512E-06  1.103858E+01  4.090406E-06  7.979535E-07
  1.295132E+00  5.000000E+01     4  1.812448E-05 -1.331007E+02 -1.238415E-05 -1.323365E-05
  1.295132E+00  5.000000E+01     5  1.530422E-05  4.731768E+01  1.037523E-05  1.125050E-05
  1.295132E+00  5.000000E+01     6  1.001364E-11 -9.068743E+01 -1.201407E-13 -1.001292E-11
  1.295132E+00  6.000000E+01     1  1.497103E-05  4.909421E+01  9.803290E-06  1.131492E-05
  1.295132E+00  6.000000E+01     2  2.607079E-05  4.888265E+01  1.714424E-05  1.964080E-05
  1.295132E+00  6.000000E+01     3  4.188123E-06  1.067039E+01  4.115705E-06  7.754680E-07
  1.295132E+00  6.000000E+01     4  2.041887E-05 -1.333386E+02 -1.401365E-05 -1.485085E-05
  1.295132E+00  6.000000E+01     5  1.194841E-05  4.760965E+01  8.055356E-06  8.824725E-06
  1.295132E+00  6.000000E+01     6  2.572406E-11 -9.169465E+01 -7.607336E-13 -2.571281E-11
  1.295132E+00  7.000000E+01     1  1.021499E-05  4.911176E+01  6.686588E-06  7.722410E-06
  1.295132E+00  7.000000E+01     2  2.831748E-05  4.883492E+01  1.863944E-05  2.131786E-05
  1.295132E+00  7.000000E+01     3  4.211134E-06  1.009870E+01  4.145892E-06  7.383986E-07
  1.295132E+00  7.000000E+01     4  2.210398E-05 -1.335283E+02 -1.522331E-05 -1.602613E-05
  1.295132E+00  7.000000E+01     5  8.186116E-06  4.774875E+01  5.504205E-06  6.059392E-06
  1.295132E+00  7.000000E+01     6  2.947476E-11 -9.181183E+01 -9.319057E-13 -2.946003E-11
  1.295132E+00  8.000000E+01     1  5.164995E-06  4.896517E+01  3.390911E-06  3.896010E-06
  1.295132E+00  8.000000E+01     2  2.969713E-05  4.880944E+01  1.955751E-05  2.234779E-05
  1.295132E+00  8.000000E+01     3  4.224323E-06  9.541872E+00  4.165879E-06  7.002591E-07
  1.295132E+00  8.000000E+01     4  2.314160E-05 -1.336677E+02 -1.597870E-05 -1.673962E-05
  1.295132E+00  8.000000E+01     5  4.130974E-06  4.737696E+01  2.797379E-06  3.039673E-06
  1.295132E+00  8.000000E+01     6  1.929775E-11 -9.166623E+01 -5.611235E-13 -1.928959E-11
  1.295132E+00  9.000000E+01     1  4.893732E-08 -8.158158E+01  7.164479E-09 -4.841003E-08
  1.295132E+00  9.000000E+01     2  3.016676E-05  4.880794E+01  1.986738E-05  2.270067E-05
  1.295132E+00  9.000000E+01     3  4.217247E-06  9.181281E+00  4.163218E-06  6.728984E-07
  1.295132E+00  9.000000E+01     4  2.350742E-05 -1.337572E+02 -1.625782E-05 -1.697887E-05
  1.295132E+00  9.000000E+01     5  1.149100E-07 -8.521840E+01  9.578643E-09 -1.145100E-07
  1.295132E+00  9.000000E+01     6  2.161802E-13  3.978414E+01  1.661260E-13  1.383331E-13
  1.295132E+00  1.000000E+02     1  5.228815E-06 -1.302335E+02 -3.377316E-06 -3.991771E-06
  1.295132E+00  1.000000E+02     2  2.971156E-05  4.883120E+01  1.955851E-05  2.236607E-05
  1.295132E+00  1.000000E+02     3  4.186831E-06  9.087870E+00  4.134274E-06  6.613058E-07
  1.295132E+00  1.000000E+02     4  2.319102E-05 -1.337869E+02 -1.604766E-05 -1.674203E-05
  1.295132E+00  1.000000E+02     5  4.288544E-06 -1.305087E+02 -2.785680E-06 -3.260612E-06
  1.295132E+00  1.000000E+02     6  1.954364E-11  8.737842E+01  8.939125E-13  1.952318E-11
  1.295132E+00  1.100000E+02     1  1.027768E-05 -1.305018E+02 -6.675062E-06 -7.815006E-06
  1.295132E+00  1.100000E+02     2  2.834471E-05  4.887963E+01  1.864070E-05  2.135291E-05
  1.295132E+00  1.100000E+02     3  4.139996E-06  9.203579E+00  4.086699E-06  6.621627E-07
  1.295132E+00  1.100000E+02     4  2.219620E-05 -1.337328E+02 -1.534415E-05 -1.603834E-05
  1.295132E+00  1.100000E+02     5  8.340008E-06 -1.313870E+02 -5.513930E-06 -6.257181E-06
  1.295132E+00  1.100000E+02     6  2.960974E-11  8.755157E+01  1.264931E-12  2.958270E-11
  1.295132E+00  1.200000E+02     1  1.503157E-05 -1.306634E+02 -9.794776E-06 -1.140222E-05
  1.295132E+00  1.200000E+02     2  2.610801E-05  4.895312E+01  1.714451E-05  1.968995E-05
  1.295132E+00  1.200000E+02     3  4.091449E-06  9.380602E+00  4.036736E-06  6.668732E-07
  1.295132E+00  1.200000E+02     4  2.054215E-05 -1.335645E+02 -1.415706E-05 -1.488481E-05
  1.295132E+00  1.200000E+02     5  1.209693E-05 -1.320158E+02 -8.096909E-06 -8.987534E-06
  1.295132E+00  1.200000E+02     6  2.572707E-11  8.756973E+01  1.090916E-12  2.570393E-11
  1.295132E+00  1.300000E+02     1  1.934533E-05 -1.308023E+02 -1.264122E-05 -1.464381E-05
  1.295132E+00  1.300000E+02     2  2.307240E-05  4.905021E+01  1.512159E-05  1.742622E-05
  1.295132E+00  1.300000E+02     3  4.057701E-06  9.459893E+00  4.002520E-06  6.669123E-07
  1.295132E+00  1.300000E+02     4  1.826470E-05 -1.332601E+02 -1.251700E-05 -1.330128E-05
  1.295132E+00  1.300000E+02     5  1.544503E-05 -1.325863E+02 -1.045165E-05 -1.137155E-05
  1.295132E+00  1.300000E+02     6  9.917638E-12  8.743911E+01  4.431303E-13  9.907733E-12
  1.295132E+00  1.400000E+02     1  2.308155E-05 -1.309240E+02 -1.511975E-05 -1.743994E-05
  1.295132E+00  1.400000E+02     2  1.933661E-05  4.916732E+01  1.264329E-05  1.463051E-05
  1.295132E+00  1.400000E+02     3  4.050291E-06  9.353475E+00  3.996440E-06  6.582727E-07
  1.295132E+00  1.400000E+02     4  1.541697E-05 -1.328206E+02 -1.047899E-05 -1.130812E-05
  1.295132E+00  1.400000E+02     5  1.829343E-05 -1.330768E+02 -1.249401E-05 -1.336223E-05
  1.295132E+00  1.400000E+02     6  1.047470E-11 -9.207922E+01 -3.800351E-13 -1.046780E-11
  1.295132E+00  1.500000E+02     1  2.611827E-05 -1.310249E+02 -1.714371E-05 -1.970425E-05
  1.295132E+00  1.500000E+02     2  1.502255E-05  4.929945E+01  9.796290E-06  1.138902E-05
  1.295132E+00  1.500000E+02     3  4.071024E-06  9.089647E+00  4.019902E-06  6.431390E-07
  1.295132E+00  1.500000E+02     4  1.206990E-05 -1.322725E+02 -8.118903E-06 -8.931181E-06
  1.295132E+00  1.500000E+02     5  2.057028E-05 -1.334513E+02 -1.414697E-05 -1.493318E-05
  1.295132E+00  1.500000E+02     6  2.615125E-11 -9.217579E+01 -9.928465E-13 -2.613240E-11
  1.295132E+00  1.600000E+02     1  2.835627E-05 -1.311021E+02 -1.864149E-05 -2.136758E-05
  1.295132E+00  1.600000E+02     2  1.026792E-05  4.944834E+01  6.675521E-06  7.801775E-06
  1.295132E+00  1.600000E+02     3  4.111071E-06  8.798121E+00  4.062698E-06  6.288024E-07
  1.295132E+00  1.600000E+02     4  8.314478E-06 -1.316352E+02 -5.524019E-06 -6.214158E-06
  1.295132E+00  1.600000E+02     5  2.222082E-05 -1.336939E+02 -1.535026E-05 -1.606656E-05
  1.295132E+00  1.600000E+02     6  2.981425E-11 -9.212111E+01 -1.103483E-12 -2.979382E-11
  1.295132E+00  1.700000E+02     1  2.972396E-05 -1.311542E+02 -1.956099E-05 -2.238038E-05
  1.295132E+00  1.700000E+02     2  5.218399E-06  4.967971E+01  3.376617E-06  3.978712E-06
  1.295132E+00  1.700000E+02     3  4.154555E-06  8.646301E+00  4.107339E-06  6.245722E-07
  1.295132E+00  1.700000E+02     4  4.265371E-06 -1.307209E+02 -2.782624E-06 -3.232707E-06
  1.295132E+00  1.700000E+02     5  2.320786E-05 -1.338113E+02 -1.606645E-05 -1.674735E-05
  1.295132E+00  1.700000E+02     6  1.951205E-11 -9.191415E+01 -6.517432E-13 -1.950116E-11
  1.295132E+00  1.800000E+02     1  3.017899E-05 -1.311813E+02 -1.987117E-05 -2.271361E-05
  1.295132E+00  1.800000E+02     2  3.710209E-08  1.037284E+02 -8.805069E-09  3.604214E-08
  1.295132E+00  1.800000E+02     3  4.185527E-06  8.761430E+00  4.136686E-06  6.375417E-07
  1.295132E+00  1.800000E+02     4  1.023528E-07 -7.741327E+01  2.230444E-08 -9.989298E-08
  1.295132E+00  1.800000E+02     5  2.351241E-05 -1.338222E+02 -1.628054E-05 -1.696401E-05
  1.295132E+00  1.800000E+02     6  1.758101E-13  2.326799E+01  1.615110E-13  6.945068E-14
  1.295132E+00  1.900000E+02     1  2.970797E-05 -1.311835E+02 -1.956190E-05 -2.235835E-05
  1.295132E+00  1.900000E+02     2  5.174761E-06 -1.309737E+02 -3.393155E-06 -3.907000E-06
  1.295132E+00  1.900000E+02     3  4.195088E-06  9.171476E+00  4.141457E-06  6.686539E-07
  1.295132E+00  1.900000E+02     4  4.145422E-06  4.725246E+01  2.813785E-06  3.044198E-06
  1.295132E+00  1.900000E+02     5  2.313272E-05 -1.337448E+02 -1.599504E-05 -1.671171E-05
  1.295132E+00  1.900000E+02     6  1.962726E-11  8.717485E+01  9.673916E-13  1.960340E-11
  1.295132E+00  2.000000E+02     1  2.832582E-05 -1.311615E+02 -1.864360E-05 -2.132530E-05
  1.295132E+00  2.000000E+02     2  1.022342E-05 -1.308666E+02 -6.689183E-06 -7.731310E-06
  1.295132E+00  2.000000E+02     3  4.184823E-06  9.783620E+00  4.123961E-06  7.111176E-07
  1.295132E+00  2.000000E+02     4  8.192865E-06  4.766231E+01  5.517885E-06  6.056070E-06
  1.295132E+00  2.000000E+02     5  2.208224E-05 -1.335885E+02 -1.522514E-05 -1.599439E-05
  1.295132E+00  2.000000E+02     6  2.983824E-11  8.730872E+01  1.401038E-12  2.980533E-11
  1.295132E+00  2.100000E+02     1  2.607597E-05 -1.311169E+02 -1.714751E-05 -1.964483E-05
  1.295132E+00  2.100000E+02     2  1.497757E-05 -1.308987E+02 -9.806164E-06 -1.132108E-05
  1.295132E+00  2.100000E+02     3  4.164768E-06  1.040912E+01  4.096227E-06  7.524725E-07
  1.295132E+00  2.100000E+02     4  1.194383E-05  4.755577E+01  8.060557E-06  8.813762E-06
  1.295132E+00  2.100000E+02     5  2.038784E-05 -1.333574E+02 -1.399722E-05 -1.482369E-05
  1.295132E+00  2.100000E+02     6  2.607828E-11  8.720505E+01  1.271620E-12  2.604726E-11
  1.295132E+00  2.200000E+02     1  2.303046E-05 -1.310541E+02 -1.512574E-05 -1.736704E-05
  1.295132E+00  2.200000E+02     2  1.929272E-05 -1.309701E+02 -1.264956E-05 -1.456701E-05
  1.295132E+00  2.200000E+02     3  4.147548E-06  1.083325E+01  4.073631E-06  7.795373E-07
  1.295132E+00  2.200000E+02     4  1.528418E-05  4.728951E+01  1.036717E-05  1.123067E-05
  1.295132E+00  2.200000E+02     5  1.808864E-05 -1.330607E+02 -1.235044E-05 -1.321611E-05
  1.295132E+00  2.200000E+02     6  1.035358E-11  8.639957E+01  6.501851E-13  1.033315E-11
  1.295132E+00  2.300000E+02     1  1.928830E-05 -1.309822E+02 -1.264973E-05 -1.456100E-05
  1.295132E+00  2.300000E+02     2  2.303229E-05 -1.310488E+02 -1.512535E-05 -1.736981E-05
  1.295132E+00  2.300000E+02     3  4.142163E-06  1.090814E+01  4.067322E-06  7.838420E-07
  1.295132E+00  2.300000E+02     4  1.812696E-05  4.698561E+01  1.236588E-05  1.325411E-05
  1.295132E+00  2.300000E+02     5  1.523604E-05 -1.327278E+02 -1.033790E-05 -1.119217E-05
  1.295132E+00  2.300000E+02     6  1.001450E-11 -9.094660E+01 -1.654448E-13 -1.001313E-11
  1.295132E+00  2.400000E+02     1  1.497092E-05 -1.309188E+02 -9.805790E-06 -1.131260E-05
  1.295132E+00  2.400000E+02     2  2.607505E-05 -1.311180E+02 -1.714725E-05 -1.964383E-05
  1.295132E+00  2.400000E+02     3  4.150131E-06  1.062322E+01  4.079001E-06  7.650755E-07
  1.295132E+00  2.400000E+02     4  2.040756E-05  4.670887E+01  1.399358E-05  1.485423E-05
  1.295132E+00  2.400000E+02     5  1.189600E-05 -1.324212E+02 -8.024749E-06 -8.781697E-06
  1.295132E+00  2.400000E+02     6  2.571866E-11 -9.176314E+01 -7.913039E-13 -2.570649E-11
  1.295132E+00  2.500000E+02     1  1.021507E-05 -1.308990E+02 -6.688096E-06 -7.721210E-06
  1.295132E+00  2.500000E+02     2  2.832225E-05 -1.311683E+02 -1.864377E-05 -2.132040E-05
  1.295132E+00  2.500000E+02     3  4.165016E-06  1.010967E+01  4.100348E-06  7.310975E-07
  1.295132E+00  2.500000E+02     4  2.207864E-05  4.648904E+01  1.520099E-05  1.601237E-05
  1.295132E+00  2.500000E+02     5  8.154288E-06 -1.322570E+02 -5.483414E-06 -6.035278E-06
  1.295132E+00  2.500000E+02     6  2.946322E-11 -9.182227E+01 -9.369068E-13 -2.944832E-11
  1.295132E+00  2.600000E+02     1  5.165391E-06 -1.310383E+02 -3.391410E-06 -3.896101E-06
  1.295132E+00  2.600000E+02     2  2.970214E-05 -1.311953E+02 -1.956264E-05 -2.234995E-05
  1.295132E+00  2.600000E+02     3  4.175493E-06  9.572706E+00  4.117350E-06  6.943804E-07
  1.295132E+00  2.600000E+02     4  2.310661E-05  4.633404E+01  1.595402E-05  1.671480E-05
  1.295132E+00  2.600000E+02     5  4.122338E-06 -1.325629E+02 -2.788347E-06 -3.036246E-06
  1.295132E+00  2.600000E+02     6  1.928075E-11 -9.160487E+01 -5.399893E-13 -1.927319E-11
  1.295132E+00  2.700000E+02     1  4.745758E-08  9.806826E+01 -6.660804E-09  4.698782E-08
  1.295132E+00  2.700000E+02     2  3.017163E-05 -1.311971E+02 -1.987257E-05 -2.270261E-05
  1.295132E+00  2.700000E+02     3  4.171140E-06  9.191631E+00  4.117580E-06  6.662853E-07
  1.295132E+00  2.700000E+02     4  2.346964E-05  4.624510E+01  1.623101E-05  1.695223E-05
  1.295132E+00  2.700000E+02     5  9.752705E-08  9.756932E+01 -1.284680E-08  9.667722E-08
  1.295132E+00  2.700000E+02     6  2.603305E-13  3.771100E+01  2.059491E-13  1.592387E-13
  1.295132E+00  2.800000E+02     1  5.227750E-06  4.973527E+01  3.378801E-06  3.989120E-06
  1.295132E+00  2.800000E+02     2  2.971596E-05 -1.311731E+02 -1.956308E-05 -2.236793E-05
  1.295132E+00  2.800000E+02     3  4.148398E-06  9.042786E+00  4.096838E-06  6.520119E-07
  1.295132E+00  2.800000E+02     4  2.315680E-05  4.622948E+01  1.601922E-05  1.672190E-05
  1.295132E+00  2.800000E+02     5  4.249881E-06  4.930484E+01  2.771069E-06  3.222215E-06
  1.295132E+00  2.800000E+02     6  1.957152E-11  8.723676E+01  9.435229E-13  1.954877E-11
  1.295132E+00  2.900000E+02     1  1.027645E-05  4.947509E+01  6.677417E-06  7.811371E-06
  1.295132E+00  2.900000E+02     2  2.834853E-05 -1.311234E+02 -1.864435E-05 -2.135480E-05
  1.295132E+00  2.900000E+02     3  4.113159E-06  9.079821E+00  4.061619E-06  6.490989E-07
  1.295132E+00  2.900000E+02     4  2.216890E-05  4.630495E+01  1.531472E-05  1.602871E-05
  1.295132E+00  2.900000E+02     5  8.282329E-06  4.847880E+01  5.490332E-06  6.201067E-06
  1.295132E+00  2.900000E+02     6  2.964261E-11  8.744885E+01  1.319430E-12  2.961323E-11
  1.295132E+00  3.000000E+02     1  1.503027E-05  4.931756E+01  9.797724E-06  1.139797E-05
  1.295132E+00  3.000000E+02     2  2.611137E-05 -1.310489E+02 -1.714740E-05 -1.969188E-05
  1.295132E+00  3.000000E+02     3  4.078249E-06  9.174117E+00  4.026081E-06  6.502165E-07
  1.295132E+00  3.000000E+02     4  2.052118E-05  4.649420E+01  1.412736E-05  1.488411E-05
  1.295132E+00  3.000000E+02     5  1.202698E-05  4.787054E+01  8.067793E-06  8.919581E-06
  1.295132E+00  3.000000E+02     6  2.576519E-11  8.744195E+01  1.149940E-12  2.573952E-11
  1.295132E+00  3.100000E+02     1  1.934401E-05  4.918231E+01  1.264430E-05  1.463942E-05
  1.295132E+00  3.100000E+02     2  2.307561E-05 -1.309516E+02 -1.512424E-05 -1.742816E-05
  1.295132E+00  3.100000E+02     3  4.057373E-06  9.192285E+00  4.005267E-06  6.481582E-07
  1.295132E+00  3.100000E+02     4  1.824637E-05  4.681203E+01  1.248771E-05  1.330365E-05
  1.295132E+00  3.100000E+02     5  1.537212E-05  4.731826E+01  1.042115E-05  1.130051E-05
  1.295132E+00  3.100000E+02     6  9.961033E-12  8.708276E+01  5.069521E-13  9.948124E-12
  1.295132E+00  3.200000E+02     1  2.308024E-05  4.906442E+01  1.512240E-05  1.743589E-05
  1.295132E+00  3.200000E+02     2  1.934003E-05 -1.308357E+02 -1.264630E-05 -1.463243E-05
  1.295132E+00  3.200000E+02     3  4.058903E-06  9.070916E+00  4.008142E-06  6.399138E-07
  1.295132E+00  3.200000E+02     4  1.539678E-05  4.725325E+01  1.045070E-05  1.130679E-05
  1.295132E+00  3.200000E+02     5  1.822782E-05  4.684909E+01  1.246642E-05  1.329820E-05
  1.295132E+00  3.200000E+02     6  1.042814E-11 -9.173053E+01 -3.149172E-13 -1.042338E-11
  1.295132E+00  3.300000E+02     1  2.611696E-05  4.896751E+01  1.714544E-05  1.970100E-05
  1.295132E+00  3.300000E+02     2  1.502643E-05 -1.307065E+02 -9.800004E-06 -1.139094E-05
  1.295132E+00  3.300000E+02     3  4.082276E-06  8.850175E+00  4.033672E-06  6.280630E-07
  1.295132E+00  3.300000E+02     4  1.204518E-05  4.779285E+01  8.092110E-06  8.922116E-06
  1.295132E+00  3.300000E+02     5  2.052125E-05  4.649884E+01  1.412620E-05  1.488531E-05
  1.295132E+00  3.300000E+02     6  2.610208E-11 -9.205204E+01 -9.346444E-13 -2.608534E-11
  1.295132E+00  3.400000E+02     1  2.835499E-05  4.889439E+01  1.864196E-05  2.136546E-05
  1.295132E+00  3.400000E+02     2  1.027228E-05 -1.305628E+02 -6.679864E-06 -7.803793E-06
  1.295132E+00  3.400000E+02     3  4.118302E-06  8.652704E+00  4.071429E-06  6.195771E-07
  1.295132E+00  3.400000E+02     4  8.286173E-06  4.842146E+01  5.499086E-06  6.198444E-06
  1.295132E+00  3.400000E+02     5  2.219501E-05  4.628117E+01  1.533941E-05  1.604122E-05
  1.295132E+00  3.400000E+02     6  2.976507E-11 -9.204374E+01 -1.061495E-12 -2.974613E-11
  1.295132E+00  3.500000E+02     1  2.972279E-05  4.884608E+01  1.956009E-05  2.237961E-05
  1.295132E+00  3.500000E+02     2  5.223031E-06 -1.303417E+02 -3.381098E-06 -3.980983E-06
  1.295132E+00  3.500000E+02     3  4.153295E-06  8.624323E+00  4.106333E-06  6.228077E-07
  1.295132E+00  3.500000E+02     4  4.238084E-06  4.936929E+01  2.759761E-06  3.216377E-06
  1.295132E+00  3.500000E+02     5  2.320855E-05  4.618708E+01  1.606742E-05  1.674738E-05
  1.295132E+00  3.500000E+02     6  1.946554E-11 -9.185625E+01 -6.305296E-13 -1.945533E-11
  1.268965E+00  0.000000E+00     1  2.788095E-05  5.242333E+01  1.700243E-05  2.209671E-05
  1.268965E+00  0.000000E+00     2  3.495051E-08 -7.858049E+01  6.919893E-09 -3.425862E-08
  1.268965E+00  0.000000E+00     3  3.440625E-06  1.335166E+01  3.347629E-06  7.945337E-07
  1.268965E+00  0.000000E+00     4  9.452109E-08  1.183780E+02 -4.492453E-08  8.316263E-08
  1.268965E+00  0.000000E+00     5  2.080513E-05  4.975168E+01  1.344222E-05  1.587954E-05
  1.268965E+00  0.000000E+00     6  1.930652E-13  4.057968E+01  1.466334E-13  1.255899E-13
  1.268965E+00  1.000000E+01     1  2.744734E-05  5.242525E+01  1.673728E-05  2.175362E-05
  1.268965E+00  1.000000E+01     2  4.780218E-06  5.266914E+01  2.898805E-06  3.800976E-06
  1.268965E+00  1.000000E+01     3  3.446793E-06  1.397068E+01  3.344835E-06  8.321430E-07
  1.268965E+00  1.000000E+01     4  3.697248E-06 -1.297133E+02 -2.362343E-06 -2.844112E-06
  1.268965E+00  1.000000E+01     5  2.049507E-05  4.984129E+01  1.321742E-05  1.566358E-05
  1.268965E+00  1.000000E+01     6  2.152448E-11  8.659248E+01  1.279358E-12  2.148642E-11
  1.268965E+00  2.000000E+01     1  2.617300E-05  5.245122E+01  1.595078E-05  2.075086E-05
  1.268965E+00  2.000000E+01     2  9.447159E-06  5.276043E+01  5.716940E-06  7.520998E-06
  1.268965E+00  2.000000E+01     3  3.442801E-06  1.487739E+01  3.327390E-06  8.839439E-07
  1.268965E+00  2.000000E+01     4  7.283867E-06 -1.291992E+02 -4.603534E-06 -5.644661E-06
  1.268965E+00  2.000000E+01     5  1.959093E-05  4.998590E+01  1.259650E-05  1.500443E-05
  1.268965E+00  2.000000E+01     6  3.265201E-11  8.667045E+01  1.896390E-12  3.259689E-11
  1.268965E+00  3.000000E+01     1  2.409711E-05  5.250011E+01  1.466935E-05  1.911755E-05
  1.268965E+00  3.000000E+01     2  1.384147E-05  5.271897E+01  8.384122E-06  1.101330E-05
  1.268965E+00  3.000000E+01     3  3.436738E-06  1.575926E+01  3.307556E-06  9.334041E-07
  1.268965E+00  3.000000E+01     4  1.060039E-05 -1.292395E+02 -6.705423E-06 -8.210092E-06
  1.268965E+00  3.000000E+01     5  1.811395E-05  5.018580E+01  1.159837E-05  1.391378E-05
  1.268965E+00  3.000000E+01     6  2.848476E-11  8.654199E+01  1.718117E-12  2.843290E-11
  1.268965E+00  4.000000E+01     1  2.128531E-05  5.256835E+01  1.293752E-05  1.690221E-05
  1.268965E+00  4.000000E+01     2  1.782909E-05  5.264146E+01  1.081871E-05  1.417152E-05
  1.268965E+00  4.000000E+01     3  3.436051E-06  1.628336E+01  3.298220E-06  9.634273E-07
  1.268965E+00  4.000000E+01     4  1.354990E-05 -1.294305E+02 -8.606100E-06 -1.046588E-05
  1.268965E+00  4.000000E+01     5  1.609595E-05  5.043846E+01  1.025162E-05  1.240902E-05
  1.268965E+00  4.000000E+01     6  1.127909E-11  8.575733E+01  8.344381E-13  1.124818E-11
  1.268965E+00  5.000000E+01     1  1.782854E-05  5.264713E+01  1.081697E-05  1.417216E-05
  1.268965E+00  5.000000E+01     2  2.128346E-05  5.255972E+01  1.293894E-05  1.689880E-05
  1.268965E+00  5.000000E+01     3  3.444211E-06  1.624920E+01  3.306628E-06  9.637437E-07
  1.268965E+00  5.000000E+01     4  1.606021E-05 -1.296480E+02 -1.024751E-05 -1.236603E-05
  1.268965E+00  5.000000E+01     5  1.357883E-05  5.072161E+01  8.596607E-06  1.051109E-05
  1.268965E+00  5.000000E+01     6  1.096738E-11 -9.176620E+01 -3.380269E-13 -1.096217E-11
  1.268965E+00  6.000000E+01     1  1.383895E-05  5.271851E+01  8.382688E-06  1.101123E-05
  1.268965E+00  6.000000E+01     2  2.409265E-05  5.248994E+01  1.467003E-05  1.911141E-05
  1.268965E+00  6.000000E+01     3  3.459764E-06  1.568597E+01  3.330916E-06  9.353984E-07
  1.268965E+00  6.000000E+01     4  1.807628E-05 -1.298380E+02 -1.158002E-05 -1.388002E-05
  1.268965E+00  6.000000E+01     5  1.061695E-05  5.097751E+01  6.684702E-06  8.248298E-06
  1.268965E+00  6.000000E+01     6  2.814206E-11 -9.254693E+01 -1.250569E-12 -2.811426E-11
  1.268965E+00  7.000000E+01     1  9.443202E-06  5.274627E+01  5.716403E-06  7.516436E-06
  1.268965E+00  7.000000E+01     2  2.616608E-05  5.244002E+01  1.595062E-05  2.074226E-05
  1.268965E+00  7.000000E+01     3  3.476638E-06  1.483986E+01  3.360676E-06  8.904305E-07
  1.268965E+00  7.000000E+01     4  1.955487E-05 -1.299869E+02 -1.256621E-05 -1.498276E-05
  1.268965E+00  7.000000E+01     5  7.283439E-06  5.108776E+01  4.574942E-06  5.667310E-06
  1.268965E+00  7.000000E+01     6  3.227516E-11 -9.262595E+01 -1.478703E-12 -3.224127E-11
  1.268965E+00  8.000000E+01     1  4.775370E-06  5.261327E+01  2.899565E-06  3.794295E-06
  1.268965E+00  8.000000E+01     2  2.743854E-05  5.241308E+01  1.673653E-05  2.174309E-05
  1.268965E+00  8.000000E+01     3  3.485705E-06  1.405757E+01  3.381315E-06  8.466663E-07
  1.268965E+00  8.000000E+01     4  2.046336E-05 -1.301015E+02 -1.318134E-05 -1.565253E-05
  1.268965E+00  8.000000E+01     5  3.678057E-06  5.068758E+01  2.330228E-06  2.845723E-06
  1.268965E+00  8.000000E+01     6  2.115316E-11 -9.249633E+01 -9.213334E-13 -2.113308E-11
  1.268965E+00  9.000000E+01     1  4.346517E-08 -7.792175E+01  9.094974E-09 -4.250297E-08
  1.268965E+00  9.000000E+01     2  2.787117E-05  5.241014E+01  1.700155E-05  2.208505E-05
  1.268965E+00  9.000000E+01     3  3.478547E-06  1.362811E+01  3.380611E-06  8.196115E-07
  1.268965E+00  9.000000E+01     4  2.078074E-05 -1.301886E+02 -1.340992E-05 -1.587493E-05
  1.268965E+00  9.000000E+01     5  1.048048E-07 -8.192638E+01  1.471935E-08 -1.037660E-07
  1.268965E+00  9.000000E+01     6  2.119193E-13  4.457302E+01  1.509621E-13  1.487287E-13
  1.268965E+00  1.000000E+02     1  4.831898E-06 -1.266181E+02 -2.882122E-06 -3.878222E-06
  1.268965E+00  1.000000E+02     2  2.745074E-05  5.243179E+01  1.673687E-05  2.175823E-05
  1.268965E+00  1.000000E+02     3  3.452393E-06  1.366039E+01  3.354734E-06  8.153395E-07
  1.268965E+00  1.000000E+02     4  2.049862E-05 -1.302395E+02 -1.324179E-05 -1.564764E-05
  1.268965E+00  1.000000E+02     5  3.820439E-06 -1.271506E+02 -2.307208E-06 -3.045085E-06
  1.268965E+00  1.000000E+02     6  2.142094E-11  8.672724E+01  1.222908E-12  2.138601E-11
  1.268965E+00  1.100000E+02     1  9.498392E-06 -1.268852E+02 -5.701070E-06 -7.597187E-06
  1.268965E+00  1.100000E+02     2  2.618920E-05  5.247888E+01  1.595063E-05  2.077141E-05
  1.268965E+00  1.100000E+02     3  3.412795E-06  1.404699E+01  3.310742E-06  8.283451E-07
  1.268965E+00  1.100000E+02     4  1.962178E-05 -1.302254E+02 -1.267166E-05 -1.498143E-05
  1.268965E+00  1.100000E+02     5  7.418623E-06 -1.280325E+02 -4.570676E-06 -5.843363E-06
  1.268965E+00  1.100000E+02     6  3.242839E-11  8.685675E+01  1.778131E-12  3.237960E-11
  1.268965E+00  1.200000E+02     1  1.389180E-05 -1.270525E+02 -8.370460E-06 -1.108682E-05
  1.268965E+00  1.200000E+02     2  2.412442E-05  5.255220E+01  1.466858E-05  1.915257E-05
  1.268965E+00  1.200000E+02     3  3.371785E-06  1.452268E+01  3.264052E-06  8.455194E-07
  1.268965E+00  1.200000E+02     4  1.816821E-05 -1.301057E+02 -1.170395E-05 -1.389609E-05
  1.268965E+00  1.200000E+02     5  1.074221E-05 -1.286496E+02 -6.709116E-06 -8.389454E-06
  1.268965E+00  1.200000E+02     6  2.815945E-11  8.685672E+01  1.544071E-12  2.811708E-11
  1.268965E+00  1.300000E+02     1  1.787777E-05 -1.271977E+02 -1.080830E-05 -1.424062E-05
  1.268965E+00  1.300000E+02     2  2.132116E-05  5.265131E+01  1.293478E-05  1.694943E-05
  1.268965E+00  1.300000E+02     3  3.342802E-06  1.479367E+01  3.231993E-06  8.535475E-07
  1.268965E+00  1.300000E+02     4  1.616883E-05 -1.298473E+02 -1.036007E-05 -1.241371E-05
  1.268965E+00  1.300000E+02     5  1.369251E-05 -1.291977E+02 -8.653644E-06 -1.061128E-05
  1.268965E+00  1.300000E+02     6  1.088457E-11  8.672561E+01  6.217032E-13  1.086680E-11
  1.268965E+00  1.400000E+02     1  2.132917E-05 -1.273238E+02 -1.293229E-05 -1.696141E-05
  1.268965E+00  1.400000E+02     2  1.787013E-05  5.277315E+01  1.081093E-05  1.422903E-05
  1.268965E+00  1.400000E+02     3  3.335383E-06  1.468306E+01  3.226458E-06  8.454257E-07
  1.268965E+00  1.400000E+02     4  1.366685E-05 -1.294423E+02 -8.682563E-06 -1.055442E-05
  1.268965E+00  1.400000E+02     5  1.619532E-05 -1.296557E+02 -1.033541E-05 -1.246867E-05
  1.268965E+00  1.400000E+02     6  1.137698E-11 -9.282703E+01 -5.611244E-13 -1.136314E-11
  1.268965E+00  1.500000E+02     1  2.413337E-05 -1.274267E+02 -1.466696E-05 -1.916507E-05
  1.268965E+00  1.500000E+02     2  1.388389E-05  5.291224E+01  8.372509E-06  1.107536E-05
  1.268965E+00  1.500000E+02     3  3.351545E-06  1.422068E+01  3.248843E-06  8.233316E-07
  1.268965E+00  1.500000E+02     4  1.071859E-05 -1.289126E+02 -6.732707E-06 -8.340187E-06
  1.268965E+00  1.500000E+02     5  1.819342E-05 -1.299898E+02 -1.169204E-05 -1.393904E-05
  1.268965E+00  1.500000E+02     6  2.852086E-11 -9.291454E+01 -1.450183E-12 -2.848397E-11
  1.268965E+00  1.600000E+02     1  2.619923E-05 -1.275037E+02 -1.595042E-05 -2.078422E-05
  1.268965E+00  1.600000E+02     2  9.489852E-06  5.306833E+01  5.702093E-06  7.585739E-06
  1.268965E+00  1.600000E+02     3  3.384668E-06  1.362792E+01  3.289377E-06  7.974812E-07
  1.268965E+00  1.600000E+02     4  7.397914E-06 -1.282752E+02 -4.582558E-06 -5.807692E-06
  1.268965E+00  1.600000E+02     5  1.964234E-05 -1.301903E+02 -1.267575E-05 -1.500490E-05
  1.268965E+00  1.600000E+02     6  3.257554E-11 -9.285906E+01 -1.624843E-12 -3.253499E-11
  1.268965E+00  1.700000E+02     1  2.746142E-05 -1.275545E+02 -1.673815E-05 -2.177071E-05
  1.268965E+00  1.700000E+02     2  4.822826E-06  5.330285E+01  2.882050E-06  3.866968E-06
  1.268965E+00  1.700000E+02     3  3.421765E-06  1.320747E+01  3.331256E-06  7.817974E-07
  1.268965E+00  1.700000E+02     4  3.803320E-06 -1.273286E+02 -2.306279E-06 -3.024289E-06
  1.268965E+00  1.700000E+02     5  2.051047E-05 -1.302723E+02 -1.325840E-05 -1.564911E-05
  1.268965E+00  1.700000E+02     6  2.134283E-11 -9.267473E+01 -9.959807E-13 -2.131958E-11
  1.268965E+00  1.800000E+02     1  2.788161E-05 -1.275797E+02 -1.700401E-05 -2.209633E-05
  1.268965E+00  1.800000E+02     2  3.341539E-08  1.074621E+02 -1.002714E-08  3.187545E-08
  1.268965E+00  1.800000E+02     3  3.449151E-06  1.320105E+01  3.358006E-06  7.876782E-07
  1.268965E+00  1.800000E+02     4  9.857069E-08 -7.527012E+01  2.506282E-08 -9.533119E-08
  1.268965E+00  1.800000E+02     5  2.078067E-05 -1.302632E+02 -1.343054E-05 -1.585740E-05
  1.268965E+00  1.800000E+02     6  1.739853E-13  2.977855E+01  1.510108E-13  8.640966E-14
  1.268965E+00  1.900000E+02     1  2.744768E-05 -1.275801E+02 -1.673952E-05 -2.175232E-05
  1.268965E+00  1.900000E+02     2  4.783755E-06 -1.273318E+02 -2.901014E-06 -3.803738E-06
  1.268965E+00  1.900000E+02     3  3.458968E-06  1.368160E+01  3.360820E-06  8.181361E-07
  1.268965E+00  1.900000E+02     4  3.687012E-06  5.051670E+01  2.344399E-06  2.845673E-06
  1.268965E+00  1.900000E+02     5  2.045066E-05 -1.301858E+02 -1.319615E-05 -1.562341E-05
  1.268965E+00  1.900000E+02     6  2.149209E-11  8.656179E+01  1.288924E-12  2.145340E-11
  1.268965E+00  2.000000E+02     1  2.617302E-05 -1.275561E+02 -1.595345E-05 -2.074885E-05
  1.268965E+00  2.000000E+02     2  9.450361E-06 -1.272338E+02 -5.718115E-06 -7.524127E-06
  1.268965E+00  2.000000E+02     3  3.452410E-06  1.451580E+01  3.342204E-06  8.653361E-07
  1.268965E+00  2.000000E+02     4  7.286632E-06  5.098420E+01  4.587187E-06  5.661512E-06
  1.268965E+00  2.000000E+02     5  1.953183E-05 -1.300494E+02 -1.256772E-05 -1.495141E-05
  1.268965E+00  2.000000E+02     6  3.262723E-11  8.666987E+01  1.895286E-12  3.257214E-11
  1.268965E+00  2.100000E+02     1  2.409687E-05 -1.275086E+02 -1.467212E-05 -1.911513E-05
  1.268965E+00  2.100000E+02     2  1.384442E-05 -1.272742E+02 -8.384593E-06 -1.101665E-05
  1.268965E+00  2.100000E+02     3  3.437651E-06  1.540752E+01  3.314104E-06  9.133244E-07
  1.268965E+00  2.100000E+02     4  1.061159E-05  5.091764E+01  6.689937E-06  8.237146E-06
  1.268965E+00  2.100000E+02     5  1.804727E-05 -1.298528E+02 -1.156500E-05 -1.385478E-05
  1.268965E+00  2.100000E+02     6  2.846812E-11  8.658350E+01  1.696527E-12  2.841752E-11
  1.268965E+00  2.200000E+02     1  2.128489E-05 -1.274411E+02 -1.294007E-05 -1.689975E-05
  1.268965E+00  2.200000E+02     2  1.783201E-05 -1.273531E+02 -1.081914E-05 -1.417486E-05
  1.268965E+00  2.200000E+02     3  3.424559E-06  1.601522E+01  3.291646E-06  9.448106E-07
  1.268965E+00  2.200000E+02     4  1.356112E-05  5.069394E+01  8.590466E-06  1.049323E-05
  1.268965E+00  2.200000E+02     5  1.602969E-05 -1.295973E+02 -1.021712E-05 -1.235157E-05
  1.268965E+00  2.200000E+02     6  1.127015E-11  8.595682E+01  7.946390E-13  1.124210E-11
  1.268965E+00  2.300000E+02     1  1.782807E-05 -1.273624E+02 -1.081904E-05 -1.416999E-05
  1.268965E+00  2.300000E+02     2  2.128660E-05 -1.274376E+02 -1.294006E-05 -1.690189E-05
  1.268965E+00  2.300000E+02     3  3.419934E-06  1.610405E+01  3.285734E-06  9.486301E-07
  1.268965E+00  2.300000E+02     4  1.606270E-05  5.043726E+01  1.023070E-05  1.238318E-05
  1.268965E+00  2.300000E+02     5  1.352050E-05 -1.293050E+02 -8.564533E-06 -1.046197E-05
  1.268965E+00  2.300000E+02     6  1.096672E-11 -9.199875E+01 -3.824944E-13 -1.096005E-11
  1.268965E+00  2.400000E+02     1  1.383858E-05 -1.272903E+02 -8.384149E-06 -1.100965E-05
  1.268965E+00  2.400000E+02     2  2.409616E-05 -1.275104E+02 -1.467227E-05 -1.911411E-05
  1.268965E+00  2.400000E+02     3  3.425105E-06  1.565911E+01  3.297981E-06  9.244815E-07
  1.268965E+00  2.400000E+02     4  1.806458E-05  5.020857E+01  1.156124E-05  1.388045E-05
  1.268965E+00  2.400000E+02     5  1.057236E-05 -1.290340E+02 -6.658276E-06 -8.212323E-06
  1.268965E+00  2.400000E+02     6  2.813480E-11 -9.261274E+01 -1.282529E-12 -2.810555E-11
  1.268965E+00  2.500000E+02     1  9.443090E-06 -1.272607E+02 -5.717244E-06 -7.515655E-06
  1.268965E+00  2.500000E+02     2  2.616994E-05 -1.275627E+02 -1.595396E-05 -2.074456E-05
  1.268965E+00  2.500000E+02     3  3.435547E-06  1.489269E+01  3.320143E-06  8.829683E-07
  1.268965E+00  2.500000E+02     4  1.952891E-05  5.002997E+01  1.254511E-05  1.496658E-05
  1.268965E+00  2.500000E+02     5  7.256286E-06 -1.289006E+02 -4.556740E-06 -5.647106E-06
  1.268965E+00  2.500000E+02     6  3.226186E-11 -9.264149E+01 -1.486832E-12 -3.222758E-11
  1.268965E+00  2.600000E+02     1  4.775633E-06 -1.273882E+02 -2.899823E-06 -3.794429E-06
  1.268965E+00  2.600000E+02     2  2.744256E-05 -1.275909E+02 -1.674051E-05 -2.174510E-05
  1.268965E+00  2.600000E+02     3  3.442590E-06  1.413626E+01  3.338340E-06  8.407793E-07
  1.268965E+00  2.600000E+02     4  2.042811E-05  4.990063E+01  1.315806E-05  1.562605E-05
  1.268965E+00  2.600000E+02     5  3.670242E-06 -1.292441E+02 -2.321890E-06 -2.842448E-06
  1.268965E+00  2.600000E+02     6  2.113495E-11 -9.245436E+01 -9.050735E-13 -2.111556E-11
  1.268965E+00  2.700000E+02     1  4.235060E-08  1.019740E+02 -8.786390E-09  4.142912E-08
  1.268965E+00  2.700000E+02     2  2.787509E-05 -1.275939E+02 -1.700551E-05 -2.208694E-05
  1.268965E+00  2.700000E+02     3  3.437689E-06  1.367801E+01  3.340196E-06  8.128940E-07
  1.268965E+00  2.700000E+02     4  2.074375E-05  4.981531E+01  1.338498E-05  1.584757E-05
  1.268965E+00  2.700000E+02     5  9.117345E-08  1.005841E+02 -1.674658E-08  8.962227E-08
  1.268965E+00  2.700000E+02     6  2.501724E-13  4.266809E+01  1.839498E-13  1.695544E-13
  1.268965E+00  2.800000E+02     1  4.830864E-06  5.335967E+01  2.883010E-06  3.876274E-06
  1.268965E+00  2.800000E+02     2  2.745432E-05 -1.275713E+02 -1.674021E-05 -2.176017E-05
  1.268965E+00  2.800000E+02     3  3.417724E-06  1.363404E+01  3.321416E-06  8.056241E-07
  1.268965E+00  2.800000E+02     4  2.046670E-05  4.977991E+01  1.321587E-05  1.562775E-05
  1.268965E+00  2.800000E+02     5  3.788427E-06  5.270366E+01  2.295550E-06  3.013740E-06
  1.268965E+00  2.800000E+02     6  2.144739E-11  8.662156E+01  1.263909E-12  2.141011E-11
  1.268965E+00  2.900000E+02     1  9.497131E-06  5.309817E+01  5.702512E-06  7.594527E-06
  1.268965E+00  2.900000E+02     2  2.619235E-05 -1.275227E+02 -1.595312E-05 -2.077348E-05
  1.268965E+00  2.900000E+02     3  3.387586E-06  1.391080E+01  3.288232E-06  8.144131E-07
  1.268965E+00  2.900000E+02     4  1.959826E-05  4.981703E+01  1.264540E-05  1.497284E-05
  1.268965E+00  2.900000E+02     5  7.369984E-06  5.186280E+01  4.551310E-06  5.796745E-06
  1.268965E+00  2.900000E+02     6  3.245849E-11  8.678005E+01  1.823165E-12  3.240725E-11
  1.268965E+00  3.000000E+02     1  1.389043E-05  5.293368E+01  8.372305E-06  1.108371E-05
  1.268965E+00  3.000000E+02     2  2.412724E-05 -1.274480E+02 -1.467037E-05 -1.915473E-05
  1.268965E+00  3.000000E+02     3  3.357974E-06  1.426726E+01  3.254403E-06  8.275570E-07
  1.268965E+00  3.000000E+02     4  1.815196E-05  4.995888E+01  1.167783E-05  1.389683E-05
  1.268965E+00  3.000000E+02     5  1.068248E-05  5.126014E+01  6.684944E-06  8.332287E-06
  1.268965E+00  3.000000E+02     6  2.819368E-11  8.675865E+01  1.594129E-12  2.814857E-11
  1.268965E+00  3.100000E+02     1  1.787637E-05  5.279111E+01  1.081025E-05  1.423739E-05
  1.268965E+00  3.100000E+02     2  2.132386E-05 -1.273485E+02 -1.293637E-05 -1.695162E-05
  1.268965E+00  3.100000E+02     3  3.340130E-06  1.444525E+01  3.234536E-06  8.332110E-07
  1.268965E+00  3.100000E+02     4  1.615523E-05  5.023118E+01  1.033436E-05  1.241742E-05
  1.268965E+00  3.100000E+02     5  1.362980E-05  5.072538E+01  8.628183E-06  1.055111E-05
  1.268965E+00  3.100000E+02     6  1.092333E-11  8.644087E+01  6.781058E-13  1.090226E-11
  1.268965E+00  3.200000E+02     1  2.132779E-05  5.266773E+01  1.293395E-05  1.695841E-05
  1.268965E+00  3.200000E+02     2  1.787300E-05 -1.272277E+02 -1.081287E-05 -1.423115E-05
  1.268965E+00  3.200000E+02     3  3.340896E-06  1.430515E+01  3.237307E-06  8.254889E-07
  1.268965E+00  3.200000E+02     4  1.365042E-05  5.063740E+01  8.657448E-06  1.055379E-05
  1.268965E+00  3.200000E+02     5  1.613883E-05  5.028443E+01  1.031234E-05  1.241441E-05
  1.268965E+00  3.200000E+02     6  1.133506E-11 -9.253715E+01 -5.017701E-13 -1.132395E-11
  1.268965E+00  3.300000E+02     1  2.413207E-05  5.256785E+01  1.466799E-05  1.916264E-05
  1.268965E+00  3.300000E+02     2  1.388710E-05 -1.270914E+02 -8.375144E-06 -1.107739E-05
  1.268965E+00  3.300000E+02     3  3.360048E-06  1.389706E+01  3.261696E-06  8.070102E-07
  1.268965E+00  3.300000E+02     4  1.069600E-05  5.115711E+01  6.708393E-06  8.330779E-06
  1.268965E+00  3.300000E+02     5  1.815148E-05  4.997031E+01  1.167475E-05  1.389879E-05
  1.268965E+00  3.300000E+02     6  2.847615E-11 -9.281195E+01 -1.396987E-12 -2.844186E-11
  1.268965E+00  3.400000E+02     1  2.619807E-05  5.249388E+01  1.595059E-05  2.078262E-05
  1.268965E+00  3.400000E+02     2  9.493422E-06 -1.269402E+02 -5.705374E-06 -7.587739E-06
  1.268965E+00  3.400000E+02     3  3.390351E-06  1.343334E+01  3.297594E-06  7.876257E-07
  1.268965E+00  3.400000E+02     4  7.369989E-06  5.178325E+01  4.559356E-06  5.790424E-06
  1.268965E+00  3.400000E+02     5  1.962078E-05  4.979037E+01  1.266690E-05  1.498414E-05
  1.268965E+00  3.400000E+02     6  3.253030E-11 -9.279890E+01 -1.588474E-12 -3.249149E-11
  1.268965E+00  3.500000E+02     1  2.746048E-05  5.244597E+01  1.673742E-05  2.177009E-05
  1.268965E+00  3.500000E+02     2  4.826610E-06 -1.267155E+02 -2.885550E-06 -3.869078E-06
  1.268965E+00  3.500000E+02     3  3.420546E-06  1.318435E+01  3.330385E-06  7.801750E-07
  1.268965E+00  3.500000E+02     4  3.775052E-06  5.275832E+01  2.284580E-06  3.005281E-06
  1.268965E+00  3.500000E+02     5  2.051205E-05  4.972695E+01  1.325962E-05  1.565013E-05
  1.268965E+00  3.500000E+02     6  2.129955E-11 -9.264262E+01 -9.820382E-13 -2.127690E-11
  1.244322E+00  0.000000E+00     1  2.580553E-05  5.617293E+01  1.436563E-05  2.143721E-05
  1.244322E+00  0.000000E+00     2  3.100622E-08 -7.529008E+01  7.873269E-09 -2.998995E-08
  1.244322E+00  0.000000E+00     3  2.829193E-06  1.781804E+01  2.693485E-06  8.657192E-07
  1.244322E+00  0.000000E+00     4  8.620796E-08  1.211633E+02 -4.461079E-08  7.376781E-08
  1.244322E+00  0.000000E+00     5  1.846094E-05  5.348399E+01  1.098514E-05  1.483689E-05
  1.244322E+00  0.000000E+00     6  1.902980E-13  4.518154E+01  1.341340E-13  1.349867E-13
  1.244322E+00  1.000000E+01     1  2.540546E-05  5.617547E+01  1.414199E-05  2.110549E-05
  1.244322E+00  1.000000E+01     2  4.427066E-06  5.644893E+01  2.446751E-06  3.689488E-06
  1.244322E+00  1.000000E+01     3  2.837515E-06  1.858100E+01  2.689607E-06  9.041600E-07
  1.244322E+00  1.000000E+01     4  3.301105E-06 -1.263486E+02 -1.956552E-06 -2.658797E-06
  1.244322E+00  1.000000E+01     5  1.818999E-05  5.356495E+01  1.080324E-05  1.463440E-05
  1.244322E+00  1.000000E+01     6  2.336625E-11  8.581483E+01  1.705271E-12  2.330394E-11
  1.244322E+00  2.000000E+01     1  2.422811E-05  5.620123E+01  1.347756E-05  2.013347E-05
  1.244322E+00  2.000000E+01     2  8.748496E-06  5.652769E+01  4.825092E-06  7.297580E-06
  1.244322E+00  2.000000E+01     3  2.840236E-06  1.980348E+01  2.672265E-06  9.622581E-07
  1.244322E+00  2.000000E+01     4  6.498357E-06 -1.257960E+02 -3.800899E-06 -5.270845E-06
  1.244322E+00  2.000000E+01     5  1.739343E-05  5.367560E+01  1.030311E-05  1.401347E-05
  1.244322E+00  2.000000E+01     6  3.539936E-11  8.586740E+01  2.551053E-12  3.530732E-11
  1.244322E+00  3.000000E+01     1  2.230892E-05  5.624998E+01  1.239418E-05  1.854919E-05
  1.244322E+00  3.000000E+01     2  1.281722E-05  5.647799E+01  7.078402E-06  1.068538E-05
  1.244322E+00  3.000000E+01     3  2.842131E-06  2.102123E+01  2.652980E-06  1.019511E-06
  1.244322E+00  3.000000E+01     4  9.445020E-06 -1.257894E+02 -5.523524E-06 -7.661533E-06
  1.244322E+00  3.000000E+01     5  1.609083E-05  5.382214E+01  9.498320E-06  1.298834E-05
  1.244322E+00  3.000000E+01     6  3.082943E-11  8.575206E+01  2.283617E-12  3.074473E-11
  1.244322E+00  4.000000E+01     1  1.970787E-05  5.631923E+01  1.092930E-05  1.639971E-05
  1.244322E+00  4.000000E+01     2  1.650884E-05  5.639465E+01  9.137135E-06  1.374971E-05
  1.244322E+00  4.000000E+01     3  2.846202E-06  2.174270E+01  2.643714E-06  1.054344E-06
  1.244322E+00  4.000000E+01     4  1.205719E-05 -1.259216E+02 -7.073682E-06 -9.764165E-06
  1.244322E+00  4.000000E+01     5  1.431031E-05  5.401085E+01  8.409200E-06  1.157888E-05
  1.244322E+00  4.000000E+01     6  1.217996E-11  8.513289E+01  1.033409E-12  1.213605E-11
  1.244322E+00  5.000000E+01     1  1.650872E-05  5.640104E+01  9.135536E-06  1.375063E-05
  1.244322E+00  5.000000E+01     2  1.970591E-05  5.630985E+01  1.093090E-05  1.639629E-05
  1.244322E+00  5.000000E+01     3  2.852849E-06  2.167516E+01  2.651132E-06  1.053682E-06
  1.244322E+00  5.000000E+01     4  1.427599E-05 -1.260723E+02 -8.405792E-06 -1.153891E-05
  1.244322E+00  5.000000E+01     5  1.208655E-05  5.422870E+01  7.065208E-06  9.806503E-06
  1.244322E+00  5.000000E+01     6  1.188824E-11 -9.295367E+01 -6.125833E-13 -1.187245E-11
  1.244322E+00  6.000000E+01     1  1.281532E-05  5.647754E+01  7.077435E-06  1.068374E-05
  1.244322E+00  6.000000E+01     2  2.230477E-05  5.623946E+01  1.239528E-05  1.854346E-05
  1.244322E+00  6.000000E+01     3  2.861046E-06  2.085983E+01  2.673517E-06  1.018770E-06
  1.244322E+00  6.000000E+01     4  1.605697E-05 -1.261955E+02 -9.482328E-06 -1.295808E-05
  1.244322E+00  6.000000E+01     5  9.462862E-06  5.442576E+01  5.505090E-06  7.696736E-06
  1.244322E+00  6.000000E+01     6  3.049911E-11 -9.354290E+01 -1.884718E-12 -3.044082E-11
  1.244322E+00  7.000000E+01     1  8.745177E-06  5.651187E+01  4.825276E-06  7.293479E-06
  1.244322E+00  7.000000E+01     2  2.422191E-05  5.619029E+01  1.347795E-05  2.012575E-05
  1.244322E+00  7.000000E+01     3  2.868457E-06  1.965478E+01  2.701330E-06  9.648116E-07
  1.244322E+00  7.000000E+01     4  1.736334E-05 -1.262875E+02 -1.027629E-05 -1.399584E-05
  1.244322E+00  7.000000E+01     5  6.499191E-06  5.448901E+01  3.775114E-06  5.290368E-06
  1.244322E+00  7.000000E+01     6  3.502198E-11 -9.358483E+01 -2.189792E-12 -3.495346E-11
  1.244322E+00  8.000000E+01     1  4.422755E-06  5.638754E+01  2.448316E-06  3.683274E-06
  1.244322E+00  8.000000E+01     2  2.539772E-05  5.616416E+01  1.414184E-05  2.109627E-05
  1.244322E+00  8.000000E+01     3  2.870650E-06  1.857343E+01  2.721136E-06  9.143588E-07
  1.244322E+00  8.000000E+01     4  1.816536E-05 -1.263655E+02 -1.077086E-05 -1.462767E-05
  1.244322E+00  8.000000E+01     5  3.282749E-06  5.405412E+01  1.927042E-06  2.657621E-06
  1.244322E+00  8.000000E+01     6  2.298003E-11 -9.346560E+01 -1.389126E-12 -2.293801E-11
  1.244322E+00  9.000000E+01     1  3.920114E-08 -7.413453E+01  1.071679E-08 -3.770782E-08
  1.244322E+00  9.000000E+01     2  2.579701E-05  5.616108E+01  1.436532E-05  2.142716E-05
  1.244322E+00  9.000000E+01     3  2.862456E-06  1.805022E+01  2.721581E-06  8.869331E-07
  1.244322E+00  9.000000E+01     4  1.844316E-05 -1.264437E+02 -1.095585E-05 -1.483642E-05
  1.244322E+00  9.000000E+01     5  9.741300E-08 -8.028561E+01  1.643717E-08 -9.601621E-08
  1.244322E+00  9.000000E+01     6  2.121608E-13  5.049581E+01  1.349629E-13  1.636986E-13
  1.244322E+00  1.000000E+02     1  4.473540E-06 -1.228665E+02 -2.427713E-06 -3.757495E-06
  1.244322E+00  1.000000E+02     2  2.540793E-05  5.618131E+01  1.414121E-05  2.110898E-05
  1.244322E+00  1.000000E+02     3  2.841864E-06  1.824705E+01  2.698962E-06  8.898298E-07
  1.244322E+00  1.000000E+02     4  1.818949E-05 -1.265154E+02 -1.082344E-05 -1.461885E-05
  1.244322E+00  1.000000E+02     5  3.417393E-06 -1.237622E+02 -1.899208E-06 -2.841053E-06
  1.244322E+00  1.000000E+02     6  2.327732E-11  8.591574E+01  1.657889E-12  2.321820E-11
  1.244322E+00  1.100000E+02     1  8.794286E-06 -1.231345E+02 -4.807008E-06 -7.364247E-06
  1.244322E+00  1.100000E+02     2  2.424137E-05  5.622613E+01  1.347618E-05  2.015035E-05
  1.244322E+00  1.100000E+02     3  2.812671E-06  1.898925E+01  2.659605E-06  9.152171E-07
  1.244322E+00  1.100000E+02     4  1.741056E-05 -1.265469E+02 -1.036765E-05 -1.398712E-05
  1.244322E+00  1.100000E+02     5  6.622081E-06 -1.246222E+02 -3.762422E-06 -5.449416E-06
  1.244322E+00  1.100000E+02     6  3.519769E-11  8.600163E+01  2.454270E-12  3.511202E-11
  1.244322E+00  1.200000E+02     1  1.286170E-05 -1.233064E+02 -7.062574E-06 -1.074911E-05
  1.244322E+00  1.200000E+02     2  2.233174E-05  5.629732E+01  1.239151E-05  1.857841E-05
  1.244322E+00  1.200000E+02     3  2.782987E-06  1.985374E+01  2.617574E-06  9.451587E-07
  1.244322E+00  1.200000E+02     4  1.612491E-05 -1.264885E+02 -9.588860E-06 -1.296405E-05
  1.244322E+00  1.200000E+02     5  9.569821E-06 -1.252018E+02 -5.516593E-06 -7.819762E-06
  1.244322E+00  1.200000E+02     6  3.053032E-11  8.597947E+01  2.140600E-12  3.045519E-11
  1.244322E+00  1.300000E+02     1  1.655127E-05 -1.234556E+02 -9.124547E-06 -1.380895E-05
  1.244322E+00  1.300000E+02     2  1.973831E-05  5.639563E+01  1.092427E-05  1.643963E-05
  1.244322E+00  1.300000E+02     3  2.761436E-06  2.037108E+01  2.588730E-06  9.612531E-07
  1.244322E+00  1.300000E+02     4  1.436092E-05 -1.262954E+02 -8.500934E-06 -1.157455E-05
  1.244322E+00  1.300000E+02     5  1.217648E-05 -1.257010E+02 -7.105646E-06 -9.888195E-06
  1.244322E+00  1.300000E+02     6  1.181297E-11  8.584230E+01  8.564614E-13  1.178188E-11
  1.244322E+00  1.400000E+02     1  1.974524E-05 -1.235832E+02 -1.092203E-05 -1.644942E-05
  1.244322E+00  1.400000E+02     2  1.654464E-05  5.651879E+01  9.127077E-06  1.379934E-05
  1.244322E+00  1.400000E+02     3  2.754241E-06  2.025201E+01  2.583972E-06  9.533806E-07
  1.244322E+00  1.400000E+02     4  1.215440E-05 -1.259503E+02 -7.135648E-06 -9.839311E-06
  1.244322E+00  1.400000E+02     5  1.438312E-05 -1.261020E+02 -8.474891E-06 -1.162112E-05
  1.244322E+00  1.400000E+02     6  1.227423E-11 -9.374020E+01 -8.006786E-13 -1.224809E-11
  1.244322E+00  1.500000E+02     1  2.233946E-05 -1.236850E+02 -1.239005E-05 -1.858865E-05
  1.244322E+00  1.500000E+02     2  1.285482E-05  5.666096E+01  7.064908E-06  1.073934E-05
  1.244322E+00  1.500000E+02     3  2.763574E-06  1.952905E+01  2.604591E-06  9.238205E-07
  1.244322E+00  1.500000E+02     4  9.549275E-06 -1.254687E+02 -5.541049E-06 -7.777238E-06
  1.244322E+00  1.500000E+02     5  1.614509E-05 -1.263757E+02 -9.575291E-06 -1.299914E-05
  1.244322E+00  1.500000E+02     6  3.085788E-11 -9.381898E+01 -2.055270E-12 -3.078936E-11
  1.244322E+00  1.600000E+02     1  2.425000E-05 -1.237591E+02 -1.347579E-05 -2.016099E-05
  1.244322E+00  1.600000E+02     2  8.786846E-06  5.681987E+01  4.808804E-06  7.354187E-06
  1.244322E+00  1.600000E+02     3  2.786240E-06  1.854158E+01  2.641615E-06  8.860044E-07
  1.244322E+00  1.600000E+02     4  6.604127E-06 -1.248645E+02 -3.775164E-06 -5.418730E-06
  1.244322E+00  1.600000E+02     5  1.742559E-05 -1.265196E+02 -1.036992E-05 -1.400414E-05
  1.244322E+00  1.600000E+02     6  3.530837E-11 -9.376220E+01 -2.316781E-12 -3.523228E-11
  1.244322E+00  1.700000E+02     1  2.541711E-05 -1.238067E+02 -1.414189E-05 -2.111957E-05
  1.244322E+00  1.700000E+02     2  4.465636E-06  5.705088E+01  2.428833E-06  3.747356E-06
  1.244322E+00  1.700000E+02     3  2.813816E-06  1.777108E+01  2.679551E-06  8.588177E-07
  1.244322E+00  1.700000E+02     4  3.402800E-06 -1.239300E+02 -1.899372E-06 -2.823372E-06
  1.244322E+00  1.700000E+02     5  1.819597E-05 -1.265583E+02 -1.083825E-05 -1.461593E-05
  1.244322E+00  1.700000E+02     6  2.316402E-11 -9.360603E+01 -1.456914E-12 -2.311815E-11
  1.244322E+00  1.800000E+02     1  2.580598E-05 -1.238294E+02 -1.436676E-05 -2.143700E-05
  1.244322E+00  1.800000E+02     2  2.981497E-08  1.100994E+02 -1.024590E-08  2.799918E-08
  1.244322E+00  1.800000E+02     3  2.836160E-06  1.761329E+01  2.703203E-06  8.581967E-07
  1.244322E+00  1.800000E+02     4  9.265229E-08 -7.410744E+01  2.537138E-08 -8.911083E-08
  1.244322E+00  1.800000E+02     5  1.843896E-05 -1.265278E+02 -1.097510E-05 -1.481697E-05
  1.244322E+00  1.800000E+02     6  1.614225E-13  3.702336E+01  1.288781E-13  9.719902E-14
  1.244322E+00  1.900000E+02     1  2.540561E-05 -1.238285E+02 -1.414351E-05 -2.110465E-05
  1.244322E+00  1.900000E+02     2  4.430004E-06 -1.235517E+02 -2.448415E-06 -3.691910E-06
  1.244322E+00  1.900000E+02     3  2.846956E-06  1.819981E+01  2.704531E-06  8.891945E-07
  1.244322E+00  1.900000E+02     4  3.289772E-06  5.387009E+01  1.939709E-06  2.657090E-06
  1.244322E+00  1.900000E+02     5  1.815099E-05 -1.264557E+02 -1.078533E-05 -1.459915E-05
  1.244322E+00  1.900000E+02     6  2.333255E-11  8.580779E+01  1.705668E-12  2.327012E-11
  1.244322E+00  2.000000E+02     1  2.422799E-05 -1.238040E+02 -1.347932E-05 -2.013215E-05
  1.244322E+00  2.000000E+02     2  8.751316E-06 -1.234665E+02 -4.825907E-06 -7.300421E-06
  1.244322E+00  2.000000E+02     3  2.846665E-06  1.933724E+01  2.686073E-06  9.426099E-07
  1.244322E+00  2.000000E+02     4  6.500947E-06  5.437934E+01  3.786257E-06  5.284560E-06
  1.244322E+00  2.000000E+02     5  1.734204E-05 -1.263506E+02 -1.027905E-05 -1.396737E-05
  1.244322E+00  2.000000E+02     6  3.537044E-11  8.587642E+01  2.543416E-12  3.527887E-11
  1.244322E+00  2.100000E+02     1  2.230859E-05 -1.237561E+02 -1.239596E-05 -1.854759E-05
  1.244322E+00  2.100000E+02     2  1.281993E-05 -1.235152E+02 -7.078631E-06 -1.068848E-05
  1.244322E+00  2.100000E+02     3  2.840435E-06  2.058126E+01  2.659143E-06  9.985136E-07
  1.244322E+00  2.100000E+02     4  9.456829E-06  5.436146E+01  5.510208E-06  7.685650E-06
  1.244322E+00  2.100000E+02     5  1.603330E-05 -1.262054E+02 -9.470572E-06 -1.293735E-05
  1.244322E+00  2.100000E+02     6  3.080542E-11  8.579492E+01  2.258860E-12  3.072249E-11
  1.244322E+00  2.200000E+02     1  1.970740E-05 -1.236872E+02 -1.093088E-05 -1.639810E-05
  1.244322E+00  2.200000E+02     2  1.651153E-05 -1.236000E+02 -9.137341E-06 -1.375281E-05
  1.244322E+00  2.200000E+02     3  2.833740E-06  2.142421E+01  2.637933E-06  1.035080E-06
  1.244322E+00  2.200000E+02     4  1.206931E-05  5.419791E+01  7.060391E-06  9.788720E-06
  1.244322E+00  2.200000E+02     5  1.425361E-05 -1.260126E+02 -8.380589E-06 -1.152957E-05
  1.244322E+00  2.200000E+02     6  1.216080E-11  8.531390E+01  9.934970E-13  1.212014E-11
  1.244322E+00  2.300000E+02     1  1.650824E-05 -1.236052E+02 -9.136769E-06 -1.374924E-05
  1.244322E+00  2.300000E+02     2  1.970872E-05 -1.236875E+02 -1.093169E-05 -1.639914E-05
  1.244322E+00  2.300000E+02     3  2.829939E-06  2.152353E+01  2.632599E-06  1.038257E-06
  1.244322E+00  2.300000E+02     4  1.427908E-05  5.400902E+01  8.391213E-06  1.155334E-05
  1.244322E+00  2.300000E+02     5  1.203707E-05 -1.257849E+02 -7.038610E-06 -9.764685E-06
  1.244322E+00  2.300000E+02     6  1.190044E-11 -9.315507E+01 -6.549827E-13 -1.188240E-11
  1.244322E+00  2.400000E+02     1  1.281496E-05 -1.235280E+02 -7.078266E-06 -1.068276E-05
  1.244322E+00  2.400000E+02     2  2.230778E-05 -1.237607E+02 -1.239702E-05 -1.854592E-05
  1.244322E+00  2.400000E+02     3  2.830119E-06  2.086190E+01  2.644581E-06  1.007852E-06
  1.244322E+00  2.400000E+02     4  1.604531E-05  5.384820E+01  9.465555E-06  1.295589E-05
  1.244322E+00  2.400000E+02     5  9.425319E-06 -1.255732E+02 -5.483107E-06 -7.666302E-06
  1.244322E+00  2.400000E+02     6  3.050548E-11 -9.359677E+01 -1.913740E-12 -3.044539E-11
  1.244322E+00  2.500000E+02     1  8.745090E-06 -1.234922E+02 -4.825746E-06 -7.293063E-06
  1.244322E+00  2.500000E+02     2  2.422513E-05 -1.238122E+02 -1.348062E-05 -2.012783E-05
  1.244322E+00  2.500000E+02     3  2.832832E-06  1.975640E+01  2.666086E-06  9.575589E-07
  1.244322E+00  2.500000E+02     4  1.733706E-05  5.372744E+01  1.025708E-05  1.397734E-05
  1.244322E+00  2.500000E+02     5  6.476306E-06 -1.254892E+02 -3.759820E-06 -5.273168E-06
  1.244322E+00  2.500000E+02     6  3.502192E-11 -9.359497E+01 -2.195979E-12 -3.495301E-11
  1.244322E+00  2.600000E+02     1  4.423032E-06 -1.236128E+02 -2.448492E-06 -3.683490E-06
  1.244322E+00  2.600000E+02     2  2.540102E-05 -1.238395E+02 -1.414502E-05 -2.109811E-05
  1.244322E+00  2.600000E+02     3  2.833685E-06  1.870478E+01  2.684020E-06  9.087402E-07
  1.244322E+00  2.600000E+02     4  1.813002E-05  5.363556E+01  1.074963E-05  1.459941E-05
  1.244322E+00  2.600000E+02     5  3.275829E-06 -1.258768E+02 -1.919783E-06 -2.654335E-06
  1.244322E+00  2.600000E+02     6  2.297364E-11 -9.342935E+01 -1.374229E-12 -2.293250E-11
  1.244322E+00  2.700000E+02     1  3.834179E-08  1.060751E+02 -1.061676E-08  3.684260E-08
  1.244322E+00  2.700000E+02     2  2.580023E-05 -1.238424E+02 -1.436843E-05 -2.142895E-05
  1.244322E+00  2.700000E+02     3  2.827257E-06  1.814293E+01  2.686693E-06  8.803752E-07
  1.244322E+00  2.700000E+02     4  1.840699E-05  5.355993E+01  1.093341E-05  1.480803E-05
  1.244322E+00  2.700000E+02     5  8.676516E-08  1.017554E+02 -1.767703E-08  8.494536E-08
  1.244322E+00  2.700000E+02     6  2.376239E-13  4.729697E+01  1.611562E-13  1.746247E-13
  1.244322E+00  2.800000E+02     1  4.472526E-06  5.711887E+01  2.428125E-06  3.756022E-06
  1.244322E+00  2.800000E+02     2  2.541092E-05 -1.238210E+02 -1.414373E-05 -2.111089E-05
  1.244322E+00  2.800000E+02     3  2.811321E-06  1.824173E+01  2.670036E-06  8.800185E-07
  1.244322E+00  2.800000E+02     4  1.815973E-05  5.350458E+01  1.080066E-05  1.459869E-05
  1.244322E+00  2.800000E+02     5  3.390988E-06  5.612670E+01  1.889995E-06  2.815443E-06
  1.244322E+00  2.800000E+02     6  2.329600E-11  8.585059E+01  1.685643E-12  2.323493E-11
  1.244322E+00  2.900000E+02     1  8.793048E-06  5.685441E+01  4.807760E-06  7.362277E-06
  1.244322E+00  2.900000E+02     2  2.424404E-05 -1.237746E+02 -1.347791E-05 -2.015240E-05
  1.244322E+00  2.900000E+02     3  2.789361E-06  1.884198E+01  2.639887E-06  9.008498E-07
  1.244322E+00  2.900000E+02     4  1.739047E-05  5.349670E+01  1.034505E-05  1.397885E-05
  1.244322E+00  2.900000E+02     5  6.581131E-06  5.529730E+01  3.746758E-06  5.410461E-06
  1.244322E+00  2.900000E+02     6  3.522211E-11  8.596177E+01  2.480412E-12  3.513466E-11
  1.244322E+00  3.000000E+02     1  1.286036E-05  5.668415E+01  7.063603E-06  1.074683E-05
  1.244322E+00  3.000000E+02     2  2.233413E-05 -1.237019E+02 -1.239260E-05 -1.858055E-05
  1.244322E+00  3.000000E+02     3  2.768685E-06  1.954895E+01  2.609087E-06  9.264356E-07
  1.244322E+00  3.000000E+02     4  1.611270E-05  5.357810E+01  9.566539E-06  1.296536E-05
  1.244322E+00  3.000000E+02     5  9.518842E-06  5.472711E+01  5.496859E-06  7.771286E-06
  1.244322E+00  3.000000E+02     6  3.056046E-11  8.593034E+01  2.168854E-12  3.048340E-11
  1.244322E+00  3.100000E+02     1  1.654992E-05  5.653673E+01  9.125665E-06  1.380660E-05
  1.244322E+00  3.100000E+02     2  1.974053E-05 -1.236031E+02 -1.092514E-05 -1.644172E-05
  1.244322E+00  3.100000E+02     3  2.756366E-06  1.993857E+01  2.591146E-06  9.399552E-07
  1.244322E+00  3.100000E+02     4  1.435105E-05  5.378584E+01  8.478671E-06  1.157863E-05
  1.244322E+00  3.100000E+02     5  1.212258E-05  5.423734E+01  7.084788E-06  9.836807E-06
  1.244322E+00  3.100000E+02     6  1.184854E-11  8.568171E+01  8.921596E-13  1.181491E-11
  1.244322E+00  3.200000E+02     1  1.974395E-05  5.641101E+01  1.092298E-05  1.644726E-05
  1.244322E+00  3.200000E+02     2  1.654688E-05 -1.234809E+02 -9.128237E-06 -1.380125E-05
  1.244322E+00  3.200000E+02     3  2.756482E-06  1.977275E+01  2.593965E-06  9.324916E-07
  1.244322E+00  3.200000E+02     4  1.214052E-05  5.413302E+01  7.113193E-06  9.838425E-06
  1.244322E+00  3.200000E+02     5  1.433460E-05  5.384989E+01  8.456020E-06  1.157482E-05
  1.244322E+00  3.200000E+02     6  1.223471E-11 -9.354676E+01 -7.568767E-13 -1.221128E-11
  1.244322E+00  3.300000E+02     1  2.233829E-05  5.631139E+01  1.239058E-05  1.858690E-05
  1.244322E+00  3.300000E+02     2  1.285722E-05 -1.233415E+02 -7.066683E-06 -1.074105E-05
  1.244322E+00  3.300000E+02     3  2.769138E-06  1.911486E+01  2.616459E-06  9.067902E-07
  1.244322E+00  3.300000E+02     4  9.527578E-06  5.460524E+01  5.518437E-06  7.766698E-06
  1.244322E+00  3.300000E+02     5  1.610939E-05  5.359275E+01  9.561255E-06  1.296514E-05
  1.244322E+00  3.300000E+02     6  3.081560E-11 -9.373945E+01 -2.009776E-12 -3.074999E-11
  1.244322E+00  3.400000E+02     1  2.424901E-05  5.623939E+01  1.347576E-05  2.015982E-05
  1.244322E+00  3.400000E+02     2  8.789489E-06 -1.231874E+02 -4.811182E-06 -7.355790E-06
  1.244322E+00  3.400000E+02     3  2.790238E-06  1.829466E+01  2.649205E-06  8.758666E-07
  1.244322E+00  3.400000E+02     4  6.575544E-06  5.519883E+01  3.752862E-06  5.399426E-06
  1.244322E+00  3.400000E+02     5  1.740779E-05  5.346567E+01  1.036293E-05  1.398717E-05
  1.244322E+00  3.400000E+02     6  3.526555E-11 -9.370671E+01 -2.279887E-12 -3.519178E-11
  1.244322E+00  3.500000E+02     1  2.541637E-05  5.619385E+01  1.414128E-05  2.111909E-05
  1.244322E+00  3.500000E+02     2  4.468490E-06 -1.229657E+02 -2.431469E-06 -3.749048E-06
  1.244322E+00  3.500000E+02     3  2.812568E-06  1.774920E+01  2.678690E-06  8.574139E-07
  1.244322E+00  3.500000E+02     4  3.372920E-06  5.616220E+01  1.878189E-06  2.801606E-06
  1.244322E+00  3.500000E+02     5  1.819828E-05  5.344165E+01  1.083964E-05  1.461778E-05
  1.244322E+00  3.500000E+02     6  2.312277E-11 -9.356105E+01 -1.436203E-12 -2.307813E-11
  1.221062E+00  0.000000E+00     1  2.392680E-05  6.005913E+01  1.194201E-05  2.073355E-05
  1.221062E+00  0.000000E+00     2  2.833268E-08 -7.099762E+01  9.225332E-09 -2.678869E-08
  1.221062E+00  0.000000E+00     3  2.321094E-06  2.224923E+01  2.148279E-06  8.788503E-07
  1.221062E+00  0.000000E+00     4  8.107426E-08  1.214996E+02 -4.236065E-08  6.912750E-08
  1.221062E+00  0.000000E+00     5  1.644769E-05  5.736339E+01  8.870386E-06  1.385073E-05
  1.221062E+00  0.000000E+00     6  1.934994E-13  5.333875E+01  1.155352E-13  1.552213E-13
  1.221062E+00  1.000000E+01     1  2.355692E-05  6.006103E+01  1.175672E-05  2.041343E-05
  1.221062E+00  1.000000E+01     2  4.106660E-06  6.034329E+01  2.031985E-06  3.568711E-06
  1.221062E+00  1.000000E+01     3  2.332886E-06  2.317883E+01  2.144577E-06  9.182293E-07
  1.221062E+00  1.000000E+01     4  2.953802E-06 -1.229366E+02 -1.606016E-06 -2.479044E-06
  1.221062E+00  1.000000E+01     5  1.620793E-05  5.743101E+01  8.724967E-06  1.365913E-05
  1.221062E+00  1.000000E+01     6  2.524257E-11  8.488669E+01  2.249760E-12  2.514211E-11
  1.221062E+00  2.000000E+01     1  2.246696E-05  6.008478E+01  1.120468E-05  1.947356E-05
  1.221062E+00  2.000000E+01     2  8.114936E-06  6.041812E+01  4.006075E-06  7.057163E-06
  1.221062E+00  2.000000E+01     3  2.345283E-06  2.479135E+01  2.129144E-06  9.834125E-07
  1.221062E+00  2.000000E+01     4  5.814301E-06 -1.223268E+02 -3.109180E-06 -4.913156E-06
  1.221062E+00  2.000000E+01     5  1.549942E-05  5.750131E+01  8.327533E-06  1.307227E-05
  1.221062E+00  2.000000E+01     6  3.817707E-11  8.489948E+01  3.394071E-12  3.802590E-11
  1.221062E+00  3.000000E+01     1  2.068914E-05  6.013125E+01  1.030350E-05  1.794097E-05
  1.221062E+00  3.000000E+01     2  1.188871E-05  6.036459E+01  5.878719E-06  1.033354E-05
  1.221062E+00  3.000000E+01     3  2.358472E-06  2.642611E+01  2.112033E-06  1.049622E-06
  1.221062E+00  3.000000E+01     4  8.441879E-06 -1.222540E+02 -4.505205E-06 -7.139219E-06
  1.221062E+00  3.000000E+01     5  1.434203E-05  5.758552E+01  7.687902E-06  1.210743E-05
  1.221062E+00  3.000000E+01     6  3.317894E-11  8.477897E+01  3.019222E-12  3.304128E-11
  1.221062E+00  4.000000E+01     1  1.827845E-05  6.019948E+01  9.084054E-06  1.586132E-05
  1.221062E+00  4.000000E+01     2  1.531242E-05  6.027863E+01  7.591628E-06  1.329802E-05
  1.221062E+00  4.000000E+01     3  2.369396E-06  2.739859E+01  2.103613E-06  1.090344E-06
  1.221062E+00  4.000000E+01     4  1.076438E-05 -1.223090E+02 -5.753405E-06 -9.097808E-06
  1.221062E+00  4.000000E+01     5  1.276259E-05  5.769816E+01  6.820065E-06  1.078751E-05
  1.221062E+00  4.000000E+01     6  1.306440E-11  8.426653E+01  1.305148E-12  1.299905E-11
  1.221062E+00  5.000000E+01     1  1.531233E-05  6.028285E+01  7.590608E-06  1.329850E-05
  1.221062E+00  5.000000E+01     2  1.827689E-05  6.019329E+01  9.084995E-06  1.585899E-05
  1.221062E+00  5.000000E+01     3  2.374271E-06  2.730870E+01  2.109653E-06  1.089279E-06
  1.221062E+00  5.000000E+01     4  1.273476E-05 -1.223783E+02 -6.819559E-06 -1.075489E-05
  1.221062E+00  5.000000E+01     5  1.079079E-05  5.783612E+01  5.744399E-06  9.134717E-06
  1.221062E+00  5.000000E+01     6  1.283920E-11 -9.421756E+01 -9.442451E-13 -1.280443E-11
  1.221062E+00  6.000000E+01     1  1.188718E-05  6.036415E+01  5.878040E-06  1.033217E-05
  1.221062E+00  6.000000E+01     2  2.068583E-05  6.012417E+01  1.030407E-05  1.793683E-05
  1.221062E+00  6.000000E+01     3  2.372597E-06  2.620353E+01  2.128768E-06  1.047647E-06
  1.221062E+00  6.000000E+01     4  1.431741E-05 -1.224243E+02 -7.676776E-06 -1.208534E-05
  1.221062E+00  6.000000E+01     5  8.460457E-06  5.796002E+01  4.488364E-06  7.171744E-06
  1.221062E+00  6.000000E+01     6  3.290337E-11 -9.466530E+01 -2.676190E-12 -3.279435E-11
  1.221062E+00  7.000000E+01     1  8.112195E-06  6.040669E+01  4.006129E-06  7.053980E-06
  1.221062E+00  7.000000E+01     2  2.246198E-05  6.007698E+01  1.120484E-05  1.946772E-05
  1.221062E+00  7.000000E+01     3  2.367055E-06  2.456062E+01  2.152888E-06  9.838799E-07
  1.221062E+00  7.000000E+01     4  1.547985E-05 -1.224528E+02 -8.306553E-06 -1.306242E-05
  1.221062E+00  7.000000E+01     5  5.819045E-06  5.796807E+01  3.086374E-06  4.933111E-06
  1.221062E+00  7.000000E+01     6  3.783282E-11 -9.466995E+01 -3.080192E-12 -3.770722E-11
  1.221062E+00  8.000000E+01     1  4.103000E-06  6.029761E+01  2.033016E-06  3.563911E-06
  1.221062E+00  8.000000E+01     2  2.355059E-05  6.005218E+01  1.175672E-05  2.040613E-05
  1.221062E+00  8.000000E+01     3  2.359607E-06  2.309533E+01  2.170493E-06  9.255845E-07
  1.221062E+00  8.000000E+01     4  1.619310E-05 -1.224898E+02 -8.698106E-06 -1.365867E-05
  1.221062E+00  8.000000E+01     5  2.941510E-06  5.751187E+01  1.579958E-06  2.481172E-06
  1.221062E+00  8.000000E+01     6  2.486164E-11 -9.454076E+01 -1.968255E-12 -2.478361E-11
  1.221062E+00  9.000000E+01     1  3.471537E-08 -7.104164E+01  1.127836E-08 -3.283223E-08
  1.221062E+00  9.000000E+01     2  2.391969E-05  6.004870E+01  1.194223E-05  2.072522E-05
  1.221062E+00  9.000000E+01     3  2.349522E-06  2.243751E+01  2.171655E-06  8.967550E-07
  1.221062E+00  9.000000E+01     4  1.643691E-05 -1.225559E+02 -8.845068E-06 -1.385412E-05
  1.221062E+00  9.000000E+01     5  8.776338E-08 -7.856995E+01  1.739220E-08 -8.602280E-08
  1.221062E+00  9.000000E+01     6  2.128821E-13  5.090346E+01  1.342496E-13  1.652145E-13
  1.221062E+00  1.000000E+02     1  4.148554E-06 -1.189982E+02 -2.011147E-06 -3.628469E-06
  1.221062E+00  1.000000E+02     2  2.355868E-05  6.006647E+01  1.175566E-05  2.041607E-05
  1.221062E+00  1.000000E+02     3  2.335890E-06  2.282881E+01  2.152915E-06  9.062765E-07
  1.221062E+00  1.000000E+02     4  1.620465E-05 -1.226463E+02 -8.741625E-06 -1.364459E-05
  1.221062E+00  1.000000E+02     5  3.065481E-06 -1.203515E+02 -1.548998E-06 -2.645332E-06
  1.221062E+00  1.000000E+02     6  2.516670E-11  8.490849E+01  2.233459E-12  2.506739E-11
  1.221062E+00  1.100000E+02     1  8.155871E-06 -1.192588E+02 -3.986222E-06 -7.115354E-06
  1.221062E+00  1.100000E+02     2  2.247756E-05  6.010729E+01  1.120231E-05  1.948715E-05
  1.221062E+00  1.100000E+02     3  2.320255E-06  2.401009E+01  2.119492E-06  9.441059E-07
  1.221062E+00  1.100000E+02     4  1.550475E-05 -1.227242E+02 -8.381800E-06 -1.304387E-05
  1.221062E+00  1.100000E+02     5  5.929823E-06 -1.211498E+02 -3.067367E-06 -5.074847E-06
  1.221062E+00  1.100000E+02     6  3.801807E-11  8.496746E+01  3.335005E-12  3.787151E-11
  1.221062E+00  1.200000E+02     1  1.192791E-05 -1.194310E+02 -5.861070E-06 -1.038859E-05
  1.221062E+00  1.200000E+02     2  2.070779E-05  6.017425E+01  1.029931E-05  1.796488E-05
  1.221062E+00  1.200000E+02     3  2.305511E-06  2.535613E+01  2.083406E-06  9.873197E-07
  1.221062E+00  1.200000E+02     4  1.435818E-05 -1.227317E+02 -7.763563E-06 -1.207827E-05
  1.221062E+00  1.200000E+02     5  8.553233E-06 -1.216615E+02 -4.489589E-06 -7.280205E-06
  1.221062E+00  1.200000E+02     6  3.294809E-11  8.492694E+01  2.913466E-12  3.281902E-11
  1.221062E+00  1.300000E+02     1  1.534915E-05 -1.195808E+02 -7.577119E-06 -1.334855E-05
  1.221062E+00  1.300000E+02     2  1.830386E-05  6.026971E+01  9.077209E-06  1.589451E-05
  1.221062E+00  1.300000E+02     3  2.293746E-06  2.618332E+01  2.058378E-06  1.012103E-06
  1.221062E+00  1.300000E+02     4  1.279330E-05 -1.226140E+02 -6.895294E-06 -1.077606E-05
  1.221062E+00  1.300000E+02     5  1.086452E-05 -1.220869E+02 -5.771283E-06 -9.204893E-06
  1.221062E+00  1.300000E+02     6  1.278422E-11  8.479341E+01  1.160131E-12  1.273147E-11
  1.221062E+00  1.400000E+02     1  1.831034E-05 -1.197076E+02 -9.074132E-06 -1.590373E-05
  1.221062E+00  1.400000E+02     2  1.534301E-05  6.039270E+01  7.580254E-06  1.333970E-05
  1.221062E+00  1.400000E+02     3  2.286632E-06  2.606963E+01  2.053992E-06  1.004890E-06
  1.221062E+00  1.400000E+02     4  1.084081E-05 -1.223438E+02 -5.799811E-06 -9.158891E-06
  1.221062E+00  1.400000E+02     5  1.281827E-05 -1.224130E+02 -6.870818E-06 -1.082127E-05
  1.221062E+00  1.400000E+02     6  1.313113E-11 -9.483568E+01 -1.106934E-12 -1.308439E-11
  1.221062E+00  1.500000E+02     1  2.071490E-05 -1.198067E+02 -1.029686E-05 -1.797447E-05
  1.221062E+00  1.500000E+02     2  1.192171E-05  6.053766E+01  5.863712E-06  1.037999E-05
  1.221062E+00  1.500000E+02     3  2.286557E-06  2.504254E+01  2.071607E-06  9.678791E-07
  1.221062E+00  1.500000E+02     4  8.533758E-06 -1.219290E+02 -4.513232E-06 -7.242635E-06
  1.221062E+00  1.500000E+02     5  1.438039E-05 -1.226156E+02 -7.751042E-06 -1.211268E-05
  1.221062E+00  1.500000E+02     6  3.317108E-11 -9.488753E+01 -2.826178E-12 -3.305047E-11
  1.221062E+00  1.600000E+02     1  2.248528E-05 -1.198772E+02 -1.120087E-05 -1.949688E-05
  1.221062E+00  1.600000E+02     2  8.149409E-06  6.070110E+01  3.988041E-06  7.106926E-06
  1.221062E+00  1.600000E+02     3  2.295117E-06  2.357076E+01  2.103628E-06  9.177743E-07
  1.221062E+00  1.600000E+02     4  5.916239E-06 -1.213769E+02 -3.080377E-06 -5.051055E-06
  1.221062E+00  1.600000E+02     5  1.551972E-05 -1.226985E+02 -8.384044E-06 -1.306023E-05
  1.221062E+00  1.600000E+02     6  3.804335E-11 -9.480897E+01 -3.189321E-12 -3.790943E-11
  1.221062E+00  1.700000E+02     1  2.356661E-05 -1.199214E+02 -1.175530E-05 -2.042542E-05
  1.221062E+00  1.700000E+02     2  4.141885E-06  6.093539E+01  2.012109E-06  3.620307E-06
  1.221062E+00  1.700000E+02     3  2.310232E-06  2.235567E+01  2.136596E-06  8.787080E-07
  1.221062E+00  1.700000E+02     4  3.057866E-06 -1.204706E+02 -1.550632E-06 -2.635543E-06
  1.221062E+00  1.700000E+02     5  1.620864E-05 -1.226937E+02 -8.755056E-06 -1.364071E-05
  1.221062E+00  1.700000E+02     6  2.499512E-11 -9.463668E+01 -2.020534E-12 -2.491332E-11
  1.221062E+00  1.800000E+02     1  2.392716E-05 -1.199422E+02 -1.194268E-05 -2.073358E-05
  1.221062E+00  1.800000E+02     2  2.745653E-08  1.135712E+02 -1.097955E-08  2.516567E-08
  1.221062E+00  1.800000E+02     3  2.326518E-06  2.199982E+01  2.157113E-06  8.715221E-07
  1.221062E+00  1.800000E+02     4  8.976811E-08 -7.449521E+01  2.399672E-08 -8.650128E-08
  1.221062E+00  1.800000E+02     5  1.642849E-05 -1.226437E+02 -8.861753E-06 -1.383346E-05
  1.221062E+00  1.800000E+02     6  1.817034E-13  3.993914E+01  1.393169E-13  1.166488E-13
  1.221062E+00  1.900000E+02     1  2.355692E-05 -1.199412E+02 -1.175751E-05 -2.041297E-05
  1.221062E+00  1.900000E+02     2  4.109020E-06 -1.196562E+02 -2.033118E-06 -3.570781E-06
  1.221062E+00  1.900000E+02     3  2.339511E-06  2.271900E+01  2.157988E-06  9.035468E-07
  1.221062E+00  1.900000E+02     4  2.942115E-06  5.728199E+01  1.590227E-06  2.475322E-06
  1.221062E+00  1.900000E+02     5  1.617414E-05 -1.225805E+02 -8.709515E-06 -1.362891E-05
  1.221062E+00  1.900000E+02     6  2.520707E-11  8.479946E+01  2.284817E-12  2.510331E-11
  1.221062E+00  2.000000E+02     1  2.246665E-05 -1.199181E+02 -1.120549E-05 -1.947274E-05
  1.221062E+00  2.000000E+02     2  8.117356E-06 -1.195753E+02 -4.006454E-06 -7.059730E-06
  1.221062E+00  2.000000E+02     3  2.348446E-06  2.423996E+01  2.141393E-06  9.641758E-07
  1.221062E+00  2.000000E+02     4  5.817439E-06  5.784567E+01  3.096050E-06  4.925146E-06
  1.221062E+00  2.000000E+02     5  1.545515E-05 -1.225122E+02 -8.306812E-06 -1.303298E-05
  1.221062E+00  2.000000E+02     6  3.814485E-11  8.485980E+01  3.417516E-12  3.799145E-11
  1.221062E+00  2.100000E+02     1  2.068861E-05 -1.198719E+02 -1.030422E-05 -1.793995E-05
  1.221062E+00  2.100000E+02     2  1.189116E-05 -1.196278E+02 -5.878554E-06 -1.033646E-05
  1.221062E+00  2.100000E+02     3  2.354196E-06  2.592383E+01  2.117308E-06  1.029198E-06
  1.221062E+00  2.100000E+02     4  8.455085E-06  5.789380E+01  4.493796E-06  7.162001E-06
  1.221062E+00  2.100000E+02     5  1.429279E-05 -1.224266E+02 -7.664061E-06 -1.206425E-05
  1.221062E+00  2.100000E+02     6  3.315230E-11  8.478374E+01  3.014050E-12  3.301500E-11
  1.221062E+00  2.200000E+02     1  1.827782E-05 -1.198036E+02 -9.084595E-06 -1.586029E-05
  1.221062E+00  2.200000E+02     2  1.531488E-05 -1.197150E+02 -7.591383E-06 -1.330100E-05
  1.221062E+00  2.200000E+02     3  2.356191E-06  2.705826E+01  2.098293E-06  1.071822E-06
  1.221062E+00  2.200000E+02     4  1.077824E-05  5.780885E+01  5.742060E-06  9.121360E-06
  1.221062E+00  2.200000E+02     5  1.271452E-05 -1.223081E+02 -6.795545E-06 -1.074614E-05
  1.221062E+00  2.200000E+02     6  1.304492E-11  8.441482E+01  1.269602E-12  1.298299E-11
  1.221062E+00  2.300000E+02     1  1.531173E-05 -1.197197E+02 -7.590915E-06 -1.329764E-05
  1.221062E+00  2.300000E+02     2  1.827935E-05 -1.198029E+02 -9.085175E-06 -1.586173E-05
  1.221062E+00  2.300000E+02     3  2.353159E-06  2.717576E+01  2.093393E-06  1.074738E-06
  1.221062E+00  2.300000E+02     4  1.273933E-05  5.770401E+01  6.806535E-06  1.076854E-05
  1.221062E+00  2.300000E+02     5  1.074935E-05 -1.221594E+02 -5.721618E-06 -9.100084E-06
  1.221062E+00  2.300000E+02     6  1.284902E-11 -9.444660E+01 -9.961823E-13 -1.281034E-11
  1.221062E+00  2.400000E+02     1  1.188674E-05 -1.196376E+02 -5.878149E-06 -1.033160E-05
  1.221062E+00  2.400000E+02     2  2.068830E-05 -1.198748E+02 -1.030499E-05 -1.793914E-05
  1.221062E+00  2.400000E+02     3  2.345982E-06  2.625290E+01  2.103995E-06  1.037708E-06
  1.221062E+00  2.400000E+02     4  1.430659E-05  5.762337E+01  7.660924E-06  1.208258E-05
  1.221062E+00  2.400000E+02     5  8.429344E-06 -1.220207E+02 -4.469458E-06 -7.146873E-06
  1.221062E+00  2.400000E+02     6  3.290489E-11 -9.474844E+01 -2.723904E-12 -3.279196E-11
  1.221062E+00  2.500000E+02     1  8.112034E-06 -1.195940E+02 -4.006140E-06 -7.053789E-06
  1.221062E+00  2.500000E+02     2  2.246444E-05 -1.199242E+02 -1.120648E-05 -1.946961E-05
  1.221062E+00  2.500000E+02     3  2.337564E-06  2.472321E+01  2.123300E-06  9.776513E-07
  1.221062E+00  2.500000E+02     4  1.545388E-05  5.756872E+01  8.287725E-06  1.304362E-05
  1.221062E+00  2.500000E+02     5  5.800084E-06 -1.219936E+02 -3.073031E-06 -4.919091E-06
  1.221062E+00  2.500000E+02     6  3.782728E-11 -9.471420E+01 -3.108857E-12 -3.769931E-11
  1.221062E+00  2.600000E+02     1  4.103199E-06 -1.197010E+02 -2.033026E-06 -3.564134E-06
  1.221062E+00  2.600000E+02     2  2.355302E-05 -1.199501E+02 -1.175875E-05 -2.040776E-05
  1.221062E+00  2.600000E+02     3  2.329498E-06  2.328861E+01  2.139702E-06  9.209970E-07
  1.221062E+00  2.600000E+02     4  1.615810E-05  5.751934E+01  8.677142E-06  1.363053E-05
  1.221062E+00  2.600000E+02     5  2.935437E-06 -1.224099E+02 -1.573316E-06 -2.478199E-06
  1.221062E+00  2.600000E+02     6  2.485170E-11 -9.455978E+01 -1.975689E-12 -2.477304E-11
  1.221062E+00  2.700000E+02     1  3.410453E-08  1.093763E+02 -1.131490E-08  3.217284E-08
  1.221062E+00  2.700000E+02     2  2.392208E-05 -1.199534E+02 -1.194418E-05 -2.072685E-05
  1.221062E+00  2.700000E+02     3  2.320674E-06  2.258338E+01  2.142728E-06  8.912026E-07
  1.221062E+00  2.700000E+02     4  1.640185E-05  5.745584E+01  8.823365E-06  1.382638E-05
  1.221062E+00  2.700000E+02     5  7.960079E-08  1.030197E+02 -1.793298E-08  7.755446E-08
  1.221062E+00  2.700000E+02     6  2.254222E-13  5.139688E+01  1.406459E-13  1.761644E-13
  1.221062E+00  2.800000E+02     1  4.147592E-06  6.099449E+01  2.011141E-06  3.627372E-06
  1.221062E+00  2.800000E+02     2  2.356101E-05 -1.199344E+02 -1.175713E-05 -2.041791E-05
  1.221062E+00  2.800000E+02     3  2.310081E-06  2.285955E+01  2.128647E-06  8.974053E-07
  1.221062E+00  2.800000E+02     4  1.617730E-05  5.738044E+01  8.720508E-06  1.362563E-05
  1.221062E+00  2.800000E+02     5  3.044022E-06  5.957408E+01  1.541565E-06  2.624814E-06
  1.221062E+00  2.800000E+02     6  2.517775E-11  8.488212E+01  2.245985E-12  2.507738E-11
  1.221062E+00  2.900000E+02     1  8.154619E-06  6.073543E+01  3.986329E-06  7.113859E-06
  1.221062E+00  2.900000E+02     2  2.247981E-05 -1.198919E+02 -1.120314E-05 -1.948926E-05
  1.221062E+00  2.900000E+02     3  2.299285E-06  2.387340E+01  2.102562E-06  9.305597E-07
  1.221062E+00  2.900000E+02     4  1.548844E-05  5.732418E+01  8.361979E-06  1.303722E-05
  1.221062E+00  2.900000E+02     5  5.895490E-06  5.879808E+01  3.054192E-06  5.042689E-06
  1.221062E+00  2.900000E+02     6  3.802835E-11  8.494174E+01  3.352911E-12  3.788025E-11
  1.221062E+00  3.000000E+02     1  1.192647E-05  6.056379E+01  5.861316E-06  1.038681E-05
  1.221062E+00  3.000000E+02     2  2.070996E-05 -1.198234E+02 -1.029966E-05 -1.796717E-05
  1.221062E+00  3.000000E+02     3  2.290914E-06  2.502930E+01  2.075778E-06  9.692437E-07
  1.221062E+00  3.000000E+02     4  1.435068E-05  5.733747E+01  7.744918E-06  1.208132E-05
  1.221062E+00  3.000000E+02     5  8.509524E-06  5.829107E+01  4.472643E-06  7.239300E-06
  1.221062E+00  3.000000E+02     6  3.295895E-11  8.487817E+01  2.942372E-12  3.282735E-11
  1.221062E+00  3.100000E+02     1  1.534765E-05  6.041466E+01  7.577434E-06  1.334664E-05
  1.221062E+00  3.100000E+02     2  1.830596E-05 -1.197274E+02 -9.077460E-06 -1.589678E-05
  1.221062E+00  3.100000E+02     3  2.286198E-06  2.569483E+01  2.060130E-06  9.912446E-07
  1.221062E+00  3.100000E+02     4  1.278818E-05  5.746821E+01  6.877067E-06  1.078163E-05
  1.221062E+00  3.100000E+02     5  1.081765E-05  5.787091E+01  5.753133E-06  9.160946E-06
  1.221062E+00  3.100000E+02     6  1.279806E-11  8.459866E+01  1.204701E-12  1.274124E-11
  1.221062E+00  3.200000E+02     1  1.830888E-05  6.028889E+01  9.074378E-06  1.590191E-05
  1.221062E+00  3.200000E+02     2  1.534507E-05 -1.196054E+02 -7.580834E-06 -1.334174E-05
  1.221062E+00  3.200000E+02     3  2.285299E-06  2.551081E+01  2.062492E-06  9.842360E-07
  1.221062E+00  3.200000E+02     4  1.083078E-05  5.773970E+01  5.781106E-06  9.158851E-06
  1.221062E+00  3.200000E+02     5  1.277580E-05  5.755411E+01  6.854253E-06  1.078148E-05
  1.221062E+00  3.200000E+02     6  1.311290E-11 -9.459530E+01 -1.050567E-12 -1.307074E-11
  1.221062E+00  3.300000E+02     1  2.071360E-05  6.019111E+01  1.029691E-05  1.797295E-05
  1.221062E+00  3.300000E+02     2  1.192378E-05 -1.194632E+02 -5.864886E-06 -1.038169E-05
  1.221062E+00  3.300000E+02     3  2.288800E-06  2.454860E+01  2.081913E-06  9.509160E-07
  1.221062E+00  3.300000E+02     4  8.514388E-06  5.814562E+01  4.493572E-06  7.232054E-06
  1.221062E+00  3.300000E+02     5  1.434917E-05  5.736338E+01  7.738640E-06  1.208355E-05
  1.221062E+00  3.300000E+02     6  3.314671E-11 -9.479685E+01 -2.771828E-12 -3.303061E-11
  1.221062E+00  3.400000E+02     1  2.248423E-05  6.012193E+01  1.120065E-05  1.949579E-05
  1.221062E+00  3.400000E+02     2  8.151514E-06 -1.193046E+02 -3.989777E-06 -7.108365E-06
  1.221062E+00  3.400000E+02     3  2.297118E-06  2.327209E+01  2.110222E-06  9.075870E-07
  1.221062E+00  3.400000E+02     4  5.888363E-06  5.868937E+01  3.060051E-06  5.030796E-06
  1.221062E+00  3.400000E+02     5  1.550429E-05  5.729228E+01  8.377803E-06  1.304590E-05
  1.221062E+00  3.400000E+02     6  3.801322E-11 -9.476009E+01 -3.154476E-12 -3.788211E-11
  1.221062E+00  3.500000E+02     1  2.356588E-05  6.007890E+01  1.175483E-05  2.042486E-05
  1.221062E+00  3.500000E+02     2  4.144062E-06 -1.190792E+02 -2.014088E-06 -3.621699E-06
  1.221062E+00  3.500000E+02     3  2.308792E-06  2.232929E+01  2.135669E-06  8.771773E-07
  1.221062E+00  3.500000E+02     4  3.027535E-06  5.963056E+01  1.530642E-06  2.612107E-06
  1.221062E+00  3.500000E+02     5  1.621081E-05  5.730668E+01  8.756143E-06  1.364259E-05
  1.221062E+00  3.500000E+02     6  2.496066E-11 -9.463344E+01 -2.016340E-12 -2.487909E-11
  1.199059E+00  0.000000E+00     1  2.222180E-05  6.407350E+01  9.715767E-06  1.998530E-05
  1.199059E+00  0.000000E+00     2  2.570339E-08 -6.767403E+01  9.764088E-09 -2.377660E-08
  1.199059E+00  0.000000E+00     3  1.897559E-06  2.676668E+01  1.694231E-06  8.545815E-07
  1.199059E+00  0.000000E+00     4  7.377774E-08  1.219295E+02 -3.901918E-08  6.261516E-08
  1.199059E+00  0.000000E+00     5  1.471318E-05  6.138687E+01  7.046037E-06  1.291630E-05
  1.199059E+00  0.000000E+00     6  1.941636E-13  5.724479E+01  1.050524E-13  1.632896E-13
  1.199059E+00  1.000000E+01     1  2.187903E-05  6.407440E+01  9.565590E-06  1.967718E-05
  1.199059E+00  1.000000E+01     2  3.814591E-06  6.435620E+01  1.650860E-06  3.438861E-06
  1.199059E+00  1.000000E+01     3  1.913633E-06  2.788951E+01  1.691367E-06  8.951362E-07
  1.199059E+00  1.000000E+01     4  2.649716E-06 -1.193970E+02 -1.300634E-06 -2.308538E-06
  1.199059E+00  1.000000E+01     5  1.449857E-05  6.144190E+01  6.931035E-06  1.273457E-05
  1.199059E+00  1.000000E+01     6  2.707542E-11  8.373651E+01  2.953952E-12  2.691379E-11
  1.199059E+00  2.000000E+01     1  2.086780E-05  6.409510E+01  9.116695E-06  1.877101E-05
  1.199059E+00  2.000000E+01     2  7.537824E-06  6.442459E+01  3.254069E-06  6.799252E-06
  1.199059E+00  2.000000E+01     3  1.938318E-06  2.993322E+01  1.679761E-06  9.672017E-07
  1.199059E+00  2.000000E+01     4  5.214257E-06 -1.187464E+02 -2.507712E-06 -4.571637E-06
  1.199059E+00  2.000000E+01     5  1.386188E-05  6.147411E+01  6.619820E-06  1.217907E-05
  1.199059E+00  2.000000E+01     6  4.088498E-11  8.371548E+01  4.475504E-12  4.063928E-11
  1.199059E+00  3.000000E+01     1  1.921751E-05  6.413760E+01  8.382895E-06  1.729276E-05
  1.199059E+00  3.000000E+01     2  1.104343E-05  6.436813E+01  4.777247E-06  9.956666E-06
  1.199059E+00  3.000000E+01     3  1.965999E-06  3.200605E+01  1.667151E-06  1.041997E-06
  1.199059E+00  3.000000E+01     4  7.562497E-06 -1.186004E+02 -3.620158E-06 -6.639715E-06
  1.199059E+00  3.000000E+01     5  1.282468E-05  6.149679E+01  6.120039E-06  1.127020E-05
  1.199059E+00  3.000000E+01     6  3.546405E-11  8.358293E+01  3.963640E-12  3.524186E-11
  1.199059E+00  4.000000E+01     1  1.697889E-05  6.420248E+01  7.389079E-06  1.528673E-05
  1.199059E+00  4.000000E+01     2  1.422395E-05  6.428159E+01  6.172461E-06  1.281489E-05
  1.199059E+00  4.000000E+01     3  1.986082E-06  3.323081E+01  1.661297E-06  1.088399E-06
  1.199059E+00  4.000000E+01     4  9.633484E-06 -1.185674E+02 -4.606664E-06 -8.460654E-06
  1.199059E+00  4.000000E+01     5  1.141450E-05  6.152917E+01  5.441419E-06  1.003403E-05
  1.199059E+00  4.000000E+01     6  1.394117E-11  8.315143E+01  1.662423E-12  1.384169E-11
  1.199059E+00  5.000000E+01     1  1.422388E-05  6.428459E+01  6.171760E-06  1.281515E-05
  1.199059E+00  5.000000E+01     2  1.697770E-05  6.419802E+01  7.389751E-06  1.528509E-05
  1.199059E+00  5.000000E+01     3  1.989601E-06  3.311960E+01  1.666354E-06  1.087095E-06
  1.199059E+00  5.000000E+01     4  1.139094E-05 -1.185474E+02 -5.443560E-06 -1.000606E-05
  1.199059E+00  5.000000E+01     5  9.658150E-06  6.157616E+01  4.597185E-06  8.493866E-06
  1.199059E+00  5.000000E+01     6  1.371841E-11 -9.564764E+01 -1.350035E-12 -1.365182E-11
  1.199059E+00  6.000000E+01     1  1.104223E-05  6.436767E+01  4.776810E-06  9.955551E-06
  1.199059E+00  6.000000E+01     2  1.921495E-05  6.413236E+01  8.383361E-06  1.728969E-05
  1.199059E+00  6.000000E+01     3  1.976446E-06  3.172309E+01  1.681163E-06  1.039244E-06
  1.199059E+00  6.000000E+01     4  1.280641E-05 -1.185132E+02 -6.113276E-06 -1.125309E-05
  1.199059E+00  6.000000E+01     5  7.581789E-06  6.161042E+01  3.604869E-06  6.669966E-06
  1.199059E+00  6.000000E+01     6  3.518973E-11 -9.597798E+01 -3.664880E-12 -3.499837E-11
  1.199059E+00  7.000000E+01     1  7.535634E-06  6.441556E+01  3.254194E-06  6.796764E-06
  1.199059E+00  7.000000E+01     2  2.086386E-05  6.408900E+01  9.116975E-06  1.876650E-05
  1.199059E+00  7.000000E+01     3  1.955103E-06  2.961779E+01  1.699652E-06  9.662352E-07
  1.199059E+00  7.000000E+01     4  1.384975E-05 -1.184785E+02 -6.603963E-06 -1.217388E-05
  1.199059E+00  7.000000E+01     5  5.221695E-06  6.154683E+01  2.487826E-06  4.590950E-06
  1.199059E+00  7.000000E+01     6  4.053894E-11 -9.594586E+01 -4.199373E-12 -4.032085E-11
  1.199059E+00  8.000000E+01     1  3.811566E-06  6.431925E+01  1.651766E-06  3.435070E-06
  1.199059E+00  8.000000E+01     2  2.187390E-05  6.406695E+01  9.565907E-06  1.967132E-05
  1.199059E+00  8.000000E+01     3  1.935309E-06  2.772554E+01  1.713109E-06  9.003766E-07
  1.199059E+00  8.000000E+01     4  1.449088E-05 -1.184748E+02 -6.908856E-06 -1.273787E-05
  1.199059E+00  8.000000E+01     5  2.641321E-06  6.106342E+01  1.277980E-06  2.311567E-06
  1.199059E+00  8.000000E+01     6  2.668761E-11 -9.581571E+01 -2.704230E-12 -2.655025E-11
  1.199059E+00  9.000000E+01     1  3.089543E-08 -6.806210E+01  1.154257E-08 -2.865827E-08
  1.199059E+00  9.000000E+01     2  2.221586E-05  6.406407E+01  9.716459E-06  1.997836E-05
  1.199059E+00  9.000000E+01     3  1.921991E-06  2.690991E+01  1.713876E-06  8.698716E-07
  1.199059E+00  9.000000E+01     4  1.470770E-05 -1.185263E+02 -7.023849E-06 -1.292216E-05
  1.199059E+00  9.000000E+01     5  7.928432E-08 -7.748137E+01  1.718544E-08 -7.739938E-08
  1.199059E+00  9.000000E+01     6  2.047246E-13  5.539891E+01  1.162548E-13  1.685141E-13
  1.199059E+00  1.000000E+02     1  3.852766E-06 -1.150165E+02 -1.629257E-06 -3.491322E-06
  1.199059E+00  1.000000E+02     2  2.188024E-05  6.407987E+01  9.564240E-06  1.967918E-05
  1.199059E+00  1.000000E+02     3  1.915874E-06  2.751625E+01  1.699150E-06  8.851340E-07
  1.199059E+00  1.000000E+02     4  1.449341E-05 -1.186295E+02 -6.944426E-06 -1.272140E-05
  1.199059E+00  1.000000E+02     5  2.756812E-06 -1.168752E+02 -1.246211E-06 -2.459058E-06
  1.199059E+00  1.000000E+02     6  2.700024E-11  8.376446E+01  2.932660E-12  2.684050E-11
  1.199059E+00  1.100000E+02     1  7.574732E-06 -1.152684E+02 -3.233345E-06 -6.849967E-06
  1.199059E+00  1.100000E+02     2  2.087622E-05  6.411653E+01  9.113352E-06  1.878200E-05
  1.199059E+00  1.100000E+02     3  1.915974E-06  2.917804E+01  1.672854E-06  9.340854E-07
  1.199059E+00  1.100000E+02     4  1.385864E-05 -1.187464E+02 -6.665097E-06 -1.215066E-05
  1.199059E+00  1.100000E+02     5  5.322703E-06 -1.175857E+02 -2.464813E-06 -4.717611E-06
  1.199059E+00  1.100000E+02     6  4.073115E-11  8.377558E+01  4.416193E-12  4.049103E-11
  1.199059E+00  1.200000E+02     1  1.107814E-05 -1.154384E+02 -4.758511E-06 -1.000408E-05
  1.199059E+00  1.200000E+02     2  1.923274E-05  6.417821E+01  8.377274E-06  1.731242E-05
  1.199059E+00  1.200000E+02     3  1.918908E-06  3.103067E+01  1.644296E-06  9.891907E-07
  1.199059E+00  1.200000E+02     4  1.282771E-05 -1.188158E+02 -6.182888E-06 -1.123931E-05
  1.199059E+00  1.200000E+02     5  7.662908E-06 -1.180051E+02 -3.598118E-06 -6.765627E-06
  1.199059E+00  1.200000E+02     6  3.524026E-11  8.370337E+01  3.865008E-12  3.502767E-11
  1.199059E+00  1.300000E+02     1  1.425576E-05 -1.155862E+02 -6.156604E-06 -1.285779E-05
  1.199059E+00  1.300000E+02     2  1.700016E-05  6.426872E+01  7.380638E-06  1.531443E-05
  1.199059E+00  1.300000E+02     3  1.918842E-06  3.217070E+01  1.624234E-06  1.021675E-06
  1.199059E+00  1.300000E+02     4  1.143056E-05 -1.187770E+02 -5.502695E-06 -1.001888E-05
  1.199059E+00  1.300000E+02     5  9.718316E-06 -1.183365E+02 -4.612789E-06 -8.553821E-06
  1.199059E+00  1.300000E+02     6  1.366821E-11  8.355826E+01  1.533475E-12  1.358191E-11
  1.199059E+00  1.400000E+02     1  1.700602E-05 -1.157094E+02 -7.377322E-06 -1.532252E-05
  1.199059E+00  1.400000E+02     2  1.425023E-05  6.438829E+01  6.159948E-06  1.285007E-05
  1.199059E+00  1.400000E+02     3  1.911929E-06  3.205988E+01  1.620348E-06  1.014862E-06
  1.199059E+00  1.400000E+02     4  9.694862E-06 -1.185965E+02 -4.640334E-06 -8.512206E-06
  1.199059E+00  1.400000E+02     5  1.145560E-05 -1.185755E+02 -5.479396E-06 -1.006017E-05
  1.199059E+00  1.400000E+02     6  1.400421E-11 -9.610188E+01 -1.488601E-12 -1.392487E-11
  1.199059E+00  1.500000E+02     1  1.923910E-05 -1.158035E+02 -8.374504E-06 -1.732081E-05
  1.199059E+00  1.500000E+02     2  1.107268E-05  6.453170E+01  4.761383E-06  9.996677E-06
  1.199059E+00  1.500000E+02     3  1.900697E-06  3.071881E+01  1.634000E-06  9.709239E-07
  1.199059E+00  1.500000E+02     4  7.644964E-06 -1.182749E+02 -3.621434E-06 -6.732808E-06
  1.199059E+00  1.500000E+02     5  1.284928E-05 -1.187036E+02 -6.171238E-06 -1.127031E-05
  1.199059E+00  1.500000E+02     6  3.545075E-11 -9.613139E+01 -3.786453E-12 -3.524796E-11
  1.199059E+00  1.600000E+02     1  2.088297E-05 -1.158688E+02 -9.111473E-06 -1.879041E-05
  1.199059E+00  1.600000E+02     2  7.569187E-06  6.469418E+01  3.235446E-06  6.842842E-06
  1.199059E+00  1.600000E+02     3  1.892393E-06  2.872815E+01  1.659459E-06  9.095873E-07
  1.199059E+00  1.600000E+02     4  5.312284E-06 -1.178114E+02 -2.478512E-06 -4.698653E-06
  1.199059E+00  1.600000E+02     5  1.387157E-05 -1.187283E+02 -6.667455E-06 -1.216411E-05
  1.199059E+00  1.600000E+02     6  4.074240E-11 -9.603203E+01 -4.281392E-12 -4.051682E-11
  1.199059E+00  1.700000E+02     1  2.188697E-05 -1.159089E+02 -9.563313E-06 -1.968712E-05
  1.199059E+00  1.700000E+02     2  3.847173E-06  6.492303E+01  1.630568E-06  3.484536E-06
  1.199059E+00  1.700000E+02     3  1.892673E-06  2.701881E+01  1.686102E-06  8.598091E-07
  1.199059E+00  1.700000E+02     4  2.753614E-06 -1.169894E+02 -1.249662E-06 -2.453719E-06
  1.199059E+00  1.700000E+02     5  1.449398E-05 -1.186848E+02 -6.956985E-06 -1.271518E-05
  1.199059E+00  1.700000E+02     6  2.681502E-11 -9.585666E+01 -2.736208E-12 -2.667505E-11
  1.199059E+00  1.800000E+02     1  2.222202E-05 -1.159277E+02 -9.716273E-06 -1.998530E-05
  1.199059E+00  1.800000E+02     2  2.483754E-08  1.158489E+02 -1.082913E-08  2.235248E-08
  1.199059E+00  1.800000E+02     3  1.902030E-06  2.644141E+01  1.703059E-06  8.469408E-07
  1.199059E+00  1.800000E+02     4  8.409879E-08 -7.544673E+01  2.113235E-08 -8.140043E-08
  1.199059E+00  1.800000E+02     5  1.469515E-05 -1.186196E+02 -7.038852E-06 -1.289969E-05
  1.199059E+00  1.800000E+02     6  1.791541E-13  4.295461E+01  1.311218E-13  1.220790E-13
  1.199059E+00  1.900000E+02     1  2.187895E-05 -1.159272E+02 -9.566090E-06 -1.967684E-05
  1.199059E+00  1.900000E+02     2  3.816493E-06 -1.156391E+02 -1.651398E-06 -3.440712E-06
  1.199059E+00  1.900000E+02     3  1.918237E-06  2.731918E+01  1.704284E-06  8.803690E-07
  1.199059E+00  1.900000E+02     4  2.637955E-06  6.083696E+01  1.285466E-06  2.303559E-06
  1.199059E+00  1.900000E+02     5  1.446813E-05 -1.185667E+02 -6.918392E-06 -1.270679E-05
  1.199059E+00  1.900000E+02     6  2.704025E-11  8.366823E+01  2.982146E-12  2.687530E-11
  1.199059E+00  2.000000E+02     1  2.086747E-05 -1.159067E+02 -9.117135E-06 -1.877043E-05
  1.199059E+00  2.000000E+02     2  7.539855E-06 -1.155675E+02 -3.254006E-06 -6.801533E-06
  1.199059E+00  2.000000E+02     3  1.938890E-06  2.927422E+01  1.691273E-06  9.480981E-07
  1.199059E+00  2.000000E+02     4  5.217830E-06  6.142731E+01  2.495549E-06  4.582356E-06
  1.199059E+00  2.000000E+02     5  1.382265E-05 -1.185351E+02 -6.603039E-06 -1.214354E-05
  1.199059E+00  2.000000E+02     6  4.085478E-11  8.369577E+01  4.486172E-12  4.060773E-11
  1.199059E+00  2.100000E+02     1  1.921702E-05 -1.158642E+02 -8.383218E-06 -1.729207E-05
  1.199059E+00  2.100000E+02     2  1.104551E-05 -1.156240E+02 -4.776787E-06 -9.959195E-06
  1.199059E+00  2.100000E+02     3  1.959455E-06  3.143320E+01  1.671902E-06  1.021864E-06
  1.199059E+00  2.100000E+02     4  7.576322E-06  6.154374E+01  3.610025E-06  6.660959E-06
  1.199059E+00  2.100000E+02     5  1.278154E-05 -1.185105E+02 -6.100891E-06 -1.123152E-05
  1.199059E+00  2.100000E+02     6  3.544026E-11  8.360929E+01  3.944779E-12  3.522004E-11
  1.199059E+00  2.200000E+02     1  1.697835E-05 -1.157990E+02 -7.389234E-06 -1.528606E-05
  1.199059E+00  2.200000E+02     2  1.422598E-05 -1.157124E+02 -6.171998E-06 -1.281737E-05
  1.199059E+00  2.200000E+02     3  1.971918E-06  3.287019E+01  1.656219E-06  1.070234E-06
  1.199059E+00  2.200000E+02     4  9.647661E-06  6.154583E+01  4.596683E-06  8.482209E-06
  1.199059E+00  2.200000E+02     5  1.137290E-05 -1.184723E+02 -5.421839E-06 -9.997321E-06
  1.199059E+00  2.200000E+02     6  1.392446E-11  8.333157E+01  1.616956E-12  1.383026E-11
  1.199059E+00  2.300000E+02     1  1.422339E-05 -1.157162E+02 -6.171732E-06 -1.281462E-05
  1.199059E+00  2.300000E+02     2  1.697962E-05 -1.157986E+02 -7.389694E-06 -1.528725E-05
  1.199059E+00  2.300000E+02     3  1.969458E-06  3.300810E+01  1.651574E-06  1.072877E-06
  1.199059E+00  2.300000E+02     4  1.139514E-05  6.153182E+01  5.431731E-06  1.001727E-05
  1.199059E+00  2.300000E+02     5  9.622808E-06 -1.184146E+02 -4.579000E-06 -8.463521E-06
  1.199059E+00  2.300000E+02     6  1.372650E-11 -9.587694E+01 -1.405487E-12 -1.365436E-11
  1.199059E+00  2.400000E+02     1  1.104189E-05 -1.156323E+02 -4.776649E-06 -9.955251E-06
  1.199059E+00  2.400000E+02     2  1.921673E-05 -1.158670E+02 -8.383939E-06 -1.729139E-05
  1.199059E+00  2.400000E+02     3  1.952744E-06  3.181750E+01  1.659309E-06  1.029517E-06
  1.199059E+00  2.400000E+02     4  1.279452E-05  6.153413E+01  6.098319E-06  1.124768E-05
  1.199059E+00  2.400000E+02     5  7.555653E-06 -1.183653E+02 -3.589628E-06 -6.648493E-06
  1.199059E+00  2.400000E+02     6  3.519090E-11 -9.605102E+01 -3.709611E-12 -3.499483E-11
  1.199059E+00  2.500000E+02     1  7.535524E-06 -1.155832E+02 -3.253998E-06 -6.796736E-06
  1.199059E+00  2.500000E+02     2  2.086552E-05 -1.159123E+02 -9.118140E-06 -1.876778E-05
  1.199059E+00  2.500000E+02     3  1.929973E-06  2.983192E+01  1.674229E-06  9.600789E-07
  1.199059E+00  2.500000E+02     4  1.382242E-05  6.154554E+01  6.585829E-06  1.215261E-05
  1.199059E+00  2.500000E+02     5  5.205905E-06 -1.184084E+02 -2.476728E-06 -4.579003E-06
  1.199059E+00  2.500000E+02     6  4.053457E-11 -9.597616E+01 -4.220240E-12 -4.031428E-11
  1.199059E+00  2.600000E+02     1  3.811741E-06 -1.156771E+02 -1.651625E-06 -3.435332E-06
  1.199059E+00  2.600000E+02     2  2.187551E-05 -1.159353E+02 -9.567367E-06 -1.967240E-05
  1.199059E+00  2.600000E+02     3  1.910217E-06  2.796455E+01  1.687176E-06  8.957490E-07
  1.199059E+00  2.600000E+02     4  1.445484E-05  6.153863E+01  6.888686E-06  1.270780E-05
  1.199059E+00  2.600000E+02     5  2.636171E-06 -1.188467E+02 -1.271869E-06 -2.309057E-06
  1.199059E+00  2.600000E+02     6  2.668003E-11 -9.581079E+01 -2.701185E-12 -2.654294E-11
  1.199059E+00  2.700000E+02     1  3.035330E-08  1.122349E+02 -1.148583E-08  2.809624E-08
  1.199059E+00  2.700000E+02     2  2.221749E-05 -1.159378E+02 -9.717821E-06 -1.997951E-05
  1.199059E+00  2.700000E+02     3  1.897952E-06  2.708759E+01  1.689768E-06  8.642363E-07
  1.199059E+00  2.700000E+02     4  1.467250E-05  6.148978E+01  7.003414E-06  1.289320E-05
  1.199059E+00  2.700000E+02     5  7.206917E-08  1.032415E+02 -1.650790E-08  7.015308E-08
  1.199059E+00  2.700000E+02     6  2.208131E-13  5.262761E+01  1.340320E-13  1.754818E-13
  1.199059E+00  2.800000E+02     1  3.851992E-06  6.497796E+01  1.629265E-06  3.490464E-06
  1.199059E+00  2.800000E+02     2  2.188191E-05 -1.159207E+02 -9.565181E-06 -1.968058E-05
  1.199059E+00  2.800000E+02     3  1.893875E-06  2.755898E+01  1.678987E-06  8.762233E-07
  1.199059E+00  2.800000E+02     4  1.446711E-05  6.139986E+01  6.925319E-06  1.270186E-05
  1.199059E+00  2.800000E+02     5  2.738871E-06  6.304472E+01  1.241516E-06  2.441322E-06
  1.199059E+00  2.800000E+02     6  2.700946E-11  8.371713E+01  2.955836E-12  2.684723E-11
  1.199059E+00  2.900000E+02     1  7.573728E-06  6.472786E+01  3.233363E-06  6.848848E-06
  1.199059E+00  2.900000E+02     2  2.087795E-05 -1.158824E+02 -9.113764E-06 -1.878372E-05
  1.199059E+00  2.900000E+02     3  1.897218E-06  2.902857E+01  1.658885E-06  9.206169E-07
  1.199059E+00  2.900000E+02     4  1.384444E-05  6.130177E+01  6.648049E-06  1.214380E-05
  1.199059E+00  2.900000E+02     5  5.293477E-06  6.236331E+01  2.455451E-06  4.689527E-06
  1.199059E+00  2.900000E+02     6  4.074138E-11  8.374082E+01  4.441877E-12  4.049852E-11
  1.199059E+00  3.000000E+02     1  1.107699E-05  6.455846E+01  4.758561E-06  1.000279E-05
  1.199059E+00  3.000000E+02     2  1.923448E-05 -1.158194E+02 -8.377299E-06 -1.731434E-05
  1.199059E+00  3.000000E+02     3  1.904667E-06  3.066289E+01  1.638362E-06  9.713532E-07
  1.199059E+00  3.000000E+02     4  1.282283E-05  6.125062E+01  6.167515E-06  1.124218E-05
  1.199059E+00  3.000000E+02     5  7.625286E-06  6.195201E+01  3.585493E-06  6.729727E-06
  1.199059E+00  3.000000E+02     6  3.525344E-11  8.365483E+01  3.896134E-12  3.503748E-11
  1.199059E+00  3.100000E+02     1  1.425455E-05  6.441133E+01  6.156644E-06  1.285643E-05
  1.199059E+00  3.100000E+02     2  1.700186E-05 -1.157284E+02 -7.380600E-06 -1.531633E-05
  1.199059E+00  3.100000E+02     3  1.910002E-06  3.161438E+01  1.626549E-06  1.001222E-06
  1.199059E+00  3.100000E+02     4  1.142785E-05  6.130081E+01  5.487782E-06  1.002398E-05
  1.199059E+00  3.100000E+02     5  9.677866E-06  6.162785E+01  4.598888E-06  8.515357E-06
  1.199059E+00  3.100000E+02     6  1.368657E-11  8.340215E+01  1.572585E-12  1.359592E-11
  1.199059E+00  3.200000E+02     1  1.700485E-05  6.428891E+01  7.377275E-06  1.532125E-05
  1.199059E+00  3.200000E+02     2  1.425186E-05 -1.156096E+02 -6.160188E-06 -1.285176E-05
  1.199059E+00  3.200000E+02     3  1.908352E-06  3.141697E+01  1.628581E-06  9.947522E-07
  1.199059E+00  3.200000E+02     4  9.686445E-06  6.148295E+01  4.624505E-06  8.511238E-06
  1.199059E+00  3.200000E+02     5  1.141922E-05  6.139882E+01  5.466496E-06  1.002577E-05
  1.199059E+00  3.200000E+02     6  1.397976E-11 -9.593433E+01 -1.445348E-12 -1.390485E-11
  1.199059E+00  3.300000E+02     1  1.923806E-05  6.419567E+01  8.374311E-06  1.731976E-05
  1.199059E+00  3.300000E+02     2  1.107425E-05 -1.154685E+02 -4.762096E-06 -9.998067E-06
  1.199059E+00  3.300000E+02     3  1.900688E-06  3.014759E+01  1.643590E-06  9.545808E-07
  1.199059E+00  3.300000E+02     4  7.626152E-06  6.179875E+01  3.603891E-06  6.720875E-06
  1.199059E+00  3.300000E+02     5  1.282312E-05  6.128191E+01  6.161516E-06  1.124581E-05
  1.199059E+00  3.300000E+02     6  3.541982E-11 -9.607729E+01 -3.749892E-12 -3.522076E-11
  1.199059E+00  3.400000E+02     1  2.088215E-05  6.413121E+01  9.111128E-06  1.878967E-05
  1.199059E+00  3.400000E+02     2  7.570734E-06 -1.153098E+02 -3.236586E-06 -6.844014E-06
  1.199059E+00  3.400000E+02     3  1.892928E-06  2.838916E+01  1.665282E-06  9.000074E-07
  1.199059E+00  3.400000E+02     4  5.284093E-06  6.226060E+01  2.459486E-06  4.676812E-06
  1.199059E+00  3.400000E+02     5  1.385952E-05  6.126717E+01  6.662634E-06  1.215301E-05
  1.199059E+00  3.400000E+02     6  4.070648E-11 -9.601253E+01 -4.263841E-12 -4.048255E-11
  1.199059E+00  3.500000E+02     1  2.188644E-05  6.409179E+01  9.562857E-06  1.968674E-05
  1.199059E+00  3.500000E+02     2  3.848780E-06 -1.150870E+02 -1.631858E-06 -3.485706E-06
  1.199059E+00  3.500000E+02     3  1.890946E-06  2.701041E+01  1.684690E-06  8.587778E-07
  1.199059E+00  3.500000E+02     4  2.722581E-06  6.313345E+01  1.230372E-06  2.428710E-06
  1.199059E+00  3.500000E+02     5  1.449734E-05  6.131750E+01  6.958077E-06  1.271841E-05
  1.199059E+00  3.500000E+02     6  2.677648E-11 -9.588074E+01 -2.743468E-12 -2.663556E-11
  1.178204E+00  0.000000E+00     1  2.067179E-05  6.820029E+01  7.676742E-06  1.919351E-05
  1.178204E+00  0.000000E+00     2  2.285234E-08 -6.470812E+01  9.763198E-09 -2.066178E-08
  1.178204E+00  0.000000E+00     3  1.541006E-06  3.132233E+01  1.316414E-06  8.010952E-07
  1.178204E+00  0.000000E+00     4  6.583076E-08  1.233273E+02 -3.616881E-08  5.500460E-08
  1.178204E+00  0.000000E+00     5  1.320466E-05  6.551457E+01  5.472831E-06  1.201713E-05
  1.178204E+00  0.000000E+00     6  1.876006E-13  5.857796E+01  9.780331E-14  1.600890E-13
  1.178204E+00  1.000000E+01     1  2.035354E-05  6.820029E+01  7.558552E-06  1.889801E-05
  1.178204E+00  1.000000E+01     2  3.548490E-06  6.848472E+01  1.301406E-06  3.301230E-06
  1.178204E+00  1.000000E+01     3  1.562138E-06  3.266432E+01  1.315081E-06  8.431110E-07
  1.178204E+00  1.000000E+01     4  2.384882E-06 -1.157907E+02 -1.037626E-06 -2.147323E-06
  1.178204E+00  1.000000E+01     5  1.301109E-05  6.555765E+01  5.383697E-06  1.184501E-05
  1.178204E+00  1.000000E+01     6  2.883914E-11  8.242010E+01  3.804132E-12  2.858714E-11
  1.178204E+00  2.000000E+01     1  1.941351E-05  6.821799E+01  7.203893E-06  1.802744E-05
  1.178204E+00  2.000000E+01     2  7.011864E-06  6.854262E+01  2.565003E-06  6.525872E-06
  1.178204E+00  2.000000E+01     3  1.601033E-06  3.517117E+01  1.308740E-06  9.222286E-07
  1.178204E+00  2.000000E+01     4  4.688845E-06 -1.150940E+02 -1.988560E-06 -4.246280E-06
  1.178204E+00  2.000000E+01     5  1.243459E-05  6.555630E+01  5.145420E-06  1.132006E-05
  1.178204E+00  2.000000E+01     6  4.347458E-11  8.236455E+01  5.776454E-12  4.308911E-11
  1.178204E+00  3.000000E+01     1  1.787867E-05  6.825642E+01  6.623213E-06  1.660662E-05
  1.178204E+00  3.000000E+01     2  1.027317E-05  6.848223E+01  3.768093E-06  9.557166E-06
  1.178204E+00  3.000000E+01     3  1.645304E-06  3.767694E+01  1.302208E-06  1.005624E-06
  1.178204E+00  3.000000E+01     4  6.790743E-06 -1.148568E+02 -2.854499E-06 -6.161658E-06
  1.178204E+00  3.000000E+01     5  1.149921E-05  6.552099E+01  4.764810E-06  1.046558E-05
  1.178204E+00  3.000000E+01     6  3.762424E-11  8.221445E+01  5.096794E-12  3.727742E-11
  1.178204E+00  4.000000E+01     1  1.579600E-05  6.831755E+01  5.836022E-06  1.467836E-05
  1.178204E+00  4.000000E+01     2  1.323244E-05  6.839502E+01  4.872254E-06  1.230278E-05
  1.178204E+00  4.000000E+01     3  1.675807E-06  3.913194E+01  1.299914E-06  1.057616E-06
  1.178204E+00  4.000000E+01     4  8.640556E-06 -1.147190E+02 -3.613212E-06 -7.848816E-06
  1.178204E+00  4.000000E+01     5  1.023422E-05  6.547007E+01  4.248928E-06  9.310528E-06
  1.178204E+00  4.000000E+01     6  1.475338E-11  8.186721E+01  2.087129E-12  1.460500E-11
  1.178204E+00  5.000000E+01     1  1.323259E-05  6.839759E+01  4.871758E-06  1.230314E-05
  1.178204E+00  5.000000E+01     2  1.579483E-05  6.831348E+01  5.836633E-06  1.467686E-05
  1.178204E+00  5.000000E+01     3  1.677870E-06  3.900240E+01  1.303906E-06  1.055973E-06
  1.178204E+00  5.000000E+01     4  1.021239E-05 -1.146010E+02 -4.251383E-06 -9.285396E-06
  1.178204E+00  5.000000E+01     5  8.664753E-06  6.541328E+01  3.605144E-06  7.879142E-06
  1.178204E+00  5.000000E+01     6  1.456663E-11 -9.727339E+01 -1.844194E-12 -1.444942E-11
  1.178204E+00  6.000000E+01     1  1.027233E-05  6.848122E+01  3.767953E-06  9.556317E-06
  1.178204E+00  6.000000E+01     2  1.787643E-05  6.825164E+01  6.623770E-06  1.660399E-05
  1.178204E+00  6.000000E+01     3  1.651752E-06  3.733995E+01  1.313227E-06  1.001859E-06
  1.178204E+00  6.000000E+01     4  1.148417E-05 -1.144872E+02 -4.760073E-06 -1.045121E-05
  1.178204E+00  6.000000E+01     5  6.810372E-06  6.533737E+01  2.841794E-06  6.189133E-06
  1.178204E+00  6.000000E+01     6  3.738117E-11 -9.746977E+01 -4.859664E-12 -3.706394E-11
  1.178204E+00  7.000000E+01     1  7.010056E-06  6.853299E+01  2.565438E-06  6.523757E-06
  1.178204E+00  7.000000E+01     2  1.941020E-05  6.821252E+01  7.204384E-06  1.802367E-05
  1.178204E+00  7.000000E+01     3  1.612285E-06  3.477700E+01  1.324296E-06  9.196215E-07
  1.178204E+00  7.000000E+01     4  1.242701E-05 -1.143952E+02 -5.132712E-06 -1.131751E-05
  1.178204E+00  7.000000E+01     5  4.697089E-06  6.518212E+01  1.971534E-06  4.263297E-06
  1.178204E+00  7.000000E+01     6  4.315128E-11 -9.738755E+01 -5.548399E-12 -4.279308E-11
  1.178204E+00  8.000000E+01     1  3.545796E-06  6.844785E+01  1.302541E-06  3.297887E-06
  1.178204E+00  8.000000E+01     2  2.034924E-05  6.819368E+01  7.559137E-06  1.889315E-05
  1.178204E+00  8.000000E+01     3  1.578073E-06  3.242756E+01  1.332005E-06  8.462149E-07
  1.178204E+00  8.000000E+01     4  1.300851E-05 -1.143562E+02 -5.364823E-06 -1.185074E-05
  1.178204E+00  8.000000E+01     5  2.377640E-06  6.466955E+01  1.017245E-06  2.149042E-06
  1.178204E+00  8.000000E+01     6  2.846363E-11 -9.723938E+01 -3.586849E-12 -2.823673E-11
  1.178204E+00  9.000000E+01     1  2.758880E-08 -6.510470E+01  1.161382E-08 -2.502521E-08
  1.178204E+00  9.000000E+01     2  2.066678E-05  6.819189E+01  7.677693E-06  1.918773E-05
  1.178204E+00  9.000000E+01     3  1.560764E-06  3.143491E+01  1.331695E-06  8.139844E-07
  1.178204E+00  9.000000E+01     4  1.320374E-05 -1.143933E+02 -5.453108E-06 -1.202507E-05
  1.178204E+00  9.000000E+01     5  7.137287E-08 -7.739037E+01  1.558122E-08 -6.965136E-08
  1.178204E+00  9.000000E+01     6  1.977289E-13  5.803880E+01  1.046668E-13  1.677546E-13
  1.178204E+00  1.000000E+02     1  3.583232E-06 -1.109264E+02 -1.279820E-06 -3.346881E-06
  1.178204E+00  1.000000E+02     2  2.035422E-05  6.820621E+01  7.556854E-06  1.889943E-05
  1.178204E+00  1.000000E+02     3  1.563126E-06  3.228089E+01  1.321530E-06  8.348195E-07
  1.178204E+00  1.000000E+02     4  1.300507E-05 -1.145030E+02 -5.393740E-06 -1.183382E-05
  1.178204E+00  1.000000E+02     5  2.486007E-06 -1.133999E+02 -9.873091E-07 -2.281546E-06
  1.178204E+00  1.000000E+02     6  2.877532E-11  8.243083E+01  3.790371E-12  2.852459E-11
  1.178204E+00  1.100000E+02     1  7.045177E-06 -1.111693E+02 -2.544188E-06 -6.569751E-06
  1.178204E+00  1.100000E+02     2  1.942006E-05  6.823909E+01  7.199682E-06  1.803617E-05
  1.178204E+00  1.100000E+02     3  1.581250E-06  3.445422E+01  1.303865E-06  8.945886E-07
  1.178204E+00  1.100000E+02     4  1.242528E-05 -1.146495E+02 -5.182157E-06 -1.129305E-05
  1.178204E+00  1.100000E+02     5  4.789847E-06 -1.139807E+02 -1.946734E-06 -4.376398E-06
  1.178204E+00  1.100000E+02     6  4.333973E-11  8.239499E+01  5.735716E-12  4.295852E-11
  1.178204E+00  1.200000E+02     1  1.030401E-05 -1.113361E+02 -3.748992E-06 -9.597791E-06
  1.178204E+00  1.200000E+02     2  1.789098E-05  6.829559E+01  6.616410E-06  1.662258E-05
  1.178204E+00  1.200000E+02     3  1.604367E-06  3.680632E+01  1.284561E-06  9.611952E-07
  1.178204E+00  1.200000E+02     4  1.149246E-05 -1.147736E+02 -4.815725E-06 -1.043482E-05
  1.178204E+00  1.200000E+02     5  6.881588E-06 -1.142711E+02 -2.828705E-06 -6.273331E-06
  1.178204E+00  1.200000E+02     6  3.742436E-11  8.228429E+01  5.024518E-12  3.708554E-11
  1.178204E+00  1.300000E+02     1  1.326010E-05 -1.114807E+02 -4.855679E-06 -1.233907E-05
  1.178204E+00  1.300000E+02     2  1.581373E-05  6.838075E+01  5.826363E-06  1.470128E-05
  1.178204E+00  1.300000E+02     3  1.617526E-06  3.823332E+01  1.270562E-06  1.001031E-06
  1.178204E+00  1.300000E+02     4  1.023906E-05 -1.148163E+02 -4.297435E-06 -9.293571E-06
  1.178204E+00  1.300000E+02     5  8.713359E-06 -1.144794E+02 -3.610514E-06 -7.930121E-06
  1.178204E+00  1.300000E+02     6  1.450654E-11  8.212414E+01  1.987791E-12  1.436971E-11
  1.178204E+00  1.400000E+02     1  1.581889E-05 -1.115994E+02 -5.823161E-06 -1.470810E-05
  1.178204E+00  1.400000E+02     2  1.325524E-05  6.849584E+01  4.858959E-06  1.233256E-05
  1.178204E+00  1.400000E+02     3  1.610732E-06  3.812638E+01  1.267084E-06  9.944629E-07
  1.178204E+00  1.400000E+02     4  8.690972E-06 -1.147415E+02 -3.637389E-06 -7.893187E-06
  1.178204E+00  1.400000E+02     5  1.026294E-05 -1.146148E+02 -4.274682E-06 -9.330332E-06
  1.178204E+00  1.400000E+02     6  1.482723E-11 -9.757379E+01 -1.954272E-12 -1.469788E-11
  1.178204E+00  1.500000E+02     1  1.789654E-05 -1.116879E+02 -6.613686E-06 -1.662965E-05
  1.178204E+00  1.500000E+02     2  1.029925E-05  6.863587E+01  3.751953E-06  9.591525E-06
  1.178204E+00  1.500000E+02     3  1.586663E-06  3.649784E+01  1.275486E-06  9.437354E-07
  1.178204E+00  1.500000E+02     4  6.865069E-06 -1.145418E+02 -2.851454E-06 -6.244869E-06
  1.178204E+00  1.500000E+02     5  1.151228E-05 -1.146653E+02 -4.804272E-06 -1.046191E-05
  1.178204E+00  1.500000E+02     6  3.761860E-11 -9.757216E+01 -4.957184E-12 -3.729056E-11
  1.178204E+00  1.600000E+02     1  1.942589E-05 -1.117477E+02 -7.197684E-06 -1.804324E-05
  1.178204E+00  1.600000E+02     2  7.040389E-06  6.879478E+01  2.546575E-06  6.563690E-06
  1.178204E+00  1.600000E+02     3  1.558899E-06  3.399416E+01  1.292475E-06  8.715936E-07
  1.178204E+00  1.600000E+02     4  4.781349E-06 -1.142030E+02 -1.960216E-06 -4.361061E-06
  1.178204E+00  1.600000E+02     5  1.243572E-05 -1.146375E+02 -5.184142E-06 -1.130362E-05
  1.178204E+00  1.600000E+02     6  4.333450E-11 -9.744219E+01 -5.612934E-12 -4.296946E-11
  1.178204E+00  1.700000E+02     1  2.035994E-05 -1.117836E+02 -7.555603E-06 -1.890609E-05
  1.178204E+00  1.700000E+02     2  3.578431E-06  6.901393E+01  1.281583E-06  3.341065E-06
  1.178204E+00  1.700000E+02     3  1.542086E-06  3.176137E+01  1.311155E-06  8.117273E-07
  1.178204E+00  1.700000E+02     4  2.484993E-06 -1.135049E+02 -9.910819E-07 -2.278804E-06
  1.178204E+00  1.700000E+02     5  1.300276E-05 -1.145636E+02 -5.405283E-06 -1.182601E-05
  1.178204E+00  1.700000E+02     6  2.857613E-11 -9.725586E+01 -3.609177E-12 -2.834729E-11
  1.178204E+00  1.800000E+02     1  2.067193E-05 -1.118003E+02 -7.677003E-06 -1.919355E-05
  1.178204E+00  1.800000E+02     2  2.215567E-08  1.179129E+02 -1.037172E-08  1.957807E-08
  1.178204E+00  1.800000E+02     3  1.543737E-06  3.094675E+01  1.323979E-06  7.938531E-07
  1.178204E+00  1.800000E+02     4  7.741162E-08 -7.602354E+01  1.869670E-08 -7.511985E-08
  1.178204E+00  1.800000E+02     5  1.318869E-05 -1.144879E+02 -5.466718E-06 -1.200235E-05
  1.178204E+00  1.800000E+02     6  1.762647E-13  4.675537E+01  1.207615E-13  1.283974E-13
  1.178204E+00  1.900000E+02     1  2.035343E-05 -1.118003E+02 -7.558709E-06 -1.889783E-05
  1.178204E+00  1.900000E+02     2  3.550039E-06 -1.115101E+02 -1.301673E-06 -3.302790E-06
  1.178204E+00  1.900000E+02     3  1.564254E-06  3.201383E+01  1.326363E-06  8.292487E-07
  1.178204E+00  1.900000E+02     4  2.372798E-06  6.444104E+01  1.023719E-06  2.140600E-06
  1.178204E+00  1.900000E+02     5  1.298454E-05 -1.144449E+02 -5.373230E-06 -1.182061E-05
  1.178204E+00  1.900000E+02     6  2.881457E-11  8.235592E+01  3.832885E-12  2.855851E-11
  1.178204E+00  2.000000E+02     1  1.941322E-05 -1.117825E+02 -7.203926E-06 -1.802710E-05
  1.178204E+00  2.000000E+02     2  7.013708E-06 -1.114502E+02 -2.564856E-06 -6.527911E-06
  1.178204E+00  2.000000E+02     3  1.599131E-06  3.444046E+01  1.318826E-06  9.043878E-07
  1.178204E+00  2.000000E+02     4  4.692579E-06  6.506158E+01  1.978597E-06  4.255050E-06
  1.178204E+00  2.000000E+02     5  1.240064E-05 -1.144456E+02 -5.131750E-06 -1.128898E-05
  1.178204E+00  2.000000E+02     6  4.345479E-11  8.234060E+01  5.791829E-12  4.306708E-11
  1.178204E+00  2.100000E+02     1  1.787827E-05 -1.117437E+02 -6.623103E-06 -1.660624E-05
  1.178204E+00  2.100000E+02     2  1.027516E-05 -1.115108E+02 -3.767659E-06 -9.559480E-06
  1.178204E+00  2.100000E+02     3  1.637228E-06  3.706980E+01  1.306347E-06  9.869004E-07
  1.178204E+00  2.100000E+02     4  6.805182E-06  6.526750E+01  2.847168E-06  6.180950E-06
  1.178204E+00  2.100000E+02     5  1.146218E-05 -1.144787E+02 -4.749410E-06 -1.043191E-05
  1.178204E+00  2.100000E+02     6  3.760999E-11  8.222808E+01  5.086001E-12  3.726451E-11
  1.178204E+00  2.200000E+02     1  1.579558E-05 -1.116820E+02 -5.835762E-06 -1.467802E-05
  1.178204E+00  2.200000E+02     2  1.323438E-05 -1.115996E+02 -4.871810E-06 -1.230505E-05
  1.178204E+00  2.200000E+02     3  1.661832E-06  3.877672E+01  1.295552E-06  1.040784E-06
  1.178204E+00  2.200000E+02     4  8.655511E-06  6.537864E+01  3.606056E-06  7.868560E-06
  1.178204E+00  2.200000E+02     5  1.019897E-05 -1.145240E+02 -4.233326E-06 -9.278895E-06
  1.178204E+00  2.200000E+02     6  1.474531E-11  8.200114E+01  2.051859E-12  1.460185E-11
  1.178204E+00  2.300000E+02     1  1.323224E-05 -1.116012E+02 -4.871375E-06 -1.230292E-05
  1.178204E+00  2.300000E+02     2  1.579655E-05 -1.116834E+02 -5.836472E-06 -1.467878E-05
  1.178204E+00  2.300000E+02     3  1.659951E-06  3.892009E+01  1.291480E-06  1.042841E-06
  1.178204E+00  2.300000E+02     4  1.021718E-05  6.546999E+01  4.241866E-06  9.295020E-06
  1.178204E+00  2.300000E+02     5  8.635329E-06 -1.145707E+02 -3.590705E-06 -7.853391E-06
  1.178204E+00  2.300000E+02     6  1.456704E-11 -9.744821E+01 -1.888325E-12 -1.444413E-11
  1.178204E+00  2.400000E+02     1  1.027212E-05 -1.115167E+02 -3.767528E-06 -9.556260E-06
  1.178204E+00  2.400000E+02     2  1.787786E-05 -1.117475E+02 -6.624062E-06 -1.660542E-05
  1.178204E+00  2.400000E+02     3  1.632119E-06  3.747062E+01  1.295357E-06  9.929073E-07
  1.178204E+00  2.400000E+02     4  1.147254E-05  6.555981E+01  4.746685E-06  1.044453E-05
  1.178204E+00  2.400000E+02     5  6.788990E-06 -1.146323E+02 -2.829609E-06 -6.171200E-06
  1.178204E+00  2.400000E+02     6  3.737436E-11 -9.752234E+01 -4.892784E-12 -3.705272E-11
  1.178204E+00  2.500000E+02     1  7.010029E-06 -1.114640E+02 -2.565086E-06 -6.523867E-06
  1.178204E+00  2.500000E+02     2  1.941139E-05 -1.117883E+02 -7.205098E-06 -1.802467E-05
  1.178204E+00  2.500000E+02     3  1.592481E-06  3.502545E+01  1.304078E-06  9.139891E-07
  1.178204E+00  2.500000E+02     4  1.239976E-05  6.563453E+01  5.115587E-06  1.129534E-05
  1.178204E+00  2.500000E+02     5  4.684176E-06 -1.147684E+02 -1.962439E-06 -4.253274E-06
  1.178204E+00  2.500000E+02     6  4.313821E-11 -9.740347E+01 -5.558602E-12 -4.277858E-11
  1.178204E+00  2.600000E+02     1  3.545983E-06 -1.115478E+02 -1.302361E-06 -3.298159E-06
  1.178204E+00  2.600000E+02     2  2.035035E-05 -1.118079E+02 -7.560063E-06 -1.889397E-05
  1.178204E+00  2.600000E+02     3  1.558726E-06  3.269695E+01  1.311730E-06  8.420170E-07
  1.178204E+00  2.600000E+02     4  1.297276E-05  6.566540E+01  5.345614E-06  1.182019E-05
  1.178204E+00  2.600000E+02     5  2.373008E-06 -1.152402E+02 -1.011885E-06 -2.146452E-06
  1.178204E+00  2.600000E+02     6  2.844651E-11 -9.722186E+01 -3.576059E-12 -2.822084E-11
  1.178204E+00  2.700000E+02     1  2.720409E-08  1.153378E+02 -1.164208E-08  2.458707E-08
  1.178204E+00  2.700000E+02     2  2.066797E-05 -1.118093E+02 -7.678541E-06 -1.918867E-05
  1.178204E+00  2.700000E+02     3  1.541953E-06  3.163995E+01  1.312759E-06  8.088770E-07
  1.178204E+00  2.700000E+02     4  1.316945E-05  6.562950E+01  5.434181E-06  1.199600E-05
  1.178204E+00  2.700000E+02     5  6.613293E-08  1.025793E+02 -1.440312E-08  6.454544E-08
  1.178204E+00  2.700000E+02     6  2.225910E-13  5.580829E+01  1.250880E-13  1.841188E-13
  1.178204E+00  2.800000E+02     1  3.582589E-06  6.907296E+01  1.279625E-06  3.346267E-06
  1.178204E+00  2.800000E+02     2  2.035559E-05 -1.117938E+02 -7.557383E-06 -1.890069E-05
  1.178204E+00  2.800000E+02     3  1.545002E-06  3.234871E+01  1.305229E-06  8.266852E-07
  1.178204E+00  2.800000E+02     4  1.298057E-05  6.552853E+01  5.377073E-06  1.181450E-05
  1.178204E+00  2.800000E+02     5  2.472045E-06  6.653897E+01  9.841837E-07  2.267684E-06
  1.178204E+00  2.800000E+02     6  2.879444E-11  8.239667E+01  3.809909E-12  2.854127E-11
  1.178204E+00  2.900000E+02     1  7.044342E-06  6.883053E+01  2.543908E-06  6.568964E-06
  1.178204E+00  2.900000E+02     2  1.942162E-05 -1.117595E+02 -7.199802E-06 -1.803780E-05
  1.178204E+00  2.900000E+02     3  1.564462E-06  3.432590E+01  1.292001E-06  8.821993E-07
  1.178204E+00  2.900000E+02     4  1.241375E-05  6.539569E+01  5.168454E-06  1.128664E-05
  1.178204E+00  2.900000E+02     5  4.765905E-06  6.598371E+01  1.939706E-06  4.353319E-06
  1.178204E+00  2.900000E+02     6  4.335898E-11  8.237625E+01  5.752319E-12  4.297572E-11
  1.178204E+00  3.000000E+02     1  1.030304E-05  6.866359E+01  3.748691E-06  9.596871E-06
  1.178204E+00  3.000000E+02     2  1.789261E-05 -1.117017E+02 -6.616216E-06 -1.662442E-05
  1.178204E+00  3.000000E+02     3  1.590067E-06  3.644965E+01  1.279017E-06  9.446846E-07
  1.178204E+00  3.000000E+02     4  1.149076E-05  6.528612E+01  4.804140E-06  1.043829E-05
  1.178204E+00  3.000000E+02     5  6.849765E-06  6.569958E+01  2.818822E-06  6.242877E-06
  1.178204E+00  3.000000E+02     6  3.744489E-11  8.225844E+01  5.044013E-12  3.710361E-11
  1.178204E+00  3.100000E+02     1  1.325909E-05  6.851902E+01  4.855376E-06  1.233810E-05
  1.178204E+00  3.100000E+02     2  1.581529E-05 -1.116159E+02 -5.826086E-06 -1.470306E-05
  1.178204E+00  3.100000E+02     3  1.606985E-06  3.766843E+01  1.272026E-06  9.820144E-07
  1.178204E+00  3.100000E+02     4  1.023949E-05  6.525504E+01  4.286044E-06  9.299297E-06
  1.178204E+00  3.100000E+02     5  8.678535E-06  6.549653E+01  3.599409E-06  7.896913E-06
  1.178204E+00  3.100000E+02     6  1.452985E-11  8.202246E+01  2.016523E-12  1.438924E-11
  1.178204E+00  3.200000E+02     1  1.581792E-05  6.840048E+01  5.822840E-06  1.470717E-05
  1.178204E+00  3.200000E+02     2  1.325660E-05 -1.115014E+02 -4.858859E-06 -1.233405E-05
  1.178204E+00  3.200000E+02     3  1.604662E-06  3.744879E+01  1.273936E-06  9.757180E-07
  1.178204E+00  3.200000E+02     4  8.685032E-06  6.533640E+01  3.624175E-06  7.892727E-06
  1.178204E+00  3.200000E+02     5  1.023146E-05  6.536836E+01  4.264298E-06  9.300462E-06
  1.178204E+00  3.200000E+02     6  1.480071E-11 -9.744222E+01 -1.917081E-12 -1.467602E-11
  1.178204E+00  3.300000E+02     1  1.789569E-05  6.831219E+01  6.613336E-06  1.662888E-05
  1.178204E+00  3.300000E+02     2  1.030037E-05 -1.113631E+02 -3.752192E-06 -9.592634E-06
  1.178204E+00  3.300000E+02     3  1.584450E-06  3.587426E+01  1.283888E-06  9.285011E-07
  1.178204E+00  3.300000E+02     4  6.847723E-06  6.554013E+01  2.835340E-06  6.233150E-06
  1.178204E+00  3.300000E+02     5  1.148980E-05  6.532592E+01  4.796487E-06  1.044075E-05
  1.178204E+00  3.300000E+02     6  3.758904E-11 -9.752302E+01 -4.921330E-12 -3.726548E-11
  1.178204E+00  3.400000E+02     1  1.942524E-05  6.825268E+01  7.197322E-06  1.804268E-05
  1.178204E+00  3.400000E+02     2  7.041367E-06 -1.112071E+02 -2.547145E-06 -6.564518E-06
  1.178204E+00  3.400000E+02     3  1.558406E-06  3.361311E+01  1.297832E-06  8.627057E-07
  1.178204E+00  3.400000E+02     4  4.753603E-06  6.589206E+01  1.941643E-06  4.338983E-06
  1.178204E+00  3.400000E+02     5  1.242569E-05  6.536022E+01  5.180418E-06  1.129429E-05
  1.178204E+00  3.400000E+02     6  4.330341E-11 -9.741960E+01 -5.591976E-12 -4.294083E-11
  1.178204E+00  3.500000E+02     1  2.035954E-05  6.821700E+01  7.555270E-06  1.890578E-05
  1.178204E+00  3.500000E+02     2  3.579443E-06 -1.109922E+02 -1.282305E-06 -3.341872E-06
  1.178204E+00  3.500000E+02     3  1.540826E-06  3.175247E+01  1.310210E-06  8.108606E-07
  1.178204E+00  3.500000E+02     4  2.453686E-06  6.666631E+01  9.718693E-07  2.253008E-06
  1.178204E+00  3.500000E+02     5  1.300614E-05  6.543764E+01  5.406436E-06  1.182920E-05
  1.178204E+00  3.500000E+02     6  2.854538E-11 -9.726878E+01 -3.611680E-12 -2.831597E-11
  1.158401E+00  0.000000E+00     1  1.925905E-05  7.243193E+01  5.813126E-06  1.836079E-05
  1.158401E+00  0.000000E+00     2  2.038024E-08 -6.173608E+01  9.650728E-09 -1.795042E-08
  1.158401E+00  0.000000E+00     3  1.240892E-06  3.612284E+01  1.002336E-06  7.315285E-07
  1.158401E+00  0.000000E+00     4  5.854976E-08  1.242457E+02 -3.294845E-08  4.839911E-08
  1.158401E+00  0.000000E+00     5  1.188680E-05  6.974449E+01  4.115298E-06  1.115170E-05
  1.158401E+00  0.000000E+00     6  1.854289E-13  6.099810E+01  8.990308E-14  1.621767E-13
  1.158401E+00  1.000000E+01     1  1.896294E-05  7.243088E+01  5.724080E-06  1.807838E-05
  1.158401E+00  1.000000E+01     2  3.305202E-06  7.270645E+01  9.825288E-07  3.155788E-06
  1.158401E+00  1.000000E+01     3  1.267527E-06  3.766197E+01  1.003411E-06  7.744610E-07
  1.158401E+00  1.000000E+01     4  2.150437E-06 -1.121400E+02 -8.104374E-07 -1.991877E-06
  1.158401E+00  1.000000E+01     5  1.171028E-05  6.977990E+01  4.047395E-06  1.098860E-05
  1.158401E+00  1.000000E+01     6  3.049315E-11  8.094214E+01  4.800592E-12  3.011289E-11
  1.158401E+00  2.000000E+01     1  1.808745E-05  7.244542E+01  5.455431E-06  1.724512E-05
  1.158401E+00  2.000000E+01     2  6.531177E-06  7.275663E+01  1.936044E-06  6.237629E-06
  1.158401E+00  2.000000E+01     3  1.321643E-06  4.055401E+01  1.004176E-06  8.592855E-07
  1.158401E+00  2.000000E+01     4  4.223988E-06 -1.113788E+02 -1.539782E-06 -3.933337E-06
  1.158401E+00  2.000000E+01     5  1.118398E-05  6.975677E+01  3.869727E-06  1.049317E-05
  1.158401E+00  2.000000E+01     6  4.587430E-11  8.083988E+01  7.302920E-12  4.528928E-11
  1.158401E+00  3.000000E+01     1  1.665736E-05  7.247936E+01  5.014687E-06  1.588460E-05
  1.158401E+00  3.000000E+01     2  9.569519E-06  7.269529E+01  2.846486E-06  9.136368E-06
  1.158401E+00  3.000000E+01     3  1.383357E-06  4.336156E+01  1.005750E-06  9.498131E-07
  1.158401E+00  3.000000E+01     4  6.108688E-06 -1.110205E+02 -2.191195E-06 -5.702169E-06
  1.158401E+00  3.000000E+01     5  1.033481E-05  6.967507E+01  3.589729E-06  9.691339E-06
  1.158401E+00  3.000000E+01     6  3.959843E-11  8.065410E+01  6.430559E-12  3.907280E-11
  1.158401E+00  4.000000E+01     1  1.471637E-05  7.253575E+01  4.416539E-06  1.403801E-05
  1.158401E+00  4.000000E+01     2  1.232716E-05  7.261002E+01  3.684268E-06  1.176372E-05
  1.158401E+00  4.000000E+01     3  1.424775E-06  4.494806E+01  1.008381E-06  1.006554E-06
  1.158401E+00  4.000000E+01     4  7.764597E-06 -1.107532E+02 -2.751329E-06 -7.260796E-06
  1.158401E+00  4.000000E+01     5  9.194505E-06  6.954298E+01  3.213522E-06  8.614650E-06
  1.158401E+00  4.000000E+01     6  1.548860E-11  8.035148E+01  2.595948E-12  1.526951E-11
  1.158401E+00  5.000000E+01     1  1.232733E-05  7.261200E+01  3.683912E-06  1.176401E-05
  1.158401E+00  5.000000E+01     2  1.471544E-05  7.253229E+01  4.417107E-06  1.403685E-05
  1.158401E+00  5.000000E+01     3  1.425729E-06  4.481117E+01  1.011460E-06  1.004815E-06
  1.158401E+00  5.000000E+01     4  9.175068E-06 -1.105267E+02 -3.217176E-06 -8.592535E-06
  1.158401E+00  5.000000E+01     5  7.787572E-06  6.936893E+01  2.743945E-06  7.288144E-06
  1.158401E+00  5.000000E+01     6  1.533404E-11 -9.903244E+01 -2.407348E-12 -1.514389E-11
  1.158401E+00  6.000000E+01     1  9.568910E-06  7.269392E+01  2.846523E-06  9.135718E-06
  1.158401E+00  6.000000E+01     2  1.665563E-05  7.247517E+01  5.015330E-06  1.588259E-05
  1.158401E+00  6.000000E+01     3  1.386709E-06  4.299659E+01  1.014231E-06  9.456728E-07
  1.158401E+00  6.000000E+01     4  1.032328E-05 -1.103377E+02 -3.587882E-06 -9.679737E-06
  1.158401E+00  6.000000E+01     5  6.128231E-06  6.915496E+01  2.180680E-06  5.727115E-06
  1.158401E+00  6.000000E+01     6  3.938372E-11 -9.911871E+01 -6.241552E-12 -3.888599E-11
  1.158401E+00  7.000000E+01     1  6.529746E-06  7.274746E+01  1.936618E-06  6.235952E-06
  1.158401E+00  7.000000E+01     2  1.808488E-05  7.244055E+01  5.456121E-06  1.724220E-05
  1.158401E+00  7.000000E+01     3  1.328512E-06  4.010591E+01  1.016119E-06  8.558308E-07
  1.158401E+00  7.000000E+01     4  1.118070E-05 -1.102011E+02 -3.860875E-06 -1.049294E-05
  1.158401E+00  7.000000E+01     5  4.233222E-06  6.887510E+01  1.525663E-06  3.948737E-06
  1.158401E+00  7.000000E+01     6  4.557194E-11 -9.897889E+01 -7.112434E-12 -4.501349E-11
  1.158401E+00  8.000000E+01     1  3.302960E-06  7.267289E+01  9.837090E-07  3.153071E-06
  1.158401E+00  8.000000E+01     2  1.895953E-05  7.242493E+01  5.724927E-06  1.807454E-05
  1.158401E+00  8.000000E+01     3  1.278831E-06  3.736355E+01  1.016416E-06  7.760848E-07
  1.158401E+00  8.000000E+01     4  1.171211E-05 -1.101381E+02 -4.032300E-06 -1.099609E-05
  1.158401E+00  8.000000E+01     5  2.145147E-06  6.831036E+01  7.928008E-07  1.993269E-06
  1.158401E+00  8.000000E+01     6  3.012836E-11 -9.879990E+01 -4.609160E-12 -2.977371E-11
  1.158401E+00  9.000000E+01     1  2.440798E-08 -6.207959E+01  1.142891E-08 -2.156687E-08
  1.158401E+00  9.000000E+01     2  1.925495E-05  7.242428E+01  5.814338E-06  1.835611E-05
  1.158401E+00  9.000000E+01     3  1.256804E-06  3.620169E+01  1.014169E-06  7.423054E-07
  1.158401E+00  9.000000E+01     4  1.188945E-05 -1.101632E+02 -4.098242E-06 -1.116080E-05
  1.158401E+00  9.000000E+01     5  6.357615E-08 -7.696435E+01  1.434007E-08 -6.193778E-08
  1.158401E+00  9.000000E+01     6  1.908353E-13  5.973345E+01  9.618546E-14  1.648225E-13
  1.158401E+00  1.000000E+02     1  3.336692E-06 -1.067438E+02 -9.612770E-07 -3.195224E-06
  1.158401E+00  1.000000E+02     2  1.896335E-05  7.243729E+01  5.722183E-06  1.807942E-05
  1.158401E+00  1.000000E+02     3  1.267695E-06  3.727144E+01  1.008800E-06  7.677057E-07
  1.158401E+00  1.000000E+02     4  1.170411E-05 -1.102707E+02 -4.054953E-06 -1.097923E-05
  1.158401E+00  1.000000E+02     5  2.245173E-06 -1.099011E+02 -7.642512E-07 -2.111094E-06
  1.158401E+00  1.000000E+02     6  3.043601E-11  8.093831E+01  4.793605E-12  3.005615E-11
  1.158401E+00  1.100000E+02     1  6.561144E-06 -1.069739E+02 -1.915436E-06 -6.275326E-06
  1.158401E+00  1.100000E+02     2  1.809259E-05  7.246653E+01  5.450624E-06  1.725202E-05
  1.158401E+00  1.100000E+02     3  1.304392E-06  3.988723E+01  1.000870E-06  8.364784E-07
  1.158401E+00  1.100000E+02     4  1.117077E-05 -1.104298E+02 -3.899264E-06 -1.046813E-05
  1.158401E+00  1.100000E+02     5  4.317896E-06 -1.103191E+02 -1.499379E-06 -4.049208E-06
  1.158401E+00  1.100000E+02     6  4.575677E-11  8.085120E+01  7.275280E-12  4.517469E-11
  1.158401E+00  1.200000E+02     1  9.596867E-06 -1.071341E+02 -2.827331E-06 -9.170936E-06
  1.158401E+00  1.200000E+02     2  1.666731E-05  7.251767E+01  5.007055E-06  1.589744E-05
  1.158401E+00  1.200000E+02     3  1.348124E-06  4.261202E+01  9.921585E-07  9.127209E-07
  1.158401E+00  1.200000E+02     4  1.032133E-05 -1.105927E+02 -3.630234E-06 -9.661843E-06
  1.158401E+00  1.200000E+02     5  6.191484E-06 -1.104430E+02 -2.162534E-06 -5.801545E-06
  1.158401E+00  1.200000E+02     6  3.942392E-11  8.069314E+01  6.375713E-12  3.890496E-11
  1.158401E+00  1.300000E+02     1  1.235121E-05 -1.072726E+02 -3.667309E-06 -1.179421E-05
  1.158401E+00  1.300000E+02     2  1.473113E-05  7.259659E+01  4.406046E-06  1.405678E-05
  1.158401E+00  1.300000E+02     3  1.374658E-06  4.422543E+01  9.850813E-07  9.588009E-07
  1.158401E+00  1.300000E+02     4  9.191328E-06 -1.107117E+02 -3.250654E-06 -8.597311E-06
  1.158401E+00  1.300000E+02     5  7.828114E-06 -1.104984E+02 -2.741253E-06 -7.332455E-06
  1.158401E+00  1.300000E+02     6  1.527214E-11  8.051703E+01  2.516153E-12  1.506344E-11
  1.158401E+00  1.400000E+02     1  1.473589E-05 -1.073850E+02 -4.402946E-06 -1.406273E-05
  1.158401E+00  1.400000E+02     2  1.234677E-05  7.270540E+01  3.670507E-06  1.178855E-05
  1.158401E+00  1.400000E+02     3  1.368093E-06  4.413180E+01  9.819351E-07  9.526188E-07
  1.158401E+00  1.400000E+02     4  7.805941E-06 -1.107558E+02 -2.766315E-06 -7.299330E-06
  1.158401E+00  1.400000E+02     5  9.215179E-06 -1.105168E+02 -3.229759E-06 -8.630653E-06
  1.158401E+00  1.400000E+02     6  1.556269E-11 -9.923547E+01 -2.497692E-12 -1.536095E-11
  1.158401E+00  1.500000E+02     1  1.667235E-05 -1.074672E+02 -5.004362E-06 -1.590357E-05
  1.158401E+00  1.500000E+02     2  9.592632E-06  7.283947E+01  2.830305E-06  9.165585E-06
  1.158401E+00  1.500000E+02     3  1.331170E-06  4.233020E+01  9.841026E-07  8.964130E-07
  1.158401E+00  1.500000E+02     4  6.176001E-06 -1.107094E+02 -2.184006E-06 -5.776946E-06
  1.158401E+00  1.500000E+02     5  1.034060E-05 -1.104929E+02 -3.620158E-06 -9.686200E-06
  1.158401E+00  1.500000E+02     6  3.959001E-11 -9.918688E+01 -6.320748E-12 -3.908219E-11
  1.158401E+00  1.600000E+02     1  1.809771E-05 -1.075213E+02 -5.448513E-06 -1.725806E-05
  1.158401E+00  1.600000E+02     2  6.557036E-06  7.299195E+01  1.917972E-06  6.270256E-06
  1.158401E+00  1.600000E+02     3  1.283469E-06  3.943984E+01  9.912128E-07  8.153464E-07
  1.158401E+00  1.600000E+02     4  4.311416E-06 -1.105373E+02 -1.512515E-06 -4.037401E-06
  1.158401E+00  1.600000E+02     5  1.117985E-05 -1.104257E+02 -3.901679E-06 -1.047692E-05
  1.158401E+00  1.600000E+02     6  4.572819E-11 -9.901037E+01 -7.161643E-12 -4.516391E-11
  1.158401E+00  1.700000E+02     1  1.896821E-05 -1.075532E+02 -5.720643E-06 -1.808500E-05
  1.158401E+00  1.700000E+02     2  3.332699E-06  7.319895E+01  9.633144E-07  3.190440E-06
  1.158401E+00  1.700000E+02     3  1.248865E-06  3.673815E+01  1.000812E-06  7.470195E-07
  1.158401E+00  1.700000E+02     4  2.246759E-06 -1.100089E+02 -7.687650E-07 -2.111143E-06
  1.158401E+00  1.700000E+02     5  1.169989E-05 -1.103347E+02 -4.065758E-06 -1.097074E-05
  1.158401E+00  1.700000E+02     6  3.022164E-11 -9.879499E+01 -4.620869E-12 -2.986629E-11
  1.158401E+00  1.800000E+02     1  1.925917E-05 -1.075682E+02 -5.813203E-06 -1.836089E-05
  1.158401E+00  1.800000E+02     2  1.974236E-08  1.198954E+02 -9.839935E-09  1.711538E-08
  1.158401E+00  1.800000E+02     3  1.242602E-06  3.568555E+01  1.009279E-06  7.248550E-07
  1.158401E+00  1.800000E+02     4  7.093674E-08 -7.707537E+01  1.586636E-08 -6.913957E-08
  1.158401E+00  1.800000E+02     5  1.187261E-05 -1.102544E+02 -4.110164E-06 -1.113846E-05
  1.158401E+00  1.800000E+02     6  1.767863E-13  4.871341E+01  1.166482E-13  1.328405E-13
  1.158401E+00  1.900000E+02     1  1.896284E-05 -1.075689E+02 -5.723966E-06 -1.807832E-05
  1.158401E+00  1.900000E+02     2  3.306447E-06 -1.072862E+02 -9.824930E-07 -3.157103E-06
  1.158401E+00  1.900000E+02     3  1.268032E-06  3.692535E+01  1.013688E-06  7.618005E-07
  1.158401E+00  1.900000E+02     4  2.138532E-06  6.810506E+01  7.974710E-07  1.984278E-06
  1.158401E+00  1.900000E+02     5  1.168715E-05 -1.102167E+02 -4.038752E-06 -1.096713E-05
  1.158401E+00  1.900000E+02     6  3.047176E-11  8.087326E+01  4.833393E-12  3.008598E-11
  1.158401E+00  2.000000E+02     1  1.808721E-05 -1.075539E+02 -5.455139E-06 -1.724496E-05
  1.158401E+00  2.000000E+02     2  6.532807E-06 -1.072361E+02 -1.935740E-06 -6.239430E-06
  1.158401E+00  2.000000E+02     3  1.318140E-06  3.976253E+01  1.013257E-06  8.430916E-07
  1.158401E+00  2.000000E+02     4  4.228137E-06  6.876333E+01  1.531521E-06  3.941014E-06
  1.158401E+00  2.000000E+02     5  1.115463E-05 -1.102380E+02 -3.858623E-06 -1.046598E-05
  1.158401E+00  2.000000E+02     6  4.585719E-11  8.081251E+01  7.321819E-12  4.526889E-11
  1.158401E+00  2.100000E+02     1  1.665705E-05 -1.075194E+02 -5.014239E-06 -1.588442E-05
  1.158401E+00  2.100000E+02     2  9.571354E-06 -1.072982E+02 -2.845999E-06 -9.138442E-06
  1.158401E+00  2.100000E+02     3  1.374465E-06  4.274649E+01  1.009358E-06  9.329261E-07
  1.158401E+00  2.100000E+02     4  6.123753E-06  6.908456E+01  2.186117E-06  5.720248E-06
  1.158401E+00  2.100000E+02     5  1.030301E-05 -1.103174E+02 -3.577424E-06 -9.661994E-06
  1.158401E+00  2.100000E+02     6  3.958632E-11  8.066356E+01  6.422143E-12  3.906191E-11
  1.158401E+00  2.200000E+02     1  1.471608E-05 -1.074623E+02 -4.415966E-06 -1.403788E-05
  1.158401E+00  2.200000E+02     2  1.232893E-05 -1.073850E+02 -3.683775E-06 -1.176573E-05
  1.158401E+00  2.200000E+02     3  1.411352E-06  4.462833E+01  1.004429E-06  9.914822E-07
  1.158401E+00  2.200000E+02     4  7.780233E-06  6.932875E+01  2.746464E-06  7.279351E-06
  1.158401E+00  2.200000E+02     5  9.164598E-06 -1.104447E+02 -3.201228E-06 -8.587316E-06
  1.158401E+00  2.200000E+02     6  1.548238E-11  8.047539E+01  2.561888E-12  1.526895E-11
  1.158401E+00  2.300000E+02     1  1.232712E-05 -1.073852E+02 -3.683272E-06 -1.176399E-05
  1.158401E+00  2.300000E+02     2  1.471691E-05 -1.074646E+02 -4.416792E-06 -1.403850E-05
  1.158401E+00  2.300000E+02     3  1.409897E-06  4.478245E+01  1.000726E-06  9.931551E-07
  1.158401E+00  2.300000E+02     4  9.180458E-06  6.953737E+01  3.209456E-06  8.601175E-06
  1.158401E+00  2.300000E+02     5  7.763094E-06 -1.106099E+02 -2.732631E-06 -7.266248E-06
  1.158401E+00  2.300000E+02     6  1.533273E-11 -9.919777E+01 -2.450826E-12 -1.513559E-11
  1.158401E+00  2.400000E+02     1  9.568815E-06 -1.073024E+02 -2.845908E-06 -9.135810E-06
  1.158401E+00  2.400000E+02     2  1.665670E-05 -1.075235E+02 -5.015297E-06 -1.588372E-05
  1.158401E+00  2.400000E+02     3  1.370514E-06  4.317879E+01  9.994085E-07  9.378112E-07
  1.158401E+00  2.400000E+02     4  1.031216E-05  6.971266E+01  3.575521E-06  9.672455E-06
  1.158401E+00  2.400000E+02     5  6.110841E-06 -1.108103E+02 -2.171030E-06 -5.712180E-06
  1.158401E+00  2.400000E+02     6  3.937473E-11 -9.916842E+01 -6.273851E-12 -3.887168E-11
  1.158401E+00  2.500000E+02     1  6.529785E-06 -1.072481E+02 -1.936142E-06 -6.236140E-06
  1.158401E+00  2.500000E+02     2  1.808562E-05 -1.075595E+02 -5.456348E-06 -1.724291E-05
  1.158401E+00  2.500000E+02     3  1.313088E-06  4.039536E+01  1.000035E-06  8.509573E-07
  1.158401E+00  2.500000E+02     4  1.115405E-05  6.984008E+01  3.844149E-06  1.047069E-05
  1.158401E+00  2.500000E+02     5  4.222808E-06 -1.110706E+02 -1.518173E-06 -3.940465E-06
  1.158401E+00  2.500000E+02     6  4.555628E-11 -9.899355E+01 -7.121509E-12 -4.499621E-11
  1.158401E+00  2.600000E+02     1  3.303139E-06 -1.073217E+02 -9.834663E-07 -3.153335E-06
  1.158401E+00  2.600000E+02     2  1.896015E-05 -1.075756E+02 -5.725282E-06 -1.807508E-05
  1.158401E+00  2.600000E+02     3  1.264234E-06  3.766440E+01  1.000772E-06  7.724914E-07
  1.158401E+00  2.600000E+02     4  1.167728E-05  6.989814E+01  4.013365E-06  1.096593E-05
  1.158401E+00  2.600000E+02     5  2.141156E-06 -1.115918E+02 -7.879288E-07 -1.990909E-06
  1.158401E+00  2.600000E+02     6  3.010872E-11 -9.878347E+01 -4.597625E-12 -2.975562E-11
  1.158401E+00  2.700000E+02     1  2.412133E-08  1.183547E+02 -1.145592E-08  2.122736E-08
  1.158401E+00  2.700000E+02     2  1.925570E-05 -1.075760E+02 -5.814644E-06 -1.835679E-05
  1.158401E+00  2.700000E+02     3  1.242456E-06  3.643354E+01  9.996134E-07  7.378823E-07
  1.158401E+00  2.700000E+02     4  1.185659E-05  6.987186E+01  4.080101E-06  1.113246E-05
  1.158401E+00  2.700000E+02     5  5.951352E-08  1.021688E+02 -1.254499E-08  5.817631E-08
  1.158401E+00  2.700000E+02     6  2.163324E-13  5.759231E+01  1.159412E-13  1.826399E-13
  1.158401E+00  2.800000E+02     1  3.336198E-06  7.325838E+01  9.610123E-07  3.194788E-06
  1.158401E+00  2.800000E+02     2  1.896439E-05 -1.075621E+02 -5.722291E-06 -1.808047E-05
  1.158401E+00  2.800000E+02     3  1.253139E-06  3.736602E+01  9.959635E-07  7.605360E-07
  1.158401E+00  2.800000E+02     4  1.168159E-05  6.976638E+01  4.040064E-06  1.096072E-05
  1.158401E+00  2.800000E+02     5  2.234152E-06  7.004023E+01  7.626508E-07  2.099952E-06
  1.158401E+00  2.800000E+02     6  3.045567E-11  8.091198E+01  4.810524E-12  3.007335E-11
  1.158401E+00  2.900000E+02     1  6.560490E-06  7.302824E+01  1.915009E-06  6.274773E-06
  1.158401E+00  2.900000E+02     2  1.809392E-05 -1.075317E+02 -5.450482E-06 -1.725347E-05
  1.158401E+00  2.900000E+02     3  1.289858E-06  3.978701E+01  9.911637E-07  8.254257E-07
  1.158401E+00  2.900000E+02     4  1.116166E-05  6.961215E+01  3.888422E-06  1.046244E-05
  1.158401E+00  2.900000E+02     5  4.298027E-06  6.965271E+01  1.494465E-06  4.029840E-06
  1.158401E+00  2.900000E+02     6  4.577507E-11  8.083912E+01  7.287718E-12  4.519122E-11
  1.158401E+00  3.000000E+02     1  9.596085E-06  7.286762E+01  2.826819E-06  9.170275E-06
  1.158401E+00  3.000000E+02     2  1.666882E-05 -1.074795E+02 -5.006726E-06 -1.589912E-05
  1.158401E+00  3.000000E+02     3  1.334619E-06  4.228000E+01  9.874394E-07  8.978708E-07
  1.158401E+00  3.000000E+02     4  1.032225E-05  6.945665E+01  3.622243E-06  9.665831E-06
  1.158401E+00  3.000000E+02     5  6.164294E-06  6.953750E+01  2.155002E-06  5.775334E-06
  1.158401E+00  3.000000E+02     6  3.944215E-11  8.067556E+01  6.390604E-12  3.892099E-11
  1.158401E+00  3.100000E+02     1  1.235036E-05  7.272877E+01  3.666767E-06  1.179349E-05
  1.158401E+00  3.100000E+02     2  1.473258E-05 -1.074001E+02 -4.405678E-06 -1.405841E-05
  1.158401E+00  3.100000E+02     3  1.363615E-06  4.367110E+01  9.863242E-07  9.416005E-07
  1.158401E+00  3.100000E+02     4  9.194227E-06  6.934657E+01  3.242936E-06  8.603323E-06
  1.158401E+00  3.100000E+02     5  7.797956E-06  6.948815E+01  2.732412E-06  7.303564E-06
  1.158401E+00  3.100000E+02     6  1.529216E-11  8.043546E+01  2.540922E-12  1.507958E-11
  1.158401E+00  3.200000E+02     1  1.473505E-05  7.261618E+01  4.402410E-06  1.406202E-05
  1.158401E+00  3.200000E+02     2  1.234796E-05 -1.072917E+02 -3.670261E-06 -1.178988E-05
  1.158401E+00  3.200000E+02     3  1.360691E-06  4.344010E+01  9.879888E-07  9.356053E-07
  1.158401E+00  3.200000E+02     4  7.801997E-06  6.931288E+01  2.756169E-06  7.298951E-06
  1.158401E+00  3.200000E+02     5  9.187918E-06  6.947593E+01  3.221292E-06  8.604715E-06
  1.158401E+00  3.200000E+02     6  1.553995E-11 -9.912111E+01 -2.463421E-12 -1.534346E-11
  1.158401E+00  3.300000E+02     1  1.667161E-05  7.253381E+01  5.003868E-06  1.590296E-05
  1.158401E+00  3.300000E+02     2  9.593500E-06 -1.071588E+02 -2.830280E-06 -9.166502E-06
  1.158401E+00  3.300000E+02     3  1.327501E-06  4.166983E+01  9.916280E-07  8.825722E-07
  1.158401E+00  3.300000E+02     4  6.159990E-06  6.937430E+01  2.169928E-06  5.765145E-06
  1.158401E+00  3.300000E+02     5  1.032141E-05  6.950527E+01  3.613746E-06  9.668112E-06
  1.158401E+00  3.300000E+02     6  3.956451E-11 -9.914357E+01 -6.287151E-12 -3.906178E-11
  1.158401E+00  3.400000E+02     1  1.809714E-05  7.247944E+01  5.448110E-06  1.725760E-05
  1.158401E+00  3.400000E+02     2  6.557669E-06 -1.070080E+02 -1.918155E-06 -6.270862E-06
  1.158401E+00  3.400000E+02     3  1.282109E-06  3.902538E+01  9.960281E-07  8.072986E-07
  1.158401E+00  3.400000E+02     4  4.284372E-06  6.957810E+01  1.494947E-06  4.015094E-06
  1.158401E+00  3.400000E+02     5  1.117168E-05  6.957537E+01  3.898635E-06  1.046934E-05
  1.158401E+00  3.400000E+02     6  4.570119E-11 -9.899212E+01 -7.143037E-12 -4.513952E-11
  1.158401E+00  3.500000E+02     1  1.896786E-05  7.244730E+01  5.720384E-06  1.808472E-05
  1.158401E+00  3.500000E+02     2  3.333318E-06 -1.068027E+02 -9.635858E-07 -3.191004E-06
  1.158401E+00  3.500000E+02     3  1.247705E-06  3.673686E+01  9.998995E-07  7.463033E-07
  1.158401E+00  3.500000E+02     4  2.215718E-06  7.021676E+01  7.499377E-07  2.084946E-06
  1.158401E+00  3.500000E+02     5  1.170336E-05  6.966618E+01  4.066790E-06  1.097405E-05
  1.158401E+00  3.500000E+02     6  3.019482E-11 -9.881349E+01 -4.626408E-12 -2.983829E-11
